hex_id,walk_access_15m,bike_access_15m,pt_stop_access_20m,green_share_pct,env_quality,builtup_pct,road_buf_pct,pop_density_km2
581795.69_6128062.32,0.0,4.76,51.05,4.015915987856957,38.6988751566073,18.47509739511336,0.0,117.55215374539063
581558.34_6128281.92,0.0,4.93,84.97,16.578139646790444,46.7830072746438,0.0,0.0,0.0
582657.76_6127713.71,0.0,2.64,0.0,8.378642780595303,40.75255299175154,37.40721315929652,0.0,0.0
582957.36_6127888.01,0.0,0.0,0.0,3.143783117249299,42.94869821583515,0.0,0.0,0.0
582222.84_6127879.38,0.0,2.62,36.51,3.1975957200891534,43.236346935656734,4.522799225254837,0.0,0.0
582619.72_6127984.86,0.0,5.54,23.79,15.283260044290847,47.13489211175833,6.67221081924541,0.0,16.371266011583977
583052.74_6128234.86,0.0,10.54,18.16,41.75082977089089,58.44801465870162,6.942921493415611,0.0,29.438271315440485
582186.71_6128234.86,0.0,5.59,24.2,0.6725266227246394,41.721304300812186,2.746649077056311,0.0,19.921232383596436
582619.72_6128484.86,0.0,10.78,23.86,23.063471854511278,50.401980399037605,5.3918926867056225,0.0,61.019934583125554
583052.74_6128734.86,0.0,11.72,20.74,19.478355630253017,46.676102583131495,14.382051874734291,0.0,171.285029848671
581756.85_6128486.65,0.0,8.62,55.88,1.9954008366515978,40.60326976743854,4.506670041440595,0.0,28.98746386843803
581428.57_6128696.32,0.0,8.37,0.0,0.0,41.08778435867491,0.0,0.0,0.0
581784.74_6128959.59,0.0,10.88,25.19,10.273702050186538,46.7240332689476,0.7716620826713052,0.0,0.0
581832.38_6129497.87,0.0,10.02,21.74,26.644770216402264,55.203939649110126,2.1494997141393855,0.0,0.8248113688146058
582186.71_6128734.86,0.0,12.05,30.27,0.033403478341649626,40.57455090626729,0.0,0.0,0.0
582619.72_6128984.86,0.0,13.86,38.96,14.992160949814643,44.81686124451463,15.149381942042528,0.0,138.52570334646526
582186.71_6129234.86,0.0,13.26,35.98,23.420439362263465,49.03784194082467,11.057291839047473,0.0,113.03964148433572
583052.74_6129234.86,0.0,14.19,40.64,35.691861228425914,58.14159168413583,3.192126840150374,0.0,37.56391420770522
582619.72_6129484.86,0.0,16.58,45.84,20.307758594854317,50.46065562420657,4.550912759946873,0.0,32.32932111033368
582186.71_6129734.86,0.0,17.28,45.94,2.8285864886113825,42.64561136319605,0.8525959669288236,0.0,0.0
583052.74_6129734.86,6.56,24.77,84.97,0.7280664718517189,38.06892844489017,16.7705444516484,0.0,48.85673824725269
582619.72_6129984.86,0.0,17.28,45.94,0.5063866324093916,39.66749069393434,2.6620620657356096,0.0,0.0
582205.87_6130229.24,7.27,31.99,22.58,21.679321213016635,52.88331299131943,3.1794337803192247,0.0,30.51258066046645
583052.74_6130234.86,16.29,39.95,64.14,0.0965950396609045,36.59134731494286,13.483368481792436,0.0,66.19698240099936
580508.12_6130473.1,0.0,10.47,49.35,16.70699210968241,50.771791608618514,8.9892349651123,0.0,777.4778470091276
580198.96_6130589.27,0.0,4.37,27.89,21.8126223223023,48.99776673042116,0.0,0.0,145.15744045835066
580454.66_6130734.86,0.0,3.66,46.82,0.1748150380661537,39.1032042783139,0.0,0.0,0.0
580176.76_6131000.95,0.0,4.52,68.69,0.6224387634960109,33.152770862646044,43.62739267917715,0.0,1104.283306916354
580454.66_6131234.86,0.0,9.9,62.84,15.967635353208804,42.20378814391903,20.29676221844588,0.0,15.887125274318723
581902.3_6129885.2,0.0,10.02,21.74,88.74007654235959,93.47848613696148,0.0,0.0,172.46802253634544
581390.14_6130344.84,4.72,16.65,17.17,14.858680859945075,50.66912507125147,0.0,0.0,102.86633811676141
581680.17_6130544.85,6.21,26.69,29.53,19.4310218201145,54.098163579149094,4.487301840147999,0.0,0.0
580896.02_6130560.75,0.0,19.96,64.16,5.599710804535674,43.64568039233582,0.06052987792482459,0.0,0.0
581320.69_6130734.86,4.92,25.28,63.71,0.0,39.08687640273371,1.9660215524848843,0.0,43.07467684305417
581753.7_6130984.86,5.76,31.04,68.05,13.26141749495752,48.009485922715406,5.615060375089711,0.0,81.36849474520487
580887.67_6130984.86,0.0,21.05,68.91,0.0,34.60998665591308,23.265272223074867,0.0,96.00504414605669
581320.69_6131234.86,0.0,24.56,53.98,0.0,37.93278443570319,10.884976884440032,0.0,42.355595492061006
581753.7_6131484.86,3.26,33.66,68.23,23.67911210013938,48.57009556662597,11.93757388226667,0.0,85.93234158747192
583485.75_6130484.86,16.61,43.43,60.28,3.5592305010002927,25.909125226761926,82.33617708525799,0.0,1550.7898038151718
582619.72_6130484.86,11.48,32.76,31.11,4.522503846753984,41.509672128837146,4.763303793969258,0.0,0.0
582206.52_6130747.18,12.77,32.13,26.56,2.9216301411488113,39.092954227303046,19.82195245993386,0.0,95.6096431574106
583052.74_6130734.86,13.01,37.66,50.93,1.3246895356210182,39.18080793150875,2.768927171575777,0.0,13.661181489974581
582619.72_6130984.86,0.0,19.85,25.91,0.0,38.58533187462206,6.753269221920038,0.0,0.0
583485.75_6130984.86,18.14,46.56,71.38,6.660193639726206,36.90921285467213,27.437298049975272,0.0,516.1272992417638
583052.74_6131234.86,4.53,26.77,32.49,0.0,38.997879292041624,4.054689290474775,0.0,25.5261330372959
582186.71_6131234.86,0.0,14.07,0.0,26.678925445115766,56.33070052058491,0.0,0.0,0.0
583485.75_6131484.86,4.77,36.47,35.68,2.50380576620756,38.6258218770151,15.7415580683666,0.0,10.811006934512257
582619.72_6131484.86,4.53,26.77,32.49,28.918470191019146,57.05558029443875,0.0,0.0,0.0
580122.55_6131518.28,0.0,4.7,73.65,33.20876997153319,53.63340784102502,8.11297772605892,0.0,18.973819713787506
580454.66_6131734.86,0.0,10.1,20.56,0.003387898046673146,36.67068495983384,16.89836479757678,0.0,40.68965517439234
580043.52_6131976.99,0.0,6.21,0.0,58.47251914309097,64.29270184264827,7.253876832719211,0.0,13.367929791955062
580454.66_6132234.86,0.0,10.22,0.0,36.47444676919499,51.78542805482825,21.219833010871834,0.0,46.74048848473625
580142.76_6132424.92,0.0,10.73,0.0,14.391765372149786,46.49171917091166,0.0,0.0,0.0
583459.29_6128139.15,0.0,6.23,0.0,51.43243304088093,69.70612013495253,0.03828809990890595,0.0,64.10006361559184
584354.63_6128173.11,0.0,10.66,0.0,33.08952343322786,55.61589529337344,0.0,0.0,50.073233997403165
584786.17_6128280.74,13.6,12.58,0.0,52.810225770215645,64.11741647010119,3.057894467480632,0.0,33.87255253746128
583916.48_6128280.11,0.0,11.1,0.0,13.38628919070689,50.479856996034336,0.7239527730123679,0.0,60.537989403663985
585161.0_6128172.15,4.71,12.58,0.0,90.26057865773119,80.62302143384342,0.0,0.0,0.0
585514.32_6128373.34,0.0,6.63,0.0,37.754480949891075,57.91003692212182,0.09986223519415757,0.0,0.0
585217.8_6128484.86,4.25,12.09,0.0,29.044471872053023,54.018977411061286,0.03930553706657674,0.0,0.0
585519.17_6128662.1,0.0,6.63,0.0,34.59149770393389,62.39607391758678,0.0,0.0,0.0
583485.75_6128484.86,0.0,10.45,0.0,20.041262440057846,48.504245702708886,4.755275898169018,0.0,0.0
584351.77_6128484.86,0.0,10.66,0.0,15.298348114945648,47.10241655561803,5.030321187790915,0.0,43.24593502703548
584784.79_6128734.86,6.93,14.62,0.0,13.238681868419336,45.6522133693638,6.189272414822004,0.0,122.7907757605461
583918.76_6128734.86,3.68,14.43,0.0,16.59032697855909,47.65809904338684,4.559435650208225,0.0,42.20446181518777
583485.75_6128984.86,0.0,13.5,26.75,25.69585145566744,51.08672310356801,8.528790901398583,0.0,68.75980055617589
584351.77_6128984.86,4.35,19.39,21.51,2.439273567816178,40.7309115506504,3.7178182873564136,0.0,23.90399110256624
584784.08_6129233.89,3.84,11.63,0.0,14.763705897152635,49.724935985373456,0.23435306337778328,0.0,0.0
583918.76_6129234.86,0.0,14.15,18.56,25.649110967101624,51.796623864329014,4.419099590460802,0.0,0.0
583485.75_6129484.86,4.24,22.19,50.09,7.256805912234844,42.25203240907464,11.254815681821311,0.0,113.2207271687102
584351.77_6129484.86,4.78,22.64,34.98,0.3159541540164563,39.06635645120473,6.407580186107877,0.0,65.85483751589275
585166.08_6128935.17,3.84,11.63,0.0,23.648618479037815,53.5933958407533,9.824295666691846,0.0,22.91462868836137
585054.05_6129283.41,3.84,11.63,0.0,0.0,40.78243932142435,0.0,0.0,298.34293484927343
585108.37_6130598.74,0.0,23.43,0.0,1.391663901260212,38.09451970135721,18.091290235739123,0.0,5.796478684734154
584683.53_6129714.1,0.0,16.74,19.5,65.06740493128137,80.37841950855663,0.0,0.0,0.0
583918.76_6129734.86,11.35,30.65,48.8,0.0,35.15332873665184,26.83643274802664,0.0,212.68641494824496
583485.75_6129984.86,15.41,34.84,65.55,0.0,37.10060089479696,9.065718094645867,0.0,55.48012195029527
584351.77_6129984.86,10.37,29.75,45.81,0.6634381554790837,38.876877745925334,8.450850270636915,0.0,39.35302163546202
583918.76_6130234.86,15.01,34.17,59.34,0.0,34.401888496500646,28.02326657840166,0.0,240.33820515638664
584744.82_6130257.56,0.0,16.74,19.5,14.794177664738736,50.39825226269391,1.7763839545890967,0.0,48.47299827538554
584351.77_6130484.86,5.23,27.9,37.24,1.4684218873808659,39.67539072109777,7.843791396254607,0.0,16.70791980788258
583918.76_6130734.86,7.5,41.24,48.99,1.3127860579619042,39.49762456186559,0.5849613393181229,0.0,0.0
584784.79_6130734.86,0.0,31.39,23.02,5.06128858702543,42.39501930432405,0.039379420747707346,0.0,0.0
584351.77_6130984.86,0.0,31.39,23.02,2.1687609245656914,41.01141080614046,2.4825585676523043,0.0,15.797459885040855
585479.76_6130916.81,0.0,24.27,0.0,100.0,84.46443490301314,0.0,0.0,0.0
585217.66_6130985.07,0.0,23.37,0.0,20.07244470850219,46.73084247547855,17.010098262480525,0.0,48.478888696890166
586373.93_6131483.93,0.0,19.85,0.0,0.0,41.40614868658186,0.0,0.0,0.0
585602.53_6131282.18,0.0,20.69,0.0,26.230596962171244,53.451456463531265,10.077960289405679,0.0,143.41890933615284
585217.8_6131484.86,0.0,29.8,21.24,2.618901440823334,40.07496881067531,9.31260881354532,0.0,49.66267193589198
586064.36_6131540.57,0.0,25.08,0.0,24.583398974262007,54.430720289766384,0.1673599661776487,0.0,0.0
585650.81_6131734.86,0.0,31.75,19.62,6.451057208951383,44.42148497646115,7.970583391468956,0.0,24.336509528023
586509.57_6131754.53,0.0,14.84,0.0,7.6091827708898565,45.039671418566435,0.01280806435266985,0.0,0.0
586864.95_6131696.14,0.0,17.02,0.0,22.099884647440877,53.769008286167285,0.0,0.0,0.0
587326.54_6131901.67,0.0,17.98,0.0,0.0,40.41959242506964,0.0,0.0,0.0
586949.58_6131985.36,0.0,25.42,0.0,0.15557766091532466,40.036151705090305,2.026133522600717,0.0,7.139906041613269
587747.26_6132115.11,0.0,19.78,44.51,0.0,40.45043441763628,0.011627993139234474,0.0,0.0
587382.86_6132234.86,0.0,23.6,30.78,0.0,40.19592092525943,2.530413715832354,0.0,32.50035572713148
587815.88_6132484.86,0.0,19.78,44.51,0.0,40.66080209563429,0.0,0.0,0.0
583052.74_6131734.86,0.0,16.24,17.42,6.057697427380321,44.46968017149213,1.463264326530424,0.0,0.0
582186.71_6131734.86,0.0,38.9,73.47,33.518193666577346,57.36861942531771,14.676863147447877,0.0,81.39160749476987
582619.72_6131984.86,0.0,39.18,50.1,42.94803257183306,65.68933076480046,4.712771879231436,0.0,19.54769407238124
583485.75_6131984.86,0.0,13.2,0.0,20.44645502730187,49.97365514396483,0.0,0.0,0.0
583052.74_6132234.86,0.0,13.2,0.0,24.14754315942729,57.41710631248059,0.9812723502923717,0.0,0.0
582186.71_6132234.86,0.0,28.87,37.11,7.055066480378333,39.04416086312797,28.021514989466578,0.0,68.12314157196377
583485.75_6132484.86,57.4,79.22,57.11,16.336171696189375,41.51026686921948,43.24773913610271,0.0,465.9587568302823
582619.72_6132484.86,24.65,60.59,33.47,0.4571230464092703,38.39586892644758,11.419444219312263,0.0,81.12544037837098
582186.71_6132734.86,29.59,62.93,46.06,0.0,38.495236613639364,6.713827097376623,0.0,37.96814914108449
583052.74_6132734.86,48.5,75.82,47.2,2.4556407147986765,30.906940042871938,46.309555850248074,0.0,1094.871286319502
580887.67_6131484.86,0.0,19.41,32.02,0.0,39.12330201478495,1.5879398998191525,0.0,0.0
581320.69_6131734.86,0.0,24.02,49.56,4.482794425966572,39.16554981622578,14.791632804608001,0.0,52.95151476968955
581753.7_6131984.86,0.0,28.24,50.75,1.4178767470667981,32.6351318551121,43.732748300592114,0.0,66.18075040631936
580887.67_6131984.86,0.0,21.05,37.08,7.9150581380519265,42.17415333893684,4.946261683620696,0.0,54.9382686069182
581320.69_6132234.86,0.0,22.49,31.73,0.0,37.36235138215671,12.15231549303238,0.0,94.73153263229183
580887.67_6132484.86,0.0,17.96,0.0,57.49495262593174,64.34298596813724,0.040786710151547556,0.0,0.0
581753.7_6132484.86,0.0,24.69,36.4,1.503326543474752,32.08631761315398,49.25090540688658,0.0,92.1860960147825
581320.69_6132734.86,0.0,20.27,18.52,3.1604481938088735,40.03707935936645,4.242696081155612,0.0,0.0
580887.67_6132984.86,0.0,10.95,0.0,11.491377292262015,42.18878888411505,15.928628131499833,0.0,60.97143302258942
581753.7_6132984.86,0.0,33.5,0.0,8.923292372515116,42.26323013756921,5.597695031881958,0.0,0.0
580454.66_6132734.86,0.0,11.39,0.0,53.17678527740907,61.57950726371968,7.069802217385128,0.0,16.89099383543038
580136.25_6133074.91,3.5,18.24,0.0,55.169309801829655,66.28403506359847,0.0,0.0,16.06129828452479
580454.66_6133234.86,4.92,22.89,0.0,52.58401701609886,61.31852539002812,10.68605552527639,0.0,70.72408559212114
579810.61_6133282.13,0.0,16.35,0.0,40.76977391469704,63.20940810475311,0.0,0.0,0.0
580036.28_6133483.61,0.0,16.35,0.0,20.799317622715254,50.57569965657744,2.032697584171837,0.0,6.789176463843714
579816.77_6133754.81,4.29,22.16,0.0,25.59962118334816,54.419174923368516,0.0,0.0,0.0
580454.66_6133734.86,11.8,35.08,0.0,12.264722206018314,45.07514505639523,2.457576641080342,0.0,33.76633227544584
583485.75_6132984.86,98.36,96.59,72.15,1.5970215630059286,20.137543735488663,98.44001330901958,0.0,1817.2684388007854
582619.72_6132984.86,48.73,73.74,47.4,4.4930444908190985,27.826048844235622,71.86991872184316,0.0,1209.3840920522098
583052.74_6133234.86,51.35,79.36,66.66,5.360380379985999,21.49479776012115,100.0,0.0,2299.9208783079957
582186.71_6133234.86,49.06,72.95,62.63,0.07883050508919616,23.514325865576616,85.61513981768371,0.0,755.0230516078407
583485.75_6133484.86,48.41,62.65,72.37,14.394170181448274,31.434799934637642,70.69172408824582,0.0,1947.5377380075497
582619.72_6133484.86,26.54,69.76,44.0,8.432717681429246,24.178640377575604,100.0,0.0,2522.2690167025503
583052.74_6133734.86,17.3,52.24,38.09,3.15490508530595,26.006176939795335,79.09332367915405,0.0,3659.255242828586
582186.71_6133734.86,28.18,63.89,49.55,2.3236641513847514,27.31415939887423,74.53345601729616,0.0,903.0403713451012
583485.75_6133984.86,19.67,39.18,49.27,0.6098078084045537,38.55751450550282,11.214776860561654,0.0,81.57751737157061
582619.72_6133984.86,19.84,50.46,37.21,0.25518979990958784,24.541811036482184,88.00425325092114,0.0,1069.915033083573
581320.69_6133234.86,6.69,40.4,19.01,0.0,36.300622094148615,20.92800013485835,0.0,0.0
580887.67_6133484.86,3.91,32.71,0.0,2.515105532542548,41.706544412029196,5.640675385727737,0.0,36.031744578100714
581753.7_6133484.86,11.64,50.09,28.0,0.0,31.093187339422535,44.558948051745695,0.0,255.73550374879082
581320.69_6133734.86,16.17,52.63,28.24,1.5266491120039825,40.98718430293049,18.06165992075538,0.0,37.77415902503464
580887.67_6133984.86,14.76,45.05,17.07,11.051548400930676,45.83221879724404,3.727224676896542,0.0,22.73123908310208
581753.7_6133984.86,22.7,55.8,34.85,1.43864800565251,33.29938420707574,45.454358210312535,0.0,0.0
581320.69_6134234.86,0.0,28.4,0.0,0.0,33.69846080923,40.191283957809034,0.0,0.0
581753.7_6134484.86,3.19,38.37,0.0,0.0,36.56585146978081,24.27690562726383,0.0,28.93928557839447
580887.67_6134484.86,7.97,38.3,24.89,3.1499196075298865,37.11941302103983,29.188760041366198,0.0,103.33093568060404
581320.69_6134734.86,3.58,33.38,0.0,0.0,38.380933466406915,11.268684483297442,0.0,46.10217795545054
580033.67_6133983.38,10.52,33.54,0.0,8.944849942185664,44.794960930617535,2.824114606744671,0.0,29.964620342956753
580454.66_6134234.86,11.87,37.17,0.0,7.524001032636414,33.06610841346785,60.94188435064859,0.0,600.7403955934883
579670.06_6134357.46,6.46,25.99,0.0,0.08490904229717572,40.7081006284401,2.346923150712164,0.0,0.0
579397.11_6134500.9,4.64,22.85,0.0,0.0,36.66800973537757,26.165906221409962,0.0,0.0
580021.65_6134484.86,6.54,26.12,0.0,9.606604668745364,41.25641513073114,22.30338880572578,0.0,105.01118748420897
579591.52_6134735.4,0.0,17.77,0.0,1.0787304869184788,41.065208231094566,0.7460068681012734,0.0,0.0
580454.66_6134734.86,0.0,23.47,24.42,54.46320902669554,62.99542446208605,12.221477207270642,0.0,17.00335077890331
580021.65_6134984.86,3.85,19.31,0.0,0.0,39.80962292658145,7.591764645244605,0.0,0.0
579192.96_6135046.53,0.0,10.59,0.0,1.410932246407757,41.38357959315157,6.295407652024336,0.0,7.366748594609271
583052.74_6134234.86,10.45,44.44,31.3,0.0,38.23238982166691,23.56678780527912,0.0,61.13533924087516
582186.71_6134234.86,7.88,47.55,30.8,0.0,38.462216024705334,7.848655847694741,0.0,24.804753814217612
582619.72_6134484.86,0.0,24.61,0.0,0.0,38.433989642976925,7.539554105835656,0.0,14.783171839901923
583485.75_6134484.86,10.47,42.18,37.7,2.007346100254803,41.67687519464425,2.167108393323295,0.0,0.0
582186.71_6134734.86,0.0,31.96,0.0,0.0,37.79393218931716,13.37326101915249,0.0,38.03331863060825
583052.74_6134734.86,0.0,23.68,0.0,6.541376506987606,43.88577683756849,0.8847212947370271,0.0,9.66730844923463
582619.72_6134984.86,0.0,26.37,0.0,0.0,37.14652439015763,17.324001935062835,0.0,141.67297897216997
583485.75_6134984.86,5.19,38.37,24.49,1.8903475176178925,40.14906754495712,0.0,0.0,0.0
583052.74_6135234.86,2.23,28.61,0.0,0.0,34.366572056679686,20.24053843851637,0.0,181.58248563803835
582186.71_6135234.86,0.0,22.87,0.0,0.0,40.33080486848634,0.5907845632623323,0.0,0.0
581753.7_6134984.86,0.0,31.4,0.0,0.0,38.50100914136685,10.843543301368545,0.0,41.0415315710159
580887.67_6134984.86,4.4,32.88,37.74,3.819075564082143,41.33156603571684,6.200220306855679,0.0,16.027370631147754
581320.69_6135234.86,3.34,20.15,55.9,0.0,40.558754711414075,0.0,0.0,0.0
581753.7_6135484.86,3.69,13.72,21.23,3.0783420074656815,41.74783433097852,2.1161400716442125,0.0,27.51780966102921
580887.67_6135484.86,4.78,25.27,71.9,0.0,37.37149694088418,17.52198821989549,0.0,227.9063390016068
581320.69_6135734.86,6.92,16.92,43.61,0.0,40.05900334593977,3.5732042331649123,0.0,9.49563596378679
581753.7_6135984.86,3.91,14.03,22.1,0.060798795139300164,37.373521499647104,7.006613751444579,0.0,48.46679815615722
580887.67_6135984.86,2.28,14.16,60.55,15.596638951215727,41.57751916784642,34.67297248952866,0.0,688.7425304995161
581320.69_6136234.86,0.0,10.26,0.0,9.637577924705203,45.06941527541971,16.313914135155883,0.0,205.41683672866446
581753.7_6136484.86,4.29,20.03,25.99,3.340658717639634,32.3095038599477,5.1984298710835875,0.0,35.00527986365349
579588.63_6135234.86,0.0,15.57,0.0,0.0,39.008929610245445,9.70402315928068,0.0,68.7098005419279
580454.66_6135234.86,0.0,23.47,24.42,5.26236775226229,43.02385724387779,1.6256290589393998,0.0,0.0
580021.65_6135484.86,0.0,0.0,0.0,0.0,41.01592169422814,0.0,0.0,0.0
579155.62_6135484.86,0.0,9.75,0.0,9.741622467678255,45.60896790668104,3.4820424851178324,0.0,0.0
579588.63_6135734.86,0.0,0.0,0.0,8.529728447605239,45.26611526547539,0.01824650862624427,0.0,0.0
580454.66_6135734.86,3.45,24.06,80.94,8.866102561638508,44.865836047235994,5.411898292915192,0.0,172.3030048846376
580021.65_6135984.86,0.0,0.0,0.0,4.159761770527562,40.918702941149846,9.002214006780163,0.0,61.725905519784874
579155.62_6135984.86,0.0,3.5,0.0,25.713670965061503,54.041730234995676,0.0,0.0,0.0
579588.63_6136234.86,0.0,14.33,0.0,4.450153989091146,42.25474304275395,3.0809183634070534,0.0,24.647177756645657
580454.66_6136234.86,0.0,23.97,52.17,8.58560988061727,43.9479547518757,11.697010107683859,0.0,71.5830365476446
582619.72_6135484.86,0.0,21.25,0.0,0.0,36.17118779706892,4.929991038884228,0.0,17.319961895335382
583485.75_6135484.86,3.88,34.28,19.99,0.0,23.54365643500117,30.896271233564804,0.0,213.653035426936
583052.74_6135734.86,0.0,28.44,0.0,0.0,26.570864595723286,11.894915794841463,0.0,0.0
582186.71_6135734.86,2.36,19.71,0.0,0.0,35.2587923974917,10.726315270873586,0.0,71.83532021827537
582619.72_6135984.86,0.0,24.61,0.0,0.0,29.705915728519834,0.0,0.0,0.0
583485.75_6135984.86,3.08,35.2,0.0,3.1427160109809273,11.258724236456326,87.5912131452051,2.159197439100377,0.0
582186.71_6136234.86,3.16,19.94,0.0,0.0,29.832174251314914,4.563319047831612,0.0,19.01216349062781
583052.74_6136234.86,0.0,21.31,0.0,0.4830704663490228,13.271669299560898,62.0500063924175,5.16027986491641,0.0
583485.75_6136484.86,9.71,40.43,0.0,0.48723324405586865,17.67193618393126,4.372913542578882,21.822132051114096,4.670638250097575
582619.72_6136484.86,0.0,25.54,0.0,2.285721562972949,23.2060137641691,14.560971107235963,2.0793552642309665,102.81184050851414
584784.79_6131234.86,0.0,35.82,18.38,0.4120257200386017,39.20693074009499,8.928986729677785,0.0,74.08377708541843
583918.76_6131234.86,13.27,47.94,50.17,1.709543488533299,34.18342026515966,29.73228050068051,0.0,63.877668477471104
584351.77_6131484.86,9.24,42.59,18.02,0.9440830133591116,38.25050962586493,9.623794281804976,0.0,13.854213696168632
583918.76_6131734.86,11.07,46.73,28.75,27.56688709015693,47.60456348130489,21.119837835751927,0.0,81.46373639136615
584784.79_6131734.86,0.0,34.43,27.54,0.0,38.33939521387635,5.396440150116598,0.0,42.25181715708021
584351.77_6131984.86,10.25,58.01,60.36,3.463174295026668,36.831913572032555,21.36587659662437,0.0,72.1280501162631
583918.76_6132234.86,32.76,64.55,34.24,38.7269728651637,58.19351022717518,24.268247972658784,0.0,225.9868342538467
584784.79_6132234.86,10.31,51.57,48.07,1.1069905060544345,31.528586030943284,42.464883247347956,0.0,60.999440424198035
584351.77_6132484.86,38.83,75.3,48.19,44.26359422457244,55.93327329492557,36.747835246962374,0.0,163.7867550578607
583918.76_6132734.86,42.55,72.04,41.85,1.9112786901308083,22.751329673028486,92.66162697955137,0.0,2143.058835468201
585217.8_6131984.86,0.0,38.44,35.86,0.0,38.531066580478004,6.008180094588415,0.0,24.68403834905419
586083.83_6131984.86,0.0,26.87,0.0,0.0,39.677758541892274,0.0,0.0,0.0
586516.84_6132234.86,3.23,34.24,21.48,0.0,42.33086341263576,2.6636603846856532,0.0,19.710316704988468
585650.81_6132234.86,10.88,42.18,28.81,9.623594000348707,42.69149288130647,6.580522246491078,0.0,14.6369498319677
585217.8_6132484.86,29.33,56.66,52.06,0.0,39.03200350339372,0.016255016721484314,0.0,0.0
586083.83_6132484.86,18.35,48.4,37.49,0.0,39.82843074984152,1.532625730046872,0.0,6.973702495009486
586516.84_6132734.86,14.41,42.53,34.93,0.0,36.902780787723124,15.833849330109254,0.0,153.8239081486037
585650.81_6132734.86,31.47,57.24,51.79,0.32774040894372,32.26936991056192,39.643911595803594,0.0,563.2333313074909
585217.8_6132984.86,41.49,64.54,73.1,5.181702323850207,27.37297702735218,75.85947656156526,0.0,10318.024713851491
586083.83_6132984.86,19.76,49.11,49.77,0.0,38.91772105595293,1.489533006571657,0.0,22.037121387672922
586949.85_6132484.86,0.0,29.69,18.26,7.978814944781648,43.428038770191144,1.0611413561495673,0.0,22.003340544104404
587382.86_6132734.86,0.0,27.76,17.27,0.0,36.97171345412339,21.645149110156133,0.0,151.97081612844744
586949.85_6132984.86,10.29,39.85,27.61,10.95580362225018,41.579993837167244,20.985267723148475,0.0,78.54912885972365
587815.88_6132984.86,0.0,29.71,57.15,0.0,30.883807194667863,0.8601356839525296,0.0,18.908748658696684
587382.86_6133234.86,0.0,36.87,84.97,0.0,38.722970140817345,4.594861516499141,0.0,0.0
586949.85_6133484.86,15.77,47.54,49.12,0.0,38.45897408530315,7.085721358064376,0.0,211.11004345610917
587815.88_6133484.86,0.0,32.98,64.68,0.0,29.339128047654466,0.0070772584399210504,0.0,0.0
587382.86_6133734.86,6.6,40.8,55.68,2.5443608811509844,31.286968866081583,3.0331951230339644,0.0,10.76314965295876
586949.85_6133984.86,22.97,56.48,48.46,2.137569275497563,28.820158928952516,34.37484683692648,0.0,445.70265536696434
587815.88_6133984.86,15.68,50.79,36.02,9.65741209850602,28.11582004794714,38.38584287824044,0.0,17.97096587478093
584784.79_6132734.86,26.36,60.13,65.66,8.781304503675928,37.774607410653694,34.46510976425461,0.0,995.3337143163394
584351.77_6132984.86,21.17,58.48,27.99,17.00994096728753,48.02486713041472,36.47756087352296,0.0,748.345578537271
584784.79_6133234.86,24.77,54.65,44.1,27.665432065559482,54.03675824560532,20.688949331552994,0.0,775.2044035949483
583918.76_6133234.86,50.29,74.93,40.18,0.0,19.88775648796407,100.0,0.0,1904.778480623907
584351.77_6133484.86,15.21,56.5,29.29,13.565461866872347,43.696355276638,26.970343268458357,0.0,280.7755203432048
584784.79_6133734.86,20.25,53.0,40.12,22.10847131562508,49.550371038402695,29.668358338017143,0.0,796.937756328871
583918.76_6133734.86,24.77,58.16,29.73,13.581091109346003,39.937659699995244,38.462188821216046,0.0,2721.122379425018
584351.77_6133984.86,13.8,54.25,42.81,1.728959025864378,37.8134696745067,12.416692309012324,0.0,169.3592265198635
583918.76_6134234.86,0.0,39.63,21.66,0.86387483170333,40.17912517416072,0.875799821376713,0.0,0.0
584784.79_6134234.86,27.8,59.72,64.0,6.148103269787378,23.928883511493066,93.89241914731711,0.0,3856.6127806847653
586516.84_6133234.86,23.33,50.87,48.95,0.09308174770265565,33.61951493743183,30.007534274278385,0.0,490.578173368185
585650.81_6133234.86,30.92,52.43,73.96,0.3327945101147491,23.55534892057242,84.94117488865494,0.0,1811.1861830903513
585217.8_6133484.86,20.04,51.97,44.1,28.202136851066594,45.15759188852379,54.23268971391484,0.0,461.7276699526063
586083.83_6133484.86,46.08,63.23,69.84,2.2028449222919013,27.561941611024753,61.30985036730521,0.0,607.7679027689478
586516.84_6133734.86,32.24,58.15,84.97,13.615104136761424,41.45728429931871,13.075769900493448,0.0,117.2884851285498
585650.81_6133734.86,18.22,53.82,36.03,3.0211698347708498,23.546687859286248,93.04238242395904,0.0,942.6629819723003
585217.8_6133984.86,20.5,54.34,37.17,46.70182750528969,63.9202074225769,18.37090248259253,0.0,856.9025602214342
586083.83_6133984.86,26.39,55.96,44.86,6.3861406859520935,26.058142875492113,81.97624303443838,0.0,1315.2614340262407
585650.81_6134234.86,6.23,55.1,29.46,20.698579952397576,52.30652456022157,15.765550848497604,0.0,85.9048194375734
586516.84_6134234.86,27.62,53.27,48.13,55.38412290395643,56.45526842318234,11.371568980856663,0.0,223.7867795189197
587382.86_6134234.86,11.04,49.48,65.01,6.1939503870444215,12.879221747968092,85.4524237290962,0.0,675.807976623558
586949.85_6134484.86,13.02,53.25,66.32,5.104556117980966,11.867774567709727,89.94596503773185,0.0,764.6109508434248
587815.88_6134484.86,26.61,63.85,49.37,1.0702111729743513,9.43035799627782,97.25085402004157,0.0,1167.0844772695139
587382.86_6134734.86,11.58,58.91,49.39,16.6098853750395,11.113768774610557,65.7305367670804,26.264022900330275,318.7930972258511
586949.85_6134984.86,21.86,53.7,39.26,13.358252287889941,9.666733514964578,61.16947843409002,34.27119995697718,233.07392776106914
587815.88_6134984.86,55.5,67.39,68.42,34.42808487451648,21.709123100978335,54.715638173350335,24.361262096564605,263.31793915501976
587382.86_6135234.86,55.47,76.6,74.91,3.175147523977382,12.158898365885191,73.16082976478259,1.86732780855075,560.5634241208197
586949.85_6135484.86,37.29,65.88,63.56,35.66503906759659,42.50992808062377,18.357723555412186,0.0,0.0
587815.88_6135484.86,67.14,85.58,89.48,0.5435283372227484,10.443052300981382,99.80927371311682,0.0,26190.08957221214
587382.86_6135734.86,56.31,75.26,65.74,5.47022281177771,18.151681475924335,75.08370039728892,0.0,562.8611311216144
586083.83_6134484.86,22.99,56.54,42.65,40.918786402661325,56.06753849376606,4.368137718741909,0.0,41.162415810934746
585217.8_6134484.86,36.4,61.13,57.83,0.4364516306848333,18.962969944205234,97.59448781736982,0.0,2147.462742055905
586516.84_6134734.86,9.34,47.49,32.94,44.03635173274114,50.48702541013095,14.959164229123228,0.0,133.4127388669065
585650.81_6134734.86,38.68,66.22,56.68,3.2473453549391946,15.706617978476201,79.1235348058265,0.0,1496.547552101126
586083.83_6134984.86,0.0,58.73,22.83,10.811737420911923,25.91281488305381,18.257843269829856,0.0,376.71118633657915
585217.8_6134984.86,52.44,76.96,72.5,1.2060270685017755,9.434742857546595,97.70785381670895,0.0,2091.173002753395
586516.84_6135234.86,20.21,56.31,38.01,60.44792022617327,45.577410907384575,8.401357967616352,28.477747921567538,0.0
585650.81_6135234.86,4.23,53.65,40.21,0.1711895677386501,5.171041725405683,100.0,0.0,2060.976222039706
586083.83_6135484.86,46.7,66.75,36.35,39.103782829129045,25.174556939148363,39.955470624038185,26.826709293869094,739.3758358231962
585217.8_6135484.86,52.67,77.1,62.2,2.788529939874092,5.854791024430168,88.7943697189817,8.246097715080175,2935.641594445391
584351.77_6134484.86,0.0,47.42,0.0,14.975982165941312,42.54923928579204,19.387936257838216,0.0,318.32184456552824
583918.76_6134734.86,0.0,39.63,21.66,1.3967970988608176,39.81833026247161,6.729508620106278,0.0,15.450513236967588
584784.79_6134734.86,55.46,71.0,61.62,12.94639832056306,28.46104452094083,70.6330456495807,0.0,1683.669590805319
584351.77_6134984.86,2.66,41.47,36.96,5.426547054291466,26.111638811686475,53.40538560230386,0.0,76.68634777680619
583918.76_6135234.86,7.8,44.96,35.84,3.4991872408415947,21.839974402705703,49.504912458370306,0.0,231.9294331577368
584784.79_6135234.86,47.86,55.2,72.53,2.260335162223179,11.536732906364296,85.98470701344752,0.0,0.0
584351.77_6135484.86,18.22,51.72,37.8,1.4701686893863875,6.831876920675999,97.02939291531032,0.0,0.0
583918.76_6135734.86,10.35,47.87,23.66,0.396203203040608,10.906284298104403,73.92195573971757,0.0,17.45680846447656
584784.79_6135734.86,0.0,0.0,0.0,18.19114141385867,12.341067931613733,80.19337675418397,19.814357630842444,0.0
584351.77_6135984.86,23.54,57.54,23.66,20.138445009157298,12.417140393112536,65.29610461133159,26.672103697361827,179.32687917876007
585650.81_6135734.86,61.57,82.31,58.24,8.335443231950908,5.267389555898822,70.62523737675244,28.59902505220938,6564.013761980837
586516.84_6135734.86,27.87,62.05,37.51,4.030590841984845,22.329942079699546,26.479037607824296,0.0,403.1118812313542
586083.83_6135984.86,57.34,78.07,56.41,2.5744573062328366,12.60145487274594,81.31023632821343,0.0,17888.27856559321
585217.8_6135984.86,56.22,79.14,55.45,12.474387943680616,8.214463036254816,60.47674985086318,38.219075279180856,1106.24877670672
586516.84_6136234.86,43.95,67.67,47.3,2.6800353313554592,11.768155882385132,96.82991155280175,0.0,412.7198544161309
585650.81_6136234.86,51.49,71.48,55.29,6.355083188093764,12.198605039795158,93.62359490046057,0.0,6202.192647577084
586083.83_6136484.86,72.01,86.14,79.42,1.2497859938902118,12.686855867859073,86.39477686486403,0.0,788.9056801276676
585217.8_6136484.86,58.47,80.29,61.1,9.03841882000653,14.092725037454908,100.0,0.0,968.1046099165362
585650.81_6136734.86,56.56,79.23,57.02,1.2722830601183869e-05,11.495169992293315,100.0,0.0,934.9748793899543
586516.84_6136734.86,60.41,81.33,54.76,2.5522286186329586,16.96600624327705,93.71616846955114,0.0,512.1230990010083
586949.85_6135984.86,23.81,60.11,37.03,6.790385372319214,22.832689443346187,46.939239853203915,0.0,217.7356825220101
587815.88_6135984.86,28.02,60.87,55.73,36.93676613127662,40.00324147130739,32.94440722848634,0.0,126.27814962546955
587382.86_6136234.86,57.25,79.86,70.99,44.341820981924904,46.83052824082272,31.936734267944505,0.0,7.353796328541413
586949.85_6136484.86,82.09,90.19,88.56,0.5176685959302341,17.376658623903584,88.35369536040892,0.0,997.941806739094
587815.88_6136484.86,50.65,72.73,81.11,42.29436951226571,52.30176561233033,43.76295825673315,0.0,570.6439073381796
587382.86_6136734.86,62.79,81.72,98.28,39.235051720250496,50.677053242157676,40.22534066013713,0.0,290.5966261735338
587815.88_6136984.86,37.75,68.57,70.31,43.86535958728759,55.65794245303307,26.22610609335353,0.0,155.35035715537026
586949.85_6136984.86,83.62,91.9,84.4,7.340174715488776,24.466977231596427,89.77437249471637,0.0,1955.1353004704254
587382.86_6137234.86,44.45,70.41,59.91,19.65915625113569,41.784680395582654,51.07783876114015,0.0,501.71367119777415
586949.85_6137484.86,56.51,89.06,75.86,21.754411664133723,40.33152959414923,59.88616363545,0.0,451.9531272512899
578136.15_6134715.23,0.0,0.0,0.0,23.546234285980418,43.01119365261111,53.421261634640096,0.0,0.0
577994.78_6134815.66,0.0,0.0,0.0,0.306305300776823,40.20269291164311,11.94057871862138,0.0,0.0
578118.15_6134930.52,0.0,0.0,0.0,16.78416145881323,49.78155189709351,8.173390450321888,0.0,112.91582676518335
574847.8_6135636.57,0.0,0.0,0.0,47.60990269722028,73.91548495988314,0.0,0.0,0.0
577561.82_6135176.03,0.0,4.29,0.0,0.0,41.38937981174309,0.435775006792824,0.0,326.910805244848
577477.18_6135509.98,0.0,5.3,0.0,13.905380595698363,46.89724933244612,2.584858765898042,0.0,48.67917364156628
577161.27_6135856.74,4.32,7.19,0.0,43.00162503716919,61.52067775523582,0.0,0.0,152.08547997007
576446.52_6136209.89,4.99,7.61,0.0,83.46046654735207,77.72322607766677,0.0,0.0,0.0
577423.57_6135984.86,5.89,8.12,0.0,54.14579296534874,68.36179092115029,1.5911107156682636,0.0,6.624941308472879
578751.08_6135290.98,0.0,5.01,0.0,34.42678977863606,57.10903721817968,0.021369100701502056,0.0,0.0
577839.17_6135234.99,0.0,4.74,0.0,17.021627116416735,47.90800092987062,17.95643469846552,0.0,104.46665633775343
578304.6_6135527.09,0.0,5.67,0.0,25.498885781931186,51.669343390908175,11.086126605107108,0.0,48.80945304062647
578722.61_6135734.86,0.0,3.5,0.0,55.63247227897595,65.48524233341236,5.791355526102449,0.0,12.975748825204674
577856.58_6135734.86,0.0,7.02,0.0,10.048465939663451,44.00074460847774,13.632645522730662,0.0,51.45521318296014
578289.6_6135984.86,0.0,6.09,0.0,66.73798511122237,72.46770766074799,2.703052979650724,0.0,13.89278097197743
578722.61_6136234.86,0.0,10.26,0.0,58.3141272819105,66.83086250459031,4.062688896510924,0.0,37.629328040732375
577856.58_6136234.86,0.0,7.65,0.0,65.964116070477,77.84200670325431,4.790209765436035,0.0,16.778404973357254
578289.6_6136484.86,0.0,6.58,0.0,97.6534496301872,86.16219912219512,0.019169530048371144,0.0,0.0
578722.61_6136734.86,0.0,15.73,0.0,61.08005832375583,70.81758116628848,2.0428151773462404,0.0,15.459732316748536
575216.76_6135821.97,0.0,0.0,0.0,6.266199206758564,42.8762315457994,10.889734547385451,0.0,0.0
575702.72_6136105.41,0.0,0.0,0.0,65.31779968284245,71.2787832824879,4.982655331021706,0.0,33.89548626183118
575283.0_6136241.99,0.0,0.0,0.0,12.263795400311404,48.13931725618949,5.082856954926818,0.0,16.460364162336784
575046.29_6136513.4,0.0,0.0,0.0,85.92254011308843,82.09072482579657,0.0,0.0,62.97125771846084
575691.52_6136484.86,0.0,0.0,0.0,21.84254286988497,50.593313692173744,8.149592236520032,0.0,26.409423691851302
575283.42_6136720.62,0.0,0.0,0.0,24.147699492489554,50.518064253609104,9.292522493135397,0.0,30.783561746510347
575691.52_6136984.86,0.0,1.43,0.0,8.128243445674252,45.3156170605383,1.9852735179531444,0.0,8.731068363643082
576113.85_6136264.35,0.0,0.0,0.0,65.29166929370676,71.29676647388953,0.0,0.0,0.0
577025.69_6136247.52,11.06,10.37,0.0,84.90050436960331,81.78882567209635,1.371441878310444,0.0,13.35328244341277
576554.65_6136490.76,4.74,7.46,0.0,54.12504039179756,66.57790372343821,0.0,0.0,0.0
577423.57_6136484.86,3.33,8.52,0.0,89.86432391113631,85.57397156822809,0.0,0.0,0.0
576990.56_6136734.86,4.71,7.44,0.0,98.13023730751976,87.08005939956824,0.0,0.0,0.0
576124.53_6136734.86,0.0,0.0,0.0,24.592210615502914,52.50399435397364,3.1940928991172695,0.0,0.0
576557.55_6136984.86,2.22,5.68,0.0,50.16685315837401,63.66737652831828,16.6653698794249,0.0,187.795250618622
577423.57_6136984.86,2.82,6.1,0.0,100.0,87.201815596487,0.0,0.0,0.0
576124.53_6137234.86,0.0,1.43,0.0,19.881777389075772,50.85577533699524,2.043588884762585,0.0,3.670252991139817
576990.56_6137234.86,0.0,8.97,0.0,22.808420423586682,51.6674675113335,13.431982230681145,0.0,73.58905507956993
579155.62_6136484.86,0.0,15.15,0.0,10.687279699068249,45.37652235519031,3.7305514898419783,0.0,25.112436760963433
580021.65_6136484.86,3.27,23.7,28.67,3.412190923742594,37.64522830440624,27.121001888054042,0.0,222.17852195177878
579588.63_6136734.86,0.0,16.72,0.0,3.314988002577981,40.89773992213781,11.441974683005306,0.0,57.619116469088915
580454.66_6136734.86,0.0,0.0,0.0,0.0,37.69081787149455,16.286734186231474,0.0,53.70758642910514
580021.65_6136984.86,11.08,34.64,0.0,6.201155097299113,37.96207738360534,13.344243057937897,0.0,102.48682303451304
579155.62_6136984.86,0.0,18.23,0.0,21.660439034941266,51.12294741411617,15.67016875412443,0.0,49.57442681420964
579588.63_6137234.86,0.0,18.44,0.0,0.0,34.55302663378334,2.8593063681988418,0.0,0.0
580454.66_6137234.86,17.79,40.95,0.0,17.90112626761187,38.21026703541446,3.3081459609782664,0.0,8.35288287721967
580021.65_6137484.86,12.59,40.58,19.0,5.65707111260071,26.89633872157981,31.694105226207213,0.0,376.008886445346
579155.62_6137484.86,3.73,25.28,0.0,56.86828120033988,57.31622585259137,0.0067773069642558985,0.0,0.0
580887.67_6136484.86,0.0,18.5,17.21,0.0,39.76000015272623,10.528060977107032,0.0,50.70802450905254
581320.69_6136734.86,0.0,13.07,0.0,0.4754223194092153,30.69119468375236,4.086638015150045,0.0,32.72342058918635
581753.7_6136984.86,0.0,16.02,0.0,3.515550311674784,27.29534428243624,9.187553555191855,0.0,69.65424567679034
580887.67_6136984.86,0.0,13.48,0.0,0.0,31.301528318651894,1.6069705275461568,0.0,22.827312165776874
581320.69_6137234.86,0.0,22.82,0.0,0.0,26.896149936250037,2.902496510227693,0.0,75.85261941372066
581753.7_6137484.86,0.0,15.73,0.0,10.459601421939373,19.564124551732505,8.731273002729392,26.092603183131715,54.6974385006769
580887.67_6137484.86,5.66,29.46,0.0,0.0,25.3684380059998,8.170312146983429,0.0,31.229441652262672
582186.71_6137734.86,0.0,16.39,0.0,69.5991651995735,57.719500992002914,1.9081393591732978,0.0,6.508333869677035
581320.69_6137734.86,0.0,22.86,0.0,0.0,14.584574052098597,1.3477606702514768,25.87579054042064,51.8703844408048
581753.7_6137984.86,0.0,21.87,18.9,74.56523941188549,58.53804563624746,0.5431760059911359,0.0,0.0
582186.71_6136734.86,0.0,16.45,0.0,1.1336233044795294,23.457561710512813,19.365883747532557,0.0,122.53658682156467
583052.74_6136734.86,0.0,28.79,0.0,56.36055783123588,42.063739847147126,3.912106464041518,22.08396962563798,9.36395931573586
583485.75_6136984.86,7.8,37.11,0.0,40.74810636224943,42.953006815657915,11.690398234712669,0.0,57.23237599792832
582619.72_6136984.86,0.0,20.83,0.0,50.02261357704509,38.98503935635768,2.488072230178749,25.51669786522166,9.899996228279884
582186.71_6137234.86,0.0,12.9,0.0,45.28511645603299,36.67038941631431,5.8163888241233055,26.44690293997308,37.28810313792185
583052.74_6137234.86,0.0,18.73,0.0,40.594326052029714,49.29317685397228,0.4595608517761996,0.0,0.0
583485.75_6137484.86,7.74,30.83,0.0,23.465462941311625,42.126523462424935,0.007718266933663959,0.0,0.0
582619.72_6137484.86,0.0,15.41,0.0,52.17498868042285,55.540517179562634,1.5413567479283632,0.0,6.787285241957177
583052.74_6137734.86,0.0,26.92,17.05,13.474751489752359,41.98363476362185,10.336325100157913,0.0,69.41565145241832
582619.72_6137984.86,0.0,20.01,25.37,35.26150238880326,44.61454508589186,11.704334407951912,0.0,96.39213404695612
579588.63_6137734.86,3.88,25.66,0.0,6.610903616310872,28.53711429862709,2.0650578166227187,2.0336116632277577,8.228761576786589
580454.66_6137734.86,5.67,38.58,21.27,21.7563826566191,32.837686713365095,7.721683516317319,3.67369682142416,124.36076925350856
580021.65_6137984.86,21.26,46.68,31.79,4.02435829715243,15.025445522086006,20.98273727337098,26.668340043687238,88.13642914035078
579155.62_6137984.86,3.73,25.28,0.0,16.288309809983225,24.785987516110367,2.8717044025823917,27.708798557772656,26.426691601473383
579588.63_6138234.86,16.72,45.12,35.96,0.0,20.76204616796536,0.714116145618262,15.9556197551084,0.0
580454.66_6138234.86,8.96,39.11,31.97,52.91809683665319,44.19198205371902,0.32380639076544954,13.868070094926965,0.0
580021.65_6138484.86,32.23,55.32,52.49,22.14730366851215,35.990537971072285,14.779591992320695,0.0,133.17963927775236
579155.62_6138484.86,21.47,47.79,63.44,19.887540968790734,35.30803509805992,1.4893837845921762,0.0,0.0
580454.66_6138734.86,24.56,50.34,59.93,30.91786295220321,41.39165749262783,16.368965779903526,0.0,167.5769103989557
579588.63_6138734.86,32.17,54.56,51.6,6.758233525271111,26.501983586019406,31.294564068266524,0.0,79.43033248182958
583485.75_6137984.86,0.0,33.55,28.09,81.0934462151541,73.98263945936621,0.7130345360171418,0.0,11.808544816690137
583052.74_6138234.86,0.0,29.56,27.83,31.931539025345913,48.27241272103194,3.7148256593866855,0.0,11.379860289795959
582186.71_6138234.86,0.0,15.22,18.47,39.96099517540239,49.32487047907358,0.16809991989213804,0.0,0.0
582619.72_6138484.86,0.0,26.05,43.76,67.90367614698704,63.954690628608525,0.08068299116078846,0.0,0.0
583485.75_6138484.86,7.46,42.72,43.4,36.20742922913659,60.72961390239114,0.0,0.0,0.0
582186.71_6138734.86,0.0,22.28,35.01,58.78648736173532,58.72059730084691,1.300760449474196,0.0,0.0
583052.74_6138734.86,0.0,29.94,60.71,29.777429372608477,57.59411517642023,0.7113031787010385,0.0,5.231058030199019
582619.72_6138984.86,0.0,31.37,66.47,50.18500751440966,62.16245642059209,5.727049549831229,0.0,69.97134839205376
583485.75_6138984.86,8.92,46.87,45.26,7.507460632312327,41.385313269328385,12.338687716626282,0.0,0.0
582186.71_6139234.86,0.0,26.23,46.75,5.834721442732416,41.130705815110545,11.556363967087357,0.0,192.39865901311177
580887.67_6137984.86,0.0,33.26,35.69,14.98700400334303,21.089543661474867,0.0,26.514510603118985,0.0
581320.69_6138234.86,0.0,31.24,39.86,6.732524050240942,28.74089375551131,0.0,0.0,0.0
581753.7_6138484.86,0.0,22.9,25.51,6.516682447029931,31.828514905012323,5.788931000402336,0.0,11.259266384768502
580887.67_6138484.86,0.0,30.48,33.58,7.15403210317503,21.617263176997312,45.931831222780055,0.0,517.0171264896289
581320.69_6138734.86,2.44,33.31,54.68,4.135433469218252,29.32211945304562,11.47139279814621,0.0,112.4364373391737
581753.7_6138984.86,0.0,28.38,32.78,13.699581577409248,38.52414081836436,16.68923152318514,0.0,33.136841215214346
580887.67_6138984.86,15.92,41.83,82.4,19.531428628572307,34.53159029027947,24.90579493038951,0.0,305.5248478541229
581320.69_6139234.86,0.0,28.67,41.73,9.347579709128194,38.42276796767225,25.871214733767513,0.0,89.22236282642235
581753.7_6139484.86,0.0,27.34,0.0,46.51092121657221,60.73486215680736,0.038583718047130025,0.0,0.0
580887.67_6139484.86,15.14,40.9,52.73,9.09734523879098,42.58642034819285,1.4411669126327913,0.0,41.13277975261972
579155.62_6138984.86,22.94,48.89,55.2,12.45564812848133,33.46864791683243,18.787015195797306,0.0,347.1493957716166
580021.65_6138984.86,38.33,64.18,52.64,11.456210084278283,27.87682692279956,50.33350117342468,0.0,436.0450214731648
580454.66_6139234.86,18.21,47.77,46.97,29.35602806884659,38.72586473704262,37.874143916892656,0.0,309.04541041599765
579588.63_6139234.86,31.67,60.08,61.4,1.1250170643591633,28.26391497118681,16.04837859270926,0.0,73.06941327362921
580021.65_6139484.86,19.16,52.34,36.22,51.10232842305097,58.65399968592118,13.019202716399688,0.0,119.29210884927231
579155.62_6139484.86,30.65,58.74,57.39,3.6107909679788395,33.48105068455733,18.73184932169811,0.0,132.14711041953095
580454.66_6139734.86,3.11,34.4,26.01,35.173262094821176,55.66981540380843,4.618986006723329,0.0,23.75512997664593
579588.63_6139734.86,30.97,58.1,68.51,3.7082472345493076,33.95630155060599,42.86411642133626,0.0,312.6304808569535
580021.65_6139984.86,14.32,53.46,43.9,68.05158598660249,70.30238028245364,9.060837120534208,0.0,64.42620633528239
580454.66_6140234.86,16.77,42.76,29.72,27.31455166609879,49.22406101294393,27.304957710753584,0.0,259.00943209646687
583052.74_6139234.86,0.0,33.48,74.26,6.198619388342914,37.11535511783012,27.439901284681135,0.0,118.22602955663024
583485.75_6139484.86,0.0,0.0,0.0,21.306197320076468,48.44444652739162,5.587831020585458,0.0,0.0
582619.72_6139484.86,0.0,34.41,49.27,6.106067989594655,39.34777673984542,15.453007582077802,0.0,251.28774881582362
582186.71_6139734.86,0.0,22.86,18.89,4.297703950661445,41.20751131350249,4.135333888211068,0.0,34.828636949188
583052.74_6139734.86,6.67,44.16,28.48,23.704035308906505,50.886467113250134,7.853159691326746,0.0,8.296264128736382
582619.72_6139984.86,0.0,33.58,29.75,8.42697353484866,39.672413682073916,27.785647983426376,0.0,214.15329829272036
583485.75_6139984.86,0.0,43.31,21.98,23.864700917889497,51.220150349495455,2.328552887114079,0.0,0.0
583052.74_6140234.86,6.33,45.74,26.41,15.416714041191378,48.51120290968646,6.878462672397786,0.0,17.068474019738268
582186.71_6140234.86,7.53,41.09,20.55,49.24354511868267,66.16314434791559,0.26285884418153593,0.0,0.0
583485.75_6140484.86,19.16,55.6,37.65,7.879627283549924,45.48689448533373,0.0,0.0,0.0
581320.69_6139734.86,4.23,28.29,0.0,20.541335438668863,47.92374298372538,8.044758036479356,0.0,42.14010510790194
580887.67_6139984.86,10.09,33.48,18.57,23.871467838224554,50.046485704110445,0.8560204742578339,0.0,0.0
581753.7_6139984.86,0.0,22.36,0.0,22.55862028918891,52.36385794726628,10.524239578508759,0.0,59.91454161064468
581320.69_6140234.86,12.57,36.47,21.66,4.031208632073042,39.04858943889805,12.290651519251169,0.0,52.95669460664502
581753.7_6140484.86,0.0,21.67,0.0,42.459899177390014,68.66384154813694,0.0,0.0,0.0
580887.67_6140484.86,21.63,43.86,28.95,11.582541996156035,35.611547514502654,49.957951560195966,0.0,668.9180589111431
581320.69_6140734.86,0.0,25.6,0.0,9.523466030465235,47.376362234125416,2.9955368416454453,0.0,14.627980740850969
582186.71_6140734.86,8.59,33.47,25.91,41.53452249824396,67.51397295706066,2.8706554617541364,0.0,11.282040755467591
581753.7_6140984.86,0.0,34.73,19.19,0.0,39.245947512259264,0.31665933102655147,0.0,0.0
580887.67_6140984.86,3.74,48.17,0.0,21.357794130894263,49.019547880848386,10.317841879128567,0.0,29.08996810270616
579588.63_6140234.86,2.88,42.81,29.92,32.3744526568764,52.79360206923961,10.846999502029725,0.0,68.39269208839471
580021.65_6140484.86,12.76,44.19,49.26,16.04066113912958,35.12345804614545,71.61320885238258,0.0,1204.5813071303262
580454.66_6140734.86,12.17,47.44,55.04,12.950867948678308,35.35650707703783,63.368230329258246,0.0,867.4598966359345
579588.63_6140734.86,2.8,40.5,47.58,8.55633591042279,42.1751788342943,10.29890586092735,0.0,212.88274592168753
580021.65_6140984.86,18.39,55.1,72.84,7.528498220254527,30.97081222384969,68.06350203563618,0.0,4826.3671740778345
579588.63_6141234.86,0.0,41.13,40.71,66.65139375286677,71.92500297741455,1.0208405864233356,0.0,2.0390472852306107
580454.66_6141234.86,27.22,61.69,31.81,47.694663659943416,57.43471636626819,23.911145269805516,0.0,257.68102244006315
580021.65_6141484.86,28.67,67.31,37.84,55.16594278070187,62.62730169359681,17.987693095420745,0.0,166.89816253610726
579588.63_6141734.86,13.64,56.02,44.2,66.20090562737322,69.47041415930903,10.144125152346792,0.0,15.422024164736259
580454.66_6141734.86,61.29,78.81,55.68,3.9145429281690993,24.149097237477804,88.479611308038,0.0,1573.0580353664436
584784.79_6136234.86,27.47,69.5,33.31,4.011564116356489,10.425916390409164,94.83033999888855,0.6825626850302408,995.668308862445
583918.76_6136234.86,9.38,49.05,0.0,27.21707563250042,22.547489144757748,41.67831908652868,25.18690095250867,428.3816532976826
584351.77_6136484.86,29.52,58.24,23.4,15.520636859830198,20.569107969214436,73.37702944110788,0.0,1866.841070928865
583918.76_6136734.86,5.59,46.51,0.0,0.4662883875035404,20.420303064675057,42.60156911099032,0.0,543.810950153189
584784.79_6136734.86,25.96,60.48,29.26,2.0828970968164753,13.377179346255499,95.51383198289426,0.0,5961.219823159136
584351.77_6136984.86,21.08,49.77,0.0,12.820073386027865,30.74187385383259,34.3437007293329,0.0,119.07754797044294
583918.76_6137234.86,18.55,46.89,0.0,12.684324307338276,38.043292521524535,0.7546400107290576,0.0,0.0
584784.79_6137234.86,9.62,54.75,29.56,23.53088844814443,34.22810244466641,70.99422545893705,0.0,616.3787844843068
584351.77_6137484.86,0.0,46.96,0.0,14.994075168424073,46.77184695717927,2.0101723027647522,0.0,5.0331136635938005
583918.76_6137734.86,0.0,33.42,0.0,22.3831108619245,50.463997319400335,2.5034323298944816,0.0,10.803454007147879
586083.83_6136984.86,54.24,77.21,53.96,1.3394086997071852,18.969271446733227,100.0,0.0,871.9954237908943
585217.8_6136984.86,40.28,68.5,72.5,10.4275062107779,23.934244903643158,88.79015464699063,0.0,10102.524958665255
586516.84_6137234.86,58.17,79.04,65.21,1.9005492365656553,19.526006520575013,99.99999949193209,0.0,1431.9807833127763
585650.81_6137234.86,52.33,77.11,76.45,0.2896377517816419,25.841516860010707,67.0268900732451,0.0,1506.144460554887
586083.83_6137484.86,49.6,73.85,55.01,0.24993284044581213,19.48535609692366,98.67511246357695,0.0,876.9083255871875
585217.8_6137484.86,14.72,57.41,32.42,40.088552749778785,51.733253649856195,22.963191553927224,0.0,203.16015270336317
585650.81_6137734.86,19.82,59.27,32.49,10.33367323295823,41.811090853325375,30.375919951740904,0.0,286.9466919267713
586516.84_6137734.86,33.29,63.39,68.91,0.02798943298019652,23.891702447274234,75.60636850364702,0.0,329.2985191238239
585217.8_6137984.86,14.33,55.02,0.0,66.72265454597513,68.57969107883586,7.563273967748536,0.0,417.73628227704756
586083.83_6137984.86,18.16,56.21,43.3,0.07892389726543074,28.332551836361375,52.99314749168179,0.0,500.8541151698716
587815.88_6137484.86,44.32,70.77,47.42,0.2554975397176082,20.339137968948222,96.97467208152861,0.0,1297.2046946193511
587382.86_6137734.86,32.07,66.77,60.45,0.0,20.358040217392244,99.79665724017937,0.0,1335.7251606335662
586949.85_6137984.86,61.78,81.66,95.27,5.647002330198655,24.796245726875803,90.60655815855127,0.0,2788.588785478242
587815.88_6137984.86,61.26,81.2,75.91,0.012231419487604821,20.02420484184462,97.51052078542843,0.0,1238.9980692630932
587382.86_6138234.86,35.58,66.69,50.1,0.5056979878084444,20.73442756616651,97.6753849210446,0.0,1635.2205664302435
586949.85_6138484.86,52.56,82.99,73.01,7.772444829667932,28.704497264994693,71.46427768544774,0.0,2964.7869027883203
587815.88_6138484.86,60.38,81.06,53.6,0.13219143357767454,19.644836112548614,100.0,0.0,2576.259756245055
587382.86_6138734.86,48.39,74.42,70.21,0.5941045595824241,26.242396453388277,76.59426787478583,0.0,1919.6122719891619
587815.88_6138984.86,72.13,86.59,60.52,2.793871986370728,22.85491546440154,85.96906119496794,0.0,11059.999725921434
586949.85_6138984.86,60.85,83.52,68.95,72.57831477976991,65.06158135763641,19.478330391038586,0.0,1209.5231794981958
584784.79_6137734.86,11.15,45.94,0.0,20.8439883019088,49.0705298285418,0.0,0.0,0.0
584351.77_6137984.86,3.91,44.27,0.0,1.6438887356948595,42.378975824632256,0.007273089187579772,0.0,0.0
583918.76_6138234.86,7.34,42.46,42.91,20.373514794953056,48.187608065784914,8.995609006970167,0.0,50.6666767666857
584784.79_6138234.86,8.53,52.02,28.66,35.15546471430879,53.96997405460241,12.867648508713064,0.0,0.0
584351.77_6138484.86,11.15,49.91,43.08,28.1355056799566,54.02509511677675,18.215218923358453,0.0,56.22284027743898
583918.76_6138734.86,24.85,57.71,67.79,35.719503226513055,51.4916583362413,23.522539717557546,0.0,210.10221522273665
584784.79_6138734.86,33.94,66.01,47.89,21.02788511067714,40.851266990796596,51.5386093192987,0.0,69.88781814895653
584351.77_6138984.86,42.55,68.2,66.84,32.080603023835934,41.53803480159529,61.815847787678344,0.0,2211.4029502670173
584784.79_6139234.86,54.42,77.69,77.62,15.926600843578939,34.087797785427114,61.84426092380947,0.0,827.4450527996082
583918.76_6139234.86,32.26,55.07,74.06,9.090154498074451,34.08668600875397,51.20447666874516,0.0,285.5150861712732
585650.81_6138234.86,0.0,68.65,0.0,17.5631561856516,35.72790247834018,67.18266346920242,0.0,1121.8278261203634
586516.84_6138234.86,49.48,69.49,68.87,3.7926011085067137,25.93788510162394,68.27414925918569,0.0,5631.540379495453
586083.83_6138484.86,27.09,61.38,65.67,14.217434249002151,36.904763393902755,39.99016375848155,0.0,0.0
585217.8_6138484.86,35.75,69.73,34.78,27.02990695857725,48.43972075929122,40.80514233820038,0.0,0.0
586516.84_6138734.86,51.35,69.31,65.46,58.04662643162276,55.16267696557961,41.53967508104511,0.0,159.3491968838436
585650.81_6138734.86,58.11,80.3,61.34,11.460407447786869,38.672608790449964,32.49411185636873,0.0,0.0
585217.8_6138984.86,61.89,78.31,56.35,2.7441520394422927,30.456677013783573,66.24257368226925,0.0,248.57958400079593
586083.83_6138984.86,19.23,59.44,40.06,9.122663641122495,35.01009929326248,34.0502823838647,0.0,0.0
585650.81_6139234.86,94.05,100.0,76.17,0.09877250670322067,21.85747028976623,84.55650410200097,0.0,4427.134694184395
586516.84_6139234.86,63.21,81.35,61.44,12.470440634377228,26.088974788604652,88.34080092538485,0.0,2071.7122584059057
587382.86_6139234.86,87.67,95.19,83.7,4.935811088077965,29.80203553419014,63.85965298118694,0.0,4533.913058155902
586949.85_6139484.86,66.86,84.11,82.77,0.5149544756984477,18.299727549292758,94.1982566841646,0.0,7115.93815322181
587815.88_6139484.86,92.91,97.51,83.5,0.14213897192436395,22.7037743269946,77.01892293439613,0.0,7178.461542653487
587382.86_6139734.86,92.02,96.16,79.27,0.08281951047346506,16.83204854219949,100.0,0.0,5674.616819588287
587815.88_6139984.86,82.74,90.13,81.59,0.14935296289673375,19.53260822070097,86.79127665114073,0.0,3258.708580006259
586949.85_6139984.86,77.61,89.52,77.91,0.6450078447014522,17.836257240513632,94.93731442288137,0.0,7002.367711294115
587382.86_6140234.86,61.76,79.85,97.84,0.03139104219708185,22.18703735046127,70.66390103750413,0.0,5211.382355002247
586949.85_6140484.86,59.44,81.64,76.89,5.056307062051993,25.464478879804076,72.7230526942716,0.0,509.9656258811027
587815.88_6140484.86,85.05,86.81,95.12,2.2151716368084227,22.35845985523291,73.05668127880419,0.0,1074.6638059362792
587383.85_6140729.49,0.0,88.99,0.0,3.9496753333222,20.503011359261443,93.59941648927456,0.0,15421.056638963666
585217.8_6139484.86,84.72,93.09,68.21,4.620686655024048,22.80580017365459,87.74317159806225,0.0,1287.1942769822224
586083.83_6139484.86,56.83,84.36,57.47,2.3643047903539256,21.050022720247892,84.88450292222593,0.0,7427.256270740551
586516.84_6139734.86,79.41,89.48,71.36,0.09720994284056773,18.053178349057774,92.89102232060368,0.0,9741.619907486984
585650.81_6139734.86,72.61,87.69,65.28,0.6629486425252559,23.933762563044166,67.00888836422708,0.0,1950.4847358344628
585217.8_6139984.86,54.19,63.43,67.89,0.8143524948235257,24.74384450622583,72.756687899898,0.0,10604.44868596384
586083.83_6139984.86,73.74,85.13,86.87,6.152015199682065,22.77280243018358,89.3206777280078,0.0,1706.969149599661
586516.84_6140234.86,67.5,84.12,72.77,0.49168614676855665,21.700791927826224,80.38805431573951,0.0,3973.247145590592
585650.81_6140234.86,40.09,68.79,47.14,10.691942865409958,28.95759804811811,71.41727963723092,0.0,101.93650794655335
586083.83_6140484.86,61.63,81.15,57.37,27.30715664321744,38.57740482120563,68.79690217482656,0.0,857.3248363581337
585217.8_6140484.86,64.44,83.73,60.23,9.12526334760265,26.31304257114899,87.18843730644524,0.0,2238.0461780641626
584351.77_6139484.86,58.68,80.31,72.08,7.436708513608472,25.563985415039518,87.83713601599437,0.0,5870.68581971625
583918.76_6139734.86,24.8,59.27,44.22,32.49052924679277,50.860617746310666,24.490002392393183,0.0,0.0
584784.79_6139734.86,61.66,78.11,66.87,0.04312577880219527,19.906252179684316,100.0,0.0,1236.0327440762844
584351.77_6139984.86,32.82,60.43,49.34,23.281252061325443,42.841580452132916,40.67996685058509,0.0,252.25811634190183
583918.76_6140234.86,17.58,57.26,33.85,17.43036122787616,49.2297634043707,1.3540285921641677,0.0,0.0
584784.79_6140234.86,48.75,78.63,79.43,27.758668488265908,39.55186160780834,59.12821460136111,0.0,9399.347718954405
584351.77_6140484.86,2.58,71.59,24.82,35.08468665522588,55.21647574219431,3.835784395138464,0.0,37.58784712821798
583918.76_6140734.86,32.98,66.5,50.29,34.06175533485556,54.044975682974325,13.947585154359007,0.0,49.58166611678849
584784.79_6140734.86,73.41,86.79,81.73,2.2558682588849814,20.233038423801442,95.35293926133257,0.0,4536.936222284802
584351.77_6140984.86,75.64,89.04,84.21,3.183354400019156,20.67943875695618,98.09628649738518,0.0,14550.068983167077
585650.81_6140734.86,47.21,73.31,75.51,5.361794848351685,22.336140398492777,97.90069410221544,0.0,735.7077194267126
586516.84_6140734.86,34.62,72.8,43.46,46.459125556017,49.18122205764598,53.540874443991235,0.0,327.0363561028073
585217.8_6140984.86,71.97,87.82,77.65,0.30512272731536266,18.623188628558584,100.0,0.0,1081.3962167596462
586083.83_6140984.86,29.47,72.56,29.58,41.51311639337866,57.674480140695394,25.670594813872068,0.0,143.99232674870075
585650.81_6141234.86,49.46,74.78,51.36,13.002879831264242,30.532191131665577,69.83632888654638,0.0,481.18049725572826
586516.84_6141234.86,0.0,87.34,0.0,19.943211851389066,35.48284197430242,65.24817636664811,0.0,0.0
586083.83_6141484.86,0.0,0.0,0.0,25.6166455209596,41.63837142634399,47.10624010734815,0.0,82.06338569477354
585217.8_6141484.86,64.58,79.83,63.56,8.642032279911131,23.52163228831038,95.99252568436087,0.0,827.706719647745
585650.81_6141734.86,48.61,70.44,48.72,31.249162428372568,47.854374207296374,39.46505141255728,0.0,300.38318398618577
586516.84_6141734.86,64.45,78.71,70.49,25.547819032046338,39.23419558438992,64.56740956977117,0.0,37.527623152292264
586938.04_6140982.54,41.59,75.98,49.59,62.76328817550443,62.42875481933861,20.51752007544923,0.0,15.287439367412158
587816.01_6140984.78,83.92,89.83,62.0,1.5208496050549847,19.214109948486424,97.0492975879714,0.0,6407.668807717035
587485.17_6141250.65,68.49,81.34,47.23,0.10635056534202336,21.752508830304013,83.88187758385419,0.0,19184.332009310358
586945.04_6141487.98,52.61,76.92,60.75,48.11923743538808,57.858745189409625,18.438769333674532,0.0,0.0
587815.88_6141484.86,40.58,77.5,29.1,0.5682182276075786,19.88311991445213,96.69967413482954,0.0,4729.790536275785
587392.61_6141742.69,33.15,66.66,29.31,11.554418504992393,26.92531179397106,83.39389141140639,0.0,42.77854572746322
586948.81_6141984.82,52.09,69.83,49.37,15.6388401149135,33.4281453844983,65.97100415724994,0.0,19479.164933459564
587815.88_6141984.86,37.83,69.84,45.51,3.99516451682973,23.510610614965053,90.46827185808498,0.0,781.8985553167903
587406.36_6142235.3,7.95,54.52,25.01,0.0,22.54642325649042,83.60197872869675,0.0,3.87789491082946
587815.88_6142484.86,0.0,37.96,0.0,9.252881342007505,33.66064519173982,47.296310150245354,0.0,436.9320147026382
577856.58_6136734.86,0.0,7.83,0.0,85.15339809761184,80.64081575377058,0.12353085663780707,0.0,0.0
578289.6_6136984.86,0.0,11.93,0.0,29.50210507321754,55.36009769994445,3.9215639477171558,0.0,49.53041119786252
578722.61_6137234.86,0.0,14.45,0.0,45.12756782450285,56.084701387591394,5.379168074092091,0.0,19.9239585521919
577856.58_6137234.86,0.0,5.77,0.0,73.7911465665514,76.0833413532957,3.3046311661104015,0.0,55.18923791509044
578289.6_6137484.86,0.0,12.89,0.0,50.530205449398956,54.37699762763083,11.480775197267999,0.0,19.489415371507526
577856.58_6137734.86,0.0,6.5,0.0,17.232708342275167,37.732043298777306,11.309422509562527,0.0,76.8412374806019
578722.61_6137734.86,0.0,15.19,0.0,25.923661248251534,37.70170213364333,6.980138981563795,0.0,17.191845491253968
578289.6_6137984.86,0.0,12.49,0.0,15.302632845334516,30.622294275490873,1.7481357863009912,4.9694752340638235,8.784217394401795
577856.58_6138234.86,2.71,32.2,69.64,25.1798456614743,31.79397074100212,0.0,23.812690689899878,0.0
578722.61_6138234.86,0.0,22.72,0.0,23.27228133315935,26.685099897188337,0.0,26.061640760540666,0.0
576557.55_6137484.86,0.0,4.74,0.0,56.117541777930114,66.94306237597416,3.0123607711480216,0.0,14.436778401106565
577423.57_6137484.86,0.0,6.85,0.0,34.510397322886796,53.39189355475848,7.602082510150093,0.0,67.68621863903627
576124.53_6137734.86,0.0,4.61,0.0,19.089044233393487,48.83446667181172,2.71406007966658,0.0,8.527774675366087
576990.56_6137734.86,0.0,9.93,0.0,24.0013804507551,46.51924824336685,3.398067883674323,0.0,31.922628551441193
577423.57_6137984.86,0.0,18.41,25.46,48.76473957071553,52.16117620064882,0.16329515912103287,0.0,0.0
576557.55_6137984.86,0.0,9.35,0.0,43.37685840379353,53.1152772951483,8.09183753166643,0.0,39.82056881373532
576990.56_6138234.86,0.0,17.93,24.27,5.794335418294027,25.754940896286556,14.66951536331539,4.0253137348917285,92.68873180306359
576124.53_6138234.86,0.0,32.87,0.0,23.254747740506716,40.73698564311831,6.8839901596374,0.0,28.033520376872435
577423.57_6138484.86,4.32,34.67,74.7,35.05278513628371,32.40389302271004,3.6473009463532673,28.015905097395045,0.0
576557.55_6138484.86,17.9,26.2,71.61,5.247190593275474,17.23027751355541,9.315521513309985,31.964946047579023,65.54392387920959
575393.59_6137157.7,0.0,0.0,0.0,24.105283014013228,49.17483528563643,12.416326700062212,0.0,5.281327625876534
575725.58_6137448.78,0.0,0.0,0.0,16.370450535546013,48.190287136747955,6.080744549731077,0.0,0.0
575842.29_6137973.58,15.74,27.54,38.81,59.47878633539864,67.79108808566654,4.331851883446683,0.0,0.0
575863.7_6138469.4,21.92,31.33,48.93,14.536206625899897,31.840255876294343,21.87630943243003,0.0,0.0
578289.6_6138484.86,13.33,43.06,43.94,12.45441563811527,24.38350860696403,4.67510124343508,15.461626150462163,0.0
577856.58_6138734.86,2.24,30.19,75.75,6.17146009330001,23.111683386712674,33.28645693386822,0.0,231.36137601917665
578722.61_6138734.86,37.73,55.21,68.63,8.151471961818544,28.73453887227525,15.698519959306623,0.0,111.4136203058631
578289.6_6138984.86,9.9,38.43,35.45,0.0,27.176866484375473,13.423583711533196,0.0,90.38697695719071
578722.61_6139234.86,7.55,39.09,26.14,1.9536297519906556,29.958869903334378,10.14151128179562,0.0,69.78984483944055
577856.58_6139234.86,0.0,27.01,29.01,15.539041678496654,34.90671585199134,10.343537692708793,0.0,97.72285358651204
578289.6_6139484.86,0.0,29.85,21.41,6.34996244025915,33.47767207838236,9.170851362524205,0.0,55.36595892592375
577856.58_6139734.86,0.0,19.39,0.0,0.0,34.46432770596983,21.32886892929925,0.0,46.94849757684549
578722.61_6139734.86,0.0,32.3,22.77,3.1570249649087523,40.74825957181037,3.6112960241384857,0.0,10.510271290665253
578289.6_6139984.86,0.0,30.85,0.0,13.41526600275517,45.057931691627154,11.002608693105222,0.0,31.724547015841726
576124.53_6138734.86,2.7,18.08,17.41,4.320315179762757,17.72665001964753,5.858632085392623,23.539695204314143,49.814868695317095
575887.98_6138957.48,0.0,15.79,0.0,5.663188165620628,13.3932211063689,8.18468465352528,45.004332580451816,0.0
576136.68_6139231.31,0.0,15.79,0.0,63.664294627956075,52.52694430940528,1.8635312614050985,2.7414014561417654,22.25176117096549
576203.96_6139708.46,0.0,1.47,0.0,43.45616382889898,52.82325976212627,0.0,0.0,0.0
576990.56_6138734.86,15.56,35.87,42.54,14.928312671511762,22.82664893362181,2.826303565943461,34.70371717700741,38.18917893571197
577423.57_6138984.86,0.0,27.97,47.64,17.409099074740617,36.655914769931066,3.428945185718104,0.0,29.702770180803206
576557.55_6138984.86,3.35,23.74,20.24,16.816672422191278,29.102772138418054,7.054836789415157,9.145210830612921,16.803504336274386
576990.56_6139234.86,0.0,18.55,22.74,49.032102008071696,52.06678443047037,9.00959575759476,0.0,75.9722325203852
577423.57_6139484.86,0.0,22.51,20.89,3.267810777037463,32.99988121439453,5.313201160034285,0.0,20.34309896908123
576557.55_6139484.86,0.0,16.42,18.27,34.38428048211451,45.575874797324026,3.8411599723839283,0.0,2.506385139081001
576990.56_6139734.86,0.0,9.44,0.0,4.1666811289609536,41.69857331806766,1.6738566522409057,0.0,18.61021928543384
576557.55_6139984.86,0.0,4.31,0.0,0.0,38.66838837708613,0.0,0.0,0.0
577423.57_6139984.86,0.0,9.15,0.0,18.619423417643414,48.56429786313915,6.436604061918989,0.0,36.54215554209638
576990.56_6140234.86,0.0,10.66,0.0,20.104111353873037,49.44814269568612,0.4253939445634005,0.0,0.0
579155.62_6139984.86,9.32,43.11,39.45,46.7862154341202,60.23990921930539,3.89653761790565,0.0,34.200713841813304
578722.61_6140234.86,0.0,31.9,21.09,86.89626776292586,79.47675162486519,0.0,0.0,0.0
577856.58_6140234.86,0.0,24.94,0.0,0.0,40.21590602742113,2.223396371339769,0.0,15.686003973955122
578289.6_6140484.86,0.0,25.24,0.0,40.98522539266594,57.6887086307314,10.496679914310564,0.0,103.89351512029639
579155.62_6140484.86,0.0,37.84,28.9,66.4404780571621,69.04646241271428,7.2443442566327505,0.0,62.37482901943185
578722.61_6140734.86,0.0,29.41,22.21,87.438921371459,83.12928762403868,0.15961024282409447,0.0,0.0
577856.58_6140734.86,0.0,18.31,0.0,27.646336290088875,51.83937056878209,6.909801420327984,0.0,28.494739956797897
579155.62_6140984.86,0.0,30.31,23.46,56.950095864002535,65.49788872758653,5.162725937830548,0.0,30.534165981645327
578289.6_6140984.86,0.0,16.8,0.0,24.228135514222824,50.70426573863459,11.11078165294559,0.0,115.76236123314347
578722.61_6141234.86,0.0,22.71,0.0,65.25028996385296,72.44754659080587,3.0996190369176153,0.0,71.45907424766688
576295.82_6140170.91,0.0,3.83,0.0,9.471746638142879,39.888416399151126,2.2004586693668773,0.0,67.10006801513536
576267.16_6140731.55,0.0,0.0,0.0,83.95183815981001,78.03151170700579,2.1392266709454475,0.0,23.828765877570795
577423.57_6140484.86,0.0,9.67,0.0,2.9201472675355444,40.341993093280195,11.060557812590796,0.0,57.84736900998951
576557.55_6140484.86,0.0,3.63,0.0,30.285315093524908,53.40334216998003,7.548342174977868,0.0,14.035756778853605
576990.56_6140734.86,0.0,3.56,0.0,46.48892027917028,61.37132334879474,2.800261689086193,0.0,15.639843267865444
576554.34_6140957.28,0.0,3.63,0.0,99.99999999999999,86.01049813034888,0.0,0.0,0.0
577423.57_6140984.86,0.0,8.48,0.0,1.815682423722752,41.9508352073895,0.32831974912168993,0.0,0.0
577056.17_6141158.2,0.0,3.56,0.0,64.6751940949573,71.99681392311675,0.20939624018226755,0.0,1.003520029863397
577423.57_6141484.86,0.0,4.49,0.0,21.569450327437245,50.00322054081459,8.582347991427083,0.0,0.0
577217.98_6141671.5,0.0,4.15,0.0,0.0,42.9688852774517,0.0,0.0,0.0
576276.14_6141107.45,0.0,0.0,0.0,99.99999999999999,85.9937352392414,0.0,0.0,2.324096029457895
577856.58_6141234.86,0.0,9.51,0.0,10.19924638382062,45.01578928048923,1.0605773526058904,0.0,2.7639725730809523
579155.62_6141484.86,3.4,42.7,27.24,63.363354877048764,71.15268688850688,3.9768310263470235,0.0,3.6295377496623704
578289.6_6141484.86,0.0,19.56,0.0,46.512244435017486,62.79593459699129,6.068247133466107,0.0,83.22221218537014
577856.58_6141734.86,0.0,6.66,0.0,11.595381286979332,46.21116982215554,1.233673348757169,0.0,0.0
578722.61_6141734.86,0.0,18.83,0.0,31.661908388768435,61.88793375809335,2.903320213272109,0.0,35.98272161271208
579155.62_6141984.86,12.66,47.48,46.13,48.06010039633331,62.27027855247004,9.555547847612834,0.0,31.469267913928775
578289.6_6141984.86,0.0,18.88,0.0,26.5784057097664,55.04364510786114,0.0,0.0,0.0
577856.58_6142234.86,0.0,14.91,0.0,13.716974506047757,53.4317692585916,7.368933950561618,0.0,6.40344045305119
578722.61_6142234.86,5.76,42.19,39.42,7.536869702420046,45.14454675591348,0.0,0.0,0.0
579155.62_6142484.86,14.22,48.01,49.74,16.390757128639514,38.342041714339494,65.10269931178084,0.0,1352.5494583719249
577474.69_6141965.7,0.0,14.91,0.0,6.469267212798638,48.59085370548301,0.0,0.0,0.0
577556.87_6142432.51,0.0,14.91,0.0,7.745537277832054,46.04637086042374,5.369326633812796,0.0,0.0
578289.6_6142484.86,0.0,18.88,0.0,49.68270053709973,64.07987807240532,1.5545082345602061,0.0,7.7061146930094
578722.61_6142734.86,4.06,36.83,30.86,33.51807512154662,55.06396308483046,22.024536766371412,0.0,162.460057298482
577891.31_6142677.05,0.0,22.72,0.0,20.103402040735787,49.46699827720088,3.6044432753174505,0.0,2.3398268657909855
579155.62_6142984.86,2.23,35.95,32.01,5.3796807133830615,37.86547506145145,32.1098944490374,0.0,385.4297334402044
578301.69_6142967.75,0.0,29.99,21.33,10.313853440084424,45.259524886406886,10.05364730364361,0.0,29.444265817429756
578116.22_6143198.33,0.0,27.48,18.22,0.0,44.573278011353445,0.0,0.0,0.0
578775.91_6143136.38,0.0,30.92,24.41,20.635532499771063,51.58246338400981,0.0,0.0,1.3168057408367466
579158.4_6143484.64,11.82,43.97,45.98,1.3697256723701394,39.62541525550777,5.397623349581501,0.0,23.1785568439592
578978.81_6143697.79,2.22,35.83,31.82,18.112803004241496,36.71363655050197,71.27619370344492,0.0,25.86051156396352
579161.78_6143987.02,0.0,32.15,22.42,4.7846265105494,39.98166226863392,28.745783583188356,0.0,94.93553545919677
578833.21_6144305.9,0.0,19.13,0.0,5.450190517031297,42.98483828041467,0.0,0.0,0.0
579155.62_6144484.86,0.0,19.13,0.0,0.0,40.10529373603065,0.0,0.0,0.0
578843.69_6144644.05,0.0,19.13,0.0,1.753054962933041,41.72430677729144,0.0,0.0,0.0
579177.0_6144847.72,0.0,19.13,0.0,3.453812632538691,41.805874437920515,0.0,0.0,0.0
591280.36_6130189.03,0.0,0.0,0.0,0.0,15.268285086303793,0.0,35.46866048917754,0.0
591682.54_6130334.08,0.0,0.0,0.0,0.0,27.944896882285253,0.0,0.0,0.0
591279.98_6130484.86,0.0,19.79,0.0,1.9208529401725336,19.312512166012972,0.0,27.00139710970953,0.0
590471.91_6130193.53,0.0,19.43,0.0,0.0,37.87506412070871,0.0,0.0,0.0
590847.27_6130301.18,0.0,19.3,0.0,0.016844176581816674,26.807349028304134,6.707524285734633,0.013540343649544992,66.466171017525
590479.08_6130490.49,0.0,24.68,0.0,0.0,39.180961471120746,0.0,0.0,0.0
590846.97_6130734.86,0.0,23.83,0.0,1.622833780463288,30.47640564785566,3.704865175974174,0.0,42.28098838072474
592136.67_6130524.83,0.0,14.63,0.0,0.0,35.41507566126523,6.252409012077342,0.0,69.81067718979939
591712.99_6130734.86,0.0,14.23,0.0,0.0,27.78717245446068,4.971989707222433,0.0,7.07801389452462
591279.98_6130984.86,0.0,20.98,0.0,1.4470868538004895,18.501718713635128,10.76273269639742,25.49406724961995,6.371078565523074
592146.0_6130984.86,0.0,0.0,0.0,0.0,34.109992715995865,1.9607414166728145,0.0,0.0
591712.99_6131234.86,0.0,0.0,0.0,0.0,20.82465862527896,11.43774726916081,12.114044167820479,5.751491641302805
591279.98_6131484.86,33.17,58.5,69.22,0.0,25.252572495413766,1.5177227488816567,5.528499662524427,0.8064504507938223
592146.0_6131484.86,0.0,0.0,0.0,0.0,28.304126935941078,7.250664700465954,0.0,14.149324348935357
591712.99_6131734.86,36.46,61.01,71.4,0.0,17.08057907437558,0.0,27.401442418446265,0.0
591279.98_6131984.86,44.55,65.55,80.51,0.16222627686483992,22.48829931760345,36.14248956124292,0.0,5294.752713360098
592146.0_6131984.86,0.0,0.0,0.0,8.068956658022675,30.650932563169782,0.0,0.0,0.0
590434.2_6130993.49,0.0,31.08,0.0,0.0,41.31008659560141,2.8376631661995,0.0,0.0
590846.97_6131234.86,2.16,31.32,0.0,0.0,32.10358560640068,9.22766239931284,0.0,48.393891887316
590141.44_6131307.14,0.0,25.91,0.0,3.320584234072084,39.627273052401506,19.528608661253042,0.0,136.55804932385945
590413.95_6131484.86,2.92,35.26,0.0,0.0,40.09305599648748,5.4598016863295395,0.0,34.055695248925495
590846.97_6131734.86,17.42,47.63,36.36,0.016093552211923153,34.88729985608692,14.346922962061855,0.0,239.09122771370699
590009.66_6131758.54,0.0,33.0,0.0,5.8576245141565435,43.50529497678991,0.0,0.0,0.0
590413.95_6131984.86,23.24,49.21,40.66,0.6194887270117652,37.07912835279335,24.709249335716464,0.0,430.289193400574
589640.82_6132058.94,0.0,33.0,0.0,45.290916635825205,62.53929831662256,0.0,0.0,0.0
592497.9_6130458.59,0.0,16.7,0.0,0.0,40.14429094633256,0.0,0.0,0.0
592553.42_6130743.38,0.0,0.0,0.0,0.0,39.68733393090124,0.007880680555303221,0.0,0.0
594786.6_6131719.92,0.0,12.2,0.0,0.0,35.71118116351693,27.0823743667391,0.0,743.5755433055714
594290.21_6131805.28,0.0,9.29,0.0,3.9552340891152165,40.81735422119355,3.754065591480918,0.0,27.743998691810148
595185.05_6131806.08,0.0,15.25,0.0,0.0,39.45598974469864,0.0,0.0,0.0
594744.08_6131984.86,0.0,14.39,0.0,4.298043040930434,39.09677017370177,14.857616761870446,0.0,70.4577762335562
595627.85_6131665.88,0.0,11.03,0.0,0.0,38.676096898393816,6.187192095199114,0.0,247.84670550531231
596402.85_6131689.45,0.0,10.67,0.0,0.0,47.95083475681161,20.47239354893259,0.0,425.23797319809313
596043.24_6131764.75,0.0,11.44,0.0,0.0,43.048014936710224,8.197534628549336,0.0,115.10526203583878
596877.85_6131873.52,10.89,17.33,0.0,7.783211261218062,42.57092264398831,31.100959452762705,0.0,302.1337392523812
595610.1_6131984.86,0.0,14.16,0.0,9.889095741972834,41.21804697781003,17.256432646442583,0.0,136.87524117681966
596476.13_6131984.86,0.0,12.95,0.0,0.0,42.34998836967973,11.497067053909896,0.0,71.45363297804643
597794.8_6131927.0,0.0,8.12,0.0,0.0,49.13987568797645,0.0,0.0,0.0
597333.55_6132042.68,8.5,17.13,0.0,3.647602218968434,50.505090733255855,4.685273508090612,0.0,37.912708027126584
598208.88_6132021.19,0.0,8.28,0.0,2.3001842656456977,48.13675875130644,6.033997028286802,0.0,33.37051477207585
598507.79_6131951.63,0.0,6.65,0.0,0.0,59.03800009379773,15.126790733953827,0.0,0.0
598604.69_6132262.09,0.0,0.0,0.0,1.5136480282368998,57.787863766459736,11.70664702516929,0.0,225.3414696139057
598956.1_6132573.49,0.0,10.49,0.0,6.507702903911651,54.43687081814023,0.09492028777570216,0.0,0.0
599356.14_6132968.08,0.0,7.73,0.0,0.0,51.55190053243403,0.018443752759766386,0.0,0.0
598641.19_6132734.86,0.0,0.0,0.0,31.930078759622532,63.64376952624704,2.3356693329996143,0.0,7.579916396863113
599071.4_6132987.87,0.0,8.77,0.0,23.708006777636545,54.60392632717872,10.908958535797787,0.0,60.61688188401544
599437.24_6133288.64,0.0,7.73,0.0,87.69585011892661,81.18940764098436,0.6517473958834145,0.0,17.70560589398067
598641.19_6133234.86,0.0,8.65,0.0,0.7067010373726429,42.19975303408246,0.5878099034393969,0.0,0.0
597775.17_6132234.86,0.0,7.88,0.0,4.48639795383661,52.15703385723548,12.198577147949315,0.0,101.0408643881769
597342.16_6132484.86,5.41,16.1,0.0,0.0,57.69540775593214,3.271184315322832,0.0,52.102497194606435
598208.18_6132484.86,0.0,10.49,0.0,23.292744461510644,65.3235638952448,10.26060666542061,0.0,58.48959532713396
597775.17_6132734.86,0.0,13.27,0.0,3.5587040314316254,61.44302101262902,4.2282548704235206,0.0,37.48552215334763
597342.16_6132984.86,0.0,15.77,0.0,5.550509309356522,49.964835370453606,0.017480221604787925,0.0,0.0
598208.18_6132984.86,0.0,12.62,0.0,18.731602654184364,60.07226152907368,18.979196931326953,0.0,0.0
597775.17_6133234.86,13.07,21.95,0.0,19.578283108582813,48.38720333384779,27.25164110777562,0.0,315.21963741994756
597342.16_6133484.86,7.5,19.18,0.0,7.510778543926897,42.0709564506283,14.107431011984461,0.0,125.33957342510159
598208.18_6133484.86,21.87,25.85,0.0,0.0,38.83890639533304,3.2287055642463494,0.0,18.71731296220059
597775.17_6133734.86,15.71,23.26,0.0,5.150746364379652,35.46054556016492,36.96781499621847,0.0,328.07601588214885
599737.25_6133569.62,0.0,11.97,0.0,12.752957659024714,49.84930783323366,0.0,0.0,0.0
599074.21_6133484.86,0.0,8.65,0.0,42.370168402830984,61.69585750256007,1.5636826354411346,0.0,9.393581961552911
599507.22_6133734.86,0.0,11.97,0.0,35.833320951872,59.454077921305796,11.579242328081271,0.0,31.703301120213176
598641.19_6133734.86,12.05,18.76,0.0,7.634815505466497,44.70469118308805,0.046337726912934814,0.0,0.0
599815.87_6134008.68,0.0,10.11,0.0,36.11424963985582,49.48303155715938,0.6733606345560478,0.0,0.0
599074.21_6133984.86,0.0,12.5,0.0,50.04164272614037,62.8017607935076,2.841059466137157,0.0,18.973873958070754
598641.19_6134234.86,0.0,12.03,0.0,35.19027407222287,56.74083866199589,0.03223175657063476,0.0,0.0
599507.22_6134234.86,0.0,10.11,0.0,43.92506203946892,50.11450346981204,2.7877918966543587,0.0,0.0
599073.33_6134483.29,0.0,8.22,0.0,88.49189667593639,69.69826493228092,0.0,0.0,0.0
599805.42_6134340.18,0.0,8.79,0.0,11.69714516850143,25.92273046271627,39.3175432250205,0.0,625.6582432872877
592769.55_6131015.99,0.0,15.54,0.0,0.0,39.36579343740062,0.0,0.0,5200.037275539168
593395.14_6131427.11,0.0,16.58,0.0,0.0,39.33368386842929,0.0,0.0,100.86230718631948
592571.36_6131238.04,0.0,16.89,0.0,0.0,39.7809565119344,3.381073479273077,0.0,100.13576474502526
593836.63_6131611.82,0.0,7.5,0.0,0.0,39.69684699839535,0.0,0.0,0.0
593007.88_6131496.04,0.0,16.58,0.0,0.0,38.14108967228173,10.514849328351477,0.0,151.7694095030082
592579.02_6131734.86,0.0,26.34,0.0,0.0,38.6662111510303,1.1203496460412854,0.0,0.0
593445.04_6131734.86,0.0,7.43,0.0,3.7251339785325936,41.07190829450077,0.18673128719446092,0.0,0.0
593878.05_6131984.86,0.0,7.97,0.0,2.5466502144123058,38.083237830422355,18.633847168078876,0.0,86.03381101140808
593012.03_6131984.86,0.0,7.22,0.0,0.0,40.48344974777647,0.0,0.0,0.0
596909.14_6132234.86,10.31,18.85,0.0,0.0,48.068098310675346,6.628762259523493,0.0,54.24421147052836
596043.12_6132234.86,0.0,16.59,0.0,0.0017783392736556481,37.67320029210317,11.28841724074018,0.0,108.60305323834248
596476.13_6132484.86,4.12,16.53,0.0,0.0,60.831188137314406,0.0,0.0,0.0
595610.1_6132484.86,5.02,26.88,0.0,0.22608064872612757,39.54005428262009,3.8676434784215967,0.0,8.533015345147977
596909.14_6132734.86,0.0,14.5,0.0,0.0,56.148834619637036,2.6281517744429284,0.0,27.487395940320365
596043.12_6132734.86,4.17,21.93,0.0,0.0,40.64331609903108,13.370107486739771,0.0,42.55076687784945
596476.13_6132984.86,3.51,16.89,0.0,0.0,38.92572181522754,10.498342239720904,0.0,72.57739072267776
595610.1_6132984.86,10.37,38.38,0.0,0.0,33.85620158454351,34.02384245042954,0.0,372.94840155572103
596043.12_6133234.86,3.4,18.26,0.0,0.0,38.13604530634645,10.057263665726184,0.0,49.811821253955856
596909.14_6133234.86,0.0,15.08,0.0,2.944048202014032,44.78493825642315,5.785343739850999,0.0,25.914991985158796
592579.02_6132234.86,0.0,33.16,0.0,4.592116578654709,35.85194184724734,3.877446118405741,0.0,92.17396134720761
593445.04_6132234.86,0.0,17.44,0.0,15.69834112267239,50.87720146948141,4.7027608393230755,0.0,20.93089799348753
593012.03_6132484.86,0.0,17.44,0.0,0.0005131786742178423,41.24347779871719,0.0,0.0,0.0
593878.05_6132484.86,0.0,12.2,0.0,0.0,39.504735781361724,2.299885050338074,0.0,0.0
593445.04_6132734.86,0.0,19.53,0.0,0.013853552233848435,40.01360533767825,0.010913011549080757,0.0,0.0
592579.02_6132734.86,0.0,39.34,18.34,0.0,29.58584772311973,9.17866201543794,0.0,80.96769256580241
593012.03_6132984.86,3.38,29.87,0.0,0.0,39.39201241220456,2.90061427925226,0.0,18.743361182527963
593878.05_6132984.86,0.0,15.93,0.0,0.0,39.31064182595505,0.0,0.0,0.0
593445.04_6133234.86,2.8,25.96,0.0,4.941826714606948,37.934907403446076,19.586356341925196,0.0,148.501761044496
593012.03_6133484.86,5.2,28.33,0.0,9.168492455354746,33.37936376721829,37.56046031451544,0.0,386.796928751661
594311.07_6132234.86,0.0,9.9,0.0,4.9048162946587475,37.97855662219028,21.036429373475205,0.0,46.20606300979663
595177.09_6132234.86,5.13,27.12,0.0,0.0,39.52818330830403,0.005481891000315657,0.0,0.0
594744.08_6132484.86,0.0,12.25,0.0,0.0,39.586008455288834,0.0,0.0,0.0
594311.07_6132734.86,0.0,12.45,0.0,3.198321767354942,38.89402410016685,9.614743731193991,0.0,152.8974730051949
595177.09_6132734.86,7.48,31.4,0.0,6.3208119888433,40.508520879428346,10.322579058305086,0.0,34.398319245576104
594744.08_6132984.86,8.66,33.23,0.0,0.0,38.909417150799484,0.0,0.0,0.0
594311.07_6133234.86,0.0,16.15,0.0,0.0,37.79887305981845,7.845079728956447,0.0,28.597033832986988
595177.09_6133234.86,17.79,47.34,0.0,0.0,31.037212890836564,48.134181555214035,0.0,387.71990901852536
594744.08_6133484.86,12.55,37.76,0.0,0.0,37.964538937633,7.090214100935654,0.0,34.54726847563984
594311.07_6133734.86,5.63,25.81,0.0,0.0,35.35027326485493,25.383842284061593,0.0,145.23536233470912
596476.13_6133484.86,0.0,22.04,0.0,0.0,39.03130196251952,5.341383444167366,0.0,75.03969320710807
595610.1_6133484.86,0.0,42.67,0.0,0.0,38.83909980305016,3.530246606691806,0.0,25.48743198655508
596043.12_6133734.86,0.0,34.09,0.0,5.080800499889811,41.53234681164697,4.19264344826987,0.0,59.887519747825486
596909.14_6133734.86,0.0,16.96,0.0,0.0,38.72775424309342,3.8402653797520383,0.0,34.02894973208472
596476.13_6133984.86,0.0,25.33,0.0,0.0,39.241647617553404,1.3601937808800655,0.0,0.0
595610.1_6133984.86,0.0,36.91,0.0,4.800363196476875,40.380606388261164,10.550573679592834,0.0,74.79980918135095
596043.12_6134234.86,0.0,31.41,0.0,4.593235536276994,37.513373737072925,26.319152131137365,0.0,39.63437686630293
596909.14_6134234.86,0.0,21.72,0.0,23.940259666967798,50.2985239776587,2.645334988315168,0.0,6.386194942564125
596476.13_6134484.86,0.0,23.63,0.0,9.026264171522099,42.984306643656474,6.8408995684880525,0.0,8.877139861093085
596909.14_6134734.86,10.65,12.16,0.0,27.424521775734938,53.41886552738879,0.018546892423254368,0.0,0.0
593878.05_6133484.86,0.0,25.39,0.0,0.0,37.265959970889504,14.514352242814391,0.0,78.74400504518859
593445.04_6133734.86,6.86,25.85,0.0,13.248773010667813,43.19838783036942,16.60649223536347,0.0,54.63650494447172
593012.03_6133984.86,3.27,20.64,0.0,27.228382520394756,41.76503791050211,21.846351508725178,0.0,53.333021115932674
593878.05_6133984.86,0.0,17.56,0.0,14.096835246365004,47.18698363909049,0.0,0.0,0.0
593445.04_6134234.86,4.75,22.35,0.0,28.825879434700642,47.34014410847941,0.0,0.0,0.0
593012.03_6134484.86,0.0,25.43,0.0,27.007729944647963,38.732769013565324,0.491369511954359,0.0,7.3848489322733455
593878.05_6134484.86,3.92,19.97,0.0,22.83975769286578,45.735283547405814,0.0,0.0,0.0
593445.04_6134734.86,3.8,16.28,0.0,6.867677497904023,30.9829502558279,0.0,0.0,0.0
593012.03_6134984.86,0.0,38.42,0.0,3.6797768644650146,16.621941913745204,0.0,28.374794945597852,0.0
593878.05_6134984.86,24.43,56.91,84.97,8.802261545310602,31.567705449622473,0.0,0.0,0.0
595177.09_6133734.86,0.0,46.83,0.0,0.0,36.701127434204075,15.095910265326168,0.0,52.157980315569624
594744.08_6133984.86,5.9,22.9,0.0,0.33558810818915136,37.260522737838606,13.160693383925137,0.0,94.41884978559533
594311.07_6134234.86,0.0,21.5,0.0,28.322235199637486,51.818820150391346,3.6797910030528977,0.0,7.863940803752731
595177.09_6134234.86,11.62,49.05,0.0,2.615982337463122,41.13372962580662,0.02335908382178753,0.0,0.0
595610.1_6134484.86,3.38,34.26,0.0,0.0,40.243350511995466,0.044500034099870765,0.0,0.0
594744.08_6134484.86,20.58,55.72,37.72,40.08042338960014,57.98927843074537,2.3365540512607694,0.0,0.0
594311.07_6134734.86,27.28,49.67,49.47,4.75349287410144,34.69635935744025,0.006192820646513739,0.0,0.0
595177.09_6134734.86,11.86,47.37,24.93,14.189080476173183,47.063560698424595,0.7137183516252271,0.0,0.0
595610.1_6134984.86,8.27,40.25,0.0,56.76653787900678,62.849404186710714,1.355361240369059,0.0,6.616684083501686
594744.08_6134984.86,11.97,49.81,29.64,14.9401824931212,37.75599639008139,10.520481380979101,0.0,89.44906275990154
595177.09_6135234.86,39.66,65.45,50.54,46.08976929618527,41.09927347080501,45.08625776572726,0.0,450.1800324512991
594311.07_6135234.86,43.56,71.19,71.19,19.56177953082111,24.836249307651904,48.632772235735345,0.0,510.53677553783507
594744.08_6135484.86,67.41,80.05,69.76,10.561016771483425,18.950876500750816,50.54820157364974,0.0,578.8293212448363
595610.1_6135484.86,16.88,53.37,29.9,5.0448589578840535,16.816492095834214,86.69872988905107,0.0,1656.81156575928
595177.09_6135734.86,32.68,59.79,63.68,3.527018785400054,9.012587243718409,92.54823567312661,0.0,5165.353993437687
594311.07_6135734.86,8.95,60.45,43.11,2.555227571756909,6.884826943913641,38.720091192345336,26.234335283316234,49.34255229140086
595610.1_6135984.86,0.0,36.21,17.37,4.943256478344531,20.160352774980232,29.31786464265279,0.0,277.832205258311
594744.08_6135984.86,29.65,58.2,51.02,19.07409469310724,14.132859090691996,36.504109197087665,26.236723049320847,12.495964040963903
594311.07_6136234.86,7.31,49.39,43.78,1.607762311675355,12.57411734627351,67.69918736498573,0.0,0.0
595177.09_6136234.86,11.32,48.29,38.86,19.245192387745647,19.669245874395017,9.72915354311387,26.19759651219482,0.0
593445.04_6135234.86,0.0,40.45,0.0,3.383226044670902,13.064748732779668,17.148989747856717,26.23472879239238,220.59215289231267
593878.05_6135484.86,13.95,50.92,23.19,8.572470371019387,11.509136398910224,30.904111138926776,26.2348608064625,103.26511112118482
593012.03_6135484.86,0.0,46.04,22.96,24.92590342878102,29.135714585014533,28.832065426579877,0.0,354.5083765354414
593445.04_6135734.86,19.83,52.44,0.0,12.857617419905692,17.31057023811721,71.05126439683305,0.0,2226.2530427986458
593878.05_6135984.86,11.6,54.89,23.6,1.547498440316747,15.061405442134621,56.824327710589984,0.0,0.0
593012.03_6135984.86,13.95,50.16,0.0,8.911395146321551,16.420780649436207,48.14166036673584,15.649150318823951,1820.7959926792025
593445.04_6136234.86,12.87,52.73,0.0,3.955277333130785,19.40895674652766,57.531966181248194,0.0,6569.051679502955
593012.03_6136484.86,40.09,66.53,64.07,8.614008249163874,22.22623057953859,53.19642805501454,0.0,772.0537136376633
593878.05_6136484.86,7.94,42.63,25.5,0.0,20.01090530547055,56.90148475456912,0.0,3.208155759062241
593445.04_6136734.86,6.19,52.42,0.0,0.0,29.155700692019487,24.469244662003796,0.0,7.997341023769421
595610.1_6136484.86,0.0,0.0,0.0,2.316716503362805,16.089303033777814,1.4990242742642645,24.918972984451084,0.0
594744.08_6136484.86,0.0,40.82,51.99,0.0,7.798987558707232,94.0601752717601,0.0,0.0
595177.09_6136734.86,0.0,40.77,48.62,6.557541248883163,20.84789066520693,42.054316005008594,0.0,0.0
594311.07_6136734.86,8.29,44.69,28.84,5.500124709819188,22.85158443821811,62.40772691347948,0.0,0.0
594744.08_6136984.86,5.38,40.36,70.18,0.0,17.428652255349203,71.94901928307983,0.0,0.0
595610.1_6136984.86,6.1,38.03,0.0,1.49352924651328,26.382654035854785,8.430005286813765,0.0,23.574706712547492
595177.09_6137234.86,10.11,30.72,0.0,5.179223173352836,33.592219217911826,8.961792010510715,0.0,26.08613562334228
594311.07_6137234.86,9.39,40.11,26.8,0.2971574147444695,32.947830100323756,33.00198251809316,0.0,10.188000075524231
594744.08_6137484.86,0.0,26.98,31.55,3.820343088776421,38.51317349250366,22.557446217103568,0.0,0.0
595610.1_6137484.86,7.1,30.12,0.0,2.5735026135025034,32.336017806786614,21.334623354248837,0.0,128.6252506742195
588185.15_6132355.28,0.0,17.71,80.29,0.0,31.568831033226108,12.953221173626389,0.0,35.69490015523744
588623.1_6132595.66,0.0,19.69,59.97,5.435155424438915,28.454563299381512,43.0015625879,0.0,243.50645864437743
589671.57_6132486.67,0.0,29.5,0.0,38.51373451803769,70.54281167606484,0.0,0.0,0.0
589089.17_6132827.71,0.0,19.41,34.9,47.57106574579577,65.69886627766826,0.0772294487267623,0.0,0.0
588248.89_6132734.86,0.0,20.21,65.61,1.15983636925589,24.66238813085879,21.44425743551723,0.0,125.01593975546189
588681.9_6132984.86,0.0,21.0,43.42,0.9212004630102726,40.45996602149786,16.417580559809135,0.0,29.71945123991166
589549.52_6132989.37,7.8,37.37,23.34,18.853312008707086,51.96628737481795,0.537471008817246,0.0,0.0
589114.91_6133234.86,0.0,27.9,25.72,11.6151735015613,50.792004740186734,4.480775463450786,0.0,20.9430172456368
588248.89_6133234.86,0.0,24.89,41.46,0.0,35.43727928450811,4.164701681076259,0.0,12.287196634948932
591712.99_6132234.86,35.43,60.33,64.35,0.2863406303296574,14.489648385939772,19.675409488088977,23.67368267536336,158.8788431377626
591279.98_6132484.86,74.26,77.63,84.11,0.8021067223360979,13.146632102641012,99.85098592761594,0.0,1151.0736681005787
592146.0_6132484.86,0.0,38.51,17.64,7.120482592253005,23.71989911517291,4.161360189999937,13.789659990498961,82.59856814342531
591712.99_6132734.86,40.54,57.26,55.01,3.9830713180468007,17.784884564411232,49.85520860611797,5.325136664538486,5296.81540989244
591279.98_6132984.86,32.3,65.56,76.77,16.982599128516934,25.281644080788553,73.48509023987432,0.0,515.4483205957399
592146.0_6132984.86,0.0,33.48,0.0,0.0,18.481996138762906,0.040289850222708624,25.358462298629014,0.0
591712.99_6133234.86,17.83,53.26,43.92,1.6443453602015707,24.889754717310314,25.85734937467899,0.0,1315.908050150146
592579.02_6133234.86,3.08,29.74,0.0,0.0,30.01937901122041,0.007170136087881325,0.0,0.0
592146.0_6133484.86,0.0,41.52,0.0,0.0,17.344104077945534,5.024972704460712,26.354385211842402,33.71367405316715
591279.98_6133484.86,0.0,56.65,0.0,13.067865618246396,20.5277641817858,81.0969764643772,0.0,426.59931861440555
590846.97_6132234.86,43.25,62.61,67.59,1.3342925904403335,31.38037995637482,47.37721954629875,0.0,883.9068358235027
589980.94_6132234.86,3.75,42.49,32.34,9.938519499774507,47.72305426544043,0.78987174853427,0.0,0.0
590413.95_6132484.86,13.4,44.59,35.26,6.796638993450886,40.380158643700895,22.236265855883655,0.0,47.47687647572206
590846.97_6132734.86,43.26,66.66,60.37,5.200995503901601,31.60836274752292,58.65150823351537,0.0,1210.09940921048
589980.94_6132734.86,0.0,36.55,24.66,62.780055574145265,74.76723621799837,0.3291058654890938,0.0,0.0
590413.95_6132984.86,11.92,46.55,30.82,40.246627833295015,58.98551592890357,5.190063294171198,0.0,9.817592302096367
590846.97_6133234.86,15.7,62.09,19.71,4.363498216936683,22.6760024986585,87.31691186972847,0.0,565.3563732106076
589980.94_6133234.86,13.6,44.23,34.43,55.42397819339505,75.1542381090389,1.05725598414132,0.0,5.993432616630035
590413.95_6133484.86,8.65,57.0,29.85,8.550349828300696,37.78602009153844,34.26659242929323,0.0,229.50727002317575
589980.94_6133734.86,20.74,53.72,56.17,15.194243406693856,37.120131329154134,26.920729910762116,0.0,845.7201242334033
589547.93_6133484.86,19.44,47.02,39.17,11.154531334681481,41.77624997733142,20.468968613359763,0.0,34.295541531735395
588681.9_6133484.86,0.0,24.85,31.62,0.0036922907474501317,48.84689506772431,6.709286943296297,0.0,49.43696601138294
589114.91_6133734.86,6.0,38.0,68.89,0.0,35.088435167370996,27.026413225625728,0.0,0.0
588248.89_6133734.86,11.32,48.5,25.83,1.1988554555726594,41.41635600550131,0.0,0.0,0.0
589547.93_6133984.86,8.27,46.74,56.17,11.779785671081857,34.49435211767131,2.5877953115057992,0.0,0.0
588681.9_6133984.86,3.9,33.96,55.68,0.6278353954949977,21.688984050566265,65.17488794247062,0.0,0.0
589114.91_6134234.86,5.55,38.19,79.45,4.032357855475452,13.74018859631291,84.12588860967881,0.0,0.0
588248.89_6134234.86,7.57,53.76,36.96,30.73918433794528,40.970836668726825,14.925772818203553,0.0,304.57972426961805
589547.93_6134484.86,8.32,53.17,62.19,0.8408380364174952,3.1990235274763954,97.9442804230153,0.6658225269423496,27.980869865965587
588681.9_6134484.86,8.59,46.73,53.81,10.946936737818524,17.118784711608182,71.0779075702957,0.0,1.735882662173291
592579.02_6133734.86,2.29,33.0,0.0,17.96210099579386,34.81381523891698,6.855373684723152,0.0,35.83401231079993
591712.99_6133734.86,0.0,16.93,0.0,1.4284439958631643,26.771761294822934,11.428743092074237,0.0,42.27814589798099
592146.0_6133984.86,0.0,29.6,0.0,0.20765147327832717,16.68638652426132,1.405825580287466,30.391682071639742,0.0
591279.98_6133984.86,16.63,54.15,38.82,0.0,12.580233479496494,74.23394100551958,0.0,337.98116677420546
591712.99_6134234.86,0.0,40.03,0.0,0.0,20.466428715160518,0.004640688555438527,10.928035165233053,0.0
592579.02_6134234.86,2.81,17.48,0.0,45.15142490916973,42.03282956732854,0.19597150173291428,15.20975662699679,0.0
591279.98_6134484.86,11.87,41.26,21.28,29.18095181789319,32.29592915671507,6.248058563141356,28.17823166450791,47.204604275548995
592146.0_6134484.86,2.55,36.47,35.56,0.0,6.462349305489826,0.0,70.99261506456601,0.0
592579.02_6134734.86,0.0,32.43,27.3,0.0,6.153332292441345,0.0,67.588407512224,0.0
591712.99_6134734.86,0.0,49.12,21.79,0.014169713761535847,24.92013921536348,0.0,9.858262209018605,0.0
590846.97_6133734.86,17.06,62.31,39.51,6.058308934002136,14.029221413825502,91.23270648850448,0.0,588.5976872678001
590413.95_6133984.86,8.48,53.76,50.35,5.99486843535089,20.714695906215365,58.43982550605236,0.0,777.1935549740222
589980.94_6134234.86,7.81,48.06,53.18,23.67846628601961,25.976575765699895,49.546345289171725,1.4937019042397595,594.9766668992377
590846.97_6134234.86,0.0,37.09,0.0,42.55234534180214,43.74115886623044,16.4126816947022,12.876273825063484,86.52328015509676
590413.95_6134484.86,3.79,39.98,30.88,20.447676070550877,21.42802064747491,5.508838254378158,36.778632809379175,0.0
590846.97_6134734.86,11.59,42.2,21.83,37.10464428601597,44.192888140343314,0.03852131802801659,5.211805251324979,0.0
589980.94_6134734.86,46.3,66.09,0.0,0.0,4.821649271074912,19.975029852624566,49.9410019679065,0.0
590413.95_6134984.86,3.42,41.16,54.52,13.446192686899122,33.9666591315948,3.093366933895217,3.085796788845139,0.0
589980.94_6135234.86,0.0,43.88,96.13,0.1575161939237992,19.82604356500702,28.309558658119656,0.0,0.0
590846.97_6135234.86,15.57,47.04,20.92,27.16408609774233,39.77860742596673,6.110894660884219,0.0,2.695340323115042
588248.89_6134734.86,39.05,70.95,59.02,31.348078919507778,24.052403855976216,39.34402491598787,24.18315629498946,218.3400384678457
589114.91_6134734.86,40.29,67.75,73.9,1.3008493815035735,0.0,73.81261221236093,25.1292805793822,0.0
588681.9_6134984.86,53.0,77.93,72.4,8.7969722073512,6.396467643785712,78.02601089802221,19.859523819561463,26.738898609748805
589547.93_6134984.86,0.0,44.42,25.69,0.13109518825667893,2.9133615676569526,66.19665157601675,18.47262022225003,0.0
589114.91_6135234.86,54.43,77.75,78.74,0.6641547270064022,5.923933390696447,96.12203773097274,0.0,163.15308338017093
588248.89_6135234.86,67.97,84.23,87.75,3.4854647759828357,9.67031918113465,94.73650967428635,0.0,1441.292550241865
588681.9_6135484.86,68.35,84.98,73.67,0.09664935882319642,12.204205991284258,76.13573726053036,0.0,392.1377397886966
589547.93_6135484.86,11.76,61.39,44.52,16.84072492273107,27.892371699220902,33.6109316778652,0.0,0.0
588248.89_6135734.86,75.13,85.82,89.22,6.453585441356534,15.467770940313736,87.99352162836958,0.0,2115.164940458605
589114.91_6135734.86,40.63,67.79,85.55,0.4685344679191097,18.31591580218328,49.91758961716843,0.0,805.2559173983321
591279.98_6134984.86,22.08,52.35,31.14,38.788766548777,44.71679074971893,20.436239059024,0.0,0.0
592146.0_6134984.86,2.55,36.47,35.56,0.0,21.131685068506396,0.0,18.7462485657697,0.0
591712.99_6135234.86,20.72,56.04,46.16,18.712037677961455,37.3124494442503,6.833740560304552,0.0,30.90036538707773
592579.02_6135234.86,4.37,41.62,55.57,0.0,11.097515627492493,20.083814733031822,33.45431655089577,0.0
591279.98_6135484.86,0.0,54.32,0.0,3.385766695246062,29.392139254195556,10.531620774996858,0.0,7.0876590399477655
592146.0_6135484.86,26.84,58.17,89.83,0.7788844051475624,17.302869393531324,50.245927145112404,0.0,437.33665341637516
592579.02_6135734.86,3.64,61.25,48.94,0.4289867922760449,6.082638714404226,64.09342798675978,24.875226697215005,96.64296223743999
591712.99_6135734.86,38.47,64.57,64.23,3.2524148807043627,18.46900752358639,73.95978872802252,0.0,1419.7568156249408
592146.0_6135984.86,46.04,73.44,57.3,4.572651415293969,16.03824714971438,84.1477886917748,0.0,603.4323353526523
591279.98_6135984.86,31.29,64.17,40.47,17.165482179593084,43.855127804038865,20.157877030282815,0.0,712.4814862734776
590413.95_6135484.86,0.0,43.58,85.29,17.480307500950616,30.250714201974866,34.82425633169627,0.0,0.0
589980.94_6135734.86,0.0,46.78,55.79,22.98539350145348,31.762964553528413,38.32615680376924,0.0,11.292154322723253
590846.97_6135734.86,0.0,42.39,45.89,0.0,27.37909882800269,53.13743019845787,0.0,0.0
590413.95_6135984.86,2.25,56.64,73.03,0.19471630159940173,23.872051649671512,91.02176803410254,0.0,0.0
589980.94_6136234.86,7.11,47.4,32.88,1.7455044064472898,39.61418265268372,4.602855774038521,0.0,0.0
590846.97_6136234.86,0.0,70.47,0.0,18.66354935783897,48.530125641026885,6.237645601918346,0.0,0.0
590413.95_6136484.86,21.45,58.9,47.91,29.175689935539438,38.56326364742196,61.96419413632038,0.0,0.0
589980.94_6136734.86,22.64,0.0,49.69,0.8301038653729189,38.30557716811088,0.39955507638092,0.0,0.0
590846.97_6136734.86,46.54,74.07,87.08,21.350447250639405,39.77126259178201,40.30880537144343,0.0,0.0
590413.95_6136984.86,0.0,77.54,0.0,31.563448520850002,42.88413933689977,44.78363527587932,0.0,0.0
588681.9_6135984.86,53.77,79.0,64.74,0.22686014450216882,12.221933085298065,96.66194000332283,0.0,371.6949672046417
589547.93_6135984.86,12.38,60.63,46.15,32.923983540392165,46.66943423819026,2.7397384338679833,0.0,0.0
588248.89_6136234.86,73.3,83.25,90.81,0.16424642318199964,18.27673539625176,94.32453627973803,0.0,455.6478266550237
589114.91_6136234.86,33.14,64.84,57.87,0.0,23.762182432812374,68.62488800159926,0.0,201.5792399592143
588681.9_6136484.86,15.61,72.62,23.4,8.723331093168007,24.436939901505212,90.7331683300479,0.0,987.1561035987637
589547.93_6136484.86,7.06,52.8,58.73,17.628521963630906,43.33390464745238,8.034398478564185,0.0,101.8083119580107
588248.89_6136734.86,55.28,78.13,86.77,23.301600708743607,35.788837549044395,69.24033415667043,0.0,146.65966486464342
589114.91_6136734.86,42.27,72.55,36.39,18.99773765945937,34.278518508856045,67.7131546486267,0.0,4519.872997769841
588681.9_6136984.86,50.08,78.68,49.37,19.176348461526587,31.476436241469646,77.71330133195443,0.0,53.57545121285985
589547.93_6136984.86,6.32,66.81,73.04,27.796654938535863,46.65062042951353,17.924803099101442,0.0,0.0
597342.16_6133984.86,7.5,19.18,0.0,0.0,40.03840215503818,0.0,0.0,0.0
598208.18_6133984.86,17.91,21.88,0.0,1.314315123508618,36.80475092801385,22.416153837720078,0.0,314.573373755141
597775.17_6134234.86,6.16,14.45,0.0,0.0,38.39269859494026,8.791610335354264,0.0,96.3253906704685
598208.18_6134484.86,0.0,12.03,0.0,27.49732322585426,51.80108842881883,7.482943184189303,0.0,72.72349810096179
597342.16_6134484.86,7.2,14.17,0.0,17.332867819610247,49.96972368183202,0.0,0.0,0.0
597775.17_6134734.86,0.0,13.15,0.0,3.4280051685774215,40.89652589918295,9.310122117161804,0.0,109.88932142472805
597342.16_6134984.86,3.04,11.29,0.0,44.507236000315274,60.78042009650625,12.70948251172211,0.0,103.31487100184069
598208.18_6134984.86,0.0,12.09,0.0,70.30807246169756,63.398046666174665,0.7702741581878977,0.0,6.589880543674145
598530.94_6135232.18,0.0,9.37,0.0,72.54044474675673,61.043031164960404,0.033031364251868735,0.0,0.0
597775.17_6135234.86,0.0,11.35,0.0,0.0,29.079580389956593,1.63790293632874,0.0,20.32363551205295
599421.37_6134553.27,0.0,8.22,0.0,10.272155202299855,33.08889348171683,0.0,0.0,0.0
598638.36_6134729.83,0.0,0.0,0.0,89.13276314047272,72.15315961207342,0.0,0.0,0.0
598973.48_6134787.97,0.0,0.0,0.0,50.162842780746,49.99024229492556,0.0,0.0,0.0
596043.12_6134734.86,2.12,34.46,0.0,0.760376415774576,39.445056553716,7.222256487807342,0.0,38.89245397186137
596476.13_6134984.86,6.69,45.84,0.0,0.0,40.087242648115186,0.0,0.0,0.0
596909.14_6135234.86,5.39,12.23,0.0,13.443158573746267,40.87307823712425,16.48899408538771,0.0,27.35967551889672
596043.12_6135234.86,11.34,47.37,26.46,0.03922034562548829,39.614197837022544,1.142253355314922,0.0,0.0
596476.13_6135484.86,0.0,47.37,0.0,1.8625372795221158,30.66525892652961,0.6484155659868979,0.0,8.813504449902453
596043.12_6135734.86,10.89,50.47,25.57,12.299661754468838,36.83012790585585,17.42493021577788,0.0,199.3697432602483
596909.14_6135734.86,0.0,22.83,0.0,37.06839157054871,44.91289769838993,1.7905468626842713,0.0,0.0
596476.13_6135984.86,0.0,23.01,0.0,6.617965758746852,33.10547665269754,0.08084192686388827,0.0,0.0
596909.14_6136234.86,0.0,17.92,0.0,14.060597646141268,28.526583830353314,1.7000767774325138,5.637126524275176,9.167035820040622
596043.12_6136234.86,0.0,24.9,0.0,15.33730657409173,27.125786790331546,0.6312571700133494,15.14457115412725,2.2908748028626156
597342.16_6135484.86,0.0,19.94,0.0,1.8833767049564865,29.659974420539108,0.01256707399972669,0.0,0.0
598208.18_6135484.86,0.0,9.37,0.0,26.512206633853165,37.23647014555949,0.0,0.0,0.0
598521.39_6135657.94,0.0,6.5,0.0,3.2094754844405826,13.112548099024785,0.0,47.0627399786952,18.92572198836958
597775.17_6135734.86,0.0,9.37,0.0,6.681582694677654,28.18849036206057,0.0,0.0,0.0
597329.68_6135970.34,0.0,20.01,0.0,7.747916996583267,29.189440987919994,0.0,0.0,0.0
598149.77_6135882.98,0.0,6.5,0.0,9.632751404326429,16.210820817570596,0.0,45.545927399118,0.0
597798.51_6136023.79,0.0,20.01,0.0,0.993708587349901,18.533100463814627,0.0,15.752603787056522,0.0
597222.66_6136450.67,11.86,10.66,0.0,15.82067955467061,21.341782521382,0.0656295477149806,33.54833413161358,0.0
597197.84_6136735.38,8.2,9.23,0.0,0.0,23.24545218938212,0.0,0.0,0.0
596476.13_6136484.86,2.28,19.03,0.0,5.181411362608075,17.5484755350701,0.11749709418049929,34.96862382418261,0.0
596043.12_6136734.86,2.53,21.89,0.0,8.936991866698323,23.15764189518298,1.3129782913501054,17.07883002985171,3.913577788223834
596895.46_6136718.59,10.41,10.13,0.0,34.53935143529554,37.75928639083306,0.7152639087134964,12.99524142023492,0.0
596475.88_6136984.45,3.61,18.35,0.0,14.021166313488711,33.86829638320676,0.08452604297634264,0.0,0.0
596768.02_6137056.71,3.61,18.35,0.0,92.69102274639691,69.01190935166046,0.0,0.0,0.0
596043.12_6137234.86,4.84,28.14,0.0,14.829924407072244,34.11416147438583,11.19184096724612,0.0,13.373886434135684
596360.04_6137354.52,0.0,19.28,0.0,2.2690213426469876,31.847773781466664,0.0,0.0,0.0
595986.62_6137707.43,0.0,19.28,0.0,3.760800373399272,41.54517630978687,0.0,0.0,6.256308772889955
595879.79_6138132.89,0.0,5.19,20.72,4.687794610596584,46.98007882245081,0.0,0.0,159.8721516507981
593012.03_6136984.86,32.2,62.42,51.93,8.980504933391831,28.0871502371979,71.19934723800998,0.0,711.7932181299302
593878.05_6136984.86,12.48,43.81,23.76,1.8855223805209407,24.611889178165157,77.9790720345985,0.0,0.0
593445.04_6137234.86,29.2,53.97,41.25,3.298876621432192,31.73684876281884,49.3928969765546,0.0,1156.8597448838227
593012.03_6137484.86,37.95,60.83,56.08,8.883171460694042,34.70167282771609,42.76981846855536,0.0,561.6359017283773
593878.05_6137484.86,0.0,37.49,0.0,0.0,35.179246027074306,28.55173195615462,0.0,0.0
593445.04_6137734.86,2.82,43.68,26.74,57.89843896521053,64.87524360458792,2.035563936466622,0.0,21.428892334156064
593878.05_6137984.86,0.0,21.47,0.0,20.367661207328496,47.15860887637249,8.62958355627931,0.0,0.0
593012.03_6137984.86,26.55,50.34,43.68,74.7919111613012,72.94537839863723,5.364570965419311,0.0,0.0
593445.04_6138234.86,2.51,30.36,38.11,72.35327241334427,72.60356743073326,2.5822287351637243,0.0,220.03922176839257
593878.05_6138484.86,2.43,28.03,37.28,17.223836855987617,47.03891588805721,0.0,0.0,0.0
595177.09_6137734.86,3.98,23.27,18.72,0.0,37.71519774127757,13.527285790619576,0.0,74.30810517254461
594311.07_6137734.86,0.0,26.66,18.7,8.521262381951695,42.960579916444125,0.530022699941384,0.0,0.0
594744.08_6137984.86,3.67,23.97,29.65,1.3707671093146676,37.53588690346689,12.447303090703473,0.0,35.949531470964246
595610.1_6137984.86,0.0,5.19,20.72,0.34278418402333827,40.315820260778935,0.0,0.0,0.0
595177.09_6138234.86,0.0,5.19,20.72,0.0,38.632672351601684,3.4675880833066386,0.0,19.790645028420148
594311.07_6138234.86,0.0,18.11,35.17,5.62343786926416,41.84686650338599,0.0,0.0,0.0
595554.75_6138449.41,0.0,5.19,20.72,6.291462589537285,44.93884275630273,0.0,0.0,0.0
594744.08_6138484.86,0.0,19.49,51.65,0.12002233285145611,36.96078171837646,11.73073354694988,0.0,48.3747066172611
594311.07_6138734.86,0.0,17.09,88.1,3.133409726819514,37.26574943941638,20.346651599168347,0.0,71.07296810557321
595177.09_6138734.86,0.0,2.19,32.06,0.7776809002300427,38.23295956916139,13.063158655079743,0.0,34.40609843678712
592579.02_6138734.86,9.38,48.17,60.04,9.221427146736065,34.35492916867235,58.98423166038875,0.0,39.46886129399838
591712.99_6138734.86,39.31,69.88,59.65,12.541288042990326,29.572767166793888,71.5327791263567,0.0,199.94868205301597
591279.98_6138984.86,54.94,77.14,61.76,0.33601894208370303,16.766133430572257,99.86703984486374,0.0,2.117192453153596
592146.0_6138984.86,16.99,52.88,58.97,3.5820040172854846,27.220305916819896,67.6314835677835,0.0,410.0234398360255
592579.02_6139234.86,3.77,40.17,75.76,1.0767205876101145,39.40005862012503,5.022599443284833,0.0,16.877374726466993
591712.99_6139234.86,7.53,56.21,30.5,4.152433004638711,25.639400282565806,68.28786033588304,0.0,84.47755519005037
591279.98_6139484.86,4.59,46.62,0.0,7.111020979199677,26.542444887962922,74.72707591204099,0.0,0.29400593399141045
592146.0_6139484.86,7.53,47.43,31.62,30.857534433311436,58.479488344795094,10.27590629151283,0.0,0.0
592579.02_6139734.86,4.88,41.91,43.34,8.225868207347885,41.1174872127086,13.745281056617529,0.0,159.0232442890605
591712.99_6139734.86,7.06,50.13,29.28,9.346536479715828,44.04436750602314,28.428554988912975,0.0,0.15038746901468322
593012.03_6138484.86,3.73,34.16,50.26,44.24397742217051,58.77063526330771,7.123005081937012,0.0,7.613759365368965
593445.04_6138734.86,0.0,26.02,58.56,37.64279288184167,54.77057182419011,7.43575107214787,0.0,56.47670674378348
593012.03_6138984.86,0.0,32.2,85.89,8.159737483989069,38.39839806237272,21.762233045826402,0.0,90.4674147173642
593878.05_6138984.86,0.0,19.5,58.53,0.6899712163350712,37.64982288280284,10.007744816057215,0.0,49.44586423228261
593445.04_6139234.86,0.0,26.94,62.3,0.0,38.7517617211005,1.546689478326449,0.0,33.101087952108095
593012.03_6139484.86,0.0,33.76,69.96,0.0,38.41951310347611,4.143747809479324,0.0,45.314407646224296
593878.05_6139484.86,3.76,26.3,0.0,3.2357504512495616,40.137841607596684,3.816106394978781,0.0,38.01162371716181
593445.04_6139734.86,0.0,30.72,18.03,0.0,39.020365844510565,0.34228707679296677,0.0,0.0
593012.03_6139984.86,5.56,38.97,0.0,2.311793987111365,37.19869619250066,13.073190716037994,0.0,146.38226812346866
593878.05_6139984.86,0.0,27.06,0.0,1.7339946320336534,38.18510048949502,11.455458547916946,0.0,74.42255397192211
595425.89_6138873.41,0.0,1.8,22.46,64.2833221116696,76.50931191830173,0.0,0.0,159.90634801024558
594744.08_6138984.86,0.0,9.71,50.28,0.0,35.41156441578962,26.14019481153783,0.0,181.77487502582463
594311.07_6139234.86,3.4,16.79,0.0,0.0,39.49578489291441,2.824914168419219,0.0,15.10399663727657
595128.91_6139216.13,5.44,14.24,0.0,9.272988818664011,48.40078996570137,0.20680498936665329,0.0,0.0
594744.08_6139484.86,10.69,21.23,0.0,2.6219048204704336,41.23186736723822,0.0,0.0,0.0
594311.07_6139734.86,5.78,24.03,0.0,14.171962007106433,43.8101944893524,12.610797780677153,0.0,66.37901094009457
595043.67_6139685.92,17.79,20.75,0.0,21.764145487650595,48.731053802509,21.089685748765298,0.0,8.642050971870251
594743.9_6139984.85,8.34,19.84,0.0,4.925899420126281,37.23775523161344,30.924286786225718,0.0,374.96958836223814
591279.98_6139984.86,38.63,67.37,68.17,11.228776360296226,49.51867746425053,4.128840602024815,0.0,0.26758421186200626
592146.0_6139984.86,12.82,50.27,31.0,21.53633851099509,57.67386479144088,14.617644217367843,0.0,33.66937991765054
592579.02_6140234.86,11.2,44.74,23.26,15.975493696981616,34.40869715393422,69.32834522770933,0.0,1268.3901987329125
591712.99_6140234.86,19.84,54.08,50.77,10.1351205324488,33.5727998778322,61.0387653176518,0.0,44.78651472476455
591279.98_6140484.86,58.82,83.21,81.23,22.01684909819174,37.7729168790674,55.58864475545422,0.0,3955.6761050520868
592146.0_6140484.86,18.9,59.46,30.75,37.03332601783772,52.85425370182505,34.523908798255476,0.0,46.37527921764637
592579.02_6140734.86,0.0,41.75,0.0,11.314071458725834,39.59862032707503,37.25639161847908,0.0,388.2230850030096
591712.99_6140734.86,62.45,81.49,64.7,17.529601172355708,35.16575608875498,58.65722818870934,0.0,21.919166270379908
591279.98_6140984.86,52.89,90.63,69.16,16.79450865409555,33.68257774371763,60.438510073264474,0.0,4156.655770913446
592146.0_6140984.86,35.0,67.7,44.13,53.334477984427885,66.1356974309307,18.757343772863873,0.0,52.05435945515248
594937.66_6140188.72,5.7,15.17,0.0,55.93030751562181,80.00304086560587,0.0,0.0,41.78631817568351
594311.07_6140234.86,3.53,12.59,0.0,29.28004891731521,52.38084479606058,0.0,0.0,0.0
594732.38_6140485.82,3.37,12.37,0.0,3.203797195907342,41.795726517524855,9.774343288003415,0.0,19.44803579535616
594311.07_6140734.86,0.0,8.57,0.0,0.0,39.13602855719269,3.1952709681145155,0.0,20.890017390664934
594958.42_6140760.79,0.0,8.93,0.0,14.29530757136501,46.284439611000636,0.0,0.0,0.0
594722.09_6140959.7,0.0,8.93,0.0,2.9025180529027312,42.66955297947471,0.0,0.0,0.0
594309.49_6141232.83,0.0,12.07,0.0,3.8045482216473387,41.21107176245367,2.351674583014493,0.0,0.28865463190475976
593445.04_6140234.86,4.82,33.01,0.0,0.08499808827161447,39.047212494802444,0.0,0.0,0.0
593878.05_6140484.86,0.0,11.49,0.0,0.16933894547742814,38.061840129612186,6.313108195934738,0.0,26.720037001938035
593012.03_6140484.86,9.48,38.37,0.0,0.0,33.28587676366487,28.972190082660422,0.0,339.06045264129415
593445.04_6140734.86,0.0,19.71,0.0,0.3188363282272456,36.2709628638335,13.339193996473178,0.0,45.17485736508602
593878.05_6140984.86,0.0,12.07,0.0,0.0,37.29145746706715,9.17334480886856,0.0,25.387454604961064
593012.03_6140984.86,9.56,33.46,0.0,0.0004920405806032894,37.95978360027007,4.623560853012565,0.0,12.14336701410879
593445.04_6141234.86,0.0,22.92,0.0,3.2196655323407564,40.48260849993017,0.0,0.0,0.0
593012.03_6141484.86,2.6,32.54,17.46,5.051380855166397,40.55071224848596,3.7759767620218856,0.0,4.326625925754924
593878.05_6141484.86,0.0,10.98,0.0,40.277714308213284,57.7778740548077,0.0,0.0,0.0
593445.04_6141734.86,0.0,28.21,0.0,47.43211643534241,60.358947690415064,0.0,0.0,0.0
592579.02_6141234.86,14.45,40.61,20.73,0.0,29.5957847019372,57.29319457012731,0.0,584.3228182761385
591712.99_6141234.86,29.73,64.55,58.36,30.3603421871857,46.866335572411586,55.77555784900453,0.0,72.45899898002452
592146.0_6141484.86,3.83,40.92,34.29,11.507902188663158,44.35211341227147,0.1983410681674107,0.0,0.0
591279.98_6141484.86,29.27,68.8,83.62,18.658591984017114,36.02045632876846,62.60544808709204,0.0,6988.607264144819
592579.02_6141734.86,3.43,34.14,30.2,2.1184359416212106,39.22699105440397,3.994791691833556,0.0,42.45193592547406
591712.99_6141734.86,19.2,53.11,50.51,25.309693763089815,52.99078333398206,8.618388546903105,0.0,36.88424856806272
592146.0_6141984.86,15.76,52.64,62.91,32.742188462834605,47.80226739912686,31.956567252992535,0.0,575.1653768241899
591279.98_6141984.86,26.95,61.85,64.95,42.64913047160071,62.108125365554145,18.27177719941205,0.0,6.074696483000404
592579.02_6142234.86,18.05,48.77,35.19,1.5123367431607095,28.04524702895171,60.934368474710865,0.0,256.9151784955283
591712.99_6142234.86,30.28,61.5,44.63,6.917099518020691,33.05774856204861,51.52009832628741,0.0,1078.0449096638024
594603.3_6141277.22,0.0,12.07,0.0,14.689942756764104,46.820657331662424,0.0,0.0,0.0
594193.2_6141640.66,0.0,7.93,0.0,55.90373057819457,64.47292202703316,0.0,0.0,0.0
595167.01_6142478.8,0.0,0.0,0.0,4.983043934651992,42.48264865715857,0.0,0.0,0.0
594776.58_6142660.51,0.0,0.0,0.0,7.84557448281291,40.960705589833054,11.4570657768689,0.0,3.4963430802944093
591712.99_6136234.86,42.87,75.77,46.28,3.9410400330140476,23.125193699402544,93.04015216549129,0.0,753.5855455426021
592579.02_6136234.86,28.89,59.83,40.9,3.503269804393419,13.958491883060978,76.75545882211962,7.171043850565089,205.09103752813385
591279.98_6136484.86,0.0,63.45,0.0,21.948098681184668,53.131785181477376,8.12673938801435,0.0,145.62105972110774
592146.0_6136484.86,42.81,67.83,41.5,12.774463130307057,28.592912425560694,77.81744174258873,0.0,389.1574997668323
591712.99_6136734.86,30.52,62.65,23.49,33.152231700241494,54.67959729673454,22.33680360456046,0.0,96.09942453513915
592579.02_6136734.86,48.0,67.14,78.79,17.28587117592202,31.26716676370061,68.73712410933804,0.0,5244.692713347053
591279.98_6136984.86,0.0,57.33,0.0,10.314409699918045,43.508341544565745,10.115423230363833,0.0,29.20561918294594
592146.0_6136984.86,22.86,61.27,57.94,6.320094313048272,25.48779695146179,86.32392113448698,0.0,5353.44322109859
591712.99_6137234.86,6.16,52.92,67.9,15.814039753871395,32.24136857566996,74.0001145227744,0.0,16.595400568171435
592579.02_6137234.86,22.8,63.23,51.08,11.782012079005431,30.003543911723966,73.79006990236198,0.0,1332.768604097949
588248.89_6137234.86,69.21,90.41,75.62,6.817215625977088,24.48201896693132,91.68407285609482,0.0,3054.8546276846732
589114.91_6137234.86,55.4,77.92,74.33,6.533173000179235,26.887983955425305,80.55072061882466,0.0,15710.810260964668
588681.9_6137484.86,90.62,96.19,77.67,3.8617785772892717,24.26970028655033,85.65865280445423,0.0,6829.454102436129
589547.93_6137484.86,44.39,66.69,88.79,4.709898547310126,23.611386472890903,83.03479393808743,0.0,104.35844738324312
588248.89_6137734.86,60.92,81.8,74.33,0.0,19.340944152106427,100.0,0.0,1788.7633574002587
589114.91_6137734.86,36.63,73.79,74.53,9.818978418218691,25.56862043591071,89.49901234570356,0.0,2774.0564415433073
588681.9_6137984.86,77.06,85.6,72.0,3.3769980744996384,22.324445723868592,90.1426956549043,0.0,8899.59766519286
589547.93_6137984.86,27.68,76.93,71.31,0.0,17.770416284722444,97.57841950871338,0.0,0.9408094423410331
588248.89_6138234.86,60.82,81.65,63.72,0.17259905978051637,19.30635000408241,99.99999764349575,0.0,2144.9444827258058
589114.91_6138234.86,44.73,73.54,66.47,6.9178665975787865,21.59898004318515,100.0,0.0,549.8220957943996
592146.0_6137484.86,29.45,66.9,55.91,25.759013059990966,39.86354427126545,56.70289166077386,0.0,555.3332766927691
591279.98_6137484.86,0.0,60.01,0.0,32.39880281520528,43.491846484082586,50.87389895083918,0.0,7.965689455377079
592579.02_6137734.86,54.16,68.8,62.44,18.00977842355947,38.022393743183045,48.603238556149904,0.0,2249.6364000038816
591712.99_6137734.86,45.44,73.12,75.43,13.069941021948653,31.767817138381638,66.81946023402723,0.0,3421.2598849722126
591279.98_6137984.86,44.38,72.25,64.75,10.197672816918402,41.851466842609376,40.42908365585323,0.0,849.500234471575
592146.0_6137984.86,35.57,64.4,56.81,45.18550502389104,52.8383186337377,32.48276889816046,0.0,3892.217306367381
592579.02_6138234.86,17.08,53.48,36.63,28.078066973029532,53.420592337245175,1.9518636429521161,0.0,69.9376328446955
591712.99_6138234.86,47.06,74.5,71.74,14.972746624934954,33.31077574031136,66.04829604056448,0.0,8570.326350587602
592146.0_6138484.86,20.44,63.3,69.52,40.887554789628815,50.5307082456683,37.2811873120224,0.0,546.6593499944868
591279.98_6138484.86,50.36,75.54,76.76,15.8442569166115,28.660136402984637,80.74432594782944,0.0,27.115866725532065
589980.94_6137234.86,36.2,70.56,64.14,28.210737292453587,47.068832525002776,14.554497997267394,0.0,16.2940896813499
590846.97_6137234.86,0.0,68.1,0.0,3.7266488168406173,32.81652363286533,32.40221441544087,0.0,4241.168807471537
590413.95_6137484.86,53.3,87.12,59.54,9.99723663330165,32.067635611049,49.92136393729763,0.0,13947.078782870914
589980.94_6137734.86,56.7,79.11,74.95,3.7973458549028076,19.670320726392784,97.9443308298408,0.0,1680.6875025620352
590846.97_6137734.86,56.99,79.95,92.8,13.021595075455297,31.718721642227838,60.44775477107985,0.0,18.799891503375797
590413.95_6137984.86,76.41,88.22,82.24,22.40570215538954,30.473226601311183,74.90819760747398,0.0,0.3225820394221186
589980.94_6138234.86,61.74,86.78,51.71,0.0,16.619494905798945,99.5406440971403,0.0,649.8865850242403
590846.97_6138234.86,51.05,74.57,63.48,19.770103284563042,32.11499710587371,67.66476817288373,0.0,18.91611591463886
590413.95_6138484.86,89.59,91.49,84.79,1.0217762071783176,17.14836887122403,99.20368537511094,0.0,8.894725351712376
589980.94_6138734.86,56.72,86.95,67.89,0.11195614454805002,17.798470378998037,96.04694118088693,0.0,1356.1877210564296
589547.93_6138484.86,51.58,75.78,72.25,0.06262996936176955,18.080092792289086,99.25158287877365,0.0,178.45421815834996
588681.9_6138484.86,61.09,83.81,67.45,2.5622975418490475,19.838506528824862,100.0,0.0,1746.1069377611807
588248.89_6138734.86,70.36,86.86,71.55,0.21768104376147066,18.535613431345684,100.0,0.0,14993.231140478523
589114.91_6138734.86,77.04,87.4,67.99,9.75182825531295,26.28117273863002,84.04990048691067,0.0,5833.769022693369
589547.93_6138984.86,61.0,81.27,68.51,12.833776939691194,27.879177899881284,77.79411312511017,0.0,387.66304690111457
588681.9_6138984.86,66.72,87.04,77.93,0.05964430871372076,17.69872382562625,100.0,0.0,1136.383779045895
588248.89_6139234.86,82.75,90.79,77.79,0.06405674218527278,17.787238360794973,99.9856452850558,0.0,3512.407466149213
589114.91_6139234.86,82.54,89.78,79.78,0.34988354691745505,19.443699900504352,92.86243997201613,0.0,11159.753481145975
588681.9_6139484.86,70.89,87.45,100.0,0.03381958528243455,17.43727947890404,99.27134859060006,0.0,8858.342543156909
589547.93_6139484.86,56.0,78.53,74.69,4.839385350064726,24.15342167301529,88.39219481294637,0.0,2594.845306189529
590846.97_6138734.86,48.74,73.98,52.06,1.7124786431818289,25.26674550854402,65.54537993945054,0.0,22.248673013079102
590413.95_6138984.86,57.43,80.69,62.48,8.107583487854193,23.724770119098427,83.97966043434127,0.0,10391.266450028656
589980.94_6139234.86,57.17,81.69,87.37,0.29817679642235667,18.261475453993896,97.58885456555252,0.0,3311.7885077268425
590846.97_6139234.86,52.14,82.14,73.42,11.483855612487059,25.807261685493543,77.88587813044366,0.0,7812.767158527594
590413.95_6139484.86,48.68,72.79,57.25,0.940743667542896,18.432044836119527,100.0,0.0,8525.430586669841
589980.94_6139734.86,36.46,64.94,76.87,25.562096197520397,38.55843079590423,55.469571299653666,0.0,1117.8843383496906
590846.97_6139734.86,44.66,49.17,52.07,2.3362205341144326,27.828647843437242,55.38599107659869,0.0,584.8770077238368
590413.95_6139984.86,38.83,65.44,59.41,1.956827825358318,24.5428023878714,77.34205857538825,0.0,1979.460642891299
589980.94_6140234.86,59.23,73.99,91.78,7.349181765474092,33.83203450871259,42.04312438243274,0.0,0.0
590846.97_6140234.86,57.28,77.29,81.23,2.897712341252638,31.87642832558597,64.7889246204976,0.0,3.846824488064759
588248.89_6139734.86,85.21,87.29,89.37,0.5596432100846271,20.4257720380176,87.81404846425524,0.0,5778.657714233858
589114.91_6139734.86,50.26,81.04,55.63,11.70199759905965,28.116955779695264,74.56603370855498,0.0,6597.4926553249015
588681.9_6139984.86,59.32,82.76,62.76,1.2525361084745903,21.958586669880496,83.21693154552571,0.0,3869.5141376834167
589547.93_6139984.86,33.51,66.3,57.27,4.834358480896904,34.17171476191017,35.55853548541459,0.0,121.38625085205625
588248.89_6140234.86,59.48,84.95,57.52,0.9490338244558759,18.921276324418034,91.23657669408807,0.0,9736.155139540673
589114.91_6140234.86,50.28,73.49,44.02,2.05919058698417,19.18746018715696,97.28750753527767,0.0,6099.047462324531
589547.93_6140484.86,41.14,67.86,49.87,9.06784621523229,25.126282364885682,83.08833201247435,0.0,219.04055093375047
588681.9_6140484.86,79.1,90.13,91.36,0.3275720704437658,20.211277782244526,85.74947302594319,0.0,1532.5866014412948
589114.91_6140734.86,47.42,74.37,66.18,4.208228024658205,21.740130825852148,91.07109267434977,0.0,2640.747376812441
588248.89_6140734.86,100.0,97.19,77.53,0.7945145684990961,19.938874226068215,88.69304604568508,0.0,5923.186395406554
590413.95_6140484.86,50.2,76.6,78.26,12.687464065981139,32.629138667163424,64.76685027481462,0.0,6600.848804036887
590846.97_6140734.86,65.72,88.95,89.84,16.081525050631768,31.125899098928915,79.39954650728059,0.0,12030.160737178438
589980.94_6140734.86,52.84,77.59,79.68,0.0,18.2902277721472,99.86473641442436,0.0,0.0
590413.95_6140984.86,52.92,69.55,72.16,40.904419424742905,56.00762136007285,27.237402539682336,0.0,348.10862137116595
589980.94_6141234.86,39.6,67.42,45.17,19.934320948204245,31.87172279860681,78.12796386585634,0.0,7691.799636353943
590846.97_6141234.86,11.86,80.89,0.0,34.367674240974246,50.64622511497333,19.17585795735873,0.0,72.72962984957132
590413.95_6141484.86,29.48,70.91,58.88,18.985104705046076,40.969550551190665,22.083572330605346,0.0,21.24210691410598
589980.94_6141734.86,29.76,67.44,52.4,52.47927699750936,55.67643499563395,23.20794268132332,0.0,86.56427838532596
590846.97_6141734.86,35.26,70.38,61.87,17.319755914820615,39.62930578221655,38.96617557319396,0.0,8386.106413046182
590413.95_6141984.86,48.69,65.55,61.69,16.46025320431275,31.822434433571768,73.10498571449602,0.0,297.4329910443939
588681.9_6140984.86,53.77,78.35,73.41,0.36386376664335507,18.594501736258184,100.0,0.0,2908.608267773368
589547.93_6140984.86,57.32,78.87,65.45,3.2525408087702457,21.890070192794163,85.85673115223845,0.0,4730.452285914193
589114.91_6141234.86,74.62,86.42,91.98,0.0848754107754392,19.792548252755832,97.78584310822346,0.0,1526.3078120092523
588248.89_6141234.86,68.88,86.21,75.5,0.0,18.1488070605809,100.0,0.0,2698.7922735329844
588681.9_6141484.86,65.65,84.49,65.05,0.3827788525731728,19.282984916531305,97.16041010689473,0.0,613.5069066485581
589547.93_6141484.86,56.16,80.47,69.45,0.06609593927360137,20.50271289870578,88.67976869947466,0.0,199.3461696288891
588248.89_6141734.86,70.75,87.06,73.5,20.80052430037532,28.800622601155325,100.0,0.0,3137.384570807085
589114.91_6141734.86,51.77,76.67,58.12,5.579271823189865,21.360111621780447,100.0,0.0,6445.518273362213
588681.9_6141984.86,57.34,78.47,75.13,0.16351117068890583,19.05255957317493,100.0,0.0,1036.678073991765
589547.93_6141984.86,44.3,70.22,46.54,53.83667084156241,56.10980662523719,39.18092357427045,0.0,99.2899869828586
589114.91_6142234.86,50.02,70.36,70.83,14.36220646175708,29.80379479501777,82.23834653179875,0.0,1440.6551669240212
588248.89_6142234.86,42.13,66.64,45.8,0.7734429716568763,21.62849003818472,95.4677156164946,0.0,950.7865162132346
588681.9_6142484.86,40.0,66.58,49.05,1.0888041146662029,25.1760451458965,78.58733496726464,0.0,1294.9554121756426
589547.93_6142484.86,29.25,60.68,49.26,50.08093855502879,60.02275715506124,5.356211037747423,0.0,223.74335238643437
589114.91_6142734.86,0.0,0.0,0.0,45.6088784087285,54.11598160431377,24.890887743334886,0.0,394.8556622199608
588681.9_6142984.86,26.52,55.58,32.46,16.521747413295902,38.127979706250265,30.907215583765012,0.0,0.0
589547.93_6142984.86,14.5,54.15,62.2,11.502510012107301,34.53759507708242,56.40057317373337,0.0,193.91055318065733
589114.91_6143234.86,14.67,51.67,56.08,22.527366592351626,44.640667627142314,12.043691928286995,0.0,0.0
589547.93_6143484.86,12.03,45.96,51.14,3.73728015408752,36.51081559100254,21.756706449478173,0.0,114.95730196621653
588683.95_6143486.66,32.21,48.44,0.0,1.5245244405190461,35.26220821267792,36.94721909237682,0.0,0.0
596412.16_6142686.16,0.0,2.29,0.0,0.0,39.4219521977074,0.0,0.0,0.0
596062.48_6142813.75,0.0,18.09,0.0,0.0,39.04417191400521,1.7580571522418695,0.0,9.664102627338112
596458.34_6142995.46,0.0,3.95,0.0,0.0,37.64918209845053,10.040104776999426,0.0,57.31323151708189
596043.12_6143234.86,0.0,15.61,0.0,0.0,39.142610010881974,1.4585054705667915,0.0,13.991592944997786
596740.78_6143248.6,0.0,2.53,0.0,0.004503280343674504,36.98206941225042,17.313265529965697,0.0,238.5017011042462
596472.14_6143483.3,0.0,3.94,0.0,7.124217042090362,41.05737314604308,10.082535580052454,0.0,135.65753180699954
596043.12_6143734.86,0.0,18.5,20.98,0.0,39.118080010769255,0.9028786720628371,0.0,0.0
596383.29_6143933.11,0.0,3.91,0.0,4.7474976665523405,41.30671499680042,0.0,0.0,0.0
596022.24_6144211.04,0.0,19.06,22.15,0.6580478507103873,39.92246498849611,0.0,0.0,0.0
593012.03_6141984.86,0.0,31.44,0.0,7.895836749553245,39.53876485798033,13.842325235461233,0.0,53.31070184856002
593834.93_6141951.67,0.0,24.84,0.0,63.32454126573398,67.2211759463357,2.640136174913219,0.0,13.781614450607607
593445.04_6142234.86,9.99,40.04,0.0,1.218687846076349,37.64639123885038,10.786169579609854,0.0,27.250442532230313
593012.03_6142484.86,14.49,43.1,20.65,0.0,29.507323482643134,45.371340602029285,0.0,86.24168096842716
593768.38_6142541.58,8.93,42.53,0.0,4.25470809046539,40.155982709065555,0.0,0.0,40.9707710411268
593445.04_6142734.86,31.91,53.4,28.17,6.414623928351817,28.212122396418003,69.8196755588588,0.0,687.3572631805313
593012.03_6142984.86,48.5,62.99,43.72,3.240792788741416,20.917787733106476,95.80109586934645,0.0,2577.385888355695
593877.81_6142985.27,20.27,54.15,24.98,13.37226718657126,46.89098205127642,12.09842532173421,0.0,178.26815633357583
593445.04_6143234.86,61.07,67.62,55.34,7.140776880749157,25.136485834534405,82.23822466699387,0.0,1554.2430841599592
593012.03_6143484.86,36.54,56.33,60.83,0.09132147816633088,23.912988536043265,73.03420861931723,0.0,1514.0629417442597
592146.0_6142484.86,29.01,64.36,68.19,2.1777910084770187,20.965880465382742,93.5294282106948,0.0,10207.728796936395
591279.98_6142484.86,57.89,75.67,80.35,18.133705756379964,44.33175487052913,32.014478445669866,0.0,31.63453157143386
592579.02_6142734.86,26.53,55.32,48.39,0.8439371156434313,25.122586089318972,66.61502985438858,0.0,1643.55987314521
591712.99_6142734.86,34.39,67.87,51.83,8.611257422975045,26.389611956965904,77.97864600801455,0.0,1288.5296342144732
592146.0_6142984.86,45.59,66.31,66.78,6.0723288299359295,24.62097957398443,81.20300335771371,0.0,7178.7204319858165
591279.98_6142984.86,53.33,72.25,62.75,4.767437507784516,24.000542829075517,90.51853041017569,0.0,945.9847333729695
592579.02_6143234.86,26.23,51.62,65.82,0.402770540536557,26.95188301460639,55.45288780654995,0.0,701.303800736116
591712.99_6143234.86,36.11,60.92,55.5,6.0129034616888175,21.704944771781335,96.82532878471727,0.0,2267.7830233834943
591279.98_6143484.86,38.07,61.97,42.86,2.2678470862237945,22.532988501188616,87.93822173540975,0.0,333.39612985098904
592146.0_6143484.86,18.68,49.23,42.03,7.58296739481973,25.605023528221167,88.69923904855345,0.0,1227.6888320978005
594332.16_6142824.59,8.89,39.9,0.0,1.8821066354132634,38.64174933554785,6.277928854694108,0.0,0.0
595154.01_6142757.27,3.21,26.87,0.0,0.5313200539137403,40.044559774750034,0.05149621294406156,0.0,0.0
594744.08_6142984.86,13.39,43.29,18.79,0.0,38.22227934595916,4.083941815489635,0.0,6.500728925680747
595613.74_6143001.47,0.0,15.61,0.0,14.349348259450224,43.995725680441275,11.243937571827704,0.0,154.04389109348884
595177.09_6143234.86,5.24,32.48,0.0,31.668176544035042,52.0354622119723,7.904206765203956,0.0,58.70068318693238
594311.07_6143234.86,23.79,53.11,29.24,37.89145861703106,50.79611809945669,25.330335078758324,0.0,160.33806804320213
594744.08_6143484.86,16.16,45.52,22.17,9.771795534094494,42.41273466187804,2.3131116150959854,0.0,19.44328154276025
595610.1_6143484.86,0.0,18.5,20.98,10.206093074111296,43.77726130090159,0.11175337734782856,0.0,0.0
595177.09_6143734.86,0.0,14.7,0.0,0.8853449175145331,38.720485404601334,5.828515208038871,0.0,42.002907862394835
594311.07_6143734.86,25.51,50.27,56.53,0.21566605457574672,25.216031725326282,67.7080074419955,0.0,1510.3432707812697
593878.05_6143484.86,48.1,64.67,41.71,38.33682768433844,45.19752623120752,51.277577936716526,0.0,1958.0807192693565
593445.04_6143734.86,35.33,57.74,48.41,12.569449918982434,33.78293828532809,57.340156810661234,0.0,1305.0032486345924
593012.03_6143984.86,0.0,31.33,20.17,0.0,37.17271463129039,4.458734241652692,0.0,30.541569936949028
593878.05_6143984.86,26.84,51.33,42.14,6.036666201692057,34.77011813002376,37.47947323018471,0.0,984.8326961222049
593445.04_6144234.86,0.0,35.23,24.91,27.104960329723717,54.874006937478,0.2559700431774565,0.0,0.0
593878.05_6144484.86,0.0,38.56,24.81,2.847543558423568,40.61972539573247,0.0,0.0,0.0
593011.66_6144438.71,0.0,34.85,24.42,48.24405638942367,67.18230667011575,1.6347973908788658,0.0,24.907505576118922
594311.07_6144734.86,0.0,30.18,0.0,0.0,48.27956491671345,0.0,0.0,0.0
593509.81_6144679.59,0.0,33.29,19.04,25.692679308782644,53.06812195889129,5.578739281897479,0.0,25.685679313633333
593878.05_6144984.86,0.0,30.18,0.0,3.0220942162491626,42.87534385830302,3.985237944426051,0.0,7.536036208159978
591712.99_6143734.86,7.99,37.88,25.95,0.347857779533949,34.934353878003485,20.35963320127942,0.0,25.595275452026595
592579.02_6143734.86,7.81,40.14,41.75,8.255173655218124,39.722001601922244,10.065200103853817,0.0,438.13701190431294
592146.0_6143984.86,4.21,36.07,24.86,15.387215082846408,43.66999204465436,13.387201139057309,0.0,0.0
592579.02_6144234.86,0.0,26.95,0.0,1.5683084515246675,38.567996639627424,4.828494122030218,0.0,61.39578253100112
591712.99_6144234.86,5.96,36.22,0.0,3.233847962225484,37.55985678774947,34.008917861537945,0.0,255.29045487051005
592146.0_6144484.86,5.62,32.5,20.31,41.33506874076872,62.06519271087291,9.090115987357144,0.0,17.219274488800643
591772.4_6144693.0,6.05,30.89,0.0,10.824895365884473,36.57979737906257,68.54639747371432,0.0,729.4509176284658
592539.95_6144705.94,5.01,23.17,0.0,51.8840170040835,71.3694508626923,0.012787826879765268,0.0,0.0
592163.64_6144934.72,8.26,28.15,0.0,7.591351038453525,55.49402386004504,0.4000630965203752,0.0,0.0
592452.73_6145027.71,5.01,23.17,0.0,30.419906715396994,68.4567751580176,0.0,0.0,0.0
594744.08_6143984.86,0.0,14.7,0.0,0.0,36.54244144238458,11.863712606988482,0.0,191.11323077396554
595610.1_6143984.86,0.0,21.55,27.61,0.0,33.823775712829686,30.963997400076714,0.0,250.52702141156453
594311.07_6144234.86,13.52,45.43,82.99,0.051084028631505275,33.868251136544785,27.32479992352401,0.0,594.0024131250336
595177.09_6144234.86,0.0,29.57,62.44,0.0,38.48868340205107,3.1796565209386443,0.0,0.0
594744.08_6144484.86,0.0,17.64,44.97,0.0,42.00391208514544,0.0,0.0,0.0
595607.5_6144480.93,0.0,21.82,61.85,4.904883259702665,40.277431946512976,15.765684735054933,0.0,83.69014973256783
595177.09_6144734.86,0.0,22.9,71.98,1.1457436162678813,39.132086750822594,5.504175047749052,0.0,43.08685387174695
595478.02_6144842.53,0.0,21.82,61.85,98.56299689342511,98.62932411566197,0.0,0.0,0.0
594744.08_6144984.86,0.0,16.54,40.08,1.6321471562248142,42.535836261237044,2.8921175626723015,0.0,10.714188119202639
595119.55_6145214.49,0.0,16.92,41.74,70.27650005459718,73.9155924321949,0.0,0.0,0.0
594311.79_6145233.48,0.0,3.98,18.15,0.0,56.780377924622336,0.0,0.0,0.0
593638.01_6145078.98,0.0,0.0,0.0,35.92821396259495,70.85704443986732,0.0,0.0,0.0
593951.38_6145304.33,0.0,30.18,0.0,0.0,56.32678349725324,0.0,0.0,0.0
594465.43_6145662.26,0.0,3.98,18.15,0.0,55.535491923620775,0.029647006923788622,0.0,0.0
594744.08_6145484.86,0.0,13.36,27.28,25.02430705699042,52.376123910012005,13.614481755127873,0.0,93.92809213954958
595051.64_6145665.22,0.0,13.42,27.49,100.0,99.16099376941872,0.0,0.0,0.0
594761.79_6145912.54,0.0,3.95,17.88,68.02249422905771,83.31217038574572,0.41215075323118133,0.0,0.0
583918.76_6141234.86,79.8,85.77,71.6,2.813873047303887,20.758564262228653,100.0,0.0,885.7423569305532
584784.79_6141234.86,58.04,87.8,65.19,1.647355518347363,18.982246625164464,98.91497739454668,0.0,7269.250905318779
584351.77_6141484.86,48.25,72.69,53.48,0.0,18.618507465944763,100.0,0.0,936.5351062351824
583918.76_6141734.86,34.05,57.79,54.12,0.46822906123978897,18.951834526963744,100.0,0.0,758.0721517619672
584784.79_6141734.86,47.41,73.77,68.92,3.9024142590674575,20.94608395846669,94.7205103632501,0.0,464.90932100101685
585217.8_6141984.86,16.6,55.77,23.59,31.242250491354156,47.96291114726516,43.53671877950844,0.0,55.05607482187934
584351.77_6141984.86,32.73,62.65,67.26,0.2135184016449614,19.11402005900635,100.0,0.0,898.0562659845993
583918.76_6142234.86,18.98,50.17,57.15,15.934608630165247,37.7871315141154,55.79351865885711,0.0,408.1660312396174
584784.79_6142234.86,26.04,62.97,54.32,26.35742219983323,36.87922754326344,72.11576379388909,0.0,533.4605882042447
584351.77_6142484.86,10.51,49.75,35.17,30.74713786025735,46.4306779164706,54.88532592377422,0.0,1525.2656952725354
586083.83_6141984.86,73.82,85.68,65.83,6.506909925902718,25.967891441974356,84.12854543501676,0.0,1009.455582147366
585650.81_6142234.86,63.21,80.7,84.97,9.212427331988305,24.142248095209386,97.15250071306825,0.0,1032.3575664515029
586516.84_6142234.86,43.1,73.06,49.2,23.897129913388042,37.22198233111437,58.7960908733429,0.0,512.513895326505
586083.83_6142484.86,60.83,80.14,53.04,1.3686101559605437,19.971355570354234,98.47180214026308,0.0,1025.0848317098598
585650.81_6142734.86,24.68,66.04,50.6,0.2805467615477551,20.764376063356828,91.08781997692026,0.0,1073.0278399482518
586516.84_6142734.86,31.24,68.12,29.45,7.58912606531726,43.90293855195052,14.479863835124071,0.0,90.45519394807735
586083.83_6142984.86,36.94,66.87,32.54,12.057380920208715,29.77559292410727,79.93716938891198,0.0,244.59205154816667
586516.84_6143234.86,60.12,79.15,45.66,18.504547534383377,35.225237599026,75.65705118865691,0.0,13522.217359265804
585650.81_6143234.86,14.52,56.28,44.15,0.3404926271878747,22.02074732335179,90.38167304733612,0.0,750.2039790021363
586083.83_6143484.86,18.33,59.23,54.39,4.38253915907477,26.104256752051324,84.23196611136022,0.0,2577.1653558256016
583052.74_6142234.86,22.55,51.77,45.03,6.451979594262099,31.131703219386235,54.98604457813897,0.0,2260.4080263056712
583485.75_6142484.86,12.13,44.5,25.67,1.0471895120329306,23.76206045724915,84.03616581549062,0.0,1323.8584323390633
582619.72_6142484.86,4.54,35.61,27.25,0.4198222936455424,39.34639671250535,1.5733327399815822,0.0,5.071833922612502
583052.74_6142734.86,5.32,37.87,30.44,8.11962158224705,36.2073253335989,45.43993574912387,0.0,402.0371772461621
583485.75_6142984.86,0.0,12.29,0.0,6.128183217419498,39.32320794210167,15.77783578465803,0.0,88.20234158801698
582619.72_6142984.86,4.89,36.63,28.67,0.0,39.79710278206301,0.0,0.0,0.0
583052.74_6143234.86,28.19,51.72,49.61,3.196833358983955,41.41522825971418,0.0,0.0,0.0
583485.75_6143484.86,31.46,60.81,52.29,25.03484250128885,55.461781324494254,3.178016274160765,0.0,0.0
582619.72_6143484.86,30.28,53.07,51.46,28.63928910803009,57.47320344842938,0.0,0.0,0.0
583052.74_6143734.86,37.19,59.11,59.42,35.9151284767469,52.3235825995212,38.354122837230456,0.0,438.0105242410128
585217.8_6142484.86,41.6,69.83,70.61,23.12246067482757,48.30986079814265,33.00332842409118,0.0,551.1877318351687
584784.79_6142734.86,15.67,56.47,65.14,19.350290585655415,49.42269260142626,29.907698990264777,0.0,181.73280695714584
583918.76_6142734.86,5.25,39.68,23.6,1.5355628763215172,38.088251787843156,17.703790734375605,0.0,68.74626132615171
585217.8_6142984.86,14.54,59.05,51.85,6.015827911256617,26.056654653979244,83.87801826039136,0.0,679.07378117541
584351.77_6142984.86,9.58,54.47,74.49,15.182774435778617,44.616590133271536,40.18601096921451,0.0,274.8613101410623
584784.79_6143234.86,20.73,57.6,43.98,13.276545161518863,30.618589953739082,78.02305589883532,0.0,733.1201824911001
583918.76_6143234.86,11.86,49.51,36.52,29.349079209811745,57.1006898591173,18.874311591806542,0.0,150.9023655398853
584351.77_6143484.86,40.49,63.55,53.85,18.378805660384074,32.590698846998414,76.02363230513963,0.0,1612.0362460827907
585217.8_6143484.86,9.47,51.11,38.05,53.754411025847304,64.5195987238743,31.748558903307423,0.0,273.74003157166254
584784.79_6143734.86,35.89,56.65,45.51,13.604683993764422,42.55985825733245,25.90253675361029,0.0,4333.610392192694
583918.76_6143734.86,17.4,57.52,62.74,30.31567379691204,44.64394767799117,44.38215341181467,0.0,1107.074627188124
584351.77_6143984.86,22.48,54.44,74.42,13.04025086096341,31.5546232138369,75.01433276511962,0.0,2745.581242109338
585217.8_6143984.86,4.22,48.79,21.38,6.01887385032467,36.278680636170115,55.51773394555983,0.0,2812.6766740593957
584784.79_6144234.86,16.18,43.64,32.18,6.432056660899662,25.565866424548794,93.22112081804585,0.0,1265.0544383842089
583918.76_6144234.86,15.2,51.09,47.48,59.843536836348264,64.11571316749776,14.505511840328184,0.0,553.4812559272665
585217.8_6144484.86,8.52,40.77,23.29,49.273276787579775,57.3102137616293,29.951247568814125,0.0,210.95153000881245
584351.77_6144484.86,14.15,43.8,43.27,23.307092409639516,56.02876864236996,12.298787615502494,0.0,523.8245131065582
583918.76_6144734.86,8.73,33.28,26.44,34.98773249321694,61.15834298377695,0.0084696129787771,0.0,0.0
584784.79_6144734.86,5.56,38.91,26.0,65.69654215913671,72.40902736779331,2.2561217622317598,0.0,22.97831475266028
585217.8_6144984.86,0.0,26.17,0.0,52.74982235641965,67.972166295044,4.330461779751265,0.0,34.159811549329035
585650.81_6143734.86,7.8,44.66,55.64,11.622088129512113,29.6425219443237,81.89936873773188,0.0,349.17682918657323
586516.84_6143734.86,35.39,62.7,40.37,15.010252561853754,31.627147640975544,76.70012802600105,0.0,1925.4502912444038
586083.83_6143984.86,8.01,42.73,55.64,2.028493438256114,26.15863661789347,78.1987722231933,0.0,947.5375149935567
585650.81_6144234.86,0.0,35.59,0.0,19.873083155203364,45.02091206870506,24.60470923870345,0.0,168.87067909011765
586516.84_6144234.86,25.69,57.86,46.4,4.390158217453627,29.83480971794447,59.730853709943396,0.0,466.25894624844136
586083.83_6144484.86,0.0,0.0,0.0,3.1820687601977786,34.109925374920955,34.55001558720001,0.0,95.6763554256874
585650.81_6144734.86,0.0,29.08,0.0,16.678794265433545,46.39843996746526,12.268577993981458,0.0,7.817196614402528
586516.84_6144734.86,0.0,0.0,0.0,0.11172275036817293,29.16012803545814,59.50652755554812,0.0,161.34080698666867
586083.83_6144984.86,4.14,36.02,0.0,0.0,35.91601800024639,22.464603748868242,0.0,9.859816839112376
586516.84_6145234.86,12.18,49.94,21.15,0.0,38.81644179188278,7.044399542113753,0.0,18.784788835768477
582619.72_6143984.86,29.16,56.0,46.04,0.0,37.733521470522085,3.8638683312691775,0.0,7.994260522371094
583485.75_6143984.86,38.35,60.99,58.18,18.127775608177345,45.61055965146116,15.37899427600678,0.0,144.49557874195094
583052.74_6144234.86,35.1,69.99,51.76,6.88335669859402,27.42285785092255,80.19179645994402,0.0,1183.29920003483
582619.72_6144484.86,42.89,61.15,82.74,4.152947823900105,25.877838796996006,84.57453331747274,0.0,854.22023186211
583485.75_6144484.86,23.09,49.38,37.78,47.97949249656585,60.911838440569746,14.403045270928642,0.0,182.7942152871697
583052.74_6144734.86,26.57,54.95,48.49,26.887560823814567,41.15005970768672,59.407943956289365,0.0,1019.8439648971661
583485.75_6144984.86,2.61,40.35,25.36,54.63449456785266,70.51930607623078,7.052544035564427,0.0,0.0
582619.72_6144984.86,20.5,49.9,63.33,28.00337751057777,55.84991835534794,26.26229945213907,0.0,128.28515989056302
583052.74_6145234.86,14.99,42.49,46.03,59.56725298115831,78.76054380737787,2.6929976961276068,0.0,13.095762188635742
583485.75_6145484.86,26.67,47.77,53.67,1.7324565693339837,35.893723024315435,28.818110194913793,0.0,51.561571142509784
584351.77_6144984.86,5.76,34.68,19.68,11.33988357318968,45.35375459421766,14.466376525937882,0.0,174.07455681643563
584784.79_6145234.86,2.41,31.27,17.85,46.434848834181146,64.66205466566902,6.851612144015849,0.0,13.69234519946827
583918.76_6145234.86,4.67,31.62,23.55,23.826555703332666,48.75589764804057,13.911159853982513,0.0,124.20333737446609
585217.8_6145484.86,2.6,28.51,0.0,17.139902704347534,49.005526533261786,1.095805771746684,0.0,40.34066193570093
584351.77_6145484.86,3.5,28.28,19.27,31.935160211961076,55.75637407780364,0.0,0.0,0.0
584784.79_6145734.86,0.0,22.55,0.0,3.9009447292992236,41.89891660931446,5.876912406669233,0.0,31.99415335492369
583918.76_6145734.86,0.0,22.36,17.56,0.0,39.962452942697574,3.107580187931353,0.0,20.96210834304285
585217.8_6145984.86,0.0,15.86,0.0,13.159862696325671,46.172109123411055,0.0,0.0,0.0
584351.77_6145984.86,0.0,18.65,0.0,0.0,40.48259500148997,1.9562834505358044,0.0,0.0
583918.76_6146234.86,3.72,27.43,25.4,0.0,40.172109177345156,0.7097007606274948,0.0,0.0
585650.81_6145234.86,0.0,26.88,0.0,11.589718382304314,43.49250684558649,10.450513797073802,0.0,77.20439337347813
586083.83_6145484.86,0.0,29.45,0.0,1.150204986354652,39.81056129461297,3.6653085216458297,0.0,38.0915502089217
585650.81_6145734.86,0.0,10.99,0.0,1.6239434251130496,40.21628218247609,4.319175133891157,0.0,76.3894140094938
586516.84_6145734.86,15.91,40.4,20.11,0.0,38.84218923959202,6.347936240094803,0.0,21.349642203789156
586083.83_6145984.86,12.92,37.25,17.38,0.0,40.05251215633792,0.0,0.0,0.0
585650.81_6146234.86,0.0,15.83,0.0,0.0,40.794339133498674,0.0,0.0,0.0
586516.84_6146234.86,14.3,38.75,18.66,2.7956987748334314,38.41265033955531,14.790970778252346,0.0,43.40983581730743
586083.83_6146484.86,2.42,30.49,0.0,0.3047424169542391,38.700747329675416,10.994722374268646,0.0,40.364099936634844
585650.81_6146734.86,0.0,16.81,0.0,0.0,39.74606140951105,3.097311873974163,0.0,32.22176047738033
586516.84_6146734.86,10.08,39.83,21.09,0.26578551446487075,39.78050382525867,1.1608359084864717,0.0,13.94833121393392
582619.72_6145484.86,6.45,40.66,43.8,17.035484939674344,47.56347190155212,8.159592057178102,0.0,29.588087788710425
583052.74_6145734.86,19.22,44.25,70.98,0.0,31.82873658032377,42.75645876715831,0.0,602.9440433095004
583485.75_6145984.86,11.01,34.73,38.81,0.0,36.60945501197186,21.423614677461046,0.0,224.0512798472348
582619.72_6145984.86,8.92,35.9,45.33,13.145600383329251,43.80009198875703,15.803941320648521,0.0,114.74081274498332
583052.74_6146234.86,11.01,35.69,42.8,1.6815032141593844,31.792518794830166,50.00668831913975,0.0,505.37008936014666
583485.75_6146484.86,3.72,27.43,25.4,0.0,40.18436923115413,0.0,0.0,0.0
582619.72_6146484.86,3.7,27.67,27.07,0.0,38.628863531734346,12.007905653515829,0.0,0.0
583052.74_6146734.86,3.7,27.67,27.07,0.0,39.051706724518084,6.5151012187995265,0.0,35.60892303005792
583485.75_6146984.86,0.0,22.3,18.47,0.0,39.881692053620405,1.5696309269763877,0.0,0.0
582619.72_6146984.86,0.0,21.06,0.0,0.0,38.46569287602436,7.0280604730918865,0.0,33.889997876264836
582619.72_6140484.86,7.53,41.09,20.55,45.48600342976849,67.16114620065262,0.0,0.0,0.0
583052.74_6140734.86,36.59,63.71,46.38,11.38321566296266,40.963596856334206,24.69721292274607,0.0,41.282255350480796
583485.75_6140984.86,46.87,71.42,72.24,26.04161166921937,41.95666996875927,41.084503723072615,0.0,250.64185160505488
582619.72_6140984.86,15.11,38.52,24.04,14.823034814,45.804826112204516,26.784393578328526,0.0,181.6491798644343
583052.74_6141234.86,18.16,56.08,51.27,12.021738720850657,37.91914698944281,41.57676493048344,0.0,191.96424591005862
583485.75_6141484.86,28.85,60.27,52.02,1.985622629065575,19.941166297710026,99.99999838341921,0.0,936.8167644126928
582619.72_6141484.86,10.9,48.92,63.56,3.102018873180139,27.115904684397048,70.50641840133453,0.0,509.69297122525023
583052.74_6141734.86,30.34,59.64,65.58,14.724037968649634,38.8326056547492,40.864356864458344,0.0,5394.92406405833
583485.75_6141984.86,26.46,59.38,47.17,8.328190944032885,32.18829875295907,59.76087489606803,0.0,429.76704685332953
582619.72_6141984.86,9.83,44.21,77.83,9.668079213818789,30.680299342767626,69.16324932947185,0.0,5498.393950198331
582186.71_6141234.86,8.03,41.09,38.63,0.0,29.15836400366328,55.62487243234793,0.0,542.1118036113457
581320.69_6141234.86,3.41,46.47,18.22,19.18965966331477,45.728910602847684,13.355162867047882,0.0,32.73825441897503
580887.67_6141484.86,4.28,50.72,17.73,5.05950055615077,38.12122261488525,22.66152272086084,0.0,21.731011695597278
581753.7_6141484.86,2.65,39.14,32.31,0.0,37.29283528594847,9.544479764814112,0.0,49.961827487599756
582186.71_6141734.86,3.59,43.72,56.02,3.5402664478540515,36.481376058448475,17.566468933573383,0.0,71.69283918316006
581320.69_6141734.86,0.0,37.07,19.98,16.01915447818107,45.451200095644325,6.169645387797045,0.0,9.706374117275752
580887.67_6141984.86,58.22,71.55,61.58,6.434043332608574,33.743472162673875,38.33292288199159,0.0,753.6786776422692
581753.7_6141984.86,17.18,50.86,56.64,0.0,37.97129835905334,2.0844494784087617,0.0,0.0
582186.71_6142234.86,0.0,39.53,64.05,0.0,33.15763641606429,30.164431125904557,0.0,37.78969695825598
581320.69_6142234.86,46.05,66.83,82.77,2.425772195034684,31.71704493530879,42.48523009272164,0.0,295.61077864327405
580021.65_6141984.86,42.34,71.89,56.08,17.843782901197066,33.77468849037056,72.37898326181575,0.0,1192.221479634253
579588.63_6142234.86,33.16,63.98,65.46,22.24639617197758,36.14034250361038,77.72279726358153,0.0,1362.2938993751245
580454.66_6142234.86,53.3,75.02,47.03,4.8078471716561415,21.00171803426958,100.0,0.0,1909.2846625047816
580021.65_6142484.86,26.42,69.66,33.67,5.487055347480168,28.149409455633005,63.48108200774977,0.0,749.6407309560294
579588.63_6142734.86,27.87,60.72,61.65,2.4246495772349874,21.75385958859786,100.0,0.0,1813.4003829639912
580454.66_6142734.86,42.98,67.85,43.63,2.839410164769779,25.566489454485275,77.48083890193502,0.0,2952.7052249132585
580021.65_6142984.86,26.67,63.01,37.59,1.9132383622661695,29.815736919548254,56.8587266071312,0.0,922.6493223015908
579588.63_6143234.86,23.55,50.64,52.28,0.4431502923868769,34.978291965784564,23.90939082067573,0.0,582.0011539457788
580454.66_6143234.86,9.16,44.62,0.0,7.681607127719235,41.92322119294153,12.69542692980193,0.0,39.79387095570227
580021.65_6143484.86,11.48,39.07,19.62,2.258522777107204,37.623067354604416,11.434938083742477,0.0,50.97405374802121
580887.67_6142484.86,69.37,78.01,59.31,0.5826939259479873,20.76189132845138,96.12285850102738,0.0,4008.8753296536647
581753.7_6142484.86,24.9,53.49,39.65,17.739833596958952,41.041816735576894,32.39396585841395,0.0,69.83728463707395
582186.71_6142734.86,0.0,39.53,64.05,0.0,39.10815784006078,1.5980209564022512,0.0,0.0
581320.69_6142734.86,34.97,60.11,44.9,0.3915430286870851,33.35765099012092,25.529155230012012,0.0,599.1564459120383
580887.67_6142984.86,13.08,51.16,22.12,3.1735993516996928,39.118151237251716,1.503200275493035,0.0,0.0
581753.7_6142984.86,4.83,45.29,24.26,16.242080506000683,44.53031900392002,8.82274404517779,0.0,28.61074441151171
581320.69_6143234.86,4.27,43.47,22.26,9.856967410859976,38.423379856184695,34.73130407921977,0.0,258.3428059096647
582186.71_6143234.86,0.0,39.65,23.69,0.09343280920515544,39.395971952020794,0.0,0.0,0.0
580887.67_6143484.86,13.59,45.8,17.97,15.23405806579629,41.11153790194146,27.170168916925608,0.0,144.64756268025843
581753.7_6143484.86,0.0,39.65,23.69,22.036694998442773,52.33421867923804,0.79298684435089,0.0,7.521503039646975
581320.69_6143734.86,0.0,29.29,0.0,47.41227386112349,66.04981885951744,0.5395256117020384,0.0,0.0
582186.71_6143734.86,12.85,45.85,28.37,21.189177544221195,51.7751966583207,4.319239540888527,0.0,13.965072365904026
581753.7_6143984.86,0.0,35.68,23.15,1.6362611868793113,38.1821455250073,14.183574970848852,0.0,9.866095914259946
580887.67_6143984.86,5.45,36.46,0.0,62.535808370625446,72.84119374006464,3.252085363546991,0.0,24.188984467694336
582186.71_6144234.86,16.74,50.91,56.66,0.736211829208355,36.89134279383203,14.094586487453117,0.0,83.10692041026972
581320.69_6144234.86,0.0,24.93,0.0,14.285467920349662,44.04692028618975,18.848914147855435,0.0,34.971157632831265
581753.7_6144484.86,3.27,35.51,34.34,3.335109394454476,40.348530225040626,1.034194019086042,0.0,0.0
580887.67_6144484.86,0.0,19.67,0.0,4.557898651884211,41.0947020526975,3.826822615585797,0.0,22.175525095332322
582186.71_6144734.86,15.64,46.48,55.75,0.01363201238172462,33.754537294673455,30.519149202126655,0.0,209.74663178944428
581320.69_6144734.86,0.0,18.85,0.0,0.0,37.16585786130255,12.064119922667931,0.0,0.0
579588.63_6143734.86,5.82,35.2,23.18,5.497473906878122,39.28588517597084,18.599554713828823,0.0,60.76460930061512
580454.66_6143734.86,6.3,38.88,0.0,1.4562403565232342,37.035875646245856,16.93821250270548,0.0,50.216075253626826
580021.65_6143984.86,4.18,35.16,0.0,4.608707535181504,41.28906178958737,6.696093835713798,0.0,17.938087843658135
580454.66_6144234.86,0.0,14.45,0.0,57.247446418064094,72.61237877745276,8.274683659988053,0.0,25.96075163843393
579588.63_6144234.86,0.0,32.86,23.33,11.621234817512693,45.784287750683646,0.0,0.0,0.0
580021.65_6144484.86,0.0,7.68,0.0,66.38966269836656,79.35162051510854,0.0,0.0,0.0
580454.66_6144734.86,0.0,14.81,0.0,2.3669600444594057,38.674328860753036,10.153263196846279,0.0,34.96383225551833
579592.36_6144725.16,0.0,9.9,0.0,46.94820732111589,70.97383366489674,0.0,0.0,0.0
580021.65_6144984.86,0.0,12.93,18.43,3.68411135062411,42.344979989168394,0.0,0.0,0.0
580454.66_6145234.86,0.0,15.42,28.42,0.0,38.718167387958204,6.754990339405135,0.0,73.86376037678706
581753.7_6144984.86,3.25,35.4,36.58,3.172558065850965,40.100818083749175,6.269080585299156,0.0,43.31937714778854
580887.67_6144984.86,0.0,14.1,0.0,0.43281221327271924,39.63006887225772,3.0873742069196917,0.0,13.200333148665043
582186.71_6145234.86,4.28,34.68,32.91,5.845091570364234,42.27961459853905,2.1983723343016726,0.0,6.125542929230209
581320.69_6145234.86,0.0,28.08,55.93,0.0,39.53207271927064,3.926291392910404,0.0,28.664613805221602
581753.7_6145484.86,0.0,30.64,46.73,8.488773696325364,43.31860219680982,7.184194387963432,0.0,43.8302079045971
580887.67_6145484.86,0.0,20.7,48.27,0.001408354802892208,38.91234053988945,9.499845920557432,0.0,42.832143402412896
582186.71_6145734.86,3.36,30.43,33.59,13.82553712372977,45.60924668966002,7.951852730180866,0.0,45.83259096004734
581320.69_6145734.86,0.0,19.34,51.44,27.100136984344765,56.13472777059738,6.802134331972189,0.0,37.640550340534695
580904.0_6145932.08,0.0,19.63,43.87,13.267205846566963,46.13491459523429,6.636952605461765,0.0,63.146721999381185
581753.7_6145984.86,0.0,21.36,17.76,6.189958363572744,42.08565648284842,8.464313628518578,0.0,147.12085858815374
579671.06_6145241.59,0.0,9.9,0.0,1.0838025870167782,39.98504545325597,3.748099333111459,0.0,8.77382616226261
580021.65_6145484.86,0.0,12.35,18.29,0.0,38.21174718688071,10.646772663181519,0.0,46.276541299226636
579689.19_6145721.74,0.0,6.54,0.0,8.921704152730548,46.51114397352543,0.0,0.0,0.0
580454.66_6145734.86,0.0,16.28,31.32,6.027507761246131,42.92073141461941,12.268673462346765,0.0,74.10413058031496
580017.81_6145934.22,0.0,6.54,0.0,0.0,40.76379738844949,0.0,0.0,0.0
580438.96_6146027.74,0.0,16.28,31.32,41.99760666735077,66.26949490993637,0.0,0.0,13.393194781992069
579692.14_6146059.94,0.0,6.54,0.0,11.33591671183462,56.26821521910789,0.0,0.0,0.0
581352.69_6146213.41,0.0,15.25,0.0,44.41573143534994,63.92503352219629,0.0,0.0,0.0
582186.71_6146234.86,0.0,23.95,23.1,0.0,38.15727950320525,10.884256466766763,0.0,71.67285217236342
581753.7_6146484.86,0.0,14.47,0.0,0.0,37.3119884095455,15.740528776888487,0.0,149.00823422040258
581471.18_6146649.47,0.0,0.0,0.0,0.0,40.26807922839855,0.0,0.0,0.0
582186.71_6146734.86,0.0,19.4,0.0,0.0,39.69965149814649,1.174441298783678,0.0,14.179373313627323
581787.41_6146965.71,0.0,0.0,0.0,0.0,39.76000984024879,2.0241772464417154,0.0,17.297896207854258
582186.71_6147234.86,0.0,17.69,0.0,0.0,39.17110353549024,4.263316369080609,0.0,28.925882648554666
584784.79_6146234.86,0.0,18.24,0.0,4.154529969873464,42.66887027318812,0.1237450764649702,0.0,0.0
585217.8_6146484.86,0.0,15.83,0.0,0.07438771604884313,39.9667533605449,2.2290485278730543,0.0,34.04352785111406
584351.77_6146484.86,0.0,19.05,0.0,4.402775161905903,40.36036956062939,10.059927871189336,0.0,44.30798964551165
584784.79_6146734.86,0.0,14.38,0.0,2.1055351298718827,39.656229760350286,11.180525663300987,0.0,68.40669209371639
583918.76_6146734.86,0.0,21.94,17.94,0.0,40.14492476800686,0.0,0.0,0.0
585217.8_6146984.86,0.0,14.06,0.0,8.217662048058237,46.107031045572064,6.464423093740092,0.0,76.31233726998201
584352.65_6146981.51,0.0,10.04,0.0,1.905471217654674,40.58322743634206,0.21607132477256016,0.0,0.0
584784.79_6147234.86,0.0,11.32,0.0,6.629902380368012,42.842307606005576,6.6700913326438265,0.0,2.52312954427179
583903.06_6147210.74,0.0,20.05,0.0,0.0,39.34678523588497,0.010729944577556884,0.0,0.0
585217.8_6147484.86,0.0,11.56,0.0,9.651982650746888,45.89718223911061,4.081484190586419,0.0,10.925080400625918
586083.83_6146984.86,0.0,23.21,0.0,3.595996704269459,37.08530995596085,27.38835885471253,0.0,158.63602166231468
585650.81_6147234.86,0.0,15.28,0.0,3.63529540178107,40.332716964764266,9.193060008372761,0.0,66.676602359264
586516.84_6147234.86,0.0,13.69,0.0,0.07709943300476978,39.98341963261302,0.030033713514460797,0.0,0.0
586083.83_6147484.86,0.0,11.45,0.0,1.19050394892241,34.763504357134785,34.98775697364858,0.0,403.3481072273303
585650.81_6147734.86,0.0,9.05,0.0,0.0,40.434163411822944,0.08279464160674346,0.0,0.0
586516.84_6147734.86,0.0,12.39,0.0,0.25070218030230046,40.40942229238169,0.11930891046541793,0.0,0.0
586083.83_6147984.86,0.0,9.39,0.0,0.0,39.259731355124096,5.085662283214838,0.0,17.78569851361262
585652.6_6148230.86,0.0,3.36,0.0,2.1052584407048243,40.37239553023173,2.097384956898897,0.0,8.90948823129189
586519.65_6148227.02,0.0,10.54,0.0,6.989228660337584,43.152585107450875,1.9471600019809174,0.0,46.39821059673138
586069.51_6148483.94,0.0,6.25,0.0,0.8504127710093019,38.26603417347983,8.060511445168704,0.0,135.1310798575969
583052.74_6147234.86,0.0,20.63,0.0,0.0,39.81835088809312,0.2935750827086367,0.0,0.0
583475.14_6147468.11,0.0,20.63,0.0,0.0,39.973938667595846,0.0,0.0,0.0
582619.72_6147484.86,0.0,10.04,0.0,0.0,39.608307010265456,0.0866283600084395,0.0,0.0
583056.47_6147653.2,0.0,20.63,0.0,0.34861573713604216,39.71978321945833,0.0,0.0,0.0
583355.82_6147768.45,0.0,20.63,0.0,0.1646631185804692,39.58384255269811,0.0,0.0,0.0
582606.67_6147988.34,0.0,9.17,0.0,5.383053841946915,40.44272949094945,9.39001115970032,0.0,102.2458229357978
582882.39_6148222.42,0.0,5.78,0.0,0.0,39.57974859722355,0.0,0.0,0.0
582633.35_6148465.4,0.0,5.71,0.0,18.697394387935766,49.87186578432366,3.2392808627760346,0.0,17.056508987936166
582764.15_6148734.75,0.0,2.5,0.0,100.0,100.0,0.0,0.0,0.0
584464.55_6147396.47,0.0,10.42,0.0,0.0,38.77445378414868,3.8439908353325767,0.0,0.0
584865.08_6147691.51,0.0,7.98,0.0,0.0,32.80981856218048,43.172396288348956,0.0,11.3118565785837
583782.7_6147504.94,0.0,20.05,0.0,0.0,39.382596133513545,0.0,0.0,0.0
585217.8_6147984.86,0.0,8.03,0.0,0.0,39.22346376005078,5.959537906817141,0.0,45.15157267634839
584978.76_6148141.4,0.0,8.03,0.0,0.0,40.152833838772835,0.0,0.0,0.0
585240.03_6148360.41,0.0,7.07,0.0,0.0,35.53480897035307,28.32021818076944,0.0,129.78536244498858
586440.98_6148807.88,0.0,5.61,0.0,0.0008407529510151963,39.497370167151246,3.4934892440305134,0.0,91.17259942951317
585778.04_6148689.0,0.0,5.62,0.0,0.0,33.776023686945464,29.134282093202597,0.0,359.2030211282439
586089.94_6148921.16,0.0,5.68,0.0,0.0,40.3592738612021,0.7293103130146926,0.0,0.0
581900.69_6147403.24,0.0,17.69,0.0,0.0,40.0939909161026,0.0,0.0,0.0
582210.14_6147723.6,0.0,9.68,0.0,0.0,39.590272946856985,3.2586220994584947,0.0,0.0
582304.8_6148175.26,0.0,6.25,0.0,58.478823642333786,64.19069478974716,8.392763923665273,0.0,43.162617004424604
582691.79_6148778.46,0.0,2.5,0.0,97.4648683067885,96.30402047607802,0.0,0.0,0.0
590846.97_6142234.86,32.61,63.71,73.04,16.453742498840477,31.818373564116982,76.40741350553459,0.0,6003.711455720503
589980.94_6142234.86,0.0,59.44,0.0,34.551749351331104,52.91359827919207,18.04524020987683,0.0,178.68745278882076
590413.95_6142484.86,25.34,67.0,58.22,16.4116867650482,34.47372747786147,69.55695974499257,0.0,364.6544022818953
589980.94_6142734.86,15.2,49.77,40.74,28.909632291426757,57.23601383408929,4.352349082202381,0.0,48.93031470678183
590846.97_6142734.86,32.56,54.41,55.42,20.777933710433825,44.62284243497922,38.51113452597665,0.0,1.2178389130596554
590413.95_6142984.86,27.32,54.93,34.77,56.37238478450247,73.08211152042068,22.329197482683867,0.0,0.0
589980.94_6143234.86,11.71,43.68,41.02,27.326779895087533,57.87650294140331,19.326266067452668,0.0,77.53336785518484
590846.97_6143234.86,33.99,59.8,40.51,26.017597796117116,45.16245517138621,59.71192978908769,0.0,579.0472263516866
590413.95_6143484.86,24.15,52.36,31.9,43.06766356224021,67.58275053932294,12.341868970371543,0.0,99.34283038318353
589980.94_6143734.86,2.74,31.74,0.0,26.000320154606893,53.47634413945516,28.342566167964804,0.0,0.0
586949.85_6142484.86,12.19,51.87,28.32,16.886219414905305,37.25401565443806,67.69190353988441,0.0,40.29230703557134
588248.89_6142734.86,16.58,52.72,24.97,39.80508622614881,52.873179053969686,12.459620788337089,0.0,9.282220352917117
587376.6_6142738.42,2.25,55.04,18.12,46.967725446440376,62.154707262784434,31.781474988176626,0.0,0.0
587837.9_6142969.6,2.2,35.14,0.0,0.420973031652821,23.19541848103156,83.94272988312812,0.0,0.0
586949.85_6142984.86,0.0,81.77,84.97,55.49958309200077,64.5392335607747,26.72865631140857,0.0,14737.534559990698
587382.86_6143234.86,29.13,64.05,46.32,77.02400354322153,86.78386135034316,8.161510979749407,0.0,0.0
588273.66_6143193.09,3.82,38.93,19.18,0.0,25.923666193910588,70.37729499071189,0.0,0.0
586949.85_6143484.86,50.85,75.11,44.94,19.553167372112306,35.886820480102486,63.60680398451366,0.0,582.4701933467625
587806.99_6143502.03,16.35,52.47,26.72,63.67416579904251,76.11659990388786,18.9680940209955,0.0,0.0
588248.89_6143734.86,3.34,42.56,0.0,11.385868794232378,38.71280493158137,35.74589056770485,0.0,389.67752969212614
590846.97_6143734.86,13.52,45.48,27.13,7.574629899522763,38.501682840976926,27.18805100069704,0.0,129.29831355066278
591279.98_6143984.86,14.1,46.22,27.94,3.1913954293214775,42.02447335875194,24.4698677762229,0.0,2.5411618359633965
590413.95_6143984.86,0.0,28.96,0.0,47.81871689209312,76.70998335029317,1.778870062968537e-05,0.0,0.0
590844.87_6144231.24,0.0,32.12,0.0,40.245718510960415,75.12113486873456,0.05384074073663664,0.0,0.0
589996.26_6144224.28,7.78,30.22,0.0,25.91795814786304,53.94375253782556,22.57329379407831,0.0,25.975587901040164
590468.14_6144388.63,0.0,28.96,0.0,73.70720480345578,89.13908096249273,0.02850647406916788,0.0,0.0
591320.64_6144331.75,4.48,36.79,0.0,86.61003980694107,95.48084153837944,4.6736734620885105,0.0,26.771765902633305
590743.15_6144534.58,0.0,29.81,0.0,99.58780082132343,98.5969913914807,0.0,0.0,0.0
589980.61_6144748.24,8.45,21.59,0.0,26.735152444001447,48.04668054547111,32.870115285069986,0.0,457.25778397760763
590314.38_6145043.54,4.83,17.3,0.0,52.48875663016117,65.89502348778731,0.10951757700054525,0.0,0.0
587382.86_6143734.86,27.81,58.72,23.36,23.798354777752948,45.75004605135351,41.981943514938166,0.0,108.41162829114235
587815.88_6143984.86,32.13,57.76,26.33,8.96569621170035,27.886061039747812,84.39434067186487,0.0,3389.4586080643985
586949.85_6143984.86,30.1,65.98,48.42,39.70861737360473,52.37451008532683,31.106440394193612,0.0,270.63893516551315
588248.89_6144234.86,35.31,55.09,22.38,0.7323961754810171,30.74888671925286,46.37703412915273,0.0,818.4806466613253
587382.86_6144234.86,16.7,55.26,52.92,13.735018431826646,34.93907583043322,58.18863510556345,0.0,954.0149274100288
587815.88_6144484.86,22.79,50.29,32.62,4.406530456672552,34.76390799508729,25.046099547950817,0.0,188.76697516801073
586949.85_6144484.86,28.07,59.39,56.71,8.045217021381571,31.06147320186281,66.34404266265383,0.0,1655.7890929356636
588248.89_6144734.86,36.35,52.03,0.0,0.0,25.51572400091918,71.65220490078389,0.0,566.1847850647589
587382.86_6144734.86,8.13,42.63,33.05,0.10170292583313255,33.38556630896155,26.838491501736772,0.0,8.675555458336923
586949.85_6144984.86,15.18,52.76,24.68,1.2712538513066034,38.00887578149844,11.23422873858728,0.0,53.68983436384227
589099.33_6143760.51,26.48,44.89,0.0,4.046694617203709,37.50443132487342,20.67654066850203,0.0,37.307617594405485
589544.57_6143996.26,31.52,49.74,0.0,9.65610990888244,38.44804880292548,20.965420854121287,0.0,610.3917225278639
588681.9_6143984.86,18.24,42.88,0.0,8.221579469020261,40.104900389334745,15.628631508600876,0.0,209.82417228431817
589114.91_6144234.86,57.7,65.39,0.0,6.769780719134448,31.51123013170356,51.51116795566961,0.0,1063.063111652736
589547.93_6144484.86,28.94,44.41,0.0,5.580281223721108,22.630813451998733,98.68138687009773,0.0,2382.6679497263726
588681.9_6144484.86,52.3,60.17,0.0,0.9442829485585956,21.229474331646866,97.28413852770146,0.0,2545.8555488819684
589114.91_6144734.86,46.95,59.03,0.0,5.887351753066525,23.115516952752234,93.55420088577947,0.0,962.0035040412183
589547.93_6144984.86,23.1,44.63,0.0,0.0,34.87793039947502,20.069818566563416,0.0,181.130612214036
588681.9_6144984.86,24.94,47.65,0.0,4.657871469343458,28.06230956336579,71.02183280246514,0.0,1058.8136823401906
589114.91_6145234.86,23.84,45.41,0.0,0.6942372593828029,33.80574775056087,26.382652387258908,0.0,69.77838411611553
590569.85_6145236.8,7.44,13.24,0.0,0.0,55.18607632635491,0.0,0.0,0.0
589977.3_6145236.99,0.0,26.32,0.0,18.246142470151874,47.47441793636856,0.033196459445080574,0.0,0.0
590400.22_6145488.46,10.47,13.96,0.0,0.0,40.52365440154443,0.6465310536195804,0.0,0.0
590661.15_6145779.07,7.09,8.72,0.0,0.0,40.753734965153306,0.0,0.0,0.0
589960.99_6145742.12,0.0,20.17,0.0,1.4133561233920153,38.598347724702855,0.1450251626211842,0.0,0.0
590433.93_6145975.48,6.99,8.68,0.0,0.0,39.283655863857746,0.06414504272317585,0.0,0.0
590706.96_6146099.0,5.5,7.9,0.0,0.0,43.033794551381014,0.0,0.0,0.0
587815.88_6144984.86,5.42,38.52,19.68,0.0,27.60751976231007,64.75986331431368,0.0,129.6121854340649
588248.89_6145234.86,2.19,36.25,18.53,1.2258321930996652,34.930806469078455,26.75084878171823,0.0,73.05892466215614
587382.86_6145234.86,0.0,26.94,0.0,0.0,33.92879401084035,27.92439131078429,0.0,20.72323494641506
586949.85_6145484.86,18.27,45.88,23.68,0.49386686128139723,31.192216605814004,50.96050847326191,0.0,70.74469979212375
587815.88_6145484.86,0.0,35.59,32.71,2.276064202496119,36.56409812759995,16.162521247737327,0.0,73.32836981037539
587382.86_6145734.86,0.0,28.04,27.38,6.208750046094842,38.36172010733564,14.390752329116518,0.0,23.053066094238048
588248.89_6145734.86,0.0,26.79,26.03,4.4702646390569125,38.65681117854772,17.994678156897102,0.0,48.9571097772716
587815.88_6145984.86,3.82,32.74,51.52,4.034878428190236,33.40298574629151,38.135782599980885,0.0,31.90531432055664
586949.85_6145984.86,33.58,52.74,37.85,0.6856295403922108,34.24952920623869,26.935603321239032,0.0,333.4541068213623
588248.89_6146234.86,0.0,23.31,18.09,2.448794410807706,40.08523901071176,0.028476178223976214,0.0,0.0
588681.9_6145484.86,6.73,36.07,0.0,16.9217018937994,40.70906789057369,31.01904553460699,0.0,125.82093868225864
589547.93_6145484.86,7.32,33.39,0.0,23.14524364300842,48.32550230724219,1.250337040071789,0.0,0.0
589114.91_6145734.86,0.0,30.53,0.0,1.9637524780398459,38.846761246412505,1.2152704932834404,0.0,7.622848684954185
588681.9_6145984.86,0.0,26.95,0.0,0.1998044698060288,36.44848256217371,14.449610668255339,0.0,13.01748006199935
589547.93_6145984.86,0.0,15.31,0.0,1.745272662863473,38.13643656243337,0.04158733498773166,0.0,0.0
589114.91_6146234.86,0.0,17.26,0.0,3.669752678717956,38.65195660675708,7.056297517033743,0.0,36.00330071201255
588681.9_6146484.86,0.0,23.64,21.81,9.617462499496858,45.667667163464166,0.011928941356524655,0.0,0.0
589547.93_6146484.86,0.0,12.21,0.0,5.934638067919295,40.18586224645719,4.929725397547831,0.0,0.0
589114.91_6146734.86,0.0,10.77,0.0,2.2187581747890173,39.67443956283046,0.005109295848290957,0.0,0.0
588681.9_6146984.86,0.0,11.83,0.0,0.0,38.82162708253177,0.0,0.0,0.0
589980.67_6146234.87,0.0,14.15,0.0,0.0,38.17327013147227,0.2757135552074978,0.0,0.0
590383.78_6146510.2,3.14,6.35,0.0,32.85263438656988,61.55738264404565,3.4228286191044366,0.0,0.0
590723.26_6146824.5,0.0,12.14,0.0,67.57940637255518,85.23956663486923,0.0,0.0,0.0
589980.94_6146734.86,0.0,0.0,0.0,7.093540658596076,44.45915339761563,0.0,0.0,0.0
590364.44_6146979.25,0.0,12.14,0.0,6.398048490294261,55.24324061937927,0.0,0.0,0.0
590769.35_6147159.79,0.0,3.85,0.0,0.7052353655819035,55.82086195282242,0.0,0.0,0.0
589980.94_6147234.86,0.0,2.04,0.0,21.949538432213348,54.18923480540315,4.985156680908947,0.0,19.19299950798439
587382.86_6146234.86,22.47,43.59,63.6,8.300392046380914,33.09356169696601,51.784984510922484,0.0,650.7538746859474
587815.88_6146484.86,6.14,31.9,53.11,3.9709561700016405,40.728519628519464,0.020044168297594357,0.0,0.0
586949.85_6146484.86,25.34,38.15,30.68,3.8482780150085527,25.77032547741226,84.87814812435299,0.0,1625.3990881311834
587382.86_6146734.86,18.02,38.83,31.68,1.092827029607602,35.052386664245,27.279366115104676,0.0,175.2290088064216
588248.89_6146734.86,0.0,28.44,43.21,3.623732119193342,40.68937687812934,0.0,0.0,0.0
587815.88_6146984.86,0.0,27.24,39.98,17.92224859712705,48.24276008771769,0.03447529353105764,0.0,0.0
586949.85_6146984.86,11.46,32.56,23.07,9.98453234936555,38.863572134413474,31.27222337085305,0.0,383.6650765023343
588248.89_6147234.86,0.0,10.63,0.0,1.9784655421441504,42.52441911384206,0.0,0.0,0.0
587382.86_6147234.86,0.0,0.0,0.0,28.860502347897903,54.10992234707774,0.8817383930952203,0.0,0.0
586949.85_6147484.86,0.0,22.43,0.0,4.336012924563498,40.606607984799965,9.065673871789043,0.0,65.62298279783981
595902.27_6144531.66,0.0,18.1,44.64,0.0,47.228794811488456,0.0,0.0,1916.8934317570418
589547.93_6146984.86,0.0,5.59,0.0,0.19175188518029437,38.53388927788468,0.0,0.0,0.0
589114.91_6147234.86,0.0,9.8,0.0,0.0,37.058790279564704,9.984090643986276,0.0,35.511915236140005
588683.06_6147462.5,0.0,15.41,0.0,0.0,37.08687177950464,12.468238529795995,0.0,180.99766585798966
589548.56_6147480.91,0.0,5.96,0.0,0.4594874939813945,37.11494910337462,12.833446982300089,0.0,51.85069108794289
589123.38_6147602.48,0.0,5.8,0.0,0.0,38.086216166210164,6.106850965742791,0.0,48.04130949909415
590396.64_6147497.69,0.0,2.07,0.0,18.70408423183871,53.77951933967113,0.0,0.0,0.0
590738.84_6147790.67,0.0,0.0,0.0,0.0,39.35555044597924,0.0,0.0,0.0
589988.36_6147631.72,0.0,0.0,0.0,1.456020360516648,40.089296151865206,2.9579793451645844,0.0,0.0
590465.08_6147769.61,0.0,0.0,0.0,0.0,40.83855410120708,0.0,0.0,0.0
590916.87_6148016.22,0.0,0.0,0.0,0.0,39.35555044597924,0.0,0.0,0.4759327129077545
587815.88_6147484.86,0.0,14.94,0.0,18.984822597873794,50.49689583992336,1.9861070495882858,0.0,26.6883557805391
588181.49_6147668.11,0.0,10.36,0.0,0.0,37.864377684559805,9.253779995910028,0.0,115.2896422158742
587382.86_6147734.86,0.0,18.41,0.0,5.697979769555439,40.66913674483593,10.475539432853994,0.0,84.06181795952975
586949.85_6147984.86,0.0,15.16,0.0,7.33363904893503,42.43462125107235,7.266949852179557,0.0,92.58072576614518
587815.88_6147984.86,0.0,11.93,0.0,4.570105563047513,41.26441190472211,1.0571880569353038,0.0,25.47903208212801
588050.47_6148178.9,0.0,11.93,0.0,13.706694097779923,44.45057448240324,8.142257430430572,0.0,0.0
587382.86_6148234.86,0.0,14.61,0.0,15.874962924745754,46.169038610235425,4.866220135951183,0.0,63.74667390279992
586965.08_6148419.84,0.0,8.37,0.0,1.6699302209206994,41.0708930319689,0.0,0.0,0.0
587779.0_6148431.03,0.0,11.53,0.0,7.336712222479575,43.1859450247687,0.0,0.0,0.0
587412.88_6148595.75,0.0,10.48,0.0,9.547387651221987,42.25399293110499,14.810585173417707,0.0,414.89609856132466
586720.2_6149030.33,0.0,0.0,0.0,0.0,40.19345983243496,0.0,0.0,0.0
