hex_id,hex_area_m2,pop_M1_val,pop_M1,pop_M2_val,pop_M2,pop_M3_val,pop_M3,pop_M3_folk,pop_M4,pop_M5,pop_M6,age_0_14_M6,age_65plus_M6,pop_total,age_0_14,age_65plus,pop_density_km2,pct_0_14,pct_65plus,pop_M3_komm21,source
0,216506.3509460888,0.0,0.0,0.0,0.0,0.0,0.0,0.0,0.0,0.02326893733437902,0.0,0.0,0.0,0.0,0.0,0.0,0.0,,,0.0,dasymetric_v2 preferred=M3_folk ages=M6_scaled
1,216506.3509460888,0.0,0.0,0.0,0.0,0.0,0.0,0.0,0.0,0.02326893733437902,0.0,0.0,0.0,0.0,0.0,0.0,0.0,,,0.0,dasymetric_v2 preferred=M3_folk ages=M6_scaled
2,216506.3509460888,0.0,0.0,0.0,0.0,0.0,0.0,0.0,0.0,0.02326893733437902,0.0,0.0,0.0,0.0,0.0,0.0,0.0,,,0.0,dasymetric_v2 preferred=M3_folk ages=M6_scaled
3,216506.3509460888,0.0,0.0,0.0,0.0,0.0,0.0,0.0,0.0,0.02326893733437902,0.0,0.0,0.0,0.0,0.0,0.0,0.0,,,0.0,dasymetric_v2 preferred=M3_folk ages=M6_scaled
4,216506.3509460888,0.0,0.0,0.0,0.0,0.0,0.0,0.0,0.0,0.02326893733437902,0.0,0.0,0.0,0.0,0.0,0.0,0.0,,,0.0,dasymetric_v2 preferred=M3_folk ages=M6_scaled
5,216506.3509460888,0.0,0.0,0.0,0.0,0.0,0.0,0.0,0.0,0.02326893733437902,0.0,0.0,0.0,0.0,0.0,0.0,0.0,,,0.0,dasymetric_v2 preferred=M3_folk ages=M6_scaled
6,216506.3509460888,0.0,0.0,0.0,0.0,0.0,0.0,0.0,0.0,0.02326893733437902,0.0,0.0,0.0,0.0,0.0,0.0,0.0,,,0.0,dasymetric_v2 preferred=M3_folk ages=M6_scaled
7,216506.3509460888,0.0,0.0,0.0,0.0,0.0,0.0,0.0,0.0,0.02326893733437902,0.0,0.0,0.0,0.0,0.0,0.0,0.0,,,0.0,dasymetric_v2 preferred=M3_folk ages=M6_scaled
8,216506.3509460888,0.0,0.0,0.0,0.0,0.0,0.0,0.0,0.0,0.02326893733437902,0.0,0.0,0.0,0.0,0.0,0.0,0.0,,,0.0,dasymetric_v2 preferred=M3_folk ages=M6_scaled
9,216506.3509460888,0.0,0.0,0.0,0.0,0.0,0.0,0.0,0.0,0.02326893733437902,0.0,0.0,0.0,0.0,0.0,0.0,0.0,,,0.0,dasymetric_v2 preferred=M3_folk ages=M6_scaled
10,216506.3509460888,0.0,0.0,0.0,0.0,0.0,0.0,0.0,0.0,0.02326893733437902,0.0,0.0,0.0,0.0,0.0,0.0,0.0,,,0.0,dasymetric_v2 preferred=M3_folk ages=M6_scaled
11,216506.3509460888,0.0,0.0,0.0,0.0,0.0,0.0,0.0,0.0,0.02326893733437902,0.0,0.0,0.0,0.0,0.0,0.0,0.0,,,0.0,dasymetric_v2 preferred=M3_folk ages=M6_scaled
12,216506.3509460888,0.0,0.0,0.0,0.0,0.0,0.0,0.0,0.0,0.02326893733437902,0.0,0.0,0.0,0.0,0.0,0.0,0.0,,,0.0,dasymetric_v2 preferred=M3_folk ages=M6_scaled
13,216506.3509460888,0.0,0.0,0.0,0.0,0.0,0.0,0.0,0.0,0.02326893733437902,0.0,0.0,0.0,0.0,0.0,0.0,0.0,,,0.0,dasymetric_v2 preferred=M3_folk ages=M6_scaled
14,216506.3509460888,0.0,0.0,0.0,0.0,0.0,0.0,0.0,0.0,0.02326893733437902,0.0,0.0,0.0,0.0,0.0,0.0,0.0,,,0.0,dasymetric_v2 preferred=M3_folk ages=M6_scaled
15,216506.3509460888,0.0,0.0,0.0,0.0,0.0,0.0,0.0,0.0,0.02326893733437902,0.0,0.0,0.0,0.0,0.0,0.0,0.0,,,0.0,dasymetric_v2 preferred=M3_folk ages=M6_scaled
16,216506.3509460888,0.0,0.0,0.0,0.0,0.0,0.0,0.0,0.0,0.02326893733437902,0.0,0.0,0.0,0.0,0.0,0.0,0.0,,,0.0,dasymetric_v2 preferred=M3_folk ages=M6_scaled
17,216506.3509460888,0.0,0.0,0.0,0.0,0.0,0.0,0.0,0.0,0.02326893733437902,0.0,0.0,0.0,0.0,0.0,0.0,0.0,,,0.0,dasymetric_v2 preferred=M3_folk ages=M6_scaled
18,216506.3509460888,0.0,0.0,0.0,0.0,0.0,0.0,0.0,0.0,0.02326893733437902,0.0,0.0,0.0,0.0,0.0,0.0,0.0,,,0.0,dasymetric_v2 preferred=M3_folk ages=M6_scaled
19,216506.3509460888,0.0,0.0,0.0,0.0,0.0,0.0,0.0,0.0,0.02326893733437902,0.0,0.0,0.0,0.0,0.0,0.0,0.0,,,0.0,dasymetric_v2 preferred=M3_folk ages=M6_scaled
20,216506.3509460888,0.0,0.0,0.0,0.0,0.0,0.0,0.0,0.0,0.02326893733437902,0.0,0.0,0.0,0.0,0.0,0.0,0.0,,,0.0,dasymetric_v2 preferred=M3_folk ages=M6_scaled
21,216506.3509460888,0.0,0.0,0.0,0.0,0.0,0.0,0.0,0.0,0.02326893733437902,0.0,0.0,0.0,0.0,0.0,0.0,0.0,,,0.0,dasymetric_v2 preferred=M3_folk ages=M6_scaled
22,216506.3509460888,0.0,0.0,0.0,0.0,0.0,0.0,0.0,0.0,0.02326893733437902,0.0,0.0,0.0,0.0,0.0,0.0,0.0,,,0.0,dasymetric_v2 preferred=M3_folk ages=M6_scaled
23,216506.3509460888,0.0,0.0,0.0,0.0,0.0,0.0,0.0,0.0,0.02326893733437902,0.0,0.0,0.0,0.0,0.0,0.0,0.0,,,0.0,dasymetric_v2 preferred=M3_folk ages=M6_scaled
24,216506.3509460888,0.0,0.0,4.782674772036474,3.8738601823708207,2.977766911372469,2.41192496253207,2.4163443948137004,1.2795852937506584,4.515148554997412,0.0,0.0,0.0,2.4163443948137004,0.0,0.0,11.160616694405343,0.0,0.0,2.921859861870749,dasymetric_v2 preferred=M3_folk ages=M6_scaled
25,216506.3509460888,4.586906543263727,3.7152922716171717,11.956686930091184,9.684650455927052,6.9747694769730995,5.649408133716056,5.659759689865647,2.230676835488008,10.57575064224226,0.0,0.0,0.0,5.659759689865647,0.0,0.0,26.141310243942712,0.0,0.0,6.843819408005984,dasymetric_v2 preferred=M3_folk ages=M6_scaled
26,216506.3509460888,0.09279539415778122,0.07516220518213673,7.174012158054711,5.810790273556231,3.867099982218609,3.132264968120507,3.1380042979627585,0.9510915417378691,5.863632519409391,0.0,0.0,0.0,3.1380042979627585,0.0,0.0,14.493821009177408,0.0,0.0,3.794495860885839,dasymetric_v2 preferred=M3_folk ages=M6_scaled
27,216506.3509460888,4.440158713141892,3.5964297933901115,7.174012158054711,5.810790273556231,3.29752711662052,2.670923616226789,2.675817618417856,0.0,0.02326893733437902,0.0,0.0,0.0,2.675817618417856,0.0,0.0,12.359072178368331,0.0,0.0,3.2356166255615686,dasymetric_v2 preferred=M3_folk ages=M6_scaled
28,216506.3509460888,0.0,0.0,0.0,0.0,0.0,0.0,0.0,0.0,0.02326893733437902,0.0,0.0,0.0,0.0,0.0,0.0,0.0,,,0.0,dasymetric_v2 preferred=M3_folk ages=M6_scaled
29,216506.3509460888,0.0,0.0,0.0,0.0,0.0,0.0,0.0,0.0,0.02326893733437902,0.0,0.0,0.0,0.0,0.0,0.0,0.0,,,0.0,dasymetric_v2 preferred=M3_folk ages=M6_scaled
30,216506.3509460888,0.0,0.0,0.0,0.0,0.0,0.0,0.0,0.0,0.02326893733437902,0.0,0.0,0.0,0.0,0.0,0.0,0.0,,,0.0,dasymetric_v2 preferred=M3_folk ages=M6_scaled
31,216506.3509460888,0.0,0.0,0.0,0.0,0.0,0.0,0.0,0.0,0.02326893733437902,0.0,0.0,0.0,0.0,0.0,0.0,0.0,,,0.0,dasymetric_v2 preferred=M3_folk ages=M6_scaled
32,216506.3509460888,0.0,0.0,0.0,0.0,0.0,0.0,0.0,0.0,0.02326893733437902,0.0,0.0,0.0,0.0,0.0,0.0,0.0,,,0.0,dasymetric_v2 preferred=M3_folk ages=M6_scaled
33,216506.3509460888,0.0,0.0,0.0,0.0,0.0,0.0,0.0,0.0,0.02326893733437902,0.0,0.0,0.0,0.0,0.0,0.0,0.0,,,0.0,dasymetric_v2 preferred=M3_folk ages=M6_scaled
34,216506.3509460888,0.0,0.0,0.0,0.0,0.0,0.0,0.0,0.0,0.02326893733437902,0.0,0.0,0.0,0.0,0.0,0.0,0.0,,,0.0,dasymetric_v2 preferred=M3_folk ages=M6_scaled
35,216506.3509460888,0.0,0.0,0.0,0.0,0.0,0.0,0.0,0.0,0.02326893733437902,0.0,0.0,0.0,0.0,0.0,0.0,0.0,,,0.0,dasymetric_v2 preferred=M3_folk ages=M6_scaled
36,216506.3509460888,0.0,0.0,0.0,0.0,0.0,0.0,0.0,0.0,0.02326893733437902,0.0,0.0,0.0,0.0,0.0,0.0,0.0,,,0.0,dasymetric_v2 preferred=M3_folk ages=M6_scaled
37,216506.3509460888,0.0,0.0,0.0,0.0,0.0,0.0,0.0,0.0,0.02326893733437902,0.0,0.0,0.0,0.0,0.0,0.0,0.0,,,0.0,dasymetric_v2 preferred=M3_folk ages=M6_scaled
38,216506.3509460888,0.0,0.0,0.0,0.0,0.0,0.0,0.0,0.0,0.02326893733437902,0.0,0.0,0.0,0.0,0.0,0.0,0.0,,,0.0,dasymetric_v2 preferred=M3_folk ages=M6_scaled
39,216506.3509460888,0.0,0.0,0.0,0.0,0.0,0.0,0.0,0.0,0.02326893733437902,0.0,0.0,0.0,0.0,0.0,0.0,0.0,,,0.0,dasymetric_v2 preferred=M3_folk ages=M6_scaled
40,216506.3509460888,0.0,0.0,0.0,0.0,0.0,0.0,0.0,0.0,0.02326893733437902,0.0,0.0,0.0,0.0,0.0,0.0,0.0,,,0.0,dasymetric_v2 preferred=M3_folk ages=M6_scaled
41,216506.3509460888,0.0,0.0,0.0,0.0,0.0,0.0,0.0,0.0,0.02326893733437902,0.0,0.0,0.0,0.0,0.0,0.0,0.0,,,0.0,dasymetric_v2 preferred=M3_folk ages=M6_scaled
42,216506.3509460888,0.0,0.0,0.0,0.0,0.0,0.0,0.0,0.0,0.02326893733437902,0.0,0.0,0.0,0.0,0.0,0.0,0.0,,,0.0,dasymetric_v2 preferred=M3_folk ages=M6_scaled
43,216506.3509460888,0.0,0.0,0.0,0.0,0.0,0.0,0.0,0.0,0.02326893733437902,0.0,0.0,0.0,0.0,0.0,0.0,0.0,,,0.0,dasymetric_v2 preferred=M3_folk ages=M6_scaled
44,216506.3509460888,0.0,0.0,0.0,0.0,0.0,0.0,0.0,0.0,0.02326893733437902,0.0,0.0,0.0,0.0,0.0,0.0,0.0,,,0.0,dasymetric_v2 preferred=M3_folk ages=M6_scaled
45,216506.3509460888,0.0,0.0,0.0,0.0,0.0,0.0,0.0,0.0,0.02326893733437902,0.0,0.0,0.0,0.0,0.0,0.0,0.0,,,0.0,dasymetric_v2 preferred=M3_folk ages=M6_scaled
46,216506.3509460888,0.0,0.0,0.0,0.0,0.0,0.0,0.0,0.0,0.02326893733437902,0.0,0.0,0.0,0.0,0.0,0.0,0.0,,,0.0,dasymetric_v2 preferred=M3_folk ages=M6_scaled
47,216506.3509460888,0.0,0.0,0.0,0.0,0.0,0.0,0.0,0.0,0.02326893733437902,0.0,0.0,0.0,0.0,0.0,0.0,0.0,,,0.0,dasymetric_v2 preferred=M3_folk ages=M6_scaled
48,216506.3509460888,0.0,0.0,0.0,0.0,0.0,0.0,0.0,0.0,0.02326893733437902,0.0,0.0,0.0,0.0,0.0,0.0,0.0,,,0.0,dasymetric_v2 preferred=M3_folk ages=M6_scaled
49,216506.3509460888,0.0,0.0,0.0,0.0,0.0,0.0,0.0,0.0,0.02326893733437902,0.0,0.0,0.0,0.0,0.0,0.0,0.0,,,0.0,dasymetric_v2 preferred=M3_folk ages=M6_scaled
50,216506.3509460888,0.0,0.0,0.0,0.0,0.0,0.0,0.0,0.0,0.02326893733437902,0.0,0.0,0.0,0.0,0.0,0.0,0.0,,,0.0,dasymetric_v2 preferred=M3_folk ages=M6_scaled
51,216506.3509460888,0.0,0.0,0.0,0.0,0.0,0.0,0.0,0.0,0.02326893733437902,0.0,0.0,0.0,0.0,0.0,0.0,0.0,,,0.0,dasymetric_v2 preferred=M3_folk ages=M6_scaled
52,216506.3509460888,0.0,0.0,0.0,0.0,0.0,0.0,0.0,0.0,0.02326893733437902,0.0,0.0,0.0,0.0,0.0,0.0,0.0,,,0.0,dasymetric_v2 preferred=M3_folk ages=M6_scaled
53,216506.3509460888,0.0,0.0,0.0,0.0,0.0,0.0,0.0,0.0,0.02326893733437902,0.0,0.0,0.0,0.0,0.0,0.0,0.0,,,0.0,dasymetric_v2 preferred=M3_folk ages=M6_scaled
54,216506.3509460888,0.0,0.0,0.0,0.0,0.0,0.0,0.0,0.0,0.02326893733437902,0.0,0.0,0.0,0.0,0.0,0.0,0.0,,,0.0,dasymetric_v2 preferred=M3_folk ages=M6_scaled
55,216506.3509460888,0.0,0.0,0.0,0.0,0.0,0.0,0.0,0.0,0.02326893733437902,0.0,0.0,0.0,0.0,0.0,0.0,0.0,,,0.0,dasymetric_v2 preferred=M3_folk ages=M6_scaled
56,216506.3509460888,0.0,0.0,0.0,0.0,0.0,0.0,0.0,0.0,0.02326893733437902,0.0,0.0,0.0,0.0,0.0,0.0,0.0,,,0.0,dasymetric_v2 preferred=M3_folk ages=M6_scaled
57,216506.3509460888,0.0,0.0,0.0,0.0,0.0,0.0,0.0,0.0,0.02326893733437902,0.0,0.0,0.0,0.0,0.0,0.0,0.0,,,0.0,dasymetric_v2 preferred=M3_folk ages=M6_scaled
58,216506.3509460888,0.0,0.0,0.0,0.0,0.0,0.0,0.0,0.0,0.02326893733437902,0.0,0.0,0.0,0.0,0.0,0.0,0.0,,,0.0,dasymetric_v2 preferred=M3_folk ages=M6_scaled
59,216506.3509460888,0.0,0.0,0.0,0.0,0.0,0.0,0.0,0.0,0.02326893733437902,0.0,0.0,0.0,0.0,0.0,0.0,0.0,,,0.0,dasymetric_v2 preferred=M3_folk ages=M6_scaled
60,216506.3509460888,0.0,0.0,0.0,0.0,0.0,0.0,0.0,0.0,0.02326893733437902,0.0,0.0,0.0,0.0,0.0,0.0,0.0,,,0.0,dasymetric_v2 preferred=M3_folk ages=M6_scaled
61,216506.3509460888,0.0,0.0,0.0,0.0,0.0,0.0,0.0,0.0,0.02326893733437902,0.0,0.0,0.0,0.0,0.0,0.0,0.0,,,0.0,dasymetric_v2 preferred=M3_folk ages=M6_scaled
62,216506.3509460888,0.0,0.0,0.0,0.0,0.0,0.0,0.0,0.0,0.02326893733437902,0.0,0.0,0.0,0.0,0.0,0.0,0.0,,,0.0,dasymetric_v2 preferred=M3_folk ages=M6_scaled
63,216506.3509460888,0.0,0.0,14.348024316109422,11.621580547112462,9.123158355983437,7.389555338227449,7.403095410956069,0.0,0.02326893733437902,0.0,0.0,0.0,7.403095410956069,0.0,0.0,34.19343302681905,0.0,0.0,8.95187266405367,dasymetric_v2 preferred=M3_folk ages=M6_scaled
64,216506.3509460888,0.0,0.0,112.39285714285714,91.03571428571429,71.11666814844921,57.60291932329108,57.708466637211764,0.0,10.016350442750337,0.0,0.0,0.0,57.708466637211764,0.0,0.0,266.5439899801437,0.0,0.0,69.78146522461115,dasymetric_v2 preferred=M3_folk ages=M6_scaled
65,216506.3509460888,0.0,0.0,2.391337386018237,1.9369300911854104,1.8186361673482867,1.473054842888714,1.475753959248636,0.0,0.02326893733437902,0.0,0.0,0.0,1.475753959248636,0.0,0.0,6.8162155650395055,0.0,0.0,1.7844915934915317,dasymetric_v2 preferred=M3_folk ages=M6_scaled
66,216506.3509460888,0.0,0.0,7.174012158054711,5.810790273556231,6.165376457438972,4.993817791551299,5.002968092617627,0.0,0.02326893733437902,0.0,0.0,0.0,5.002968092617627,0.0,0.0,23.107719800161394,0.0,0.0,6.049622599913599,dasymetric_v2 preferred=M3_folk ages=M6_scaled
67,216506.3509460888,7.498088933390934,6.073285253007148,21.522036474164132,17.432370820668694,12.010992709629893,9.72863692940788,9.746462961631101,0.4448980491181785,18.21210927217077,0.0,0.0,0.0,9.746462961631101,0.0,0.0,45.01698411635981,0.0,0.0,11.78548843613638,dasymetric_v2 preferred=M3_folk ages=M6_scaled
68,216506.3509460888,31.29903621663609,25.351523138292148,7.174012158054711,5.810790273556231,4.126905148982651,3.342701374247466,3.3488262921411347,21.235728357474734,6.257571655080306,0.0,0.0,0.0,3.3488262921411347,0.0,0.0,15.467566089897336,0.0,0.0,4.04942323138463,dasymetric_v2 preferred=M3_folk ages=M6_scaled
69,216506.3509460888,30.61556061724901,24.79792310561415,4.782674772036474,3.8738601823708207,2.2882839688063608,1.8534591155028322,1.8568552564172394,20.790830308355492,3.469694694947676,0.0,0.0,0.0,1.8568552564172394,0.0,0.0,8.576447057110146,0.0,0.0,2.2453218401624215,dasymetric_v2 preferred=M3_folk ages=M6_scaled
70,216506.3509460888,8.99562176907802,7.286253539682197,16.73936170212766,13.558510638297873,13.200100972896081,10.691788172835116,10.711379011909054,0.0,20.01513839312611,0.0,0.0,0.0,10.711379011909054,0.0,0.0,49.473740447347176,0.0,0.0,12.952271401111611,dasymetric_v2 preferred=M3_folk ages=M6_scaled
71,216506.3509460888,0.0,0.0,4.782674772036474,3.8738601823708207,4.18686018746666,3.391263621815226,3.3974775215669144,0.0,0.02326893733437902,0.0,0.0,0.0,3.3974775215669144,0.0,0.0,15.6922764931404,0.0,0.0,4.108252624576658,dasymetric_v2 preferred=M3_folk ages=M6_scaled
72,216506.3509460888,0.0,0.0,0.0,0.0,0.0,0.0,0.0,0.0,0.02326893733437902,0.0,0.0,0.0,0.0,0.0,0.0,0.0,,,0.0,dasymetric_v2 preferred=M3_folk ages=M6_scaled
73,216506.3509460888,0.0,0.0,0.0,0.0,0.0,0.0,0.0,0.0,0.02326893733437902,0.0,0.0,0.0,0.0,0.0,0.0,0.0,,,0.0,dasymetric_v2 preferred=M3_folk ages=M6_scaled
74,216506.3509460888,0.0,0.0,0.0,0.0,0.0,0.0,0.0,0.0,0.02326893733437902,0.0,0.0,0.0,0.0,0.0,0.0,0.0,,,0.0,dasymetric_v2 preferred=M3_folk ages=M6_scaled
75,216506.3509460888,0.0,0.0,0.0,0.0,0.0,0.0,0.0,0.0,0.02326893733437902,0.0,0.0,0.0,0.0,0.0,0.0,0.0,,,0.0,dasymetric_v2 preferred=M3_folk ages=M6_scaled
76,216506.3509460888,0.0,0.0,0.0,0.0,0.0,0.0,0.0,0.0,0.02326893733437902,0.0,0.0,0.0,0.0,0.0,0.0,0.0,,,0.0,dasymetric_v2 preferred=M3_folk ages=M6_scaled
77,216506.3509460888,0.0,0.0,0.0,0.0,0.0,0.0,0.0,0.0,0.02326893733437902,0.0,0.0,0.0,0.0,0.0,0.0,0.0,,,0.0,dasymetric_v2 preferred=M3_folk ages=M6_scaled
78,216506.3509460888,0.0,0.0,0.0,0.0,0.0,0.0,0.0,0.0,0.02326893733437902,0.0,0.0,0.0,0.0,0.0,0.0,0.0,,,0.0,dasymetric_v2 preferred=M3_folk ages=M6_scaled
79,216506.3509460888,0.0,0.0,0.0,0.0,0.0,0.0,0.0,0.0,0.02326893733437902,0.0,0.0,0.0,0.0,0.0,0.0,0.0,,,0.0,dasymetric_v2 preferred=M3_folk ages=M6_scaled
80,216506.3509460888,0.0,0.0,0.0,0.0,0.0,0.0,0.0,0.0,0.02326893733437902,0.0,0.0,0.0,0.0,0.0,0.0,0.0,,,0.0,dasymetric_v2 preferred=M3_folk ages=M6_scaled
81,216506.3509460888,0.0,0.0,0.0,0.0,0.0,0.0,0.0,0.0,0.02326893733437902,0.0,0.0,0.0,0.0,0.0,0.0,0.0,,,0.0,dasymetric_v2 preferred=M3_folk ages=M6_scaled
82,216506.3509460888,0.0,0.0,0.0,0.0,0.0,0.0,0.0,0.0,0.02326893733437902,0.0,0.0,0.0,0.0,0.0,0.0,0.0,,,0.0,dasymetric_v2 preferred=M3_folk ages=M6_scaled
83,216506.3509460888,0.0,0.0,0.0,0.0,0.0,0.0,0.0,0.0,0.02326893733437902,0.0,0.0,0.0,0.0,0.0,0.0,0.0,,,0.0,dasymetric_v2 preferred=M3_folk ages=M6_scaled
84,216506.3509460888,0.0,0.0,0.0,0.0,0.0,0.0,0.0,0.0,0.02326893733437902,0.0,0.0,0.0,0.0,0.0,0.0,0.0,,,0.0,dasymetric_v2 preferred=M3_folk ages=M6_scaled
85,216506.3509460888,0.0,0.0,0.0,0.0,0.0,0.0,0.0,0.0,0.02326893733437902,0.0,0.0,0.0,0.0,0.0,0.0,0.0,,,0.0,dasymetric_v2 preferred=M3_folk ages=M6_scaled
86,216506.3509460888,0.0,0.0,0.0,0.0,0.0,0.0,0.0,0.0,0.02326893733437902,0.0,0.0,0.0,0.0,0.0,0.0,0.0,,,0.0,dasymetric_v2 preferred=M3_folk ages=M6_scaled
87,216506.3509460888,0.0,0.0,0.0,0.0,0.0,0.0,0.0,0.0,0.02326893733437902,0.0,0.0,0.0,0.0,0.0,0.0,0.0,,,0.0,dasymetric_v2 preferred=M3_folk ages=M6_scaled
88,216506.3509460888,0.0,0.0,0.0,0.0,0.0,0.0,0.0,0.0,0.02326893733437902,0.0,0.0,0.0,0.0,0.0,0.0,0.0,,,0.0,dasymetric_v2 preferred=M3_folk ages=M6_scaled
89,216506.3509460888,0.0,0.0,0.0,0.0,0.0,0.0,0.0,0.0,0.02326893733437902,0.0,0.0,0.0,0.0,0.0,0.0,0.0,,,0.0,dasymetric_v2 preferred=M3_folk ages=M6_scaled
90,216506.3509460888,0.0,0.0,0.0,0.0,0.0,0.0,0.0,0.0,0.02326893733437902,0.0,0.0,0.0,0.0,0.0,0.0,0.0,,,0.0,dasymetric_v2 preferred=M3_folk ages=M6_scaled
91,216506.3509460888,0.0,0.0,0.0,0.0,0.0,0.0,0.0,0.0,0.02326893733437902,0.0,0.0,0.0,0.0,0.0,0.0,0.0,,,0.0,dasymetric_v2 preferred=M3_folk ages=M6_scaled
92,216506.3509460888,0.0,0.0,0.0,0.0,0.0,0.0,0.0,0.0,0.02326893733437902,0.0,0.0,0.0,0.0,0.0,0.0,0.0,,,0.0,dasymetric_v2 preferred=M3_folk ages=M6_scaled
93,216506.3509460888,0.0,0.0,0.0,0.0,0.0,0.0,0.0,0.0,0.02326893733437902,0.0,0.0,0.0,0.0,0.0,0.0,0.0,,,0.0,dasymetric_v2 preferred=M3_folk ages=M6_scaled
94,216506.3509460888,0.0,0.0,0.0,0.0,0.0,0.0,0.0,0.0,0.02326893733437902,0.0,0.0,0.0,0.0,0.0,0.0,0.0,,,0.0,dasymetric_v2 preferred=M3_folk ages=M6_scaled
95,216506.3509460888,0.0,0.0,0.0,0.0,0.0,0.0,0.0,0.0,0.02326893733437902,0.0,0.0,0.0,0.0,0.0,0.0,0.0,,,0.0,dasymetric_v2 preferred=M3_folk ages=M6_scaled
96,216506.3509460888,0.0,0.0,0.0,0.0,0.0,0.0,0.0,0.0,0.02326893733437902,0.0,0.0,0.0,0.0,0.0,0.0,0.0,,,0.0,dasymetric_v2 preferred=M3_folk ages=M6_scaled
97,216506.3509460888,0.0,0.0,0.0,0.0,0.0,0.0,0.0,0.0,0.02326893733437902,0.0,0.0,0.0,0.0,0.0,0.0,0.0,,,0.0,dasymetric_v2 preferred=M3_folk ages=M6_scaled
98,216506.3509460888,0.0,0.0,0.0,0.0,0.0,0.0,0.0,0.0,0.02326893733437902,0.0,0.0,0.0,0.0,0.0,0.0,0.0,,,0.0,dasymetric_v2 preferred=M3_folk ages=M6_scaled
99,216506.3509460888,0.0,0.0,0.0,0.0,0.0,0.0,0.0,0.0,0.02326893733437902,0.0,0.0,0.0,0.0,0.0,0.0,0.0,,,0.0,dasymetric_v2 preferred=M3_folk ages=M6_scaled
100,216506.3509460888,0.0,0.0,0.0,0.0,0.0,0.0,0.0,0.0,0.02326893733437902,0.0,0.0,0.0,0.0,0.0,0.0,0.0,,,0.0,dasymetric_v2 preferred=M3_folk ages=M6_scaled
101,216506.3509460888,0.0,0.0,0.0,0.0,0.0,0.0,0.0,0.0,0.02326893733437902,0.0,0.0,0.0,0.0,0.0,0.0,0.0,,,0.0,dasymetric_v2 preferred=M3_folk ages=M6_scaled
102,216506.3509460888,0.0,0.0,0.0,0.0,0.0,0.0,0.0,0.0,0.02326893733437902,0.0,0.0,0.0,0.0,0.0,0.0,0.0,,,0.0,dasymetric_v2 preferred=M3_folk ages=M6_scaled
103,216506.3509460888,0.0,0.0,0.0,0.0,0.0,0.0,0.0,0.0,0.02326893733437902,0.0,0.0,0.0,0.0,0.0,0.0,0.0,,,0.0,dasymetric_v2 preferred=M3_folk ages=M6_scaled
104,216506.3509460888,0.0,0.0,0.0,0.0,0.0,0.0,0.0,0.0,0.02326893733437902,0.0,0.0,0.0,0.0,0.0,0.0,0.0,,,0.0,dasymetric_v2 preferred=M3_folk ages=M6_scaled
105,216506.3509460888,0.0,0.0,0.0,0.0,0.0,0.0,0.0,0.0,0.02326893733437902,0.0,0.0,0.0,0.0,0.0,0.0,0.0,,,0.0,dasymetric_v2 preferred=M3_folk ages=M6_scaled
106,216506.3509460888,0.0,0.0,16.73936170212766,13.558510638297873,8.803398150735386,7.13055668453273,7.143622187351913,0.0,8.727275816457809,0.0,0.0,0.0,7.143622187351913,0.0,0.0,32.99497754285606,0.0,0.0,8.638115900362852,dasymetric_v2 preferred=M3_folk ages=M6_scaled
107,216506.3509460888,0.4542783980515596,0.3679553977227281,4.782674772036474,3.8738601823708207,3.8271299565626036,3.0998901364086673,3.1055701450122393,0.0,3.7940370462012947,0.0,0.0,0.0,3.1055701450122393,0.0,0.0,14.344014073682036,0.0,0.0,3.755276265424487,dasymetric_v2 preferred=M3_folk ages=M6_scaled
108,216506.3509460888,4.717282783655178,3.820894126322545,69.34878419452887,56.1709726443769,51.15164033327406,41.43169088322707,41.50760723842729,0.0,69.40801184029921,0.0,0.0,0.0,41.50760723842729,0.0,0.0,191.71542570020452,0.0,0.0,50.191277291665656,dasymetric_v2 preferred=M3_folk ages=M6_scaled
109,216506.3509460888,6.297483731527763,5.100821745047432,76.52279635258358,61.98176291793313,44.66650367058704,36.17887443798105,36.24516592220551,0.0,66.03700070662832,0.0,0.0,0.0,36.24516592220551,0.0,0.0,167.40925041608014,0.0,0.0,43.82789792806125,dasymetric_v2 preferred=M3_folk ages=M6_scaled
110,216506.3509460888,5.581857390957037,4.521180327152681,14.348024316109422,11.621580547112462,8.133900220997281,6.588278253359412,6.600350125430712,0.0,13.101066689381998,0.0,0.0,0.0,6.600350125430712,0.0,0.0,30.485711373308554,0.0,0.0,7.981187676385201,dasymetric_v2 preferred=M3_folk ages=M6_scaled
111,216506.3509460888,26.90571004808941,21.793026664308837,9.565349544072948,7.7477203647416415,5.725706175222903,4.637694642721061,4.646192410161914,0.0,9.639340293424818,0.0,0.0,0.0,4.646192410161914,0.0,0.0,21.45984350971229,0.0,0.0,5.618207049838723,dasymetric_v2 preferred=M3_folk ages=M6_scaled
112,216506.3509460888,32.21951261770455,26.09708854862691,2.391337386018237,1.9369300911854104,2.448164071430386,1.9829584423501916,1.9865918682193173,11.546304110012505,3.7121187784374694,0.0,0.0,0.0,1.9865918682193173,0.0,0.0,9.17567479909164,0.0,0.0,2.402200222007831,dasymetric_v2 preferred=M3_folk ages=M6_scaled
113,216506.3509460888,32.21951261770455,26.09708854862691,2.391337386018237,1.9369300911854104,3.99700256560063,3.2374831711839867,3.243415295051947,21.391469528969907,6.060602087244849,0.0,0.0,0.0,3.243415295051947,0.0,0.0,14.980693549537374,0.0,0.0,3.9219595461352346,dasymetric_v2 preferred=M3_folk ages=M6_scaled
114,216506.3509460888,13.177469728028811,10.673457367888604,7.174012158054711,5.810790273556231,4.81638809154876,3.901167221276704,3.9083154305375962,9.845165418958493,7.303025515130042,0.0,0.0,0.0,3.9083154305375962,0.0,0.0,18.051735727192536,0.0,0.0,4.725961253092958,dasymetric_v2 preferred=M3_folk ages=M6_scaled
115,216506.3509460888,0.0,0.0,2.391337386018237,1.9369300911854104,2.5780666548124063,2.088176645413671,2.0920028653085057,0.0,3.9090883462729273,0.0,0.0,0.0,2.0920028653085057,0.0,0.0,9.662547339451605,0.0,0.0,2.529663907257226,dasymetric_v2 preferred=M3_folk ages=M6_scaled
116,216506.3509460888,0.0,0.0,0.0,0.0,0.0,0.0,0.0,0.0,0.02326893733437902,0.0,0.0,0.0,0.0,0.0,0.0,0.0,,,0.0,dasymetric_v2 preferred=M3_folk ages=M6_scaled
117,216506.3509460888,0.0,0.0,0.0,0.0,0.0,0.0,0.0,0.0,0.02326893733437902,0.0,0.0,0.0,0.0,0.0,0.0,0.0,,,0.0,dasymetric_v2 preferred=M3_folk ages=M6_scaled
118,216506.3509460888,0.0,0.0,0.0,0.0,0.0,0.0,0.0,0.0,0.02326893733437902,0.0,0.0,0.0,0.0,0.0,0.0,0.0,,,0.0,dasymetric_v2 preferred=M3_folk ages=M6_scaled
119,216506.3509460888,0.0,0.0,0.0,0.0,0.0,0.0,0.0,0.0,0.02326893733437902,0.0,0.0,0.0,0.0,0.0,0.0,0.0,,,0.0,dasymetric_v2 preferred=M3_folk ages=M6_scaled
120,216506.3509460888,0.0,0.0,0.0,0.0,0.0,0.0,0.0,0.0,0.02326893733437902,0.0,0.0,0.0,0.0,0.0,0.0,0.0,,,0.0,dasymetric_v2 preferred=M3_folk ages=M6_scaled
121,216506.3509460888,0.0,0.0,0.0,0.0,0.0,0.0,0.0,0.0,0.02326893733437902,0.0,0.0,0.0,0.0,0.0,0.0,0.0,,,0.0,dasymetric_v2 preferred=M3_folk ages=M6_scaled
122,216506.3509460888,0.0,0.0,0.0,0.0,0.0,0.0,0.0,0.0,0.02326893733437902,0.0,0.0,0.0,0.0,0.0,0.0,0.0,,,0.0,dasymetric_v2 preferred=M3_folk ages=M6_scaled
123,216506.3509460888,0.0,0.0,0.0,0.0,0.0,0.0,0.0,0.0,0.02326893733437902,0.0,0.0,0.0,0.0,0.0,0.0,0.0,,,0.0,dasymetric_v2 preferred=M3_folk ages=M6_scaled
124,216506.3509460888,0.0,0.0,0.0,0.0,0.0,0.0,0.0,0.0,0.02326893733437902,0.0,0.0,0.0,0.0,0.0,0.0,0.0,,,0.0,dasymetric_v2 preferred=M3_folk ages=M6_scaled
125,216506.3509460888,0.0,0.0,0.0,0.0,0.0,0.0,0.0,0.0,0.02326893733437902,0.0,0.0,0.0,0.0,0.0,0.0,0.0,,,0.0,dasymetric_v2 preferred=M3_folk ages=M6_scaled
126,216506.3509460888,0.0,0.0,0.0,0.0,0.0,0.0,0.0,0.0,0.02326893733437902,0.0,0.0,0.0,0.0,0.0,0.0,0.0,,,0.0,dasymetric_v2 preferred=M3_folk ages=M6_scaled
127,216506.3509460888,0.0,0.0,0.0,0.0,0.0,0.0,0.0,0.0,0.02326893733437902,0.0,0.0,0.0,0.0,0.0,0.0,0.0,,,0.0,dasymetric_v2 preferred=M3_folk ages=M6_scaled
128,216506.3509460888,0.0,0.0,0.0,0.0,0.0,0.0,0.0,0.0,0.02326893733437902,0.0,0.0,0.0,0.0,0.0,0.0,0.0,,,0.0,dasymetric_v2 preferred=M3_folk ages=M6_scaled
129,216506.3509460888,0.0,0.0,0.0,0.0,0.0,0.0,0.0,0.0,0.02326893733437902,0.0,0.0,0.0,0.0,0.0,0.0,0.0,,,0.0,dasymetric_v2 preferred=M3_folk ages=M6_scaled
130,216506.3509460888,0.0,0.0,0.0,0.0,0.0,0.0,0.0,0.0,0.02326893733437902,0.0,0.0,0.0,0.0,0.0,0.0,0.0,,,0.0,dasymetric_v2 preferred=M3_folk ages=M6_scaled
131,216506.3509460888,0.0,0.0,0.0,0.0,0.0,0.0,0.0,0.0,0.02326893733437902,0.0,0.0,0.0,0.0,0.0,0.0,0.0,,,0.0,dasymetric_v2 preferred=M3_folk ages=M6_scaled
132,216506.3509460888,0.0,0.0,0.0,0.0,0.0,0.0,0.0,0.0,0.02326893733437902,0.0,0.0,0.0,0.0,0.0,0.0,0.0,,,0.0,dasymetric_v2 preferred=M3_folk ages=M6_scaled
133,216506.3509460888,0.0,0.0,0.0,0.0,0.0,0.0,0.0,0.0,0.02326893733437902,0.0,0.0,0.0,0.0,0.0,0.0,0.0,,,0.0,dasymetric_v2 preferred=M3_folk ages=M6_scaled
134,216506.3509460888,0.0,0.0,0.0,0.0,0.0,0.0,0.0,0.0,0.02326893733437902,0.0,0.0,0.0,0.0,0.0,0.0,0.0,,,0.0,dasymetric_v2 preferred=M3_folk ages=M6_scaled
135,216506.3509460888,0.0,0.0,0.0,0.0,0.0,0.0,0.0,0.0,0.02326893733437902,0.0,0.0,0.0,0.0,0.0,0.0,0.0,,,0.0,dasymetric_v2 preferred=M3_folk ages=M6_scaled
136,216506.3509460888,0.0,0.0,0.0,0.0,0.0,0.0,0.0,0.0,0.02326893733437902,0.0,0.0,0.0,0.0,0.0,0.0,0.0,,,0.0,dasymetric_v2 preferred=M3_folk ages=M6_scaled
137,216506.3509460888,0.0,0.0,0.0,0.0,0.0,0.0,0.0,0.0,0.02326893733437902,0.0,0.0,0.0,0.0,0.0,0.0,0.0,,,0.0,dasymetric_v2 preferred=M3_folk ages=M6_scaled
138,216506.3509460888,0.0,0.0,0.0,0.0,0.0,0.0,0.0,0.0,0.02326893733437902,0.0,0.0,0.0,0.0,0.0,0.0,0.0,,,0.0,dasymetric_v2 preferred=M3_folk ages=M6_scaled
139,216506.3509460888,0.0,0.0,0.0,0.0,0.0,0.0,0.0,0.0,0.02326893733437902,0.0,0.0,0.0,0.0,0.0,0.0,0.0,,,0.0,dasymetric_v2 preferred=M3_folk ages=M6_scaled
140,216506.3509460888,0.0,0.0,0.0,0.0,0.0,0.0,0.0,0.0,0.02326893733437902,0.0,0.0,0.0,0.0,0.0,0.0,0.0,,,0.0,dasymetric_v2 preferred=M3_folk ages=M6_scaled
141,216506.3509460888,0.0,0.0,0.0,0.0,0.0,0.0,0.0,0.0,0.02326893733437902,0.0,0.0,0.0,0.0,0.0,0.0,0.0,,,0.0,dasymetric_v2 preferred=M3_folk ages=M6_scaled
142,216506.3509460888,0.0,0.0,0.0,0.0,0.0,0.0,0.0,0.0,0.02326893733437902,0.0,0.0,0.0,0.0,0.0,0.0,0.0,,,0.0,dasymetric_v2 preferred=M3_folk ages=M6_scaled
143,216506.3509460888,0.0,0.0,0.0,0.0,0.0,0.0,0.0,0.0,0.02326893733437902,0.0,0.0,0.0,0.0,0.0,0.0,0.0,,,0.0,dasymetric_v2 preferred=M3_folk ages=M6_scaled
144,216506.3509460888,0.0,0.0,0.0,0.0,0.0,0.0,0.0,0.0,0.02326893733437902,0.0,0.0,0.0,0.0,0.0,0.0,0.0,,,0.0,dasymetric_v2 preferred=M3_folk ages=M6_scaled
145,216506.3509460888,0.0,0.0,0.0,0.0,0.0,0.0,0.0,0.0,0.02326893733437902,0.0,0.0,0.0,0.0,0.0,0.0,0.0,,,0.0,dasymetric_v2 preferred=M3_folk ages=M6_scaled
146,216506.3509460888,0.0,0.0,0.0,0.0,0.0,0.0,0.0,0.0,0.02326893733437902,0.0,0.0,0.0,0.0,0.0,0.0,0.0,,,0.0,dasymetric_v2 preferred=M3_folk ages=M6_scaled
147,216506.3509460888,6.597001271637916,5.343424290246283,4.782674772036474,3.8738601823708207,2.7579317702644346,2.233863388116951,2.2379565535858434,0.11847403528127608,6.343689600469288,0.0,0.0,0.0,2.2379565535858434,0.0,0.0,10.336678549180787,0.0,0.0,2.7061520868333115,dasymetric_v2 preferred=M3_folk ages=M6_scaled
148,216506.3509460888,11.540602613870378,9.347631414920748,2.391337386018237,1.9369300911854104,2.188358904666345,1.7725220362232326,1.7757698740409409,4.883438112247458,5.033579791676717,0.0,0.0,0.0,1.7757698740409409,0.0,0.0,8.201929718371712,0.0,0.0,2.1472728515090407,dasymetric_v2 preferred=M3_folk ages=M6_scaled
149,216506.3509460888,4.157155533894949,3.3672035131548217,4.782674772036474,3.8738601823708207,3.307519623034521,2.679017324154749,2.683926156655486,4.883438112247299,7.607830644041064,0.0,0.0,0.0,2.683926156655486,0.0,0.0,12.396523912242175,0.0,0.0,3.2454215244269062,dasymetric_v2 preferred=M3_folk ages=M6_scaled
150,216506.3509460888,23.366734609144025,18.92653527763207,0.0,0.0,0.0,0.0,0.0,4.883438112247458,0.02326893733437902,0.0,0.0,0.0,0.0,0.0,0.0,0.0,,,0.0,dasymetric_v2 preferred=M3_folk ages=M6_scaled
151,216506.3509460888,31.74690456023026,25.71428653448584,7.174012158054711,5.810790273556231,5.286035893006833,4.281571493890823,4.2894167277062,5.647595639811531,5.240327930654007,0.0,0.0,0.0,4.2894167277062,0.0,0.0,19.811967219263177,0.0,0.0,5.186791499763848,dasymetric_v2 preferred=M3_folk ages=M6_scaled
152,216506.3509460888,32.08249483462226,25.986107192072495,14.348024316109422,11.621580547112462,8.81339065714939,7.138650392460691,7.151730725589543,36.38161393624356,13.030119602515924,0.0,0.0,0.0,7.151730725589543,0.0,0.0,33.03242927672991,0.0,0.0,8.647920799228192,dasymetric_v2 preferred=M3_folk ages=M6_scaled
153,216506.3509460888,32.143663690661086,26.035652604860214,7.174012158054711,5.810790273556231,4.9962532070007875,4.046853963979983,4.054269118814934,36.38161393624238,7.386689117072519,0.0,0.0,0.0,4.054269118814934,0.0,0.0,18.725866936921715,0.0,0.0,4.902449432669043,dasymetric_v2 preferred=M3_folk ages=M6_scaled
154,216506.3509460888,32.21951261770455,26.09708854862691,2.391337386018237,1.9369300911854104,2.1583813854243403,1.7482409124393528,1.7514442593280513,36.38161393624356,4.183852904841116,0.0,0.0,0.0,1.7514442593280513,0.0,0.0,8.089574516750181,0.0,0.0,2.117858154913027,dasymetric_v2 preferred=M3_folk ages=M6_scaled
155,216506.3509460888,32.21951261770455,26.09708854862691,2.391337386018237,1.9369300911854104,0.9492881093301496,0.7689022531561968,0.7703111325748373,35.53514500079466,1.8401204905551205,0.0,0.0,0.0,0.7703111325748373,0.0,0.0,3.557914718015126,0.0,0.0,0.9314653922071181,dasymetric_v2 preferred=M3_folk ages=M6_scaled
156,216506.3509460888,32.21951261770455,26.09708854862691,0.0,0.0,0.0,0.0,0.0,4.543608041716174,0.02326893733437902,0.0,0.0,0.0,0.0,0.0,0.0,0.0,,,0.0,dasymetric_v2 preferred=M3_folk ages=M6_scaled
157,216506.3509460888,29.459839131462992,23.86181440931019,0.0,0.0,0.0,0.0,0.0,4.507445414317853,0.02326893733437902,0.0,0.0,0.0,0.0,0.0,0.0,0.0,,,0.0,dasymetric_v2 preferred=M3_folk ages=M6_scaled
158,216506.3509460888,1.1025296569083398,0.893024498080508,2.391337386018237,1.9369300911854104,0.989258134986156,0.8012770848680367,0.8027452855253568,0.0,1.4999990165930999,0.0,0.0,0.0,0.8027452855253568,0.0,0.0,3.7077216535104998,0.0,0.0,0.9706849876684706,dasymetric_v2 preferred=M3_folk ages=M6_scaled
159,216506.3509460888,0.0,0.0,0.0,0.0,0.0,0.0,0.0,0.0,0.02326893733437902,0.0,0.0,0.0,0.0,0.0,0.0,0.0,,,0.0,dasymetric_v2 preferred=M3_folk ages=M6_scaled
160,216506.3509460888,0.0,0.0,0.0,0.0,0.0,0.0,0.0,0.0,0.02326893733437902,0.0,0.0,0.0,0.0,0.0,0.0,0.0,,,0.0,dasymetric_v2 preferred=M3_folk ages=M6_scaled
161,216506.3509460888,0.0,0.0,0.0,0.0,0.0,0.0,0.0,0.0,0.02326893733437902,0.0,0.0,0.0,0.0,0.0,0.0,0.0,,,0.0,dasymetric_v2 preferred=M3_folk ages=M6_scaled
162,216506.3509460888,0.0,0.0,0.0,0.0,0.0,0.0,0.0,0.0,0.02326893733437902,0.0,0.0,0.0,0.0,0.0,0.0,0.0,,,0.0,dasymetric_v2 preferred=M3_folk ages=M6_scaled
163,216506.3509460888,0.0,0.0,0.0,0.0,0.0,0.0,0.0,0.0,0.02326893733437902,0.0,0.0,0.0,0.0,0.0,0.0,0.0,,,0.0,dasymetric_v2 preferred=M3_folk ages=M6_scaled
164,216506.3509460888,0.0,0.0,0.0,0.0,0.0,0.0,0.0,0.0,0.02326893733437902,0.0,0.0,0.0,0.0,0.0,0.0,0.0,,,0.0,dasymetric_v2 preferred=M3_folk ages=M6_scaled
165,216506.3509460888,0.0,0.0,0.0,0.0,0.0,0.0,0.0,0.0,0.02326893733437902,0.0,0.0,0.0,0.0,0.0,0.0,0.0,,,0.0,dasymetric_v2 preferred=M3_folk ages=M6_scaled
166,216506.3509460888,0.0,0.0,0.0,0.0,0.0,0.0,0.0,0.0,0.02326893733437902,0.0,0.0,0.0,0.0,0.0,0.0,0.0,,,0.0,dasymetric_v2 preferred=M3_folk ages=M6_scaled
167,216506.3509460888,0.0,0.0,0.0,0.0,0.0,0.0,0.0,0.0,0.02326893733437902,0.0,0.0,0.0,0.0,0.0,0.0,0.0,,,0.0,dasymetric_v2 preferred=M3_folk ages=M6_scaled
168,216506.3509460888,0.0,0.0,0.0,0.0,0.0,0.0,0.0,0.0,0.02326893733437902,0.0,0.0,0.0,0.0,0.0,0.0,0.0,,,0.0,dasymetric_v2 preferred=M3_folk ages=M6_scaled
169,216506.3509460888,0.0,0.0,0.0,0.0,0.0,0.0,0.0,0.0,0.02326893733437902,0.0,0.0,0.0,0.0,0.0,0.0,0.0,,,0.0,dasymetric_v2 preferred=M3_folk ages=M6_scaled
170,216506.3509460888,0.0,0.0,0.0,0.0,0.0,0.0,0.0,0.0,0.02326893733437902,0.0,0.0,0.0,0.0,0.0,0.0,0.0,,,0.0,dasymetric_v2 preferred=M3_folk ages=M6_scaled
171,216506.3509460888,0.0,0.0,0.0,0.0,0.0,0.0,0.0,0.0,0.02326893733437902,0.0,0.0,0.0,0.0,0.0,0.0,0.0,,,0.0,dasymetric_v2 preferred=M3_folk ages=M6_scaled
172,216506.3509460888,0.0,0.0,0.0,0.0,0.0,0.0,0.0,0.0,0.02326893733437902,0.0,0.0,0.0,0.0,0.0,0.0,0.0,,,0.0,dasymetric_v2 preferred=M3_folk ages=M6_scaled
173,216506.3509460888,0.0,0.0,0.0,0.0,0.0,0.0,0.0,0.0,0.02326893733437902,0.0,0.0,0.0,0.0,0.0,0.0,0.0,,,0.0,dasymetric_v2 preferred=M3_folk ages=M6_scaled
174,216506.3509460888,0.0,0.0,0.0,0.0,0.0,0.0,0.0,0.0,0.02326893733437902,0.0,0.0,0.0,0.0,0.0,0.0,0.0,,,0.0,dasymetric_v2 preferred=M3_folk ages=M6_scaled
175,216506.3509460888,0.0,0.0,0.0,0.0,0.0,0.0,0.0,0.0,0.02326893733437902,0.0,0.0,0.0,0.0,0.0,0.0,0.0,,,0.0,dasymetric_v2 preferred=M3_folk ages=M6_scaled
176,216506.3509460888,0.0,0.0,0.0,0.0,0.0,0.0,0.0,0.0,0.02326893733437902,0.0,0.0,0.0,0.0,0.0,0.0,0.0,,,0.0,dasymetric_v2 preferred=M3_folk ages=M6_scaled
177,216506.3509460888,0.0,0.0,0.0,0.0,0.0,0.0,0.0,0.0,0.02326893733437902,0.0,0.0,0.0,0.0,0.0,0.0,0.0,,,0.0,dasymetric_v2 preferred=M3_folk ages=M6_scaled
178,216506.3509460888,0.0,0.0,0.0,0.0,0.0,0.0,0.0,0.0,0.02326893733437902,0.0,0.0,0.0,0.0,0.0,0.0,0.0,,,0.0,dasymetric_v2 preferred=M3_folk ages=M6_scaled
179,216506.3509460888,0.0,0.0,0.0,0.0,0.0,0.0,0.0,0.0,0.02326893733437902,0.0,0.0,0.0,0.0,0.0,0.0,0.0,,,0.0,dasymetric_v2 preferred=M3_folk ages=M6_scaled
180,216506.3509460888,0.0,0.0,0.0,0.0,0.0,0.0,0.0,0.0,0.02326893733437902,0.0,0.0,0.0,0.0,0.0,0.0,0.0,,,0.0,dasymetric_v2 preferred=M3_folk ages=M6_scaled
181,216506.3509460888,0.0,0.0,0.0,0.0,0.0,0.0,0.0,0.0,0.02326893733437902,0.0,0.0,0.0,0.0,0.0,0.0,0.0,,,0.0,dasymetric_v2 preferred=M3_folk ages=M6_scaled
182,216506.3509460888,0.0,0.0,0.0,0.0,0.0,0.0,0.0,0.0,0.02326893733437902,0.0,0.0,0.0,0.0,0.0,0.0,0.0,,,0.0,dasymetric_v2 preferred=M3_folk ages=M6_scaled
183,216506.3509460888,0.0,0.0,0.0,0.0,0.0,0.0,0.0,0.0,0.02326893733437902,0.0,0.0,0.0,0.0,0.0,0.0,0.0,,,0.0,dasymetric_v2 preferred=M3_folk ages=M6_scaled
184,216506.3509460888,0.0,0.0,0.0,0.0,0.0,0.0,0.0,0.0,0.02326893733437902,0.0,0.0,0.0,0.0,0.0,0.0,0.0,,,0.0,dasymetric_v2 preferred=M3_folk ages=M6_scaled
185,216506.3509460888,0.0,0.0,0.0,0.0,0.0,0.0,0.0,0.0,0.02326893733437902,0.0,0.0,0.0,0.0,0.0,0.0,0.0,,,0.0,dasymetric_v2 preferred=M3_folk ages=M6_scaled
186,216506.3509460888,0.0,0.0,0.0,0.0,0.0,0.0,0.0,0.0,0.02326893733437902,0.0,0.0,0.0,0.0,0.0,0.0,0.0,,,0.0,dasymetric_v2 preferred=M3_folk ages=M6_scaled
187,216506.3509460888,0.0,0.0,0.0,0.0,0.0,0.0,0.0,0.0,0.02326893733437902,0.0,0.0,0.0,0.0,0.0,0.0,0.0,,,0.0,dasymetric_v2 preferred=M3_folk ages=M6_scaled
188,216506.3509460888,0.0,0.0,0.0,0.0,0.0,0.0,0.0,0.0,0.02326893733437902,0.0,0.0,0.0,0.0,0.0,0.0,0.0,,,0.0,dasymetric_v2 preferred=M3_folk ages=M6_scaled
189,216506.3509460888,0.0,0.0,0.0,0.0,0.0,0.0,0.0,0.0,0.02326893733437902,0.0,0.0,0.0,0.0,0.0,0.0,0.0,,,0.0,dasymetric_v2 preferred=M3_folk ages=M6_scaled
190,216506.3509460888,0.0,0.0,0.0,0.0,0.0,0.0,0.0,0.0,0.02326893733437902,0.0,0.0,0.0,0.0,0.0,0.0,0.0,,,0.0,dasymetric_v2 preferred=M3_folk ages=M6_scaled
191,216506.3509460888,0.5072009276109778,0.41082146948852316,0.0,0.0,0.0,0.0,0.0,0.0,0.02326893733437902,0.0,0.0,0.0,0.0,0.0,0.0,0.0,,,0.0,dasymetric_v2 preferred=M3_folk ages=M6_scaled
192,216506.3509460888,30.847323870074064,24.985646185198217,0.0,0.0,0.0,0.0,0.0,3.346754814496378,0.02326893733437902,0.0,0.0,0.0,0.0,0.0,0.0,0.0,,,0.0,dasymetric_v2 preferred=M3_folk ages=M6_scaled
193,216506.3509460888,31.458180770929967,25.48042668735319,2.391337386018237,1.9369300911854104,2.797901795920441,2.2662382198287907,2.2703907065363627,6.20042595042606,6.43562713091087,0.0,0.0,0.0,2.2703907065363627,0.0,0.0,10.48648548467616,0.0,0.0,2.7453716822946643,dasymetric_v2 preferred=M3_folk ages=M6_scaled
194,216506.3509460888,32.21951261770455,26.09708854862691,0.0,0.0,0.0,0.0,0.0,6.200425950426375,0.02326893733437902,0.0,0.0,0.0,0.0,0.0,0.0,0.0,,,0.0,dasymetric_v2 preferred=M3_folk ages=M6_scaled
195,216506.3509460888,32.21951261770455,26.09708854862691,2.391337386018237,1.9369300911854104,0.49962532070007876,0.40468539639799833,0.4054269118814934,6.20042595042606,0.49530509741531253,0.0,0.0,0.0,0.4054269118814934,0.0,0.0,1.8725866936921718,0.0,0.0,0.4902449432669043,dasymetric_v2 preferred=M3_folk ages=M6_scaled
196,216506.3509460888,32.21951261770455,26.09708854862691,2.391337386018237,1.9369300911854104,2.717961744608428,2.2014885564051108,2.205522400635324,27.786994503928014,4.01835887968745,0.0,0.0,0.0,2.205522400635324,0.0,0.0,10.186871613685414,0.0,0.0,2.666932491371959,dasymetric_v2 preferred=M3_folk ages=M6_scaled
197,216506.3509460888,32.21951261770455,26.09708854862691,11.956686930091184,9.684650455927052,9.13315086239744,7.39764904615541,7.411203949193699,46.19317333067414,13.502867706008564,0.0,0.0,0.0,7.411203949193699,0.0,0.0,34.2308847606929,0.0,0.0,8.96167756291901,dasymetric_v2 preferred=M3_folk ages=M6_scaled
198,216506.3509460888,32.21951261770455,26.09708854862691,9.565349544072948,7.7477203647416415,6.625031752483044,5.366128356237458,5.375960851548602,46.1931733306765,10.9897906656692,0.0,0.0,0.0,5.375960851548602,0.0,0.0,24.8304995583582,0.0,0.0,6.50064794771915,dasymetric_v2 preferred=M3_folk ages=M6_scaled
199,216506.3509460888,31.040690543224777,25.245207688586213,4.782674772036474,3.8738601823708207,2.8778418472324536,2.33098788325247,2.3352590124374015,46.19317333067414,5.578470539788154,0.0,0.0,0.0,2.3352590124374015,0.0,0.0,10.786099355666908,0.0,0.0,2.8238108732173686,dasymetric_v2 preferred=M3_folk ages=M6_scaled
200,216506.3509460888,32.13286334171635,26.03447101403874,66.95744680851064,54.23404255319149,81.33900220997282,65.88278253359412,66.00350125430711,21.25984996267848,157.66927150651242,0.0,0.0,0.0,66.00350125430711,0.0,0.0,304.8571137330855,0.0,0.0,79.81187676385201,dasymetric_v2 preferred=M3_folk ages=M6_scaled
201,216506.3509460888,29.00328876321511,23.73755551619173,0.0,0.0,0.0,0.0,0.0,0.0,0.02326893733437902,0.0,0.0,0.0,0.0,0.0,0.0,0.0,,,0.0,dasymetric_v2 preferred=M3_folk ages=M6_scaled
202,216506.3509460888,1.5872010801462677,1.2873373024007806,3.168,3.2746666666666666,3.2774782248029863,3.3878310269849052,3.394038637104603,0.0,10.33930669972982,0.0,0.0,0.0,3.394038637104603,0.0,0.0,15.676392966180178,0.0,0.0,3.215944148158144,dasymetric_v2 preferred=M3_folk ages=M6_scaled
203,216506.3509460888,0.0,0.0,3.975337386018237,3.574263424518744,3.4235403750983116,3.0001166850573657,3.005613876194142,0.0,3.203065401283042,0.0,0.0,0.0,3.005613876194142,0.0,0.0,13.882335844007438,0.0,0.0,3.359264007297065,dasymetric_v2 preferred=M3_folk ages=M6_scaled
204,216506.3509460888,0.0,0.0,0.0,0.0,0.0,0.0,0.0,0.0,40.36804483675834,0.0,0.0,0.0,0.0,0.0,0.0,0.0,,,0.0,dasymetric_v2 preferred=M3_folk ages=M6_scaled
205,216506.3509460888,0.0,0.0,0.0,0.0,0.0,0.0,0.0,0.0,0.02326893733437902,0.0,0.0,0.0,0.0,0.0,0.0,0.0,,,0.0,dasymetric_v2 preferred=M3_folk ages=M6_scaled
206,216506.3509460888,0.0,0.0,0.0,0.0,0.0,0.0,0.0,0.0,0.02326893733437902,0.0,0.0,0.0,0.0,0.0,0.0,0.0,,,0.0,dasymetric_v2 preferred=M3_folk ages=M6_scaled
207,216506.3509460888,0.0,0.0,0.0,0.0,0.0,0.0,0.0,0.0,0.02326893733437902,0.0,0.0,0.0,0.0,0.0,0.0,0.0,,,0.0,dasymetric_v2 preferred=M3_folk ages=M6_scaled
208,216506.3509460888,0.0,0.0,0.0,0.0,0.0,0.0,0.0,0.0,0.02326893733437902,0.0,0.0,0.0,0.0,0.0,0.0,0.0,,,0.0,dasymetric_v2 preferred=M3_folk ages=M6_scaled
209,216506.3509460888,0.0,0.0,0.0,0.0,0.0,0.0,0.0,0.0,0.02326893733437902,0.0,0.0,0.0,0.0,0.0,0.0,0.0,,,0.0,dasymetric_v2 preferred=M3_folk ages=M6_scaled
210,216506.3509460888,0.0,0.0,0.0,0.0,0.0,0.0,0.0,0.0,0.02326893733437902,0.0,0.0,0.0,0.0,0.0,0.0,0.0,,,0.0,dasymetric_v2 preferred=M3_folk ages=M6_scaled
211,216506.3509460888,0.0,0.0,0.0,0.0,0.0,0.0,0.0,0.0,0.02326893733437902,0.0,0.0,0.0,0.0,0.0,0.0,0.0,,,0.0,dasymetric_v2 preferred=M3_folk ages=M6_scaled
212,216506.3509460888,0.0,0.0,0.0,0.0,0.0,0.0,0.0,0.0,0.02326893733437902,0.0,0.0,0.0,0.0,0.0,0.0,0.0,,,0.0,dasymetric_v2 preferred=M3_folk ages=M6_scaled
213,216506.3509460888,0.0,0.0,0.0,0.0,0.0,0.0,0.0,0.0,0.02326893733437902,0.0,0.0,0.0,0.0,0.0,0.0,0.0,,,0.0,dasymetric_v2 preferred=M3_folk ages=M6_scaled
214,216506.3509460888,0.0,0.0,0.0,0.0,0.0,0.0,0.0,0.0,0.02326893733437902,0.0,0.0,0.0,0.0,0.0,0.0,0.0,,,0.0,dasymetric_v2 preferred=M3_folk ages=M6_scaled
215,216506.3509460888,0.0,0.0,0.0,0.0,0.0,0.0,0.0,0.0,0.02326893733437902,0.0,0.0,0.0,0.0,0.0,0.0,0.0,,,0.0,dasymetric_v2 preferred=M3_folk ages=M6_scaled
216,216506.3509460888,0.0,0.0,0.0,0.0,0.0,0.0,0.0,0.0,0.02326893733437902,0.0,0.0,0.0,0.0,0.0,0.0,0.0,,,0.0,dasymetric_v2 preferred=M3_folk ages=M6_scaled
217,216506.3509460888,0.0,0.0,0.0,0.0,0.0,0.0,0.0,0.0,0.02326893733437902,0.0,0.0,0.0,0.0,0.0,0.0,0.0,,,0.0,dasymetric_v2 preferred=M3_folk ages=M6_scaled
218,216506.3509460888,0.0,0.0,0.0,0.0,0.0,0.0,0.0,0.0,0.02326893733437902,0.0,0.0,0.0,0.0,0.0,0.0,0.0,,,0.0,dasymetric_v2 preferred=M3_folk ages=M6_scaled
219,216506.3509460888,0.0,0.0,0.0,0.0,0.0,0.0,0.0,0.0,0.02326893733437902,0.0,0.0,0.0,0.0,0.0,0.0,0.0,,,0.0,dasymetric_v2 preferred=M3_folk ages=M6_scaled
220,216506.3509460888,0.0,0.0,0.0,0.0,0.0,0.0,0.0,0.0,0.02326893733437902,0.0,0.0,0.0,0.0,0.0,0.0,0.0,,,0.0,dasymetric_v2 preferred=M3_folk ages=M6_scaled
221,216506.3509460888,0.0,0.0,0.0,0.0,0.0,0.0,0.0,0.0,0.02326893733437902,0.0,0.0,0.0,0.0,0.0,0.0,0.0,,,0.0,dasymetric_v2 preferred=M3_folk ages=M6_scaled
222,216506.3509460888,0.0,0.0,0.0,0.0,0.0,0.0,0.0,0.0,0.02326893733437902,0.0,0.0,0.0,0.0,0.0,0.0,0.0,,,0.0,dasymetric_v2 preferred=M3_folk ages=M6_scaled
223,216506.3509460888,0.0,0.0,0.0,0.0,0.0,0.0,0.0,0.0,0.02326893733437902,0.0,0.0,0.0,0.0,0.0,0.0,0.0,,,0.0,dasymetric_v2 preferred=M3_folk ages=M6_scaled
224,216506.3509460888,0.0,0.0,0.0,0.0,0.0,0.0,0.0,0.0,0.02326893733437902,0.0,0.0,0.0,0.0,0.0,0.0,0.0,,,0.0,dasymetric_v2 preferred=M3_folk ages=M6_scaled
225,216506.3509460888,0.0,0.0,0.0,0.0,0.0,0.0,0.0,0.0,0.02326893733437902,0.0,0.0,0.0,0.0,0.0,0.0,0.0,,,0.0,dasymetric_v2 preferred=M3_folk ages=M6_scaled
226,216506.3509460888,0.0,0.0,0.0,0.0,0.0,0.0,0.0,0.0,0.02326893733437902,0.0,0.0,0.0,0.0,0.0,0.0,0.0,,,0.0,dasymetric_v2 preferred=M3_folk ages=M6_scaled
227,216506.3509460888,0.0,0.0,0.0,0.0,0.0,0.0,0.0,0.0,0.02326893733437902,0.0,0.0,0.0,0.0,0.0,0.0,0.0,,,0.0,dasymetric_v2 preferred=M3_folk ages=M6_scaled
228,216506.3509460888,0.0,0.0,0.0,0.0,0.0,0.0,0.0,0.0,0.02326893733437902,0.0,0.0,0.0,0.0,0.0,0.0,0.0,,,0.0,dasymetric_v2 preferred=M3_folk ages=M6_scaled
229,216506.3509460888,0.0,0.0,0.0,0.0,0.0,0.0,0.0,0.0,0.02326893733437902,0.0,0.0,0.0,0.0,0.0,0.0,0.0,,,0.0,dasymetric_v2 preferred=M3_folk ages=M6_scaled
230,216506.3509460888,0.0,0.0,0.0,0.0,0.0,0.0,0.0,0.0,0.02326893733437902,0.0,0.0,0.0,0.0,0.0,0.0,0.0,,,0.0,dasymetric_v2 preferred=M3_folk ages=M6_scaled
231,216506.3509460888,0.0,0.0,0.0,0.0,0.0,0.0,0.0,0.0,0.02326893733437902,0.0,0.0,0.0,0.0,0.0,0.0,0.0,,,0.0,dasymetric_v2 preferred=M3_folk ages=M6_scaled
232,216506.3509460888,0.0,0.0,8.645463049579046,8.615528531337699,8.750987743802419,8.720687851159951,8.736666992304947,0.0,0.02326893733437902,3.400189994026519,0.5777240792415166,0.8107682751619723,8.736666992304947,0.6190673387468569,0.8480765404090597,40.35293631862293,7.085852525821541,9.707094721087868,8.586689489592787,dasymetric_v2 preferred=M3_folk ages=M6_scaled
233,216506.3509460888,0.0,0.0,2.1613657623947615,2.1538821328344246,2.656774696319871,2.647575736107554,2.6524269573760346,0.0,0.02326893733437902,1.0322878974670437,0.1753953679423885,0.2461469151930592,2.6524269573760346,0.18794706255480118,0.25747359716016055,12.25103534277617,7.08585252582154,9.707094721087866,2.6068942191425584,dasymetric_v2 preferred=M3_folk ages=M6_scaled
234,216506.3509460888,5.856090670169436,5.835814225520505,4.322731524789523,4.307764265668849,5.892751459136017,5.872348078191162,5.8831081329477914,0.0,0.02326893733437902,2.2896243413013107,0.3890285886115536,0.5459561910443208,5.8831081329477914,0.41686836623529355,0.571078879009266,27.172912513835293,7.08585252582154,9.707094721087866,5.782116087956005,dasymetric_v2 preferred=M3_folk ages=M6_scaled
235,216506.3509460888,22.248677858505154,19.932102727375565,4.322731524789523,4.307764265668849,5.086905105749896,5.069291930746217,5.078580525023308,0.2768975504325535,12.727103721929957,0.0,0.0,0.0,5.078580525023308,0.0,0.0,23.456958665789447,0.0,0.0,4.991399357979117,dasymetric_v2 preferred=M3_folk ages=M6_scaled
236,216506.3509460888,32.21951261770455,26.09708854862691,4.782674772036474,3.8738601823708207,3.1176620011684917,2.5252368735235096,2.5298639301405186,13.464724085146225,11.238252003106252,0.0,0.0,0.0,2.5298639301405186,0.0,0.0,11.68494096863915,0.0,0.0,3.059128445985483,dasymetric_v2 preferred=M3_folk ages=M6_scaled
237,216506.3509460888,32.21951261770455,26.09708854862691,0.0,0.0,0.0,0.0,0.0,13.70626138174375,0.02326893733437902,0.0,0.0,0.0,0.0,0.0,0.0,0.0,,,0.0,dasymetric_v2 preferred=M3_folk ages=M6_scaled
238,216506.3509460888,32.21951261770455,26.09708854862691,2.391337386018237,1.9369300911854104,2.4781415906723905,2.0072395661340714,2.0109174829322067,25.324802672444452,25.304910500940036,0.0,0.0,0.0,2.0109174829322067,0.0,0.0,9.288030000713169,0.0,0.0,2.431614918603845,dasymetric_v2 preferred=M3_folk ages=M6_scaled
239,216506.3509460888,32.21951261770455,26.09708854862691,9.565349544072948,7.7477203647416415,10.142394010211598,8.215113546879367,8.230166311194317,25.767089699595072,19.267676226627653,0.0,0.0,0.0,8.230166311194317,0.0,0.0,38.013509881951094,0.0,0.0,9.951972348318156,dasymetric_v2 preferred=M3_folk ages=M6_scaled
240,216506.3509460888,32.21951261770455,26.09708854862691,7.174012158054711,5.810790273556231,5.855608758604923,4.74291284578454,4.7516034072511015,46.19317333067414,21.025568049977668,0.0,0.0,0.0,4.7516034072511015,0.0,0.0,21.946716050072247,0.0,0.0,5.745670735088118,dasymetric_v2 preferred=M3_folk ages=M6_scaled
241,216506.3509460888,32.21951261770455,26.09708854862691,19.130699088145896,15.495440729483283,14.199351614296239,11.501158965631113,11.522232835672042,46.19317333067179,34.58033672307415,0.0,0.0,0.0,11.522232835672042,0.0,0.0,53.218913834731524,0.0,0.0,13.932761287645421,dasymetric_v2 preferred=M3_folk ages=M6_scaled
242,216506.3509460888,19.83128637683281,17.144674621584752,4.782674772036474,3.8738601823708207,4.656507988924734,3.7716678944293447,3.7785788187355185,46.19317333067414,9.02627524840722,0.0,0.0,0.0,3.7785788187355185,0.0,0.0,17.452507985211042,0.0,0.0,4.569082871247548,dasymetric_v2 preferred=M3_folk ages=M6_scaled
243,216506.3509460888,23.19282479297971,19.573907245195382,26.304711246200608,21.306231003039514,10.881839484847715,8.814047933548403,8.830198140778926,45.29283578063861,21.09359172857396,0.0,0.0,0.0,8.830198140778926,0.0,0.0,40.7849381886155,0.0,0.0,10.677534864353175,dasymetric_v2 preferred=M3_folk ages=M6_scaled
244,216506.3509460888,11.793432739725002,11.336079311387758,0.0,0.0,0.0,0.0,0.0,2.9650196468245573,0.02326893733437902,0.0,0.0,0.0,0.0,0.0,0.0,0.0,,,0.0,dasymetric_v2 preferred=M3_folk ages=M6_scaled
245,216506.3509460888,10.127588534708927,10.22148456552032,4.337448559670782,4.337448559670782,4.599033816425121,4.599033816425121,4.6074607446373825,3.354498537589042,14.61758849890745,0.0,0.0,0.0,4.6074607446373825,0.0,0.0,21.280949609578265,0.0,0.0,4.512687766217835,dasymetric_v2 preferred=M3_folk ages=M6_scaled
246,216506.3509460888,1.820047126240073,1.8813281742616241,4.752000000000001,4.912,4.009124844462878,4.144112212963312,4.151705576594924,22.08939636884295,12.647397944772012,0.0,0.0,0.0,4.151705576594924,0.0,0.0,19.175906657947046,0.0,0.0,3.9338542313460665,dasymetric_v2 preferred=M3_folk ages=M6_scaled
247,216506.3509460888,0.0,0.0,14.256,14.736,11.721277478224803,12.11593328557244,12.138133622446986,21.639533153927577,36.97656382363512,0.0,0.0,0.0,12.138133622446986,0.0,0.0,56.06363771504073,0.0,0.0,11.501212557194274,dasymetric_v2 preferred=M3_folk ages=M6_scaled
248,216506.3509460888,0.0,0.0,0.0,0.0,0.0,0.0,0.0,0.0,5.346292985965078,0.0,0.0,0.0,0.0,0.0,0.0,0.0,,,0.0,dasymetric_v2 preferred=M3_folk ages=M6_scaled
249,216506.3509460888,0.0,0.0,0.0,0.0,0.0,0.0,0.0,0.0,0.02326893733437902,0.0,0.0,0.0,0.0,0.0,0.0,0.0,,,0.0,dasymetric_v2 preferred=M3_folk ages=M6_scaled
250,216506.3509460888,0.0,0.0,0.0,0.0,0.0,0.0,0.0,0.0,0.02326893733437902,0.0,0.0,0.0,0.0,0.0,0.0,0.0,,,0.0,dasymetric_v2 preferred=M3_folk ages=M6_scaled
251,216506.3509460888,0.0,0.0,0.0,0.0,0.0,0.0,0.0,0.0,0.02326893733437902,0.0,0.0,0.0,0.0,0.0,0.0,0.0,,,0.0,dasymetric_v2 preferred=M3_folk ages=M6_scaled
252,216506.3509460888,0.0,0.0,0.0,0.0,0.0,0.0,0.0,0.0,0.02326893733437902,0.0,0.0,0.0,0.0,0.0,0.0,0.0,,,0.0,dasymetric_v2 preferred=M3_folk ages=M6_scaled
253,216506.3509460888,0.0,0.0,0.0,0.0,0.0,0.0,0.0,0.0,0.02326893733437902,0.0,0.0,0.0,0.0,0.0,0.0,0.0,,,0.0,dasymetric_v2 preferred=M3_folk ages=M6_scaled
254,216506.3509460888,0.0,0.0,0.0,0.0,0.0,0.0,0.0,0.0,0.02326893733437902,0.0,0.0,0.0,0.0,0.0,0.0,0.0,,,0.0,dasymetric_v2 preferred=M3_folk ages=M6_scaled
255,216506.3509460888,0.0,0.0,0.0,0.0,0.0,0.0,0.0,0.0,0.02326893733437902,0.0,0.0,0.0,0.0,0.0,0.0,0.0,,,0.0,dasymetric_v2 preferred=M3_folk ages=M6_scaled
256,216506.3509460888,0.0,0.0,0.0,0.0,0.0,0.0,0.0,0.0,0.02326893733437902,0.0,0.0,0.0,0.0,0.0,0.0,0.0,,,0.0,dasymetric_v2 preferred=M3_folk ages=M6_scaled
257,216506.3509460888,0.0,0.0,0.0,0.0,0.0,0.0,0.0,0.0,0.02326893733437902,0.0,0.0,0.0,0.0,0.0,0.0,0.0,,,0.0,dasymetric_v2 preferred=M3_folk ages=M6_scaled
258,216506.3509460888,0.0,0.0,0.0,0.0,0.0,0.0,0.0,0.0,0.02326893733437902,0.0,0.0,0.0,0.0,0.0,0.0,0.0,,,0.0,dasymetric_v2 preferred=M3_folk ages=M6_scaled
259,216506.3509460888,0.0,0.0,0.0,0.0,0.0,0.0,0.0,0.0,0.02326893733437902,0.0,0.0,0.0,0.0,0.0,0.0,0.0,,,0.0,dasymetric_v2 preferred=M3_folk ages=M6_scaled
260,216506.3509460888,0.0,0.0,0.0,0.0,0.0,0.0,0.0,0.0,0.02326893733437902,0.0,0.0,0.0,0.0,0.0,0.0,0.0,,,0.0,dasymetric_v2 preferred=M3_folk ages=M6_scaled
261,216506.3509460888,0.0,0.0,0.0,0.0,0.0,0.0,0.0,0.0,0.02326893733437902,0.0,0.0,0.0,0.0,0.0,0.0,0.0,,,0.0,dasymetric_v2 preferred=M3_folk ages=M6_scaled
262,216506.3509460888,0.0,0.0,0.0,0.0,0.0,0.0,0.0,0.0,0.02326893733437902,0.0,0.0,0.0,0.0,0.0,0.0,0.0,,,0.0,dasymetric_v2 preferred=M3_folk ages=M6_scaled
263,216506.3509460888,0.0,0.0,0.0,0.0,0.0,0.0,0.0,0.0,0.02326893733437902,0.0,0.0,0.0,0.0,0.0,0.0,0.0,,,0.0,dasymetric_v2 preferred=M3_folk ages=M6_scaled
264,216506.3509460888,0.0,0.0,0.0,0.0,0.0,0.0,0.0,0.0,0.02326893733437902,0.0,0.0,0.0,0.0,0.0,0.0,0.0,,,0.0,dasymetric_v2 preferred=M3_folk ages=M6_scaled
265,216506.3509460888,0.0,0.0,0.0,0.0,0.0,0.0,0.0,0.0,0.02326893733437902,0.0,0.0,0.0,0.0,0.0,0.0,0.0,,,0.0,dasymetric_v2 preferred=M3_folk ages=M6_scaled
266,216506.3509460888,0.0,0.0,0.0,0.0,0.0,0.0,0.0,0.0,0.02326893733437902,0.0,0.0,0.0,0.0,0.0,0.0,0.0,,,0.0,dasymetric_v2 preferred=M3_folk ages=M6_scaled
267,216506.3509460888,0.0,0.0,0.0,0.0,0.0,0.0,0.0,0.0,0.02326893733437902,0.0,0.0,0.0,0.0,0.0,0.0,0.0,,,0.0,dasymetric_v2 preferred=M3_folk ages=M6_scaled
268,216506.3509460888,0.0,0.0,0.0,0.0,0.0,0.0,0.0,0.0,0.02326893733437902,0.0,0.0,0.0,0.0,0.0,0.0,0.0,,,0.0,dasymetric_v2 preferred=M3_folk ages=M6_scaled
269,216506.3509460888,0.0,0.0,0.0,0.0,0.0,0.0,0.0,0.0,0.02326893733437902,0.0,0.0,0.0,0.0,0.0,0.0,0.0,,,0.0,dasymetric_v2 preferred=M3_folk ages=M6_scaled
270,216506.3509460888,0.0,0.0,0.0,0.0,0.0,0.0,0.0,0.0,0.02326893733437902,0.0,0.0,0.0,0.0,0.0,0.0,0.0,,,0.0,dasymetric_v2 preferred=M3_folk ages=M6_scaled
271,216506.3509460888,0.0,0.0,0.0,0.0,0.0,0.0,0.0,0.0,0.02326893733437902,0.0,0.0,0.0,0.0,0.0,0.0,0.0,,,0.0,dasymetric_v2 preferred=M3_folk ages=M6_scaled
272,216506.3509460888,0.0,0.0,0.0,0.0,0.0,0.0,0.0,0.0,0.02326893733437902,0.0,0.0,0.0,0.0,0.0,0.0,0.0,,,0.0,dasymetric_v2 preferred=M3_folk ages=M6_scaled
273,216506.3509460888,0.0,0.0,0.0,0.0,0.0,0.0,0.0,0.0,0.02326893733437902,0.0,0.0,0.0,0.0,0.0,0.0,0.0,,,0.0,dasymetric_v2 preferred=M3_folk ages=M6_scaled
274,216506.3509460888,0.0,0.0,0.0,0.0,0.0,0.0,0.0,0.0,0.02326893733437902,0.0,0.0,0.0,0.0,0.0,0.0,0.0,,,0.0,dasymetric_v2 preferred=M3_folk ages=M6_scaled
275,216506.3509460888,0.0,0.0,0.0,0.0,0.0,0.0,0.0,0.0,0.02326893733437902,0.0,0.0,0.0,0.0,0.0,0.0,0.0,,,0.0,dasymetric_v2 preferred=M3_folk ages=M6_scaled
276,216506.3509460888,0.0,0.0,4.322731524789523,4.307764265668849,4.495111689981962,4.479547572466335,4.487755562953764,0.0,0.02326893733437902,1.7465724141977945,0.29675898746650564,0.4164665816299627,4.487755562953764,0.317995740910256,0.43563068334681193,20.72805505863077,7.08585252582154,9.707094721087866,4.410716759402338,dasymetric_v2 preferred=M3_folk ages=M6_scaled
277,216506.3509460888,41.41405882855781,41.27066455431913,4.322731524789523,4.307764265668849,4.016640417658952,4.002732984920899,4.010067295748602,0.0,12.069679726538343,1.5606627454596538,0.26517119608351625,0.3721368054340563,4.010067295748602,0.28414745476294584,0.3892610307776835,18.521707461353547,7.08585252582154,9.707094721087866,3.9412287009785594,dasymetric_v2 preferred=M3_folk ages=M6_scaled
278,216506.3509460888,77.11346124969135,76.60674202834463,2.1613657623947615,2.1538821328344246,1.372457070610739,1.3677050011171723,1.3702110822463873,0.0,0.02326893733437902,0.5332672076962454,0.09060708580910116,0.12715646329878413,1.3702110822463873,0.09709113658044231,0.1330076876325,6.328733897453092,7.085852525821541,9.707094721087868,1.3466894307418904,dasymetric_v2 preferred=M3_folk ages=M6_scaled
279,216506.3509460888,63.89111306828186,60.974473970185514,6.9440405344312355,6.027742315205246,7.260318445300316,6.364598576945722,6.376260594980082,0.0,16.821357966187886,1.6403451069443793,0.24643462499585583,0.3308936808398022,6.376260594980082,0.26407005169588377,0.3461200649887012,29.450686167482473,4.141456387522515,5.428260966328688,7.124007244725999,dasymetric_v2 preferred=M3_folk ages=M6_scaled
280,216506.3509460888,32.21951261770455,26.09708854862691,0.0,0.0,0.0,0.0,0.0,11.546304110012505,0.02326893733437902,0.0,0.0,0.0,0.0,0.0,0.0,0.0,,,0.0,dasymetric_v2 preferred=M3_folk ages=M6_scaled
281,216506.3509460888,32.21951261770455,26.09708854862691,14.348024316109422,11.621580547112462,11.531352401757818,9.340138948865802,9.357253126224867,21.391469528969907,41.56712439610454,0.4957215351742127,0.05893269724616783,0.07098960368834724,9.357253126224867,0.06315005616047303,0.07425625711489056,43.219300890415326,0.6748781432821042,0.7935689685125451,11.314853290600151,dasymetric_v2 preferred=M3_folk ages=M6_scaled
282,216506.3509460888,32.21951261770455,26.09708854862691,9.565349544072948,7.7477203647416415,4.666500495338736,3.779761602357304,3.7866873569731476,34.77848878695651,39.86090391394308,0.0,0.0,0.0,3.7866873569731476,0.0,0.0,17.489959719084883,0.0,0.0,4.578887770112887,dasymetric_v2 preferred=M3_folk ages=M6_scaled
283,216506.3509460888,32.21951261770455,26.09708854862691,2.391337386018237,1.9369300911854104,1.9885087763863136,1.6106478776640334,1.6135991092883435,46.19317333067414,20.305149958415594,0.0,0.0,0.0,1.6135991092883435,0.0,0.0,7.452895040894843,0.0,0.0,1.9511748742022792,dasymetric_v2 preferred=M3_folk ages=M6_scaled
284,216506.3509460888,32.21951261770455,26.09708854862691,7.174012158054711,5.810790273556231,3.787159930906597,3.0675153046968275,3.07313599206172,46.1931733306765,16.867407527200893,0.0,0.0,0.0,3.07313599206172,0.0,0.0,14.194207138186663,0.0,0.0,3.7160566699631348,dasymetric_v2 preferred=M3_folk ages=M6_scaled
285,216506.3509460888,32.21951261770455,26.09708854862691,0.0,0.0,0.0,0.0,0.0,46.19317333067414,0.02326893733437902,0.0,0.0,0.0,0.0,0.0,0.0,0.0,,,0.0,dasymetric_v2 preferred=M3_folk ages=M6_scaled
286,216506.3509460888,19.067404105095726,16.59265126043814,0.0,0.0,0.0,0.0,0.0,46.1931733306765,0.02326893733437902,0.0,0.0,0.0,0.0,0.0,0.0,0.0,,,0.0,dasymetric_v2 preferred=M3_folk ages=M6_scaled
287,216506.3509460888,10.144391050377692,10.144391050377692,8.674897119341564,8.674897119341564,7.637681159420289,7.637681159420289,7.6516758794870805,46.19317333067414,68.79420040903776,0.0,0.0,0.0,7.6516758794870805,0.0,0.0,35.34157703019247,0.0,0.0,7.494285040326046,dasymetric_v2 preferred=M3_folk ages=M6_scaled
288,216506.3509460888,10.144391050377692,10.144391050377692,0.0,0.0,0.0,0.0,0.0,24.60660477717486,0.02326893733437902,0.0,0.0,0.0,0.0,0.0,0.0,0.0,,,0.0,dasymetric_v2 preferred=M3_folk ages=M6_scaled
289,216506.3509460888,10.24096468747892,10.251728547896882,0.0,0.0,0.0,0.0,0.0,6.20042595042606,0.02326893733437902,0.0,0.0,0.0,0.0,0.0,0.0,0.0,,,0.0,dasymetric_v2 preferred=M3_folk ages=M6_scaled
290,216506.3509460888,13.286342047990507,13.639416506750404,1.584,1.6373333333333333,0.9556200746578183,0.9877958347473071,0.9896057985179708,27.786994503928014,3.0146497894428634,0.7521781622533242,0.14474296159795697,0.156755562253879,0.9896057985179708,0.15510109974371736,0.1639688169836052,4.570793393328161,15.67301848635043,16.56910430690323,0.9376784760005522,dasymetric_v2 preferred=M3_folk ages=M6_scaled
291,216506.3509460888,12.14491054303253,12.553830089935982,3.168,3.2746666666666666,4.2107009539610125,4.352475396855322,4.3604505497198085,46.19317333067414,13.283300634732615,2.1037482975522663,0.4048279707192859,0.4384257131788178,4.3604505497198085,0.4337983883457095,0.45860028500102074,20.14005838935221,9.948476273250806,10.517268336651341,4.131645784877434,dasymetric_v2 preferred=M3_folk ages=M6_scaled
292,216506.3509460888,0.6236128680483695,0.6446099343126244,4.752000000000001,4.912,4.061385317295728,4.198132297676056,4.2058246437013755,21.25984996267848,12.81226160513217,1.034244973098321,0.19902157219719083,0.2155388980990836,4.2058246437013755,0.21326401214761137,0.22545712335245713,19.42587192164468,5.0706824514663165,5.360592569880457,3.985133523002347,dasymetric_v2 preferred=M3_folk ages=M6_scaled
293,216506.3509460888,0.0,0.0,1.584,1.6373333333333333,1.7917876399834092,1.8521171901512008,1.855510872221195,0.0,5.652468355205368,0.0,0.0,0.0,1.855510872221195,0.0,0.0,8.5702376124903,0.0,0.0,1.758147142501035,dasymetric_v2 preferred=M3_folk ages=M6_scaled
294,216506.3509460888,0.0,0.0,0.0,0.0,0.0,0.0,0.0,0.0,0.02326893733437902,0.0,0.0,0.0,0.0,0.0,0.0,0.0,,,0.0,dasymetric_v2 preferred=M3_folk ages=M6_scaled
295,216506.3509460888,0.0,0.0,0.0,0.0,0.0,0.0,0.0,0.0,0.02326893733437902,0.0,0.0,0.0,0.0,0.0,0.0,0.0,,,0.0,dasymetric_v2 preferred=M3_folk ages=M6_scaled
296,216506.3509460888,0.0,0.0,0.0,0.0,0.0,0.0,0.0,0.0,0.02326893733437902,0.0,0.0,0.0,0.0,0.0,0.0,0.0,,,0.0,dasymetric_v2 preferred=M3_folk ages=M6_scaled
297,216506.3509460888,0.0,0.0,0.0,0.0,0.0,0.0,0.0,0.0,0.02326893733437902,0.0,0.0,0.0,0.0,0.0,0.0,0.0,,,0.0,dasymetric_v2 preferred=M3_folk ages=M6_scaled
298,216506.3509460888,0.0,0.0,0.0,0.0,0.0,0.0,0.0,0.0,0.02326893733437902,0.0,0.0,0.0,0.0,0.0,0.0,0.0,,,0.0,dasymetric_v2 preferred=M3_folk ages=M6_scaled
299,216506.3509460888,0.0,0.0,0.0,0.0,0.0,0.0,0.0,0.0,0.02326893733437902,0.0,0.0,0.0,0.0,0.0,0.0,0.0,,,0.0,dasymetric_v2 preferred=M3_folk ages=M6_scaled
300,216506.3509460888,0.0,0.0,0.0,0.0,0.0,0.0,0.0,0.0,0.02326893733437902,0.0,0.0,0.0,0.0,0.0,0.0,0.0,,,0.0,dasymetric_v2 preferred=M3_folk ages=M6_scaled
301,216506.3509460888,0.0,0.0,0.0,0.0,0.0,0.0,0.0,0.0,0.02326893733437902,0.0,0.0,0.0,0.0,0.0,0.0,0.0,,,0.0,dasymetric_v2 preferred=M3_folk ages=M6_scaled
302,216506.3509460888,0.0,0.0,0.0,0.0,0.0,0.0,0.0,0.0,0.02326893733437902,0.0,0.0,0.0,0.0,0.0,0.0,0.0,,,0.0,dasymetric_v2 preferred=M3_folk ages=M6_scaled
303,216506.3509460888,0.0,0.0,0.0,0.0,0.0,0.0,0.0,0.0,0.02326893733437902,0.0,0.0,0.0,0.0,0.0,0.0,0.0,,,0.0,dasymetric_v2 preferred=M3_folk ages=M6_scaled
304,216506.3509460888,0.0,0.0,0.0,0.0,0.0,0.0,0.0,0.0,0.02326893733437902,0.0,0.0,0.0,0.0,0.0,0.0,0.0,,,0.0,dasymetric_v2 preferred=M3_folk ages=M6_scaled
305,216506.3509460888,0.0,0.0,0.0,0.0,0.0,0.0,0.0,0.0,0.02326893733437902,0.0,0.0,0.0,0.0,0.0,0.0,0.0,,,0.0,dasymetric_v2 preferred=M3_folk ages=M6_scaled
306,216506.3509460888,0.0,0.0,0.0,0.0,0.0,0.0,0.0,0.0,0.02326893733437902,0.0,0.0,0.0,0.0,0.0,0.0,0.0,,,0.0,dasymetric_v2 preferred=M3_folk ages=M6_scaled
307,216506.3509460888,0.0,0.0,0.0,0.0,0.0,0.0,0.0,0.0,0.02326893733437902,0.0,0.0,0.0,0.0,0.0,0.0,0.0,,,0.0,dasymetric_v2 preferred=M3_folk ages=M6_scaled
308,216506.3509460888,0.0,0.0,0.0,0.0,0.0,0.0,0.0,0.0,0.02326893733437902,0.0,0.0,0.0,0.0,0.0,0.0,0.0,,,0.0,dasymetric_v2 preferred=M3_folk ages=M6_scaled
309,216506.3509460888,0.0,0.0,0.0,0.0,0.0,0.0,0.0,0.0,0.02326893733437902,0.0,0.0,0.0,0.0,0.0,0.0,0.0,,,0.0,dasymetric_v2 preferred=M3_folk ages=M6_scaled
310,216506.3509460888,0.0,0.0,0.0,0.0,0.0,0.0,0.0,0.0,0.02326893733437902,0.0,0.0,0.0,0.0,0.0,0.0,0.0,,,0.0,dasymetric_v2 preferred=M3_folk ages=M6_scaled
311,216506.3509460888,0.0,0.0,0.0,0.0,0.0,0.0,0.0,0.0,0.02326893733437902,0.0,0.0,0.0,0.0,0.0,0.0,0.0,,,0.0,dasymetric_v2 preferred=M3_folk ages=M6_scaled
312,216506.3509460888,0.0,0.0,0.0,0.0,0.0,0.0,0.0,0.0,0.02326893733437902,0.0,0.0,0.0,0.0,0.0,0.0,0.0,,,0.0,dasymetric_v2 preferred=M3_folk ages=M6_scaled
313,216506.3509460888,0.0,0.0,0.0,0.0,0.0,0.0,0.0,0.0,0.02326893733437902,0.0,0.0,0.0,0.0,0.0,0.0,0.0,,,0.0,dasymetric_v2 preferred=M3_folk ages=M6_scaled
314,216506.3509460888,0.0,0.0,0.0,0.0,0.0,0.0,0.0,0.0,0.02326893733437902,0.0,0.0,0.0,0.0,0.0,0.0,0.0,,,0.0,dasymetric_v2 preferred=M3_folk ages=M6_scaled
315,216506.3509460888,0.0,0.0,0.0,0.0,0.0,0.0,0.0,0.0,0.02326893733437902,0.0,0.0,0.0,0.0,0.0,0.0,0.0,,,0.0,dasymetric_v2 preferred=M3_folk ages=M6_scaled
316,216506.3509460888,0.0,0.0,0.0,0.0,0.0,0.0,0.0,0.0,0.02326893733437902,0.0,0.0,0.0,0.0,0.0,0.0,0.0,,,0.0,dasymetric_v2 preferred=M3_folk ages=M6_scaled
317,216506.3509460888,0.0,0.0,2.1613657623947615,2.1538821328344246,2.279034218170126,2.2711431669927356,2.275304641161432,0.0,0.02326893733437902,0.0,0.0,0.0,2.275304641161432,0.0,0.0,10.509181976504676,0.0,0.0,2.236245751965891,dasymetric_v2 preferred=M3_folk ages=M6_scaled
318,216506.3509460888,0.0,0.0,0.0,0.0,0.0,0.0,0.0,0.0,0.02326893733437902,0.0,0.0,0.0,0.0,0.0,0.0,0.0,,,0.0,dasymetric_v2 preferred=M3_folk ages=M6_scaled
319,216506.3509460888,4.778899432853439,4.762352713328303,0.0,0.0,0.0,0.0,0.0,0.017094866982893097,0.02326893733437902,0.0,0.0,0.0,0.0,0.0,0.0,0.0,,,0.0,dasymetric_v2 preferred=M3_folk ages=M6_scaled
320,216506.3509460888,60.92540670804811,60.71445528902002,2.1613657623947615,2.1538821328344246,1.939067787835356,1.9323538547893993,1.9358945565682903,7.797178801442338,5.826741936949546,0.753423394359833,0.1280136808679044,0.1796522508991996,1.9358945565682903,0.13717463333383595,0.18791911830646787,8.941513946860331,7.085852525821543,9.707094721087866,1.9026621315068908,dasymetric_v2 preferred=M3_folk ages=M6_scaled
321,216506.3509460888,85.78461799108457,85.0840294886376,6.484097287184285,6.461646398503274,7.542218213723236,7.516103629992534,7.529875580418221,7.797178801441161,22.663755975537516,2.930523462477532,0.49792334311606967,0.6987772616144192,7.529875580418221,0.5335558790062839,0.7309321549712615,34.779005546554146,7.08585252582154,9.707094721087868,7.400614394627452,dasymetric_v2 preferred=M3_folk ages=M6_scaled
322,216506.3509460888,34.43322473398067,28.534871596953387,0.0,0.0,0.0,0.0,0.0,7.797178801442338,0.02326893733437902,0.0,0.0,0.0,0.0,0.0,0.0,0.0,,,0.0,dasymetric_v2 preferred=M3_folk ages=M6_scaled
323,216506.3509460888,32.21951261770455,26.09708854862691,2.391337386018237,1.9369300911854104,1.3989508979602205,1.1331191099143954,1.1351953532681813,8.234160435647798,12.28712381079933,0.18962025935625623,0.02254256178815163,0.027154493214121892,1.1351953532681813,0.024155759187066188,0.028404032776187645,5.24324274233808,2.1278944736271814,2.502127294162506,1.3726858411473322,dasymetric_v2 preferred=M3_folk ages=M6_scaled
324,216506.3509460888,32.21951261770455,26.09708854862691,4.782674772036474,3.8738601823708207,4.276792745192674,3.4641069931668653,3.470454365705583,25.57787425457653,15.416576465799603,0.5796962214605548,0.06891583175234926,0.08301516496888693,3.470454365705583,0.07384760665760234,0.08683518591577366,16.02934209800499,2.1278944736271814,2.502127294162506,4.1964967143647005,dasymetric_v2 preferred=M3_folk ages=M6_scaled
325,216506.3509460888,32.21951261770455,26.09708854862691,2.391337386018237,1.9369300911854104,2.3182614880483654,1.8777402392867122,1.8811808711301292,26.084519627568014,28.8623054239914,0.31422785836179606,0.037356245248936985,0.04499887446911628,1.8811808711301292,0.04002954379570968,0.04706954002911096,8.688802258731677,2.127894473627181,2.5021272941625057,2.274736536758436,dasymetric_v2 preferred=M3_folk ages=M6_scaled
326,216506.3509460888,32.21951261770455,26.09708854862691,4.782674772036474,3.8738601823708207,4.846365610790764,3.925448345060584,3.932641045250486,46.193173330674135,49.487425778048056,0.0,0.0,0.0,3.932641045250486,0.0,0.0,18.164090928814066,0.0,0.0,4.755375949688972,dasymetric_v2 preferred=M3_folk ages=M6_scaled
327,216506.3509460888,32.21951261770455,26.09708854862691,16.73936170212766,13.558510638297873,10.182364035867606,8.247488378591205,8.262600464144834,46.1931733306718,96.81791385507313,0.0,0.0,0.0,8.262600464144834,0.0,0.0,38.16331681744645,0.0,0.0,9.99119194377951,dasymetric_v2 preferred=M3_folk ages=M6_scaled
328,216506.3509460888,32.21951261770455,26.09708854862691,66.95744680851064,54.23404255319149,37.76168173851195,30.586122259760714,30.642166000003268,46.193173330674135,173.53297276621853,0.0,0.0,0.0,30.642166000003268,0.0,0.0,141.53010230925435,0.0,0.0,37.05271281211263,dasymetric_v2 preferred=M3_folk ages=M6_scaled
329,216506.3509460888,23.33239194269393,19.67476614707283,0.0,0.0,0.0,0.0,0.0,46.183994878600444,0.02326893733437902,0.0,0.0,0.0,0.0,0.0,0.0,0.0,,,0.0,dasymetric_v2 preferred=M3_folk ages=M6_scaled
330,216506.3509460888,10.144391050377692,10.144391050377692,10.843621399176955,10.843621399176955,9.303657694962043,9.303657694962043,9.320705026779194,42.00676860506751,83.8000014199185,0.0,0.0,0.0,9.320705026779194,0.0,0.0,43.05049244998868,0.0,0.0,9.128983159721283,dasymetric_v2 preferred=M3_folk ages=M6_scaled
331,216506.3509460888,10.144391050377692,10.144391050377692,6.506172839506172,6.506172839506172,6.746031746031745,6.746031746031745,6.758392673894118,41.18980294111426,60.762926628566376,0.0,0.0,0.0,6.758392673894118,0.0,0.0,31.21567863649872,0.0,0.0,6.619376187691976,dasymetric_v2 preferred=M3_folk ages=M6_scaled
332,216506.3509460888,10.144391050377692,10.144391050377692,0.0,0.0,0.0,0.0,0.0,8.764598844860117,0.02326893733437902,0.0,0.0,0.0,0.0,0.0,0.0,0.0,,,0.0,dasymetric_v2 preferred=M3_folk ages=M6_scaled
333,216506.3509460888,11.688054935530802,11.860108146915357,5.336724279835391,5.443390946502058,3.1825813308510362,3.2549767910523864,3.260940968930969,9.581564508810953,14.020952233645923,2.20952335161914,0.4251824496939986,0.4604694641207695,3.260940968930969,0.45560948049716976,0.48165839988934017,15.061641169791645,13.971718127928325,14.77053416416924,3.122828926682797,dasymetric_v2 preferred=M3_folk ages=M6_scaled
334,216506.3509460888,14.535352867550321,15.02475868800656,7.92,8.186666666666667,6.405640812940689,6.621318954790543,6.633451368190773,42.00676860506751,18.35427655371851,5.041944243854314,0.9702301644613053,1.0507521282330325,6.633451368190773,1.0396620592196053,1.0991034763432284,30.638599464652827,15.67301848635043,16.569104306903228,6.285376034441202,dasymetric_v2 preferred=M3_folk ages=M6_scaled
335,216506.3509460888,13.774048959544865,14.237821651785431,12.672,13.098666666666666,12.139361260887599,12.548093963274386,12.571086159298597,41.055225182954416,36.92511934669899,9.55501321737426,1.8386879340490472,1.9912855017563067,12.571086159298597,1.9702686576819095,2.08291637824486,58.06335982462179,15.673018486350433,16.56910430690323,11.911446890444514,dasymetric_v2 preferred=M3_folk ages=M6_scaled
336,216506.3509460888,3.3555750381337894,3.468557362650079,12.672,13.098666666666666,9.877229365408544,10.209796010708494,10.228503683119339,0.0,29.269713187704664,4.942045581680044,0.9510064898740767,1.0299330301211893,10.228503683119339,1.019062694409893,1.0773263678375935,47.243434838852785,9.96296942329608,10.532590114970231,9.691786123036957,dasymetric_v2 preferred=M3_folk ages=M6_scaled
337,216506.3509460888,0.0,0.0,3.168,3.2746666666666666,2.508502695976773,2.5929640662116817,2.5977152211096737,0.0,0.02326893733437902,0.0,0.0,0.0,2.5977152211096737,0.0,0.0,11.998332657486424,0.0,0.0,2.4614059995014497,dasymetric_v2 preferred=M3_folk ages=M6_scaled
338,216506.3509460888,0.0,0.0,0.0,0.0,0.0,0.0,0.0,0.0,0.02326893733437902,0.0,0.0,0.0,0.0,0.0,0.0,0.0,,,0.0,dasymetric_v2 preferred=M3_folk ages=M6_scaled
339,216506.3509460888,0.0,0.0,0.0,0.0,0.0,0.0,0.0,0.0,0.02326893733437902,0.0,0.0,0.0,0.0,0.0,0.0,0.0,,,0.0,dasymetric_v2 preferred=M3_folk ages=M6_scaled
340,216506.3509460888,0.0,0.0,0.0,0.0,0.0,0.0,0.0,0.0,0.02326893733437902,0.0,0.0,0.0,0.0,0.0,0.0,0.0,,,0.0,dasymetric_v2 preferred=M3_folk ages=M6_scaled
341,216506.3509460888,0.0,0.0,0.0,0.0,0.0,0.0,0.0,0.0,0.02326893733437902,0.0,0.0,0.0,0.0,0.0,0.0,0.0,,,0.0,dasymetric_v2 preferred=M3_folk ages=M6_scaled
342,216506.3509460888,0.0,0.0,0.0,0.0,0.0,0.0,0.0,0.0,0.02326893733437902,0.0,0.0,0.0,0.0,0.0,0.0,0.0,,,0.0,dasymetric_v2 preferred=M3_folk ages=M6_scaled
343,216506.3509460888,0.0,0.0,0.0,0.0,0.0,0.0,0.0,0.0,0.02326893733437902,0.0,0.0,0.0,0.0,0.0,0.0,0.0,,,0.0,dasymetric_v2 preferred=M3_folk ages=M6_scaled
344,216506.3509460888,0.0,0.0,0.0,0.0,0.0,0.0,0.0,0.0,0.02326893733437902,0.0,0.0,0.0,0.0,0.0,0.0,0.0,,,0.0,dasymetric_v2 preferred=M3_folk ages=M6_scaled
345,216506.3509460888,0.0,0.0,0.0,0.0,0.0,0.0,0.0,0.0,0.02326893733437902,0.0,0.0,0.0,0.0,0.0,0.0,0.0,,,0.0,dasymetric_v2 preferred=M3_folk ages=M6_scaled
346,216506.3509460888,0.0,0.0,0.0,0.0,0.0,0.0,0.0,0.0,0.02326893733437902,0.0,0.0,0.0,0.0,0.0,0.0,0.0,,,0.0,dasymetric_v2 preferred=M3_folk ages=M6_scaled
347,216506.3509460888,0.0,0.0,0.0,0.0,0.0,0.0,0.0,0.0,0.02326893733437902,0.0,0.0,0.0,0.0,0.0,0.0,0.0,,,0.0,dasymetric_v2 preferred=M3_folk ages=M6_scaled
348,216506.3509460888,0.0,0.0,0.0,0.0,0.0,0.0,0.0,0.0,0.02326893733437902,0.0,0.0,0.0,0.0,0.0,0.0,0.0,,,0.0,dasymetric_v2 preferred=M3_folk ages=M6_scaled
349,216506.3509460888,0.0,0.0,0.0,0.0,0.0,0.0,0.0,0.0,0.02326893733437902,0.0,0.0,0.0,0.0,0.0,0.0,0.0,,,0.0,dasymetric_v2 preferred=M3_folk ages=M6_scaled
350,216506.3509460888,0.0,0.0,0.0,0.0,0.0,0.0,0.0,0.0,0.02326893733437902,0.0,0.0,0.0,0.0,0.0,0.0,0.0,,,0.0,dasymetric_v2 preferred=M3_folk ages=M6_scaled
351,216506.3509460888,0.0,0.0,0.0,0.0,0.0,0.0,0.0,0.0,0.02326893733437902,0.0,0.0,0.0,0.0,0.0,0.0,0.0,,,0.0,dasymetric_v2 preferred=M3_folk ages=M6_scaled
352,216506.3509460888,0.0,0.0,0.0,0.0,0.0,0.0,0.0,0.0,0.02326893733437902,0.0,0.0,0.0,0.0,0.0,0.0,0.0,,,0.0,dasymetric_v2 preferred=M3_folk ages=M6_scaled
353,216506.3509460888,0.0,0.0,0.0,0.0,0.0,0.0,0.0,0.0,0.02326893733437902,0.0,0.0,0.0,0.0,0.0,0.0,0.0,,,0.0,dasymetric_v2 preferred=M3_folk ages=M6_scaled
354,216506.3509460888,0.0,0.0,0.0,0.0,0.0,0.0,0.0,0.0,0.02326893733437902,0.0,0.0,0.0,0.0,0.0,0.0,0.0,,,0.0,dasymetric_v2 preferred=M3_folk ages=M6_scaled
355,216506.3509460888,0.0,0.0,0.0,0.0,0.0,0.0,0.0,0.0,0.02326893733437902,0.0,0.0,0.0,0.0,0.0,0.0,0.0,,,0.0,dasymetric_v2 preferred=M3_folk ages=M6_scaled
356,216506.3509460888,0.0,0.0,0.0,0.0,0.0,0.0,0.0,0.0,0.02326893733437902,0.0,0.0,0.0,0.0,0.0,0.0,0.0,,,0.0,dasymetric_v2 preferred=M3_folk ages=M6_scaled
357,216506.3509460888,0.0,0.0,0.0,0.0,0.0,0.0,0.0,0.0,0.02326893733437902,0.0,0.0,0.0,0.0,0.0,0.0,0.0,,,0.0,dasymetric_v2 preferred=M3_folk ages=M6_scaled
358,216506.3509460888,0.0,0.0,0.0,0.0,0.0,0.0,0.0,0.0,0.02326893733437902,0.0,0.0,0.0,0.0,0.0,0.0,0.0,,,0.0,dasymetric_v2 preferred=M3_folk ages=M6_scaled
359,216506.3509460888,0.0,0.0,0.0,0.0,0.0,0.0,0.0,0.0,0.02326893733437902,0.0,0.0,0.0,0.0,0.0,0.0,0.0,,,0.0,dasymetric_v2 preferred=M3_folk ages=M6_scaled
360,216506.3509460888,0.0,0.0,0.0,0.0,0.0,0.0,0.0,0.0,0.02326893733437902,0.0,0.0,0.0,0.0,0.0,0.0,0.0,,,0.0,dasymetric_v2 preferred=M3_folk ages=M6_scaled
361,216506.3509460888,0.0,0.0,2.1613657623947615,2.1538821328344246,1.1584041329925505,1.1543932119521088,1.1565084363914464,0.0,0.02326893733437902,0.4500970927344456,0.07647570545355327,0.10732472131640496,1.1565084363914464,0.0819484822513825,0.11226336937788992,5.341683656565913,7.085852525821539,9.707094721087866,1.1366552993417791,dasymetric_v2 preferred=M3_folk ages=M6_scaled
362,216506.3509460888,0.0,0.0,45.38868101028999,45.231524789522915,45.20294388525278,45.046430770739896,45.128970507014046,0.0,5.83664153166113,17.56357133605065,2.9842150280245248,4.187997277455367,45.128970507014046,3.197772296548513,4.3807119137676604,208.44178616382203,7.08585252582154,9.707094721087866,44.35426657214116,dasymetric_v2 preferred=M3_folk ages=M6_scaled
363,216506.3509460888,0.0,0.0,4.322731524789523,4.307764265668849,3.903318274214028,3.889803214186453,3.896930600884221,0.0,11.729155847106227,1.5166315081269364,0.2576898770717556,0.3616376479139732,3.896930600884221,0.27613075541226717,0.3782787446428899,17.999151451472095,7.085852525821543,9.707094721087866,3.830034160825559,dasymetric_v2 preferred=M3_folk ages=M6_scaled
364,216506.3509460888,75.84785347154829,75.58523376682102,12.96819457436857,12.923292797006548,9.682747589905121,9.64922152164317,9.666902038967633,24.933323367998018,29.095873698144157,3.7622246120955296,0.6392371466715485,0.897094681438211,9.666902038967633,0.684982422296882,0.9383753375173625,44.649507955425946,7.08585252582154,9.707094721087866,9.500955708628565,dasymetric_v2 preferred=M3_folk ages=M6_scaled
365,216506.3509460888,89.63975271600508,89.32937919437424,2.1613657623947615,2.1538821328344246,1.536144611142295,1.5308257810669266,1.5336307526060482,46.19317333067414,4.615990365635354,0.596867883843504,0.10141343549275543,0.14232191305001526,1.5336307526060482,0.10867081342031158,0.14887098982720184,7.0835370228374055,7.085852525821541,9.707094721087868,1.5073037665184459,dasymetric_v2 preferred=M3_folk ages=M6_scaled
366,216506.3509460888,68.09290298304688,65.60156714617973,0.0,0.0,0.0,0.0,0.0,46.1931733306765,0.02326893733437902,0.0,0.0,0.0,0.0,0.0,0.0,0.0,,,0.0,dasymetric_v2 preferred=M3_folk ages=M6_scaled
367,216506.3509460888,32.21951261770455,26.09708854862691,9.565349544072948,7.7477203647416415,7.504372316915183,6.078374653897935,6.08951221646003,46.19317333067414,65.91164272793068,1.0171772484039174,0.12092474216358481,0.14566446002718245,6.08951221646003,0.12957839392490506,0.1523673472494066,28.12625213925642,2.127894473627181,2.5021272941625057,7.3634790478689025,dasymetric_v2 preferred=M3_folk ages=M6_scaled
368,216506.3509460888,32.21951261770455,26.09708854862691,9.565349544072948,7.7477203647416415,8.853360682805395,7.1710252241725305,7.184164878540062,46.1931733306765,89.19203215998982,1.200025355640307,0.14266221245930244,0.17184914991222855,7.184164878540062,0.15287144742671885,0.1797569502835875,33.18223621222528,2.127894473627181,2.5021272941625052,8.687140394689543,dasymetric_v2 preferred=M3_folk ages=M6_scaled
369,216506.3509460888,32.21951261770455,26.09708854862691,9.565349544072948,7.7477203647416415,7.034724515457109,5.697970381283817,5.708410919291427,46.19317333067414,87.58216818314631,0.9535190184771742,0.11335688213470532,0.13654830873387008,5.708410919291427,0.12146896048353281,0.1428317076745436,26.366020647185778,2.1278944736271805,2.5021272941625057,6.902648801198012,dasymetric_v2 preferred=M3_folk ages=M6_scaled
370,216506.3509460888,32.21951261770455,26.09708854862691,2.391337386018237,1.9369300911854104,2.997751924200472,2.42811237838799,2.43256147128896,46.1931733306765,37.321946668954396,0.4063291271919776,0.04830548954603921,0.05818819974454691,2.43256147128896,0.05176234111514183,0.060865784520402096,11.23552016215303,2.127894473627181,2.502127294162506,2.9414696596014256,dasymetric_v2 preferred=M3_folk ages=M6_scaled
371,216506.3509460888,32.21951261770455,26.09708854862691,9.565349544072948,7.7477203647416415,7.894080067061244,6.394029263088374,6.405745207727596,46.19317333067414,62.31132402271456,0.0,0.0,0.0,6.405745207727596,0.0,0.0,29.586869760336313,0.0,0.0,7.745870103617088,dasymetric_v2 preferred=M3_folk ages=M6_scaled
372,216506.3509460888,32.21951261770455,26.09708854862691,16.73936170212766,13.558510638297873,12.240820357151929,9.914792211750958,9.932959341096586,46.1931733306765,84.29991981554583,0.0,0.0,0.0,9.932959341096586,0.0,0.0,45.8783739954582,0.0,0.0,12.011001110039155,dasymetric_v2 preferred=M3_folk ages=M6_scaled
373,216506.3509460888,27.44204759855876,22.644629452242143,0.0,0.0,0.0,0.0,0.0,46.19317333067414,0.02326893733437902,0.0,0.0,0.0,0.0,0.0,0.0,0.0,,,0.0,dasymetric_v2 preferred=M3_folk ages=M6_scaled
374,216506.3509460888,10.144391050377692,10.144391050377692,2.168724279835391,2.168724279835391,1.3726708074534162,1.3726708074534162,1.375185987557586,32.80615407269099,7.395999338896461,0.0,0.0,0.0,1.375185987557586,0.0,0.0,6.351712000818002,0.0,0.0,1.3468991547129763,dasymetric_v2 preferred=M3_folk ages=M6_scaled
375,216506.3509460888,10.144391050377692,10.144391050377692,2.168724279835391,2.168724279835391,3.6839199447895097,3.6839199447895097,3.6906700862656576,21.391469528969907,19.849092242850332,1.8451870542776858,0.3550725776699882,0.3845409886540469,3.6906700862656576,0.3804823853088066,0.4022360041629065,17.04647494236626,10.309303633633405,10.898725563679474,3.6147549964091836,dasymetric_v2 preferred=M3_folk ages=M6_scaled
376,216506.3509460888,10.144391050377692,10.144391050377692,6.506172839506172,6.506172839506172,8.646652864044169,8.646652864044169,8.662496348973855,21.391469528970998,48.854851975362045,4.330900824849219,0.8334028335757366,0.9025691357899126,8.662496348973855,0.8930430508681226,0.9441017040384142,40.010356791477506,10.309303633633405,10.898725563679468,8.484313478833021,dasymetric_v2 preferred=M3_folk ages=M6_scaled
377,216506.3509460888,10.144391050377692,10.144391050377692,0.0,0.0,0.0,0.0,0.0,21.391469528969907,0.02326893733437902,0.0,0.0,0.0,0.0,0.0,0.0,0.0,,,0.0,dasymetric_v2 preferred=M3_folk ages=M6_scaled
378,216506.3509460888,12.321479750896177,12.564132645833222,4.752000000000001,4.912,2.4263790958108666,2.5080753616630846,2.512670972799535,21.391469528970998,22.596849889238563,1.909827365096331,0.3675114259323127,0.3980121697852397,2.512670972799535,0.3938113860680324,0.4163270743724351,11.605530100247282,15.673018486350433,16.56910430690323,2.3808242554701518,dasymetric_v2 preferred=M3_folk ages=M6_scaled
379,216506.3509460888,10.149866058714888,10.491612390658151,9.504000000000001,9.824,7.256739941932808,7.501074620112364,7.514819032495841,21.391469528969907,17.024726554253586,5.7118529196111805,1.0991418646344857,1.1903625508653937,7.514819032495841,1.1777989761788537,1.245138203969252,34.70946233058572,15.673018486350431,16.56910430690323,7.120495927129193,dasymetric_v2 preferred=M3_folk ages=M6_scaled
380,216506.3509460888,3.790662350075292,3.918294079034057,15.84,16.373333333333335,9.332227291580256,9.646443698704172,9.664119126152059,9.845165418958493,21.89393846997632,4.689360730298068,0.9023819012122629,0.9772729584265268,9.664119126152059,0.9669584187147379,1.0222430933821636,44.63665423172032,10.005655001686115,10.57771618952702,9.157016367192892,dasymetric_v2 preferred=M3_folk ages=M6_scaled
381,216506.3509460888,0.9613301810343752,0.9936982005978223,14.256,14.736,8.809622563251763,9.106242851576738,9.122928455087543,0.0,13.556726700609337,0.0,0.0,0.0,9.122928455087543,0.0,0.0,42.13700159474398,0.0,0.0,8.64422345063009,dasymetric_v2 preferred=M3_folk ages=M6_scaled
382,216506.3509460888,0.0,0.0,1.584,1.6373333333333333,1.343840729987557,1.3890878926134007,1.3916331541658964,0.0,0.02326893733437902,0.0,0.0,0.0,1.3916331541658964,0.0,0.0,6.427678209367726,0.0,0.0,1.3186103568757765,dasymetric_v2 preferred=M3_folk ages=M6_scaled
383,216506.3509460888,0.0,0.0,0.0,0.0,0.0,0.0,0.0,0.0,0.02326893733437902,0.0,0.0,0.0,0.0,0.0,0.0,0.0,,,0.0,dasymetric_v2 preferred=M3_folk ages=M6_scaled
384,216506.3509460888,0.0,0.0,0.0,0.0,0.0,0.0,0.0,0.0,0.02326893733437902,0.0,0.0,0.0,0.0,0.0,0.0,0.0,,,0.0,dasymetric_v2 preferred=M3_folk ages=M6_scaled
385,216506.3509460888,0.0,0.0,0.0,0.0,0.0,0.0,0.0,0.0,0.02326893733437902,0.0,0.0,0.0,0.0,0.0,0.0,0.0,,,0.0,dasymetric_v2 preferred=M3_folk ages=M6_scaled
386,216506.3509460888,0.0,0.0,0.0,0.0,0.0,0.0,0.0,0.0,0.02326893733437902,0.0,0.0,0.0,0.0,0.0,0.0,0.0,,,0.0,dasymetric_v2 preferred=M3_folk ages=M6_scaled
387,216506.3509460888,0.0,0.0,0.0,0.0,0.0,0.0,0.0,0.0,0.02326893733437902,0.0,0.0,0.0,0.0,0.0,0.0,0.0,,,0.0,dasymetric_v2 preferred=M3_folk ages=M6_scaled
388,216506.3509460888,0.0,0.0,0.0,0.0,0.0,0.0,0.0,0.0,0.02326893733437902,0.0,0.0,0.0,0.0,0.0,0.0,0.0,,,0.0,dasymetric_v2 preferred=M3_folk ages=M6_scaled
389,216506.3509460888,0.0,0.0,0.0,0.0,0.0,0.0,0.0,0.0,0.02326893733437902,0.0,0.0,0.0,0.0,0.0,0.0,0.0,,,0.0,dasymetric_v2 preferred=M3_folk ages=M6_scaled
390,216506.3509460888,0.0,0.0,0.0,0.0,0.0,0.0,0.0,0.0,0.02326893733437902,0.0,0.0,0.0,0.0,0.0,0.0,0.0,,,0.0,dasymetric_v2 preferred=M3_folk ages=M6_scaled
391,216506.3509460888,0.0,0.0,0.0,0.0,0.0,0.0,0.0,0.0,0.02326893733437902,0.0,0.0,0.0,0.0,0.0,0.0,0.0,,,0.0,dasymetric_v2 preferred=M3_folk ages=M6_scaled
392,216506.3509460888,0.0,0.0,0.0,0.0,0.0,0.0,0.0,0.0,0.02326893733437902,0.0,0.0,0.0,0.0,0.0,0.0,0.0,,,0.0,dasymetric_v2 preferred=M3_folk ages=M6_scaled
393,216506.3509460888,0.0,0.0,0.0,0.0,0.0,0.0,0.0,0.0,0.02326893733437902,0.0,0.0,0.0,0.0,0.0,0.0,0.0,,,0.0,dasymetric_v2 preferred=M3_folk ages=M6_scaled
394,216506.3509460888,0.0,0.0,0.0,0.0,0.0,0.0,0.0,0.0,0.02326893733437902,0.0,0.0,0.0,0.0,0.0,0.0,0.0,,,0.0,dasymetric_v2 preferred=M3_folk ages=M6_scaled
395,216506.3509460888,0.0,0.0,0.0,0.0,0.0,0.0,0.0,0.0,0.02326893733437902,0.0,0.0,0.0,0.0,0.0,0.0,0.0,,,0.0,dasymetric_v2 preferred=M3_folk ages=M6_scaled
396,216506.3509460888,0.0,0.0,0.0,0.0,0.0,0.0,0.0,0.0,0.02326893733437902,0.0,0.0,0.0,0.0,0.0,0.0,0.0,,,0.0,dasymetric_v2 preferred=M3_folk ages=M6_scaled
397,216506.3509460888,0.0,0.0,0.0,0.0,0.0,0.0,0.0,0.0,0.02326893733437902,0.0,0.0,0.0,0.0,0.0,0.0,0.0,,,0.0,dasymetric_v2 preferred=M3_folk ages=M6_scaled
398,216506.3509460888,0.0,0.0,0.0,0.0,0.0,0.0,0.0,0.0,0.02326893733437902,0.0,0.0,0.0,0.0,0.0,0.0,0.0,,,0.0,dasymetric_v2 preferred=M3_folk ages=M6_scaled
399,216506.3509460888,0.0,0.0,0.0,0.0,0.0,0.0,0.0,0.0,0.02326893733437902,0.0,0.0,0.0,0.0,0.0,0.0,0.0,,,0.0,dasymetric_v2 preferred=M3_folk ages=M6_scaled
400,216506.3509460888,0.0,0.0,0.0,0.0,0.0,0.0,0.0,0.0,0.02326893733437902,0.0,0.0,0.0,0.0,0.0,0.0,0.0,,,0.0,dasymetric_v2 preferred=M3_folk ages=M6_scaled
401,216506.3509460888,0.0,0.0,0.0,0.0,0.0,0.0,0.0,0.0,0.02326893733437902,0.0,0.0,0.0,0.0,0.0,0.0,0.0,,,0.0,dasymetric_v2 preferred=M3_folk ages=M6_scaled
402,216506.3509460888,0.0,0.0,0.0,0.0,0.0,0.0,0.0,0.006316591483285601,0.02326893733437902,0.0,0.0,0.0,0.0,0.0,0.0,0.0,,,0.0,dasymetric_v2 preferred=M3_folk ages=M6_scaled
403,216506.3509460888,0.0,0.0,0.0,0.0,0.0,0.0,0.0,0.006316591483285601,0.02326893733437902,0.0,0.0,0.0,0.0,0.0,0.0,0.0,,,0.0,dasymetric_v2 preferred=M3_folk ages=M6_scaled
404,216506.3509460888,34.73706538675244,34.616789895259686,0.0,0.0,0.0,0.0,0.0,0.006316591483285601,0.02326893733437902,0.0,0.0,0.0,0.0,0.0,0.0,0.0,,,0.0,dasymetric_v2 preferred=M3_folk ages=M6_scaled
405,216506.3509460888,44.352753308656155,44.19918393991811,0.0,0.0,0.0,0.0,0.0,0.006316591483285601,0.02326893733437902,0.0,0.0,0.0,0.0,0.0,0.0,0.0,,,0.0,dasymetric_v2 preferred=M3_folk ages=M6_scaled
406,216506.3509460888,1.9937179815165937,1.9868148246881443,58.35687558465856,58.15481758652947,54.344263456476604,54.15609894331849,54.25533055940741,0.17339043621618977,175.5644854922127,21.11542448088986,3.5877080949732165,5.034929317408737,54.25533055940741,3.8444527108365962,5.2666163286410095,250.59463762759216,7.085852525821541,9.707094721087868,53.3239594778165,dasymetric_v2 preferred=M3_folk ages=M6_scaled
407,216506.3509460888,37.05290966559047,36.924615669778,4.322731524789523,4.307764265668849,5.52760233025793,5.508463261380172,5.518556560607011,1.134112310398923,18.567287191298814,2.147745909895887,0.36492211624032483,0.5121255723684975,5.518556560607011,0.3910367794386621,0.5356915125749312,25.489120926439522,7.085852525821538,9.707094721087865,5.423822569685227,dasymetric_v2 preferred=M3_folk ages=M6_scaled
408,216506.3509460888,89.63975271600508,89.32937919437424,28.0977549111319,28.00046772684752,32.384950326704775,32.27281892544374,32.331953243465215,46.46194429827541,97.31415754437812,12.583149157749936,2.137994722027598,3.0004259046281905,32.331953243465215,2.2909945255495194,3.138493326521009,149.33489526834268,7.08585252582154,9.707094721087866,31.77692858594625,dasymetric_v2 preferred=M3_folk ages=M6_scaled
409,216506.3509460888,89.63975271600508,89.32937919437424,0.0,0.0,0.0,0.0,0.0,46.46194429827353,0.02326893733437902,0.0,0.0,0.0,0.0,0.0,0.0,0.0,,,0.0,dasymetric_v2 preferred=M3_folk ages=M6_scaled
410,216506.3509460888,51.730212892512654,47.58265301799807,4.782674772036474,3.8738601823708207,3.2475645845505117,2.630455076586989,2.6352749272297067,46.19317333066161,28.52368027506987,0.4401898877913091,0.052330947008209144,0.06303721638992582,2.6352749272297067,0.05607586954140365,0.0659379332304356,12.171813508999115,2.1278944736271814,2.5021272941625057,3.1865921312348777,dasymetric_v2 preferred=M3_folk ages=M6_scaled
411,216506.3509460888,32.21951261770455,26.09708854862691,11.956686930091184,9.684650455927052,6.405196611375009,5.1880667818223385,5.1975730103207445,46.193173330659725,56.257474019445496,0.868189901766859,0.1032127293300371,0.12432878678751524,5.1975730103207445,0.11059886884935304,0.13004989292525915,24.00656141313364,2.1278944736271814,2.502127294162506,6.284940172681713,dasymetric_v2 preferred=M3_folk ages=M6_scaled
412,216506.3509460888,32.21951261770455,26.09708854862691,0.0,0.0,0.0,0.0,0.0,46.31950516032732,0.02326893733437902,0.0,0.0,0.0,0.0,0.0,0.0,0.0,,,0.0,dasymetric_v2 preferred=M3_folk ages=M6_scaled
413,216506.3509460888,32.21951261770455,26.09708854862691,0.0,0.0,0.0,0.0,0.0,46.319505160325434,0.02326893733437902,0.0,0.0,0.0,0.0,0.0,0.0,0.0,,,0.0,dasymetric_v2 preferred=M3_folk ages=M6_scaled
414,216506.3509460888,32.21951261770455,26.09708854862691,2.391337386018237,1.9369300911854104,1.498875962100236,1.214056189193995,1.21628073564448,46.31950516032732,11.831264054945802,0.2031645635959888,0.024152744773019603,0.029094099872273457,1.21628073564448,0.025881170557570915,0.030432892260201048,5.617760081076515,2.127894473627181,2.502127294162506,1.4707348298007128,dasymetric_v2 preferred=M3_folk ages=M6_scaled
415,216506.3509460888,32.21951261770455,26.09708854862691,16.73936170212766,13.558510638297873,9.932551375517566,8.045145680392206,8.059887008204088,46.31950516032544,78.40184313744085,0.0,0.0,0.0,8.059887008204088,0.0,0.0,37.22702347060037,0.0,0.0,9.746069472146058,dasymetric_v2 preferred=M3_folk ages=M6_scaled
416,216506.3509460888,32.21951261770455,26.09708854862691,21.522036474164132,17.432370820668694,14.46914928747428,11.719689079686033,11.74116336808805,46.224756288078034,97.12075511049757,0.0,0.0,0.0,11.74116336808805,0.0,0.0,54.2301106493253,0.0,0.0,14.197493557009548,dasymetric_v2 preferred=M3_folk ages=M6_scaled
417,216506.3509460888,12.394371737027278,11.770350896694879,0.0,0.0,0.0,0.0,0.0,45.7089324630116,0.02326893733437902,0.0,0.0,0.0,0.0,0.0,0.0,0.0,,,0.0,dasymetric_v2 preferred=M3_folk ages=M6_scaled
418,216506.3509460888,10.144391050377692,10.144391050377692,2.168724279835391,2.168724279835391,3.2498274672187715,3.2498274672187715,3.255782209858558,21.3914695289641,17.51018646901128,1.6277605542513343,0.31323281533307873,0.339228833940035,3.255782209858558,0.3356484736641383,0.3548387680035831,15.037813882278515,10.309303633633405,10.898725563679472,3.1888125286794393,dasymetric_v2 preferred=M3_folk ages=M6_scaled
419,216506.3509460888,10.144391050377692,10.144391050377692,4.337448559670782,4.337448559670782,3.7543133195307106,3.7543133195307106,3.7611924446019445,21.39146952896323,21.714523445325153,1.8804454056333104,0.3618574039948924,0.39188890563469747,3.7611924446019445,0.3877527493592934,0.409922042459013,17.37220376292103,10.309303633633405,10.898725563679472,3.683826747932926,dasymetric_v2 preferred=M3_folk ages=M6_scaled
420,216506.3509460888,10.144391050377692,10.144391050377692,2.168724279835391,2.168724279835391,2.5341614906832297,2.5341614906832297,2.5388049001063124,21.416735894897247,17.66675542541289,1.2693006488024845,0.2442537476965524,0.2645250113034208,2.5388049001063124,0.26173310581752307,0.2766973786598338,11.726237539971695,10.309303633633407,10.898725563679474,2.486583054854725,dasymetric_v2 preferred=M3_folk ages=M6_scaled
421,216506.3509460888,10.144391050377692,10.144391050377692,4.337448559670782,4.337448559670782,6.18288474810214,6.18288474810214,6.194213807203828,21.416735894896377,43.10361161663238,3.0968585274023583,0.5959339122040885,0.6453920414671424,6.194213807203828,0.6385803091010864,0.6750903636746869,28.609848072060572,10.309303633633407,10.89872556367947,6.066802175502039,dasymetric_v2 preferred=M3_folk ages=M6_scaled
422,216506.3509460888,13.986570706348493,14.414810580710721,3.168,3.2746666666666666,2.3965159684778103,2.4772067418272314,2.481745791595849,21.3914695289641,5.622363399089919,1.8863217975259148,0.36298820838237644,0.3931135584648059,2.481745791595849,0.3889644767010412,0.41120304884169734,11.46269280670578,15.673018486350427,16.569104306903224,2.3515218030951353,dasymetric_v2 preferred=M3_folk ages=M6_scaled
423,216506.3509460888,8.774862990553947,9.07031292289583,0.0,0.0,0.0,0.0,0.0,20.94657147984505,0.02326893733437902,0.0,0.0,0.0,0.0,0.0,0.0,0.0,,,0.0,dasymetric_v2 preferred=M3_folk ages=M6_scaled
424,216506.3509460888,0.0,0.0,12.672,13.098666666666666,10.56408129406885,10.919774266933123,10.93978285080413,0.0,24.783938348013194,8.315094528034795,1.6000882082899148,1.732883754603428,10.93978285080413,1.7145941885731253,1.8126240314984479,50.5286925903074,15.67301848635043,16.569104306903228,10.365742527662354,dasymetric_v2 preferred=M3_folk ages=M6_scaled
425,216506.3509460888,0.0,0.0,0.0,0.0,0.0,0.0,0.0,0.0,0.02326893733437902,0.0,0.0,0.0,0.0,0.0,0.0,0.0,,,0.0,dasymetric_v2 preferred=M3_folk ages=M6_scaled
426,216506.3509460888,0.0,0.0,0.0,0.0,0.0,0.0,0.0,0.0,0.02326893733437902,0.0,0.0,0.0,0.0,0.0,0.0,0.0,,,0.0,dasymetric_v2 preferred=M3_folk ages=M6_scaled
427,216506.3509460888,0.0,0.0,0.0,0.0,0.0,0.0,0.0,0.0,0.02326893733437902,0.0,0.0,0.0,0.0,0.0,0.0,0.0,,,0.0,dasymetric_v2 preferred=M3_folk ages=M6_scaled
428,216506.3509460888,0.0,0.0,0.0,0.0,0.0,0.0,0.0,0.0,0.02326893733437902,0.0,0.0,0.0,0.0,0.0,0.0,0.0,,,0.0,dasymetric_v2 preferred=M3_folk ages=M6_scaled
429,216506.3509460888,0.0,0.0,0.0,0.0,0.0,0.0,0.0,0.0,0.02326893733437902,0.0,0.0,0.0,0.0,0.0,0.0,0.0,,,0.0,dasymetric_v2 preferred=M3_folk ages=M6_scaled
430,216506.3509460888,0.0,0.0,0.0,0.0,0.0,0.0,0.0,0.0,0.02326893733437902,0.0,0.0,0.0,0.0,0.0,0.0,0.0,,,0.0,dasymetric_v2 preferred=M3_folk ages=M6_scaled
431,216506.3509460888,0.0,0.0,0.0,0.0,0.0,0.0,0.0,0.0,0.02326893733437902,0.0,0.0,0.0,0.0,0.0,0.0,0.0,,,0.0,dasymetric_v2 preferred=M3_folk ages=M6_scaled
432,216506.3509460888,0.0,0.0,0.0,0.0,0.0,0.0,0.0,0.0,0.02326893733437902,0.0,0.0,0.0,0.0,0.0,0.0,0.0,,,0.0,dasymetric_v2 preferred=M3_folk ages=M6_scaled
433,216506.3509460888,0.0,0.0,0.0,0.0,0.0,0.0,0.0,0.0,0.02326893733437902,0.0,0.0,0.0,0.0,0.0,0.0,0.0,,,0.0,dasymetric_v2 preferred=M3_folk ages=M6_scaled
434,216506.3509460888,0.0,0.0,0.0,0.0,0.0,0.0,0.0,0.0,0.02326893733437902,0.0,0.0,0.0,0.0,0.0,0.0,0.0,,,0.0,dasymetric_v2 preferred=M3_folk ages=M6_scaled
435,216506.3509460888,0.0,0.0,0.0,0.0,0.0,0.0,0.0,0.0,0.02326893733437902,0.0,0.0,0.0,0.0,0.0,0.0,0.0,,,0.0,dasymetric_v2 preferred=M3_folk ages=M6_scaled
436,216506.3509460888,0.0,0.0,0.0,0.0,0.0,0.0,0.0,0.0,0.02326893733437902,0.0,0.0,0.0,0.0,0.0,0.0,0.0,,,0.0,dasymetric_v2 preferred=M3_folk ages=M6_scaled
437,216506.3509460888,0.0,0.0,0.0,0.0,0.0,0.0,0.0,0.0,0.02326893733437902,0.0,0.0,0.0,0.0,0.0,0.0,0.0,,,0.0,dasymetric_v2 preferred=M3_folk ages=M6_scaled
438,216506.3509460888,0.0,0.0,0.0,0.0,0.0,0.0,0.0,0.0,0.02326893733437902,0.0,0.0,0.0,0.0,0.0,0.0,0.0,,,0.0,dasymetric_v2 preferred=M3_folk ages=M6_scaled
439,216506.3509460888,0.0,0.0,0.0,0.0,0.0,0.0,0.0,0.0,0.02326893733437902,0.0,0.0,0.0,0.0,0.0,0.0,0.0,,,0.0,dasymetric_v2 preferred=M3_folk ages=M6_scaled
440,216506.3509460888,0.0,0.0,0.0,0.0,0.0,0.0,0.0,0.0,0.02326893733437902,0.0,0.0,0.0,0.0,0.0,0.0,0.0,,,0.0,dasymetric_v2 preferred=M3_folk ages=M6_scaled
441,216506.3509460888,0.0,0.0,0.0,0.0,0.0,0.0,0.0,0.0,0.02326893733437902,0.0,0.0,0.0,0.0,0.0,0.0,0.0,,,0.0,dasymetric_v2 preferred=M3_folk ages=M6_scaled
442,216506.3509460888,0.0,0.0,0.0,0.0,0.0,0.0,0.0,0.0,0.02326893733437902,0.0,0.0,0.0,0.0,0.0,0.0,0.0,,,0.0,dasymetric_v2 preferred=M3_folk ages=M6_scaled
443,216506.3509460888,0.0,0.0,0.0,0.0,0.0,0.0,0.0,0.0,0.02326893733437902,0.0,0.0,0.0,0.0,0.0,0.0,0.0,,,0.0,dasymetric_v2 preferred=M3_folk ages=M6_scaled
444,216506.3509460888,0.0,0.0,0.0,0.0,0.0,0.0,0.0,0.0,0.02326893733437902,0.0,0.0,0.0,0.0,0.0,0.0,0.0,,,0.0,dasymetric_v2 preferred=M3_folk ages=M6_scaled
445,216506.3509460888,0.0,0.0,0.0,0.0,0.0,0.0,0.0,0.0,0.02326893733437902,0.0,0.0,0.0,0.0,0.0,0.0,0.0,,,0.0,dasymetric_v2 preferred=M3_folk ages=M6_scaled
446,216506.3509460888,0.0,0.0,0.0,0.0,0.0,0.0,0.0,2.851892778630048,0.02326893733437902,0.0,0.0,0.0,0.0,0.0,0.0,0.0,,,0.0,dasymetric_v2 preferred=M3_folk ages=M6_scaled
447,216506.3509460888,0.0,0.0,0.0,0.0,0.0,0.0,0.0,5.322292074921162,0.02326893733437902,0.0,0.0,0.0,0.0,0.0,0.0,0.0,,,0.0,dasymetric_v2 preferred=M3_folk ages=M6_scaled
448,216506.3509460888,42.73110395019714,42.58314946779005,0.0,0.0,0.0,0.0,0.0,5.32229207492132,0.02326893733437902,0.0,0.0,0.0,0.0,0.0,0.0,0.0,,,0.0,dasymetric_v2 preferred=M3_folk ages=M6_scaled
449,216506.3509460888,89.63975271600508,89.32937919437424,0.0,0.0,0.0,0.0,0.0,5.322292074921162,0.02326893733437902,0.0,0.0,0.0,0.0,0.0,0.0,0.0,,,0.0,dasymetric_v2 preferred=M3_folk ages=M6_scaled
450,216506.3509460888,87.05697116956433,86.75554041026699,21.613657623947617,21.53882132834425,21.468250508177157,21.393917678025492,21.433118304863214,80.7548560696861,79.09792150484661,8.34147329469815,1.4172943238946558,1.9890070635268526,21.433118304863214,1.5187191547674692,2.0805330955358943,98.99533298309653,7.085852525821541,9.707094721087866,21.065187884540578,dasymetric_v2 preferred=M3_folk ages=M6_scaled
451,216506.3509460888,89.43099406789757,89.12134336348589,6.484097287184285,6.461646398503274,5.3261407419113995,5.3076992245189345,5.317424658625889,146.0969174565859,17.890575129656945,2.0694681546377227,0.35162199355275037,0.4934604034439054,5.317424658625889,0.3767848694819,0.5161674483352982,24.560132464428055,7.085852525821541,9.707094721087866,5.226143387191005,dasymetric_v2 preferred=M3_folk ages=M6_scaled
452,216506.3509460888,89.63975271600508,89.32937919437424,90.77736202057999,90.46304957904583,81.89413566286464,81.61058098409256,81.76011815532573,214.09382178189702,125.22947205037529,31.81990751244385,5.406499872499027,7.587391167846715,81.76011815532573,5.793401397423824,7.936532113410826,377.63380980765976,7.08585252582154,9.707094721087866,80.35658768390141,dasymetric_v2 preferred=M3_folk ages=M6_scaled
453,216506.3509460888,89.63975271600508,89.32937919437424,289.62301216089804,288.6202057998129,269.6185619540161,268.6850200818533,269.1773385701091,272.6567011185596,332.1362703471479,104.76009833394222,17.799720444314524,24.979828886393253,269.1773385701091,19.073509244009276,26.129299222703878,1243.276871065716,7.085852525821541,9.707094721087866,264.55652092179906,dasymetric_v2 preferred=M3_folk ages=M6_scaled
454,216506.3509460888,89.63975271600508,89.32937919437424,6.484097287184285,6.461646398503274,8.247333772936093,8.218777759006862,8.233837237352146,151.3086633878604,23.63863570107477,3.2044956058811076,0.5444737725225803,0.7641053528504917,8.233837237352146,0.5834375638549515,0.7992663798099771,38.03046516359428,7.085852525821539,9.707094721087865,8.092491533357231,dasymetric_v2 preferred=M3_folk ages=M6_scaled
455,216506.3509460888,47.80778306940726,43.26319752748434,2.391337386018237,1.9369300911854104,1.3290033530622094,1.0764631544186756,1.0784355856047723,46.193173330664195,6.48161217104854,0.18013924638844342,0.021415433698744046,0.0257967685534158,1.0784355856047723,0.022947971227712877,0.026983831137378265,4.981080605221176,2.127894473627181,2.502127294162506,1.3040515490899653,dasymetric_v2 preferred=M3_folk ages=M6_scaled
456,216506.3509460888,32.21951261770455,26.09708854862691,11.956686930091184,9.684650455927052,7.184612111667132,5.819376000203215,5.830038992855874,103.23102890326773,24.14510803619546,0.973835474836773,0.1157721566120073,0.13945771872109744,5.830038992855874,0.12405707753928992,0.14587499690056369,26.927796655293427,2.1278944736271814,2.5021272941625057,7.049722284178083,dasymetric_v2 preferred=M3_folk ages=M6_scaled
457,216506.3509460888,32.21951261770455,26.09708854862691,7.174012158054711,5.810790273556231,11.261554728579775,9.121608834810882,9.13832259380886,152.63901482908744,6.878833130558255,1.5264430878178628,0.1814676223946206,0.21859367037368124,9.13832259380886,0.1944538614558828,0.22865246384831053,42.20810407582155,2.127894473627181,2.5021272941625057,11.050121021236022,dasymetric_v2 preferred=M3_folk ages=M6_scaled
458,216506.3509460888,32.21951261770455,26.09708854862691,7.174012158054711,5.810790273556231,6.085436406126959,4.92906812812762,4.938099786716589,152.63901482909318,25.59517320038358,0.8248481281997145,0.09806014377845959,0.11812204548143024,4.938099786716589,0.10507755246373791,0.12355754257641625,22.80810592917065,2.1278944736271814,2.5021272941625057,5.971183408990894,dasymetric_v2 preferred=M3_folk ages=M6_scaled
459,216506.3509460888,32.21951261770455,26.09708854862691,38.26139817629179,30.990881458966566,22.992757258617623,18.623621942235882,18.657746484786323,152.63901482908744,149.37080075085598,1.7648228424371564,0.20980684292829693,0.25273074755714875,18.657746484786323,0.224821101576766,0.26436039076694645,86.17643964371373,1.2049745758957917,1.4168934655774643,22.561072289142935,dasymetric_v2 preferred=M3_folk ages=M6_scaled
460,216506.3509460888,32.21951261770455,26.09708854862691,38.26139817629179,30.990881458966566,50.60205248050397,40.98653694718927,41.06163763535765,109.86062314964245,274.0821327220451,0.0,0.0,0.0,41.06163763535765,0.0,0.0,189.65558033714314,0.0,0.0,49.65200785407206,dasymetric_v2 preferred=M3_folk ages=M6_scaled
461,216506.3509460888,25.841570611464658,21.488036717287265,0.0,0.0,0.0,0.0,0.0,72.80463370527,0.02326893733437902,0.0,0.0,0.0,0.0,0.0,0.0,0.0,,,0.0,dasymetric_v2 preferred=M3_folk ages=M6_scaled
462,216506.3509460888,10.144391050377692,10.144391050377692,4.337448559670782,4.337448559670782,4.188405797101449,4.188405797101449,4.1960803210090445,45.158150554140285,27.343146273836716,2.097871905659662,0.40369716633180186,0.43720106034870937,4.1960803210090445,0.4325866610039617,0.4573192786183363,19.380864823008775,10.309303633633405,10.89872556367947,4.109769215662671,dasymetric_v2 preferred=M3_folk ages=M6_scaled
463,216506.3509460888,10.144391050377692,10.144391050377692,0.0,0.0,0.0,0.0,0.0,21.3914695289653,0.02326893733437902,0.0,0.0,0.0,0.0,0.0,0.0,0.0,,,0.0,dasymetric_v2 preferred=M3_folk ages=M6_scaled
464,216506.3509460888,10.144391050377692,10.144391050377692,10.843621399176955,10.843621399176955,9.714285714285715,9.714285714285715,9.732085450407533,32.79904064348668,51.065711776804356,4.865652487076191,0.9363060328367842,1.0140125433297797,9.732085450407533,1.0033102389671718,1.060673284862696,44.950577236558175,10.309303633633405,10.89872556367947,9.531901710276447,dasymetric_v2 preferred=M3_folk ages=M6_scaled
465,216506.3509460888,10.144391050377692,10.144391050377692,6.506172839506172,6.506172839506172,4.857142857142857,4.857142857142857,4.866042725203766,42.68063782864995,17.73691790791453,2.4328262435380954,0.4681530164183921,0.5070062716648899,4.866042725203766,0.5016551194835859,0.530336642431348,22.475288618279084,10.309303633633407,10.898725563679472,4.765950855138223,dasymetric_v2 preferred=M3_folk ages=M6_scaled
466,216506.3509460888,11.078738652838188,11.18287874196081,0.0,0.0,0.0,0.0,0.0,31.273066714131577,0.02326893733437902,0.0,0.0,0.0,0.0,0.0,0.0,0.0,,,0.0,dasymetric_v2 preferred=M3_folk ages=M6_scaled
467,216506.3509460888,14.535352867550321,15.02475868800656,0.0,0.0,0.0,0.0,0.0,21.3914695289653,0.02326893733437902,0.0,0.0,0.0,0.0,0.0,0.0,0.0,,,0.0,dasymetric_v2 preferred=M3_folk ages=M6_scaled
468,216506.3509460888,8.86675873286648,9.165302797946161,1.584,1.6373333333333333,0.8212360016590626,0.8488870454859672,0.8504424831013813,9.845165418956286,12.435155844398176,0.6464031081864505,0.12438848262324427,0.13471181131192725,0.8504424831013813,0.1332900075922571,0.1409107020952857,3.928025572391389,15.673018486350426,16.569104306903224,0.8058174403129745,dasymetric_v2 preferred=M3_folk ages=M6_scaled
469,216506.3509460888,0.4850500904746376,0.5013817433525715,1.584,1.6373333333333333,0.9929489838241393,1.0263816095421239,1.028262275022579,0.0,0.02326893733437902,0.7815601217163447,0.15039698353537717,0.16287882640442114,1.028262275022579,0.16115973645245632,0.17037384889702725,4.749340010255041,15.673018486350431,16.569104306903228,0.9743065414693237,dasymetric_v2 preferred=M3_folk ages=M6_scaled
470,216506.3509460888,0.0,0.0,7.92,8.186666666666667,7.017834923268353,7.254125661425537,7.267417582866348,0.0,0.02326893733437902,5.52380837904785,1.0629561242349965,1.1511736603019238,7.267417582866348,1.1390237012429243,1.2041459997233506,33.56676398225368,15.67301848635043,16.569104306903228,6.886076308129055,dasymetric_v2 preferred=M3_folk ages=M6_scaled
471,216506.3509460888,0.0,0.0,1.584,1.6373333333333333,1.746992948983824,1.8058142603974208,1.8091231004156652,0.0,0.02326893733437902,1.3750757028693583,0.2646082266712651,0.28656876224537253,1.8091231004156652,0.28354419796898334,0.29975549354815323,8.355981672178043,15.673018486350434,16.56910430690323,1.7141934639385095,dasymetric_v2 preferred=M3_folk ages=M6_scaled
472,216506.3509460888,0.0,0.0,1.584,1.6373333333333333,1.6574035669846539,1.713208400889861,1.7163475568046056,0.0,0.02326893733437902,1.304559000158109,0.25103857402145663,0.2718729282840714,1.7163475568046056,0.2690034698680098,0.28438341695594027,7.927469791553529,15.673018486350433,16.56910430690323,1.626286106813458,dasymetric_v2 preferred=M3_folk ages=M6_scaled
473,216506.3509460888,0.0,0.0,0.0,0.0,0.0,0.0,0.0,0.0,0.02326893733437902,0.0,0.0,0.0,0.0,0.0,0.0,0.0,,,0.0,dasymetric_v2 preferred=M3_folk ages=M6_scaled
474,216506.3509460888,0.0,0.0,0.0,0.0,0.0,0.0,0.0,0.0,0.02326893733437902,0.0,0.0,0.0,0.0,0.0,0.0,0.0,,,0.0,dasymetric_v2 preferred=M3_folk ages=M6_scaled
475,216506.3509460888,0.0,0.0,34.848,36.02133333333333,133.69722107009537,138.19881100511543,138.45203624890485,0.0,0.02326893733437902,86.3770844293876,16.621693691627886,18.001171949763805,138.45203624890485,17.81118019635079,18.82951281907822,639.482563185318,12.86451299591607,13.600025921776332,131.18707928295223,dasymetric_v2 preferred=M3_folk ages=M6_scaled
476,216506.3509460888,0.0,0.0,0.0,0.0,0.0,0.0,0.0,0.0,0.02326893733437902,0.0,0.0,0.0,0.0,0.0,0.0,0.0,,,0.0,dasymetric_v2 preferred=M3_folk ages=M6_scaled
477,216506.3509460888,0.0,0.0,0.0,0.0,0.0,0.0,0.0,0.0,0.02326893733437902,0.0,0.0,0.0,0.0,0.0,0.0,0.0,,,0.0,dasymetric_v2 preferred=M3_folk ages=M6_scaled
478,216506.3509460888,0.0,0.0,0.0,0.0,0.0,0.0,0.0,0.0,0.02326893733437902,0.0,0.0,0.0,0.0,0.0,0.0,0.0,,,0.0,dasymetric_v2 preferred=M3_folk ages=M6_scaled
479,216506.3509460888,0.0,0.0,0.0,0.0,0.0,0.0,0.0,0.0,0.02326893733437902,0.0,0.0,0.0,0.0,0.0,0.0,0.0,,,0.0,dasymetric_v2 preferred=M3_folk ages=M6_scaled
480,216506.3509460888,0.0,0.0,0.0,0.0,0.0,0.0,0.0,0.0,0.02326893733437902,0.0,0.0,0.0,0.0,0.0,0.0,0.0,,,0.0,dasymetric_v2 preferred=M3_folk ages=M6_scaled
481,216506.3509460888,0.0,0.0,0.0,0.0,0.0,0.0,0.0,0.0,0.02326893733437902,0.0,0.0,0.0,0.0,0.0,0.0,0.0,,,0.0,dasymetric_v2 preferred=M3_folk ages=M6_scaled
482,216506.3509460888,0.0,0.0,0.0,0.0,0.0,0.0,0.0,0.0,0.02326893733437902,0.0,0.0,0.0,0.0,0.0,0.0,0.0,,,0.0,dasymetric_v2 preferred=M3_folk ages=M6_scaled
483,216506.3509460888,0.0,0.0,0.0,0.0,0.0,0.0,0.0,0.0,0.02326893733437902,0.0,0.0,0.0,0.0,0.0,0.0,0.0,,,0.0,dasymetric_v2 preferred=M3_folk ages=M6_scaled
484,216506.3509460888,0.0,0.0,0.0,0.0,0.0,0.0,0.0,0.0,0.02326893733437902,0.0,0.0,0.0,0.0,0.0,0.0,0.0,,,0.0,dasymetric_v2 preferred=M3_folk ages=M6_scaled
485,216506.3509460888,0.0,0.0,0.0,0.0,0.0,0.0,0.0,0.0,0.02326893733437902,0.0,0.0,0.0,0.0,0.0,0.0,0.0,,,0.0,dasymetric_v2 preferred=M3_folk ages=M6_scaled
486,216506.3509460888,0.0,0.0,0.0,0.0,0.0,0.0,0.0,0.0,0.02326893733437902,0.0,0.0,0.0,0.0,0.0,0.0,0.0,,,0.0,dasymetric_v2 preferred=M3_folk ages=M6_scaled
487,216506.3509460888,0.0,0.0,0.0,0.0,0.0,0.0,0.0,0.0,0.02326893733437902,0.0,0.0,0.0,0.0,0.0,0.0,0.0,,,0.0,dasymetric_v2 preferred=M3_folk ages=M6_scaled
488,216506.3509460888,0.0,0.0,2.131710016602103,2.105700055340343,1.1808668209144506,1.1664585289666367,1.1685958609973506,0.0,0.02326893733437902,1.0702656145227722,0.18402036245237097,0.23085052890206215,1.1685958609973506,0.19718928144415607,0.2414733332575828,5.397513079366143,16.874035586251587,20.663545141388298,1.1586962542526784,dasymetric_v2 preferred=M3_folk ages=M6_scaled
489,216506.3509460888,11.756948193255846,11.613496333161603,0.0,0.0,0.0,0.0,0.0,0.12895595626613868,0.02326893733437902,0.0,0.0,0.0,0.0,0.0,0.0,0.0,,,0.0,dasymetric_v2 preferred=M3_folk ages=M6_scaled
490,216506.3509460888,43.924558610193465,43.388615138054554,0.0,0.0,0.0,0.0,0.0,6.20042595042606,0.02326893733437902,0.0,0.0,0.0,0.0,0.0,0.0,0.0,,,0.0,dasymetric_v2 preferred=M3_folk ages=M6_scaled
491,216506.3509460888,55.94633343835421,55.26370683617283,2.131710016602103,2.105700055340343,1.1062857585409063,1.09278746397927,1.0947898066185704,6.200425950425744,7.021570592829891,1.0026698915002814,0.17239802377116858,0.21627049549772137,1.0947898066185704,0.18473522156347252,0.22622238589394597,5.056617516458807,16.874035586251587,20.6635451413883,1.0855154381946144,dasymetric_v2 preferred=M3_folk ages=M6_scaled
492,216506.3509460888,82.85112843189914,82.39810595451485,0.0,0.0,0.0,0.0,0.0,6.20042595042606,0.02326893733437902,0.0,0.0,0.0,0.0,0.0,0.0,0.0,,,0.0,dasymetric_v2 preferred=M3_folk ages=M6_scaled
493,216506.3509460888,89.63975271600508,89.32937919437424,0.0,0.0,0.0,0.0,0.0,9.611310993665112,0.02326893733437902,0.0,0.0,0.0,0.0,0.0,0.0,0.0,,,0.0,dasymetric_v2 preferred=M3_folk ages=M6_scaled
494,216506.3509460888,89.63975271600508,89.32937919437424,10.806828811973809,10.769410664172124,12.112877999335147,12.070937716281833,12.093055606614906,170.20169233919535,40.68731270621745,4.706450034897138,0.7996698765904158,1.1222432815911039,12.093055606614906,0.8568960861503258,1.1738843624079356,55.85543127843922,7.08585252582154,9.707094721087865,11.885460847465124,dasymetric_v2 preferred=M3_folk ages=M6_scaled
495,216506.3509460888,89.63975271600508,89.32937919437424,170.74789522918616,170.15668849391955,116.01669218905825,115.61498972746446,115.82683405337812,173.10964915298814,359.10049652147654,45.078202309295456,7.659208152706955,10.748804154449514,115.82683405337812,8.207318646350418,11.24342049399867,534.9812305608514,7.085852525821541,9.707094721087865,113.83849921886033,dasymetric_v2 preferred=M3_folk ages=M6_scaled
496,216506.3509460888,89.63975271600508,89.32937919437424,443.0799812909261,441.5458372310571,361.485046240034,360.23342089057707,360.89348587350037,310.021297521303,420.6232559246909,140.45475473166522,23.864576389848487,33.491145916007284,360.89348587350037,25.57238018429283,35.032272515976544,1666.8956097429434,7.08585252582154,9.707094721087868,354.6982281391645,dasymetric_v2 preferred=M3_folk ages=M6_scaled
497,216506.3509460888,89.63975271600508,89.32937919437424,291.7843779232928,290.7740879326473,275.75054904931363,274.7957754538172,275.2992908366595,304.534221582163,327.8837989691899,107.1426775096126,18.204542928617574,25.547949965535526,275.2992908366595,19.507301753318227,26.723562927997705,1271.5529573781903,7.085852525821541,9.707094721087865,270.57338103896694,dasymetric_v2 preferred=M3_folk ages=M6_scaled
498,216506.3509460888,89.63975271600508,89.32937919437424,10.806828811973809,10.769410664172124,11.40776244012229,11.368263587267506,11.389093949680982,46.19317333067414,44.15293704488705,4.432477891493562,0.7531194471839051,1.0569151903550313,11.389093949680982,0.8070144013016581,1.10555013756922,52.6039716613991,7.08585252582154,9.707094721087866,11.193583708735346,dasymetric_v2 preferred=M3_folk ages=M6_scaled
499,216506.3509460888,43.855799403109486,38.91119529279516,2.391337386018237,1.9369300911854104,1.4489134300302284,1.173587649554195,1.1757380444563306,48.772292455994574,7.066419284225853,0.19639241147612252,0.023347653280585617,0.028124296543197674,1.1757380444563306,0.02501846487231855,0.029418462518194344,5.430501411707297,2.1278944736271814,2.502127294162506,1.4217103354740226,dasymetric_v2 preferred=M3_folk ages=M6_scaled
500,216506.3509460888,32.21951261770455,26.09708854862691,47.826747720364736,38.73860182370821,53.01024652627836,42.93712055782762,43.01579535062644,170.20169233919535,32.379955419353635,7.185253399178138,0.8542020734724599,1.0289613321494047,43.01579535062644,0.915330732052758,1.0763099562691105,198.6814482007394,2.127894473627181,2.5021272941625066,52.01498848061855,dasymetric_v2 preferred=M3_folk ages=M6_scaled
501,216506.3509460888,32.21951261770455,26.09708854862691,26.304711246200608,21.306231003039514,16.897328346076662,13.686460106180302,13.711538159832104,170.2016923391867,10.32130152952441,2.2903418469387806,0.27228194274117434,0.32798748589342946,13.711538159832104,0.2917670627523495,0.3430801387466665,63.33088198066924,2.1278944736271814,2.502127294162506,16.580083981286702,dasymetric_v2 preferred=M3_folk ages=M6_scaled
502,216506.3509460888,32.21951261770455,26.09708854862691,66.95744680851064,54.23404255319149,56.44766873269489,45.72135608504585,45.805132504371116,170.20169233919535,366.70823704545217,7.651177465024939,0.9095923681519182,1.0956838011898185,45.805132504371116,0.9746848831981206,1.1461027225191716,211.56484465334154,2.1278944736271814,2.502127294162506,55.387873690294846,dasymetric_v2 preferred=M3_folk ages=M6_scaled
503,216506.3509460888,32.21951261770455,26.09708854862691,19.130699088145896,15.495440729483283,13.080190895928062,10.594663677699597,10.614076553057496,168.2673529951946,84.97452333023489,1.1756456080087887,0.13976388308654009,0.16835785792755575,10.614076553057496,0.14976570695981034,0.17610500321236341,49.02431964086105,1.4110102391966333,1.6591646228671162,12.834612614727556,dasymetric_v2 preferred=M3_folk ages=M6_scaled
504,216506.3509460888,32.21951261770455,26.09708854862691,19.130699088145896,15.495440729483283,10.132401503797595,8.207019838951407,8.222057772956687,77.19530308280443,49.61459170714608,0.0,0.0,0.0,8.222057772956687,0.0,0.0,37.97605814807725,0.0,0.0,9.942167449452818,dasymetric_v2 preferred=M3_folk ages=M6_scaled
505,216506.3509460888,15.757002846660749,14.200373160742393,0.0,0.0,0.0,0.0,0.0,76.03469947640527,0.02326893733437902,0.0,0.0,0.0,0.0,0.0,0.0,0.0,,,0.0,dasymetric_v2 preferred=M3_folk ages=M6_scaled
506,216506.3509460888,10.144391050377692,10.144391050377692,2.168724279835391,2.168724279835391,1.6542443064182195,1.6542443064182195,1.6572754209027318,21.391469528969907,10.799393906473325,0.0,0.0,0.0,1.6572754209027318,0.0,0.0,7.654627283037079,0.0,0.0,1.6231861608079456,dasymetric_v2 preferred=M3_folk ages=M6_scaled
507,216506.3509460888,10.144391050377692,10.144391050377692,0.0,0.0,0.0,0.0,0.0,21.907293354033374,0.02326893733437902,0.0,0.0,0.0,0.0,0.0,0.0,0.0,,,0.0,dasymetric_v2 preferred=M3_folk ages=M6_scaled
508,216506.3509460888,10.144391050377692,10.144391050377692,13.012345679012345,13.012345679012345,11.485852311939269,11.485852311939269,11.506898135204075,46.19317333067414,41.943098144561176,5.752987662859409,1.107057495346874,1.1989351206761527,11.506898135204075,1.1862810675710882,1.2541052486480428,53.14808588718653,10.309303633633405,10.898725563679472,11.270207456957296,dasymetric_v2 preferred=M3_folk ages=M6_scaled
509,216506.3509460888,10.144391050377692,10.144391050377692,4.337448559670782,4.337448559670782,4.728088336783989,4.728088336783989,4.736751734920574,45.677349505607246,17.265647142245307,2.3681859327194505,0.4557141681560677,0.49353509053369715,4.736751734920574,0.48832611872436016,0.5162455722218194,21.878119113928673,10.309303633633407,10.89872556367947,4.639319310678029,dasymetric_v2 preferred=M3_folk ages=M6_scaled
510,216506.3509460888,13.913156976331289,14.333214370809502,0.0,0.0,0.0,0.0,0.0,21.391469528969907,0.02326893733437902,0.0,0.0,0.0,0.0,0.0,0.0,0.0,,,0.0,dasymetric_v2 preferred=M3_folk ages=M6_scaled
511,216506.3509460888,14.535352867550321,15.02475868800656,7.92,8.186666666666667,4.852758191621734,5.016150723326169,5.02534194559907,20.94657147985064,73.48046635326195,3.8196547301926618,0.7350228518646252,0.7960243395704792,5.02534194559907,0.7876227721360647,0.8326541487448701,23.211060200494565,15.673018486350431,16.569104306903228,4.761648510940304,dasymetric_v2 preferred=M3_folk ages=M6_scaled
512,216506.3509460888,14.110506772817125,14.585608010959117,1.584,1.6373333333333333,0.8510991289921195,0.8797556653218205,0.8813676643050677,0.0,12.887343329649019,0.6699086757568669,0.12891170017318043,0.13961042263236098,0.8813676643050677,0.1381369169592483,0.14603472762602338,4.070862865932893,15.673018486350433,16.569104306903228,0.8351198926879918,dasymetric_v2 preferred=M3_folk ages=M6_scaled
513,216506.3509460888,4.6179807436431854,4.773468310769219,3.168,3.2746666666666666,2.25466611364579,2.3305807976069275,2.3348511808783368,0.0,5.2222848302164975,1.7746703515664368,0.34150292502017976,0.36984515469274576,2.3348511808783368,0.36594165720783317,0.3868639275706935,10.784215662383627,15.673018486350434,16.569104306903235,2.2123351543138026,dasymetric_v2 preferred=M3_folk ages=M6_scaled
514,216506.3509460888,1.5445466750787733,1.5965516136336142,0.0,0.0,0.0,0.0,0.0,0.0,0.02326893733437902,0.0,0.0,0.0,0.0,0.0,0.0,0.0,,,0.0,dasymetric_v2 preferred=M3_folk ages=M6_scaled
515,216506.3509460888,1.1632354728057324,1.2024016503412789,0.0,0.0,0.0,0.0,0.0,0.0,0.02326893733437902,0.0,0.0,0.0,0.0,0.0,0.0,0.0,,,0.0,dasymetric_v2 preferred=M3_folk ages=M6_scaled
516,216506.3509460888,0.0,0.0,0.0,0.0,0.0,0.0,0.0,0.0,0.02326893733437902,0.0,0.0,0.0,0.0,0.0,0.0,0.0,,,0.0,dasymetric_v2 preferred=M3_folk ages=M6_scaled
517,216506.3509460888,0.08308179071705807,0.0858791574078681,0.0,0.0,0.0,0.0,0.0,0.0,0.02326893733437902,0.0,0.0,0.0,0.0,0.0,0.0,0.0,,,0.0,dasymetric_v2 preferred=M3_folk ages=M6_scaled
518,216506.3509460888,0.5822985803840974,0.6019045931916429,41.184000000000005,42.57066666666667,47.907922024056404,49.52098337166773,49.61172194601421,0.0,9.025000415108858,37.70880677484048,7.256371754485077,7.858597210805793,49.61172194601421,7.77565435199558,8.220217957685895,229.14672816395944,15.673018486350431,16.56910430690323,47.00845922262143,dasymetric_v2 preferred=M3_folk ages=M6_scaled
519,216506.3509460888,0.0,0.0,211.04237223974764,228.3963995793901,160.88857042285633,174.40140530894203,174.72096549947753,0.0,109.0189456923404,87.35256548355989,16.809407219950238,18.204464319561808,174.72096549947753,18.012326935080928,19.04215987860384,807.0015717136351,10.309196085077032,10.898611866164844,157.86791583886614,dasymetric_v2 preferred=M3_folk ages=M6_scaled
520,216506.3509460888,0.0,0.0,0.0,0.0,0.0,0.0,0.0,0.0,0.02326893733437902,0.0,0.0,0.0,0.0,0.0,0.0,0.0,,,0.0,dasymetric_v2 preferred=M3_folk ages=M6_scaled
521,216506.3509460888,0.0,0.0,0.0,0.0,0.0,0.0,0.0,0.0,0.02326893733437902,0.0,0.0,0.0,0.0,0.0,0.0,0.0,,,0.0,dasymetric_v2 preferred=M3_folk ages=M6_scaled
522,216506.3509460888,0.0,0.0,0.0,0.0,0.0,0.0,0.0,0.0,0.02326893733437902,0.0,0.0,0.0,0.0,0.0,0.0,0.0,,,0.0,dasymetric_v2 preferred=M3_folk ages=M6_scaled
523,216506.3509460888,0.0,0.0,0.0,0.0,0.0,0.0,0.0,0.0,0.02326893733437902,0.0,0.0,0.0,0.0,0.0,0.0,0.0,,,0.0,dasymetric_v2 preferred=M3_folk ages=M6_scaled
524,216506.3509460888,0.0,0.0,0.0,0.0,0.0,0.0,0.0,0.0,0.02326893733437902,0.0,0.0,0.0,0.0,0.0,0.0,0.0,,,0.0,dasymetric_v2 preferred=M3_folk ages=M6_scaled
525,216506.3509460888,0.0,0.0,0.0,0.0,0.0,0.0,0.0,0.0,0.02326893733437902,0.0,0.0,0.0,0.0,0.0,0.0,0.0,,,0.0,dasymetric_v2 preferred=M3_folk ages=M6_scaled
526,216506.3509460888,0.0,0.0,0.0,0.0,0.0,0.0,0.0,0.0,0.02326893733437902,0.0,0.0,0.0,0.0,0.0,0.0,0.0,,,0.0,dasymetric_v2 preferred=M3_folk ages=M6_scaled
527,216506.3509460888,0.0,0.0,0.0,0.0,0.0,0.0,0.0,0.0,0.02326893733437902,0.0,0.0,0.0,0.0,0.0,0.0,0.0,,,0.0,dasymetric_v2 preferred=M3_folk ages=M6_scaled
528,216506.3509460888,0.0,0.0,0.0,0.0,0.0,0.0,0.0,0.0,0.02326893733437902,0.0,0.0,0.0,0.0,0.0,0.0,0.0,,,0.0,dasymetric_v2 preferred=M3_folk ages=M6_scaled
529,216506.3509460888,0.0,0.0,0.0,0.0,0.0,0.0,0.0,0.0,0.02326893733437902,0.0,0.0,0.0,0.0,0.0,0.0,0.0,,,0.0,dasymetric_v2 preferred=M3_folk ages=M6_scaled
530,216506.3509460888,0.0,0.0,0.0,0.0,0.0,0.0,0.0,0.0,0.02326893733437902,0.0,0.0,0.0,0.0,0.0,0.0,0.0,,,0.0,dasymetric_v2 preferred=M3_folk ages=M6_scaled
531,216506.3509460888,0.0,0.0,0.0,0.0,0.0,0.0,0.0,0.0,0.02326893733437902,0.0,0.0,0.0,0.0,0.0,0.0,0.0,,,0.0,dasymetric_v2 preferred=M3_folk ages=M6_scaled
532,216506.3509460888,0.0,0.0,0.0,0.0,0.0,0.0,0.0,0.0,0.02326893733437902,0.0,0.0,0.0,0.0,0.0,0.0,0.0,,,0.0,dasymetric_v2 preferred=M3_folk ages=M6_scaled
533,216506.3509460888,0.0,0.0,4.263420033204206,4.211400110680686,2.0385490382102094,2.0136757763213513,2.0173654863533206,0.0,14.666487446487013,1.8476164292814174,0.31767725728619833,0.398520913051981,2.0173654863533206,0.3404109700720168,0.4168592279394061,9.317812052800498,16.874035586251594,20.663545141388305,2.0002756389204133,dasymetric_v2 preferred=M3_folk ages=M6_scaled
534,216506.3509460888,74.5269637155145,73.61762641161285,0.0,0.0,0.0,0.0,0.0,15.200256056400821,0.02326893733437902,0.0,0.0,0.0,0.0,0.0,0.0,0.0,,,0.0,dasymetric_v2 preferred=M3_folk ages=M6_scaled
535,216506.3509460888,81.58232371179052,80.5869007589208,8.526840066408411,8.422800221361372,5.419557199144215,5.3534307224153,5.363239951524682,28.19615274674865,39.93811554936755,4.9119558729676704,0.8445566108340393,1.0594824273820957,5.363239951524682,0.9049950179963372,1.1082355084242748,24.771744237933035,16.874035586251587,20.6635451413883,5.3178059668859765,dasymetric_v2 preferred=M3_folk ages=M6_scaled
536,216506.3509460888,81.58232371179052,80.5869007589208,0.0,0.0,0.0,0.0,0.0,20.8451442246387,0.02326893733437902,0.0,0.0,0.0,0.0,0.0,0.0,0.0,,,0.0,dasymetric_v2 preferred=M3_folk ages=M6_scaled
537,216506.3509460888,84.32978677612111,83.56795545757926,0.0,0.0,0.0,0.0,0.0,14.555391942827663,0.02326893733437902,0.0,0.0,0.0,0.0,0.0,0.0,0.0,,,0.0,dasymetric_v2 preferred=M3_folk ages=M6_scaled
538,216506.3509460888,89.63975271600508,89.32937919437424,4.322731524789523,4.307764265668849,3.097471920827906,3.0867470667415082,3.092402992959737,61.81952145590798,16.257151089472693,1.2035204870942786,0.2044893863214577,0.28697697221560453,3.092402992959737,0.21912311558521846,0.3001824876843578,14.283197603426245,7.085852525821541,9.707094721087866,3.0393174308486692,dasymetric_v2 preferred=M3_folk ages=M6_scaled
539,216506.3509460888,89.63975271600508,89.32937919437424,8.645463049579046,8.615528531337699,10.161218862228132,10.126036109188606,10.144590306172795,101.99788831959042,36.77435782717417,3.9481342808336697,0.6708249380545379,0.9414244576341173,10.144590306172795,0.7188307084441922,0.9847449900864907,46.85585555270317,7.085852525821542,9.707094721087866,9.970443767052343,dasymetric_v2 preferred=M3_folk ages=M6_scaled
540,216506.3509460888,89.63975271600508,89.32937919437424,224.7820392890552,224.00374181478017,183.9218388111107,183.2850179020049,183.62085576488974,214.22225199704565,217.01298783478904,71.46269819100051,12.142180756087528,17.04013265509486,183.62085576488974,13.011103046151566,17.82425039676998,848.1084040375902,7.085852525821539,9.707094721087868,180.4687386683192,dasymetric_v2 preferred=M3_folk ages=M6_scaled
541,216506.3509460888,89.63975271600508,89.32937919437424,175.0706267539757,174.4644527595884,149.434133156039,148.91672434182203,149.1895882944966,310.02129752130304,151.35067957938918,58.06252496274349,9.865366003508372,13.844889049816238,149.1895882944966,10.571354210428343,14.481974649747798,689.0771916970028,7.085852525821539,9.707094721087866,146.62853361508948,dasymetric_v2 preferred=M3_folk ages=M6_scaled
542,216506.3509460888,89.63975271600508,89.32937919437424,319.8821328344247,318.77455565949487,289.04701388018464,288.04620188665876,288.5739963674135,245.81323331845664,448.18475907761393,112.30900935665146,19.08235102599749,26.77985111455861,288.5739963674135,20.44792781046453,28.01215116781349,1332.8661958709467,7.085852525821541,9.707094721087868,283.6202070835856,dasymetric_v2 preferred=M3_folk ages=M6_scaled
543,216506.3509460888,73.00584998957915,71.01180040202686,58.58684720828204,57.93786554488045,49.56269453437788,49.23076479300843,49.32097159237219,191.29676638238365,111.29141610303499,19.040128350122956,3.229152233390996,4.52898520478026,49.32097159237219,3.4602377698335967,4.7373907214938,227.80380980442172,7.015753457640208,9.605225867501906,48.63216367039735,dasymetric_v2 preferred=M3_folk ages=M6_scaled
544,216506.3509460888,32.21951261770455,26.09708854862691,399.35334346504555,323.46732522796356,1201.8587014504535,973.4788147433129,975.2625450691698,221.47682006176382,1035.36575665832,162.90547367380768,19.366636868798036,23.32881304158375,975.2625450691698,20.75255779988266,24.402310329919608,4504.544743410393,2.127894473627181,2.502127294162506,1179.2940159274037,dasymetric_v2 preferred=M3_folk ages=M6_scaled
545,216506.3509460888,32.21951261770455,26.09708854862691,399.35334346504555,323.46732522796356,263.8021693296416,213.6738892981431,214.06540947342847,247.1014813712999,395.7539676566448,35.756963192894034,4.25088308005145,5.120561577520128,214.06540947342847,4.555086018132481,5.356189037795384,988.7257742694666,2.127894473627181,2.5021272941625057,258.84933004492547,dasymetric_v2 preferred=M3_folk ages=M6_scaled
546,216506.3509460888,32.21951261770455,26.09708854862691,19.130699088145896,15.495440729483283,10.7819144207077,8.733110854268803,8.749112758402626,205.66017082790978,39.788489922141125,1.4614304274671461,0.17373874406725434,0.20928355841455373,8.749112758402626,0.1861718868774601,0.21891393832504621,40.41042084987706,2.127894473627181,2.502127294162506,10.579485875699795,dasymetric_v2 preferred=M3_folk ages=M6_scaled
547,216506.3509460888,32.21951261770455,26.09708854862691,26.304711246200608,21.306231003039514,16.617538166484618,13.459836284197424,13.484499089178469,170.20169233919535,121.46680223083447,2.2524177950675295,0.267773430383544,0.3225565872506051,13.484499089178469,0.2869359109149362,0.337399332191429,62.28223343220163,2.127894473627181,2.502127294162506,16.305546813057234,dasymetric_v2 preferred=M3_folk ages=M6_scaled
548,216506.3509460888,32.21951261770455,26.09708854862691,98.04483282674772,79.41413373860182,65.08119427439226,52.71431973480326,52.81090954168332,147.56665207967563,372.72847267841234,8.46654458025684,1.0065253838409702,1.2124481220105425,52.81090954168332,1.0785546477025052,1.2682400634567783,243.92314272034227,2.042295156555122,2.4014736244142214,63.85930630994695,dasymetric_v2 preferred=M3_folk ages=M6_scaled
549,216506.3509460888,32.162621131423606,26.05597563026356,31.08738601823708,25.180091185410333,21.18411359768334,17.15866080727513,17.19010106377532,128.34815609750814,103.83559487573112,0.0,0.0,0.0,17.19010106377532,0.0,0.0,79.39767581254809,0.0,0.0,20.78638559451674,dasymetric_v2 preferred=M3_folk ages=M6_scaled
550,216506.3509460888,10.569204238392256,10.451384434807826,13.012345679012345,13.012345679012345,15.768115942028986,15.768115942028986,15.797008267328168,78.01208933124101,32.778045108709485,3.378925338247355,0.6502125228033223,0.704175377312347,15.797008267328168,0.6967432215049802,0.7365786700435389,72.96325580426833,4.410602373020244,4.66277321362775,15.472072341318292,dasymetric_v2 preferred=M3_folk ages=M6_scaled
551,216506.3509460888,10.144391050377692,10.144391050377692,62.89300411522634,62.89300411522634,75.23878536922015,75.23878536922015,75.37664733510084,35.03223033289089,149.54283448635272,31.938189936303257,6.145921845975751,6.655988131639315,75.37664733510084,6.585738102399249,6.962269689889799,348.14982103628927,8.737106697146041,9.236640174426622,73.8261904202933,dasymetric_v2 preferred=M3_folk ages=M6_scaled
552,216506.3509460888,10.144391050377692,10.144391050377692,19.51851851851852,19.51851851851852,20.625258799171842,20.625258799171842,20.663050992531932,41.068241068766845,50.84257088416178,10.330696947198001,1.9879541131969403,2.1529396753306194,20.663050992531932,2.130216666792618,2.2520092207592026,95.43854442254741,10.309303633633405,10.898725563679472,20.238023196456513,dasymetric_v2 preferred=M3_folk ages=M6_scaled
553,216506.3509460888,10.144391050377692,10.144391050377692,58.55555555555556,58.55555555555556,44.93443754313319,44.93443754313319,45.01677207132952,46.19317333067414,153.07848702399758,22.506580948673687,4.330980804063869,4.690420339315286,45.01677207132952,4.6409157188940435,4.906254445681312,207.92356378746106,10.309303633633409,10.898725563679474,44.09080138932221,dasymetric_v2 preferred=M3_folk ages=M6_scaled
554,216506.3509460888,10.82695464708662,10.903031529984439,4.337448559670782,4.337448559670782,7.2270531400966185,7.2270531400966185,7.240295455858743,76.91220520535869,24.140448822256914,3.619857405844123,0.6965755026901679,0.7543861433467927,7.240295455858743,0.7464240425166397,0.7890999317335999,33.44149224362298,10.309303633633405,10.89872556367947,7.091366489770883,dasymetric_v2 preferred=M3_folk ages=M6_scaled
555,216506.3509460888,14.535352867550321,15.02475868800656,0.0,0.0,0.0,0.0,0.0,103.23603435249582,0.02326893733437902,0.0,0.0,0.0,0.0,0.0,0.0,0.0,,,0.0,dasymetric_v2 preferred=M3_folk ages=M6_scaled
556,216506.3509460888,14.535352867550321,15.02475868800656,0.0,0.0,0.0,0.0,0.0,98.02997509280918,0.02326893733437902,0.0,0.0,0.0,0.0,0.0,0.0,0.0,,,0.0,dasymetric_v2 preferred=M3_folk ages=M6_scaled
557,216506.3509460888,14.535352867550321,15.02475868800656,26.928,27.834666666666667,38.060555785980924,39.342055980795095,39.414143444098556,93.60972101690777,161.35277614814368,29.957845868495678,5.76484076739363,6.243280127892774,39.414143444098556,6.177385988230243,6.53057053892515,182.04613061864816,15.673018486350431,16.569104306903228,37.3459755519595,dasymetric_v2 preferred=M3_folk ages=M6_scaled
558,216506.3509460888,13.037888738873914,13.47687489169795,6.336,6.549333333333333,5.2932393197843215,5.471462865905006,5.481488368353448,56.85467840635569,22.43999966438483,4.166361851856304,0.8017403107261836,0.8682788565468766,5.481488368353448,0.8591146852991844,0.9082335253232506,25.317910280231768,15.67301848635043,16.569104306903228,5.193859683471809,dasymetric_v2 preferred=M3_folk ages=M6_scaled
559,216506.3509460888,13.079655163276685,13.52004759301664,1.584,1.6373333333333333,0.836167565325591,0.8643213554038938,0.8659050737032244,25.405916997302835,12.020119913099867,0.6581558919716587,0.12665009139821234,0.13716111697214411,0.8659050737032244,0.13571346227575268,0.14347271486065455,3.999444219162141,15.67301848635043,16.56910430690323,0.8204686665004831,dasymetric_v2 preferred=M3_folk ages=M6_scaled
560,216506.3509460888,5.750048289570737,5.943652609084904,1.584,1.6373333333333333,0.9854832019908751,1.0186644545831605,1.0205309797216573,18.05490847519273,7.122879000330315,0.7756837298237406,0.1492661791478931,0.16165417357431272,1.0205309797216573,0.1599480091107085,0.16909284251434287,4.713630686869665,15.67301848635043,16.56910430690323,0.9669809283755695,dasymetric_v2 preferred=M3_folk ages=M6_scaled
561,216506.3509460888,5.837098615767374,6.033633922695568,0.0,0.0,0.0,0.0,0.0,11.76515619338185,0.02326893733437902,0.0,0.0,0.0,0.0,0.0,0.0,0.0,,,0.0,dasymetric_v2 preferred=M3_folk ages=M6_scaled
562,216506.3509460888,13.834471162716724,14.300278272572506,4.752000000000001,4.912,4.352550808793032,4.499101341075626,4.50734516043732,19.116164715493678,4.458962069498699,3.4259364733881874,0.6592589579031947,0.7139725999532145,4.50734516043732,0.7064370402389627,0.7468267211050142,20.818535533674357,15.673018486350433,16.569104306903228,4.270832433658764,dasymetric_v2 preferred=M3_folk ages=M6_scaled
563,216506.3509460888,26.92292190504737,29.146787839873845,4.523659305993691,4.9321766561514195,3.584613223736038,3.9083282951961618,3.915489625877389,25.405916997302835,2.34802976901561,1.8040523110294573,0.3471569469575999,0.3759684188432879,3.915489625877389,0.3720002939165721,0.3932689594841156,18.084871916077727,9.500735015565613,10.043928015669083,3.517312741559761,dasymetric_v2 preferred=M3_folk ages=M6_scaled
564,216506.3509460888,50.73340265074074,55.31497562373302,65.59305993690852,71.51656151419559,121.25800758468651,132.20843435052814,132.45068327275794,25.40591699730401,205.83485107659538,61.02632980469353,11.743403564021742,12.718019640676042,132.45068327275794,12.583788444050818,13.303251284177655,611.7635011350723,9.500735015565612,10.04392801566908,118.9814098407105,dasymetric_v2 preferred=M3_folk ages=M6_scaled
565,216506.3509460888,21.231710435449624,23.149078985931304,4.523659305993691,4.9321766561514195,5.2659953221659705,5.741550687731168,5.752071079057662,25.405916997302835,35.73117895816662,2.6502527435644465,0.5099927787553015,0.5523184263789017,5.752071079057662,0.5464890311282541,0.5777338785906714,26.567678287136978,9.500735015565613,10.043928015669081,5.1671271871122215,dasymetric_v2 preferred=M3_folk ages=M6_scaled
566,216506.3509460888,0.0,0.0,0.0,0.0,0.0,0.0,0.0,11.714663624871749,0.02326893733437902,0.0,0.0,0.0,0.0,0.0,0.0,0.0,,,0.0,dasymetric_v2 preferred=M3_folk ages=M6_scaled
567,216506.3509460888,0.0,0.0,0.0,0.0,0.0,0.0,0.0,0.0,0.02326893733437902,0.0,0.0,0.0,0.0,0.0,0.0,0.0,,,0.0,dasymetric_v2 preferred=M3_folk ages=M6_scaled
568,216506.3509460888,0.0,0.0,0.0,0.0,0.0,0.0,0.0,0.0,0.02326893733437902,0.0,0.0,0.0,0.0,0.0,0.0,0.0,,,0.0,dasymetric_v2 preferred=M3_folk ages=M6_scaled
569,216506.3509460888,0.0,0.0,0.0,0.0,0.0,0.0,0.0,0.0,0.02326893733437902,0.0,0.0,0.0,0.0,0.0,0.0,0.0,,,0.0,dasymetric_v2 preferred=M3_folk ages=M6_scaled
570,216506.3509460888,0.0,0.0,0.0,0.0,0.0,0.0,0.0,0.0,0.02326893733437902,0.0,0.0,0.0,0.0,0.0,0.0,0.0,,,0.0,dasymetric_v2 preferred=M3_folk ages=M6_scaled
571,216506.3509460888,0.0,0.0,0.0,0.0,0.0,0.0,0.0,0.0,0.02326893733437902,0.0,0.0,0.0,0.0,0.0,0.0,0.0,,,0.0,dasymetric_v2 preferred=M3_folk ages=M6_scaled
572,216506.3509460888,0.0,0.0,0.0,0.0,0.0,0.0,0.0,0.0,0.02326893733437902,0.0,0.0,0.0,0.0,0.0,0.0,0.0,,,0.0,dasymetric_v2 preferred=M3_folk ages=M6_scaled
573,216506.3509460888,0.0,0.0,0.0,0.0,0.0,0.0,0.0,0.0,0.02326893733437902,0.0,0.0,0.0,0.0,0.0,0.0,0.0,,,0.0,dasymetric_v2 preferred=M3_folk ages=M6_scaled
574,216506.3509460888,0.0,0.0,0.0,0.0,0.0,0.0,0.0,0.0,0.02326893733437902,0.0,0.0,0.0,0.0,0.0,0.0,0.0,,,0.0,dasymetric_v2 preferred=M3_folk ages=M6_scaled
575,216506.3509460888,0.0,0.0,0.0,0.0,0.0,0.0,0.0,0.0,0.02326893733437902,0.0,0.0,0.0,0.0,0.0,0.0,0.0,,,0.0,dasymetric_v2 preferred=M3_folk ages=M6_scaled
576,216506.3509460888,0.0,0.0,2.131710016602103,2.105700055340343,1.0441348732296194,1.0313949098231314,1.0332847613029206,0.0,37.01257790305491,0.9463401223148723,0.16271274153683327,0.20412046766077074,1.0332847613029206,0.17435683832956955,0.2135132630909153,4.7725378807026955,16.874035586251583,20.663545141388298,1.0245314248128945,dasymetric_v2 preferred=M3_folk ages=M6_scaled
577,216506.3509460888,10.208165565255262,10.083611104827693,14.92197011621472,14.739900387382402,7.035480217237674,6.949637130474909,6.962371129731584,0.9607218741827332,57.273006737945366,6.376529871788306,1.0963739489267577,1.3753831511428123,6.962371129731584,1.174832982077814,1.4386727013030722,32.15781476759197,16.874035586251587,20.663545141388298,6.903390314810695,dasymetric_v2 preferred=M3_folk ages=M6_scaled
578,216506.3509460888,81.58232371179052,80.5869007589208,10.658550083010514,10.528500276701715,6.48855242649835,6.409382653900888,6.421126730953864,46.19317333067414,52.820688192946086,5.880827902956707,1.0111434652646067,1.2684629061776467,6.421126730953864,1.083503209619468,1.3268324206364022,29.65791397293818,16.874035586251587,20.663545141388294,6.36673099705156,dasymetric_v2 preferred=M3_folk ages=M6_scaled
579,216506.3509460888,81.58232371179052,80.5869007589208,12.790260099612617,12.63420033204206,6.507197692091736,6.4278004201477295,6.439578244548558,45.677349505607246,52.972471779707426,5.897726833712329,1.0140490499349073,1.272107914528732,6.439578244548558,1.0866167245896388,1.3306451574773115,29.743137863665012,16.874035586251583,20.663545141388298,6.385026201066076,dasymetric_v2 preferred=M3_folk ages=M6_scaled
580,216506.3509460888,81.58232371179052,80.5869007589208,8.526840066408411,8.422800221361372,4.3319167061966946,4.279061024682872,4.286901658500807,21.391469528969907,48.945036938546174,3.9261849122230115,0.6750641717331713,0.8468569402354595,4.286901658500807,0.7233733114030356,0.8858258593712379,19.80035061220106,16.874035586251587,20.6635451413883,4.250585732705878,dasymetric_v2 preferred=M3_folk ages=M6_scaled
581,216506.3509460888,86.47135598342825,85.89160269084789,6.424785795598967,6.365282243515111,3.2419799684407695,3.2178281114519205,3.2237242208472803,21.907293354033374,26.54408029091887,2.025578865121675,0.3468857906934572,0.4524908906096067,3.2237242208472803,0.37170973308855926,0.473312684808919,14.889744373595788,11.530444530111328,14.682170445849113,3.1811123653093802,dasymetric_v2 preferred=M3_folk ages=M6_scaled
582,216506.3509460888,89.63975271600508,89.32937919437424,10.806828811973809,10.769410664172124,10.010122670968233,9.975463081542678,9.993741379686954,46.19317333067414,40.10851669986533,3.889425964390046,0.6608498460388571,0.9274255809406733,9.993741379686954,0.7081417759766205,0.9701019419067661,46.15911420619457,7.085852525821541,9.707094721087868,9.822184380181675,dasymetric_v2 preferred=M3_folk ages=M6_scaled
583,216506.3509460888,89.63975271600508,89.32937919437424,6.484097287184285,6.461646398503274,7.932550041144638,7.905083951411179,7.919568640506642,51.680249269796,31.784107573478188,3.0821866132902254,0.5236923308232453,0.7349410264058165,7.919568640506642,0.5611689545475107,0.7687600294355504,36.578920691701356,7.085852525821543,9.707094721087868,7.783617810710007,dasymetric_v2 preferred=M3_folk ages=M6_scaled
584,216506.3509460888,89.63975271600508,89.32937919437424,475.50046772684755,473.85406922357345,588.5952130529322,586.5572291947095,587.6319931255929,310.021297521303,427.3156580433273,228.69824670613474,38.857970947084794,54.53262415931159,587.6319931255929,41.638736427425286,57.04199418411785,2714.1559153242406,7.08585252582154,9.707094721087868,577.5444415546826,dasymetric_v2 preferred=M3_folk ages=M6_scaled
585,216506.3509460888,89.63975271600508,89.32937919437424,410.6594948550047,409.2376052385407,380.5987144344111,379.28090888778684,379.9758750739592,310.0212975212872,296.2863647377087,147.88135676178356,25.12642552983212,35.262003817727965,379.9758750739592,26.92453014144064,36.88461811071173,1755.0333900762807,7.085852525821542,9.707094721087868,373.45304057830384,dasymetric_v2 preferred=M3_folk ages=M6_scaled
586,216506.3509460888,92.12654639627375,92.0047219736724,352.30261927034616,351.08278765201123,313.5749622613747,312.4892233745143,313.061805433615,310.021297521303,700.9614129059139,121.83932605933298,20.701640963209684,29.052335431127705,313.061805433615,22.183097847700328,30.389205988988806,1445.9705411208424,7.085852525821541,9.707094721087865,307.6876475522572,dasymetric_v2 preferred=M3_folk ages=M6_scaled
587,216506.3509460888,79.78205598918105,77.96227563018039,56.62639917628487,55.30355254746961,51.3663927652208,50.0260368347773,50.117700831603116,310.0212975212872,127.44752961925707,19.814033484203947,3.3209064973529308,4.639346014566187,50.117700831603116,3.5585581792653205,4.852829887809593,231.48374453035186,7.100401894376951,9.682866147661557,50.40199778451146,dasymetric_v2 preferred=M3_folk ages=M6_scaled
588,216506.3509460888,34.53326052348884,28.61332642220781,246.30775075987842,199.50379939209728,172.92032349429726,140.06161569334722,140.31825420218485,310.021297521303,436.43548212906296,23.438418486857245,2.786421655314028,3.356489321931281,140.31825420218485,2.985824376658431,3.5109413370851943,648.1022546868605,2.127894473627181,2.502127294162506,169.67377486467558,dasymetric_v2 preferred=M3_folk ages=M6_scaled
589,216506.3509460888,32.21951261770455,26.09708854862691,62.17477203647416,50.36018237082067,50.89183516651002,41.22125447710011,41.296785244248916,307.11334070748575,128.44645538765198,6.898114149295807,0.8200661941932589,0.9878416709965915,41.296785244248916,0.8787520109980578,1.0332981352080264,190.7416806194846,2.127894473627181,2.502127294162506,49.93634992116687,dasymetric_v2 preferred=M3_folk ages=M6_scaled
590,216506.3509460888,32.21951261770455,26.09708854862691,4.782674772036474,3.8738601823708207,2.7879092895064392,2.2581445119008308,2.262282168298733,170.20169233919535,23.007415936986952,0.3778860882885392,0.04492410527781646,0.05411502576242863,2.262282168298733,0.0481389772370819,0.05660517960397395,10.449033750802318,2.127894473627181,2.5021272941625057,2.735566783429326,dasymetric_v2 preferred=M3_folk ages=M6_scaled
591,216506.3509460888,32.21951261770455,26.09708854862691,62.17477203647416,50.36018237082067,36.58256598165977,29.63106472426144,29.685358487962944,170.2016923391867,291.8733347228708,4.958569782166101,0.5894879907601651,0.7100899975492875,29.685358487962944,0.6316731027417808,0.7427654570973069,137.1107977121408,2.127894473627181,2.5021272941625052,35.89573474600274,dasymetric_v2 preferred=M3_folk ages=M6_scaled
592,216506.3509460888,32.21951261770455,26.09708854862691,52.609422492401215,42.61246200607903,33.404948942007266,27.057265603170165,27.106843328396643,170.20169233919535,163.944211716283,0.9481012967812812,0.11271280894075815,0.13577246607060947,27.106843328396643,0.12077879593533093,0.14202016388093822,125.20114634025857,0.4455656989347972,0.5239273424809315,32.777776906825224,dasymetric_v2 preferred=M3_folk ages=M6_scaled
593,216506.3509460888,22.88265118396838,19.349758728440605,0.0,0.0,0.0,0.0,0.0,167.62257321386392,0.02326893733437902,0.0,0.0,0.0,0.0,0.0,0.0,0.0,,,0.0,dasymetric_v2 preferred=M3_folk ages=M6_scaled
594,216506.3509460888,10.144391050377692,10.144391050377692,10.843621399176955,10.843621399176955,24.790200138026226,24.790200138026226,24.835623860762215,46.19317333067414,43.16579973484731,12.416816069072455,2.389389670753774,2.587691430019112,24.835623860762215,2.560379873113084,2.70676648661217,114.71083297203792,10.309303633633403,10.898725563679472,24.324768494944603,dasymetric_v2 preferred=M3_folk ages=M6_scaled
595,216506.3509460888,10.144391050377692,10.144391050377692,2.168724279835391,2.168724279835391,1.665976535541753,1.665976535541753,1.669029147292113,46.1931733306718,5.000282594647337,0.8344476487497816,0.16057422302273353,0.173900701875397,1.669029147292113,0.17206528252818645,0.181902906341187,7.708915419796208,10.309303633633407,10.89872556367947,1.6346981193952361,dasymetric_v2 preferred=M3_folk ages=M6_scaled
596,216506.3509460888,10.144391050377692,10.144391050377692,13.012345679012345,13.012345679012345,10.993098688750862,10.993098688750862,11.01324162685007,46.19317333067414,32.99482247313067,5.506179203370038,1.0595637110725444,1.1474997018115987,11.01324162685007,1.135388519217681,1.2003029805752974,50.86798414330315,10.309303633633403,10.89872556367947,10.7867051962911,dasymetric_v2 preferred=M3_folk ages=M6_scaled
597,216506.3509460888,10.144391050377692,10.144391050377692,21.68724279835391,21.68724279835391,14.383712905452036,14.383712905452036,14.410068553381201,48.772292455994574,43.17145395096926,7.204456460332621,1.3863661790554316,1.5014243697129348,14.410068553381201,1.4855777209827927,1.5705138251710935,66.5572556666912,10.309303633633403,10.89872556367947,14.113661228018024,dasymetric_v2 preferred=M3_folk ages=M6_scaled
598,216506.3509460888,12.390786581898201,12.641164288736007,21.10251851851852,21.155851851851853,18.595547094221647,18.645318973110076,18.679483271689477,170.20169233919535,113.537348708353,9.737181366044986,1.8737428700610523,2.029249739489668,18.679483271689477,2.0078322052760913,2.1226275761080764,86.27683756187257,10.748863745707308,11.363416991973857,18.246418971420038,dasymetric_v2 preferred=M3_folk ages=M6_scaled
599,216506.3509460888,14.535352867550321,15.02475868800656,0.0,0.0,0.0,0.0,0.0,170.2016923391867,0.02326893733437902,0.0,0.0,0.0,0.0,0.0,0.0,0.0,,,0.0,dasymetric_v2 preferred=M3_folk ages=M6_scaled
600,216506.3509460888,14.535352867550321,15.02475868800656,3.168,3.2746666666666666,3.3894649523019496,3.5035883513693546,3.5100080666184272,170.20169233919535,14.369195835868423,2.667881919242259,0.5133851919177537,0.5559923848692271,3.5100080666184272,0.5501242131534976,0.5815768977387247,16.212032816960818,15.673018486350434,16.56910430690323,3.3258283445644587,dasymetric_v2 preferred=M3_folk ages=M6_scaled
601,216506.3509460888,14.535352867550321,15.02475868800656,153.648,158.82133333333334,115.5105765242638,119.39982152508075,119.61860089585971,167.62257321386392,489.6920660188464,90.91953536237057,17.49580548315305,18.947828587437623,119.61860089585971,18.747845431521835,19.81973075289328,552.4946514185414,15.673018486350431,16.56910430690323,113.34188578656675,dasymetric_v2 preferred=M3_folk ages=M6_scaled
602,216506.3509460888,14.535352867550321,15.02475868800656,1.584,1.6373333333333333,2.4338448776441313,2.515792516622048,2.5204022681004568,46.19317333067414,34.98713474705854,1.915703756988935,0.36864223031979665,0.39923682261534804,2.5204022681004568,0.39502311340978014,0.41760808075511946,11.641239423632658,15.67301848635043,16.56910430690323,2.3881498685639064,dasymetric_v2 preferred=M3_folk ages=M6_scaled
603,216506.3509460888,14.535352867550321,15.02475868800656,7.92,8.186666666666667,5.166321028618831,5.34027123160263,5.35005634823778,45.677349505607246,74.26716946308133,4.066463189682034,0.7825166361389548,0.8474597584350333,5.35005634823778,0.838515320489472,0.8864564168176156,24.710851782680372,15.673018486350427,16.569104306903228,5.069324260877986,dasymetric_v2 preferred=M3_folk ages=M6_scaled
604,216506.3509460888,14.535352867550321,15.02475868800656,4.752000000000001,4.912,3.3670676068021566,3.480436886492465,3.4868141807156623,21.391469528969907,24.336503251128576,2.650252743564447,0.5099927787553016,0.5523184263789018,3.4868141807156623,0.5464890311282542,0.5777338785906715,16.10490484680469,15.673018486350434,16.569104306903235,3.3038515052831956,dasymetric_v2 preferred=M3_folk ages=M6_scaled
605,216506.3509460888,14.535352867550321,15.02475868800656,9.504000000000001,9.824,9.317295727913729,9.631009388786245,9.648656535550215,21.907293354033374,67.34358327585025,7.333737081969911,1.4112438755800805,1.52836673197532,9.648656535550215,1.5122357225012442,1.5986959655901505,44.56523558494957,15.673018486350431,16.569104306903228,9.142365141005385,dasymetric_v2 preferred=M3_folk ages=M6_scaled
606,216506.3509460888,40.630360531203145,43.69332944383761,10.181829652996846,10.652754994742377,8.111116563328931,8.497301502526295,8.512871327106405,46.19317333067414,7.571822382167602,5.8176279736780545,1.1194963436091985,1.2124063018073454,8.512871327106405,1.199610068330314,1.2681963188575716,39.31926841825603,14.09172090397461,14.897397953372355,7.9588317778783315,dasymetric_v2 preferred=M3_folk ages=M6_scaled
607,216506.3509460888,113.2547907747723,123.480185329187,4.523659305993691,4.9321766561514195,3.1642676991285548,3.4500226970624097,3.4563442625823204,46.1931733306718,2.0726907733004243,1.5925022028957097,0.3064479890081745,0.33188091695938443,3.4563442625823204,0.32837810961365155,0.3471527297074766,15.96417032331291,9.500735015565612,10.043928015669081,3.1048591301716457,dasymetric_v2 preferred=M3_folk ages=M6_scaled
608,216506.3509460888,113.17942808643838,123.40030391432803,0.0,0.0,0.0,0.0,0.0,46.19317333067414,0.02326893733437902,0.0,0.0,0.0,0.0,0.0,0.0,0.0,,,0.0,dasymetric_v2 preferred=M3_folk ages=M6_scaled
609,216506.3509460888,1.9252611012000838,2.0991253359318907,4.523659305993691,4.9321766561514195,3.6313182820257586,3.9592511394332455,3.966505777354619,45.232451456489066,24.639460434567226,1.8275578785998738,0.35168016450753603,0.3808670301637216,3.966505777354619,0.3768472032835632,0.3983929850148532,18.32050542638493,9.50073501556561,10.043928015669081,3.5631409206028852,dasymetric_v2 preferred=M3_folk ages=M6_scaled
610,216506.3509460888,0.0,0.0,0.0,0.0,0.0,0.0,0.0,0.0,0.02326893733437902,0.0,0.0,0.0,0.0,0.0,0.0,0.0,,,0.0,dasymetric_v2 preferred=M3_folk ages=M6_scaled
611,216506.3509460888,0.0,0.0,0.0,0.0,0.0,0.0,0.0,0.0,0.02326893733437902,0.0,0.0,0.0,0.0,0.0,0.0,0.0,,,0.0,dasymetric_v2 preferred=M3_folk ages=M6_scaled
612,216506.3509460888,0.0,0.0,0.0,0.0,0.0,0.0,0.0,0.0,0.02326893733437902,0.0,0.0,0.0,0.0,0.0,0.0,0.0,,,0.0,dasymetric_v2 preferred=M3_folk ages=M6_scaled
613,216506.3509460888,0.0,0.0,0.0,0.0,0.0,0.0,0.0,0.0,0.02326893733437902,0.0,0.0,0.0,0.0,0.0,0.0,0.0,,,0.0,dasymetric_v2 preferred=M3_folk ages=M6_scaled
614,216506.3509460888,0.0,0.0,0.0,0.0,0.0,0.0,0.0,0.0,0.02326893733437902,0.0,0.0,0.0,0.0,0.0,0.0,0.0,,,0.0,dasymetric_v2 preferred=M3_folk ages=M6_scaled
615,216506.3509460888,0.0,0.0,0.0,0.0,0.0,0.0,0.0,0.0,0.02326893733437902,0.0,0.0,0.0,0.0,0.0,0.0,0.0,,,0.0,dasymetric_v2 preferred=M3_folk ages=M6_scaled
616,216506.3509460888,0.0,0.0,0.0,0.0,0.0,0.0,0.0,0.0,0.02326893733437902,0.0,0.0,0.0,0.0,0.0,0.0,0.0,,,0.0,dasymetric_v2 preferred=M3_folk ages=M6_scaled
617,216506.3509460888,0.0,0.0,0.0,0.0,0.0,0.0,0.0,0.0,0.02326893733437902,0.0,0.0,0.0,0.0,0.0,0.0,0.0,,,0.0,dasymetric_v2 preferred=M3_folk ages=M6_scaled
618,216506.3509460888,0.0,0.0,0.0,0.0,0.0,0.0,0.0,0.0,0.02326893733437902,0.0,0.0,0.0,0.0,0.0,0.0,0.0,,,0.0,dasymetric_v2 preferred=M3_folk ages=M6_scaled
619,216506.3509460888,0.0,0.0,0.0,0.0,0.0,0.0,0.0,0.0,0.02326893733437902,0.0,0.0,0.0,0.0,0.0,0.0,0.0,,,0.0,dasymetric_v2 preferred=M3_folk ages=M6_scaled
620,216506.3509460888,0.0,0.0,2.1047120418848166,2.1727748691099475,2.0166353809308046,2.0818499579260794,2.0856645852683457,6.112376240800652,17.719216684232393,0.8731114223738405,0.15012187463219737,0.18832543147273492,2.0856645852683457,0.16086494012549574,0.19699140344697544,9.633272077952517,7.7128863989795615,9.445018381113766,1.9787734066983576,dasymetric_v2 preferred=M3_folk ages=M6_scaled
621,216506.3509460888,0.0,0.0,2.1047120418848166,2.1727748691099475,1.47019224545278,1.5177357757783674,1.5205167621633744,11.113699429902223,4.560982882273942,0.6365263917951225,0.10944368924798904,0.13729531455754224,1.5205167621633744,0.11727573054310333,0.14361308767424663,7.0229660955395765,7.712886398979563,9.44501838111377,1.4425896448833186,dasymetric_v2 preferred=M3_folk ages=M6_scaled
622,216506.3509460888,58.17944421705913,57.469570416902904,10.658550083010514,10.528500276701715,6.550703311809636,6.470775208057026,6.482631776269513,29.934646557100763,52.96533375209115,5.937157672142115,1.0208287474989421,1.2806129340145973,6.482631776269513,1.093881592853371,1.3395415434394329,29.94199360869429,16.874035586251587,20.663545141388298,6.427715010433279,dasymetric_v2 preferred=M3_folk ages=M6_scaled
623,216506.3509460888,81.58232371179052,80.5869007589208,8.526840066408411,8.422800221361372,3.716622941614955,3.6712747385370985,3.678001709875872,46.19317333067414,37.898888802227745,3.368520197287462,0.5791798776132517,0.7265716646496483,3.678001709875872,0.6206273173873964,0.7600055436212343,16.987962218215547,16.874035586251587,20.663545141388298,3.646844000226851,dasymetric_v2 preferred=M3_folk ages=M6_scaled
624,216506.3509460888,81.58232371179052,80.5869007589208,2.131710016602103,2.105700055340343,1.3735345653794397,1.3567754468506668,1.3592615014758656,32.80615407269099,13.707128299771075,1.2448878989975403,0.21404473737881044,0.26851561519660916,1.3592615014758656,0.2293622694692552,0.2808716139469779,6.278159950210092,16.874035586251587,20.6635451413883,1.34774669573601,dasymetric_v2 preferred=M3_folk ages=M6_scaled
625,216506.3509460888,81.59438517563564,80.5999876986275,4.263420033204206,4.211400110680686,2.778144573414523,2.7442471707794027,2.749275525609556,21.391469528969903,30.446516870123155,2.5179406825877853,0.4329321158747885,0.5431062443116936,2.749275525609556,0.46391373055546187,0.5680977892954712,12.69835971829824,16.87403558625159,20.663545141388305,2.72598539816288,dasymetric_v2 preferred=M3_folk ages=M6_scaled
626,216506.3509460888,87.78558771214938,87.31757151310322,4.322731524789523,4.307764265668849,3.7899961307691052,3.776873443452008,3.7837939060198407,34.7784887869565,15.185740285106245,1.472600270794219,0.250208558059995,0.3511384903938901,3.7837939060198407,0.26811405606158845,0.36729645850809634,17.47659544159065,7.085852525821541,9.707094721087866,3.7188396206725596,dasymetric_v2 preferred=M3_folk ages=M6_scaled
627,216506.3509460888,89.63975271600508,89.32937919437424,25.93638914873714,25.846585594013096,28.834189832097177,28.734352775764446,28.787003471047957,46.19317333067414,113.15061070312228,11.203503721324788,1.903580059659098,2.671452302332254,28.787003471047957,2.0398046125615865,2.7943816942974773,132.96147362539065,7.085852525821542,9.707094721087868,28.292832994485583,dasymetric_v2 preferred=M3_folk ages=M6_scaled
628,216506.3509460888,89.63975271600508,89.32937919437424,0.0,0.0,0.0,0.0,0.0,170.0963713277585,0.02326893733437902,0.0,0.0,0.0,0.0,0.0,0.0,0.0,,,0.0,dasymetric_v2 preferred=M3_folk ages=M6_scaled
629,216506.3509460888,91.02726638625481,90.82209437550559,590.0528531337699,588.0098222637979,806.0226322759252,803.2318159771988,804.7035983387179,276.38184488448485,768.0051578336528,313.1795140685087,53.212128357649554,74.67700772117769,804.7035983387179,57.02011024826086,78.1133405147418,3716.766712950113,7.085852525821539,9.707094721087866,790.8896992615721,dasymetric_v2 preferred=M3_folk ages=M6_scaled
630,216506.3509460888,131.44875000598702,134.30834142069082,190.200187090739,189.54162768942936,150.8191815759214,150.29697709524302,150.57237012061677,259.97278115080405,186.75018762822336,58.60068453014337,9.956804346985447,13.97321208617281,150.57237012061677,10.669336091381082,14.616202591395275,695.4639873733315,7.08585252582154,9.707094721087866,147.98757799473725,dasymetric_v2 preferred=M3_folk ages=M6_scaled
631,216506.3509460888,156.91671650589447,161.70729325957927,12.450143540669856,12.830239234449762,4.331881608399158,4.464131452743386,4.4723111958772614,246.54641017333793,33.51689262937287,4.907036782746184,0.8337514409773255,1.1700727769603714,4.4723111958772614,0.8934166054145289,1.2239147770219954,20.656720582718105,19.976619834463058,27.366494043398507,4.25055129386331,dasymetric_v2 preferred=M3_folk ages=M6_scaled
632,216506.3509460888,128.16349694125626,130.43770756737368,8.616409156353164,8.352049708410291,5.797800479883878,5.536235057444358,5.546379243649006,246.546410173347,29.84406649111574,4.584592912976994,0.765211904551416,1.0675156094653593,5.546379243649006,0.8199722226395589,1.1166383449416375,25.617628394790522,14.783919141095243,20.132744190189786,5.688947796622458,dasymetric_v2 preferred=M3_folk ages=M6_scaled
633,216506.3509460888,32.21951261770455,26.09708854862691,193.6983282674772,156.89133738601825,133.300035562781,107.97006375898596,108.16790008998244,246.54641017333793,396.238668656242,18.068101855803274,2.1479841018138766,2.587435281974186,108.16790008998244,2.3016987682533063,2.7064985516738798,499.60612987707145,2.1278944736271805,2.5021272941625052,130.79735086361006,dasymetric_v2 preferred=M3_folk ages=M6_scaled
634,216506.3509460888,32.21951261770455,26.09708854862691,0.0,0.0,0.0,0.0,0.0,189.57830846619257,0.02326893733437902,0.0,0.0,0.0,0.0,0.0,0.0,0.0,,,0.0,dasymetric_v2 preferred=M3_folk ages=M6_scaled
635,216506.3509460888,32.21951261770455,26.09708854862691,7.174012158054711,5.810790273556231,4.796403078720756,3.884979805420784,3.892098354062336,140.36625762804843,39.582651074386156,0.6501266035071642,0.07728878327366273,0.09310111959127507,3.892098354062336,0.08281974578422693,0.09738525523264335,17.976832259444848,2.127894473627181,2.5021272941625057,4.706351455362281,dasymetric_v2 preferred=M3_folk ages=M6_scaled
636,216506.3509460888,35.78895278493385,29.978911850899046,86.08814589665653,69.72948328267478,45.91556697233724,37.19058792897604,37.25873320190924,140.36625762805392,333.58318833067506,1.1065696563861525,0.13155194986371344,0.15846586397098278,37.25873320190924,0.14096610897023626,0.16575781984389507,172.09071715031055,0.37834380521292865,0.4448831336954881,45.05351028622851,dasymetric_v2 preferred=M3_folk ages=M6_scaled
637,216506.3509460888,32.21951261770455,26.09708854862691,136.3062310030395,110.40501519756839,103.06271115401225,83.4785035689791,83.63146338291445,140.36625762804843,457.1668737809029,22.012964029694942,4.23599323551521,4.587549501586177,83.63146338291445,4.539130622187229,4.79864990953582,386.2771831748212,5.42753939555547,5.737852376879686,101.12772689709702,dasymetric_v2 preferred=M3_folk ages=M6_scaled
638,216506.3509460888,16.826084761075787,14.972950576884777,0.0,0.0,0.0,0.0,0.0,89.84022507181939,0.02326893733437902,0.0,0.0,0.0,0.0,0.0,0.0,0.0,,,0.0,dasymetric_v2 preferred=M3_folk ages=M6_scaled
639,216506.3509460888,10.144391050377692,10.144391050377692,4.337448559670782,4.337448559670782,4.763285024154589,4.763285024154589,4.772012914088717,46.19317333067414,16.78912885202537,2.3858151083972627,0.4591065813185198,0.4972090490240224,4.772012914088717,0.49196130074960354,0.5200885913698727,22.040983524206055,10.309303633633407,10.898725563679474,4.6738551864399005,dasymetric_v2 preferred=M3_folk ages=M6_scaled
640,216506.3509460888,10.144391050377692,10.144391050377692,2.168724279835391,2.168724279835391,4.035886818495514,4.035886818495514,4.04328187794709,46.193173330676494,12.113360651821717,2.021478811055809,0.38899670929450936,0.4212805735572998,4.04328187794709,0.4168342055612404,0.44066619564343895,18.675119045140104,10.309303633633409,10.898725563679474,3.9601137540278954,dasymetric_v2 preferred=M3_folk ages=M6_scaled
641,216506.3509460888,10.144391050377692,10.144391050377692,13.012345679012345,13.012345679012345,10.312629399585921,10.312629399585921,10.331525496265966,46.19317333067414,32.13833866204225,5.165348473599,0.9939770565984702,1.0764698376653095,10.331525496265966,1.0651083333963092,1.126004610379601,47.719272211273704,10.309303633633407,10.89872556367947,10.119011598228257,dasymetric_v2 preferred=M3_folk ages=M6_scaled
642,216506.3509460888,10.392582895473765,10.420245762353296,101.93004115226337,101.93004115226337,97.75293305728088,97.75293305728088,97.93204827632313,96.71920588691103,538.6053991488311,48.962097249177326,9.421862156517012,10.203807380463436,97.93204827632313,10.096112211442602,10.673345180526551,452.3287554770563,10.309303633633407,10.898725563679472,95.91763894930357,dasymetric_v2 preferred=M3_folk ages=M6_scaled
643,216506.3509460888,14.50594065776494,14.992068274717827,38.016000000000005,39.296,25.697221070095395,26.562447368751805,26.611118425772307,140.36625762804843,235.84523491499758,20.226540894343298,3.892228701720062,4.215255041233215,26.611118425772307,4.1707655102959,4.409223969199759,122.91149109246507,15.673018486350433,16.56910430690323,25.21476026870235,dasymetric_v2 preferred=M3_folk ages=M6_scaled
644,216506.3509460888,14.535352867550321,15.02475868800656,3.168,3.2746666666666666,2.359187059311489,2.4386209670324144,2.4430893150912403,137.08444488131533,21.65226444890739,1.8569398380628943,0.3573341864449563,0.3869902943142638,2.4430893150912403,0.38290583999230227,0.40479801692827533,11.284146189778896,15.673018486350434,16.56910430690323,2.314893737626363,dasymetric_v2 preferred=M3_folk ages=M6_scaled
645,216506.3509460888,14.535352867550321,15.02475868800656,19.008000000000003,19.648,20.598092077975945,21.291630531779848,21.330643735242823,134.39917068581906,87.32293240343829,16.2129652316947,3.119889305068463,3.378817158269157,21.330643735242823,3.3431557358821578,3.5342966098263022,98.52202322025309,15.673018486350431,16.569104306903228,20.211366525668154,dasymetric_v2 preferred=M3_folk ages=M6_scaled
646,216506.3509460888,14.535352867550321,15.02475868800656,3.168,3.2746666666666666,2.6354209871422647,2.724155700514058,2.7291472412253412,87.15495087632799,11.467144203734865,2.074366338089246,0.39917394878186574,0.43230244902827564,2.7291472412253412,0.42773975163697053,0.45219525308759867,12.605391155037818,15.673018486350431,16.56910430690323,2.585941422095273,dasymetric_v2 preferred=M3_folk ages=M6_scaled
647,216506.3509460888,14.535352867550321,15.02475868800656,3.168,3.2746666666666666,3.0684363334715887,3.171750688133932,3.1775623686787973,46.19317333067414,33.16355850183719,2.4151970678602837,0.46476060325593993,0.5033323131745646,3.1775623686787973,0.49801993745834244,0.5264936232832949,14.676531911389644,15.67301848635043,16.56910430690323,3.010826981533023,dasymetric_v2 preferred=M3_folk ages=M6_scaled
648,216506.3509460888,14.535352867550321,15.02475868800656,7.92,8.186666666666667,7.107424305267524,7.346731520933097,7.360193126477408,36.08796681942959,90.65790563768701,5.594325081759099,1.0765257768848049,1.165869494263225,7.360193126477408,1.1535644293438978,1.2195180763155637,33.995275862878195,15.67301848635043,16.56910430690323,6.973983665254107,dasymetric_v2 preferred=M3_folk ages=M6_scaled
649,216506.3509460888,17.74692322572592,18.553063151322505,0.0,0.0,0.0,0.0,0.0,27.358556471199286,0.02326893733437902,0.0,0.0,0.0,0.0,0.0,0.0,0.0,,,0.0,dasymetric_v2 preferred=M3_folk ages=M6_scaled
650,216506.3509460888,74.99483853337719,81.44692894545994,9.953488958990537,10.672931650893796,9.939207194940373,10.690483583141972,10.710072031782587,37.46376298244792,13.185658149871326,5.735358487181598,1.1036650821844218,1.1952611621858273,10.710072031782587,1.1826458855458448,1.2502622294999897,49.46770376472445,11.04237097599618,11.673705142129615,9.752600329731012,dasymetric_v2 preferred=M3_folk ages=M6_scaled
651,216506.3509460888,113.5298081932262,123.7823257392672,0.0,0.0,0.0,0.0,0.0,46.19317333067414,0.02326893733437902,0.0,0.0,0.0,0.0,0.0,0.0,0.0,,,0.0,dasymetric_v2 preferred=M3_folk ages=M6_scaled
652,216506.3509460888,113.5298081932262,123.7823257392672,15.83280757097792,17.26261829652997,13.696258343460498,14.933124072524748,14.960486420697647,46.193173330676494,35.140289402209824,6.893007690024604,1.3264335465187775,1.436517769717188,14.960486420697647,1.42135617187016,1.5026204868888196,69.09952689758688,9.500735015565612,10.043928015669081,13.439113504396092,dasymetric_v2 preferred=M3_folk ages=M6_scaled
653,216506.3509460888,75.34973142721897,82.15432711747341,0.0,0.0,0.0,0.0,0.0,46.19317333067414,0.02326893733437902,0.0,0.0,0.0,0.0,0.0,0.0,0.0,,,0.0,dasymetric_v2 preferred=M3_folk ages=M6_scaled
654,216506.3509460888,0.0,0.0,0.0,0.0,0.0,0.0,0.0,21.25984996267848,0.02326893733437902,0.0,0.0,0.0,0.0,0.0,0.0,0.0,,,0.0,dasymetric_v2 preferred=M3_folk ages=M6_scaled
655,216506.3509460888,0.0,0.0,0.0,0.0,0.0,0.0,0.0,0.0,3.989745489119837,0.0,0.0,0.0,0.0,0.0,0.0,0.0,,,0.0,dasymetric_v2 preferred=M3_folk ages=M6_scaled
656,216506.3509460888,0.0,0.0,0.0,0.0,0.0,0.0,0.0,2.8305634940620465,0.02326893733437902,0.0,0.0,0.0,0.0,0.0,0.0,0.0,,,0.0,dasymetric_v2 preferred=M3_folk ages=M6_scaled
657,216506.3509460888,0.0,0.0,0.0,0.0,0.0,0.0,0.0,5.146612487672841,0.02326893733437902,0.0,0.0,0.0,0.0,0.0,0.0,0.0,,,0.0,dasymetric_v2 preferred=M3_folk ages=M6_scaled
658,216506.3509460888,0.0,0.0,1.8516260162601625,1.8983739837398375,0.8914181872923365,0.9139238056323186,0.9155984117798174,2.3160489936113398,2.9517629228447575,0.3597995873857943,0.0636926292098706,0.0696380248104386,0.9155984117798174,0.06825061976733232,0.07284248406285825,4.228967916085779,7.454209060352236,7.955724160908152,0.8746819677671097,dasymetric_v2 preferred=M3_folk ages=M6_scaled
659,216506.3509460888,0.0,0.0,0.0,0.0,0.0,0.0,0.0,0.0,4.216804175492511,0.0,0.0,0.0,0.0,0.0,0.0,0.0,,,0.0,dasymetric_v2 preferred=M3_folk ages=M6_scaled
660,216506.3509460888,0.0,0.0,0.0,0.0,0.0,0.0,0.0,0.0,0.02326893733437902,0.0,0.0,0.0,0.0,0.0,0.0,0.0,,,0.0,dasymetric_v2 preferred=M3_folk ages=M6_scaled
661,216506.3509460888,0.0,0.0,0.0,0.0,0.0,0.0,0.0,0.0,0.02326893733437902,0.0,0.0,0.0,0.0,0.0,0.0,0.0,,,0.0,dasymetric_v2 preferred=M3_folk ages=M6_scaled
662,216506.3509460888,0.0,0.0,0.0,0.0,0.0,0.0,0.0,0.0,0.02326893733437902,0.0,0.0,0.0,0.0,0.0,0.0,0.0,,,0.0,dasymetric_v2 preferred=M3_folk ages=M6_scaled
663,216506.3509460888,0.0,0.0,8.418848167539267,8.69109947643979,7.1688135154378925,7.400640818175933,7.414201203115216,0.9607218741827332,22.23983688613223,3.10377028211604,0.5336590511118758,0.6694665338159802,7.414201203115216,0.5718489161880527,0.70027266644699,34.24472848356024,7.712886398979564,9.445018381113766,7.034220303811581,dasymetric_v2 preferred=M3_folk ages=M6_scaled
664,216506.3509460888,3.8335190483573633,3.957488569821656,0.0,0.0,0.0,0.0,0.0,46.19317333067414,0.02326893733437902,0.0,0.0,0.0,0.0,0.0,0.0,0.0,,,0.0,dasymetric_v2 preferred=M3_folk ages=M6_scaled
665,216506.3509460888,25.52301700621435,25.517734623498747,0.0,0.0,0.0,0.0,0.0,46.1931733306718,0.02326893733437902,0.0,0.0,0.0,0.0,0.0,0.0,0.0,,,0.0,dasymetric_v2 preferred=M3_folk ages=M6_scaled
666,216506.3509460888,73.23852540552255,72.40049952588973,8.526840066408411,8.422800221361372,3.1759102394067593,3.1371595173786915,3.1429078156297168,46.19317333067414,41.11066841696609,2.878451205374403,0.49491792217453456,0.6208664224681777,3.1429078156297168,0.5303353832524408,0.6494361752348674,14.516469387137366,16.874035586251587,20.663545141388298,3.116283083805888,dasymetric_v2 preferred=M3_folk ages=M6_scaled
667,216506.3509460888,81.58232371179052,80.5869007589208,4.263420033204206,4.211400110680686,2.4363147042024456,2.40658812292064,2.4109977763734816,45.677349505607246,31.536951114384948,2.2081269520680356,0.3796630635859443,0.47628109120846507,2.4109977763734816,0.4068326227689957,0.4981976138788024,11.135921721639624,16.874035586251583,20.663545141388298,2.390573324563421,dasymetric_v2 preferred=M3_folk ages=M6_scaled
668,216506.3509460888,81.58232371179052,80.5869007589208,0.0,0.0,0.0,0.0,0.0,21.391469528969907,0.02326893733437902,0.0,0.0,0.0,0.0,0.0,0.0,0.0,,,0.0,dasymetric_v2 preferred=M3_folk ages=M6_scaled
669,216506.3509460888,81.62219050882385,80.63015706476801,8.526840066408411,8.422800221361372,4.574305158910714,4.518491985891814,4.526771335231842,21.907293354033374,45.64907886258602,4.145871012046108,0.7128367724470791,0.894242048799567,4.526771335231842,0.7638490060152572,0.9353914383030575,20.908261191649903,16.874035586251587,20.663545141388298,4.488423384894586,dasymetric_v2 preferred=M3_folk ages=M6_scaled
670,216506.3509460888,88.29922428673136,87.87487790383844,0.0,0.0,0.0,0.0,0.0,46.19317333067414,0.02326893733437902,0.0,0.0,0.0,0.0,0.0,0.0,0.0,,,0.0,dasymetric_v2 preferred=M3_folk ages=M6_scaled
671,216506.3509460888,89.63975271600508,89.32937919437424,45.38868101028999,45.231524789522915,51.53639256889684,51.35795017956501,51.45205467554554,48.772292455994574,176.22097851065615,20.024428266979196,3.4023376350151473,4.774783525522233,51.45205467554554,3.645816715814224,4.9944996833011235,237.6468609383074,7.08585252582154,9.707094721087866,50.56880587180328,dasymetric_v2 preferred=M3_folk ages=M6_scaled
672,216506.3509460888,89.63975271600508,89.32937919437424,75.64780168381665,75.38587464920487,123.83592008675797,123.4071439081412,123.63326599902038,170.20169233919535,249.7599276545091,48.116357685252964,8.17541916451844,11.473246023335246,123.63326599902038,8.760470901547249,12.001198237299427,571.0375952426713,7.08585252582154,9.707094721087866,121.51092248941734,dasymetric_v2 preferred=M3_folk ages=M6_scaled
673,216506.3509460888,145.46088057064836,149.38287399096012,78.5890637854096,79.44549608138895,61.05118251175249,61.178629294963955,61.290728474437685,167.62257321386392,161.6392414357855,31.139869513638548,5.290955056650724,7.425237512814321,61.290728474437685,5.669587929674453,7.766916805329013,283.08974866838616,9.25031904627965,12.672254023817542,59.90495730863546,dasymetric_v2 preferred=M3_folk ages=M6_scaled
674,216506.3509460888,156.91671650589447,161.70729325957927,4.150047846889952,4.276746411483254,1.9348783255860642,1.9939490436979428,1.9976026079292253,46.19317333067414,23.087921147094235,2.191777147228605,0.3724034352520855,0.5226247298885807,1.9976026079292253,0.3990534787893409,0.5466737987097248,9.226531227375583,19.976619834463055,27.36649404339851,1.8985513256737416,dasymetric_v2 preferred=M3_folk ages=M6_scaled
675,216506.3509460888,156.91671650589447,161.70729325957927,12.450143540669856,12.830239234449762,6.525895424019071,6.7251272433651605,6.737449867368437,46.1931733306718,86.34679803781464,7.392355512192907,1.2560303363078151,1.7626918903161726,6.737449867368437,1.3459147465417278,1.8438038166303439,31.11894795661721,19.97661983446305,27.366494043398507,6.403372886368357,dasymetric_v2 preferred=M3_folk ages=M6_scaled
676,216506.3509460888,80.58454465711867,78.69483539076747,4.466361309463213,4.0753032969270375,2.9120737108243575,2.507312117864995,2.51190633049016,46.19317333067414,28.760450093600074,1.0666005287371134,0.1657442950648938,0.22543258615736866,2.51190633049016,0.17760533677773707,0.23580607877832227,11.60199836870207,7.0705397976794835,9.387534714811931,2.8574000395971235,dasymetric_v2 preferred=M3_folk ages=M6_scaled
677,216506.3509460888,32.21951261770455,26.09708854862691,11.956686930091184,9.684650455927052,10.382214164147637,8.409362537150406,8.424771228897432,46.1931733306718,75.45930388907156,1.407253210508216,0.16729801212778245,0.20152513178194748,8.424771228897432,0.1792702413954412,0.2107985003889926,38.91235149492333,2.127894473627181,2.5021272941625057,10.187289921086272,dasymetric_v2 preferred=M3_folk ages=M6_scaled
678,216506.3509460888,32.21951261770455,26.09708854862691,7.174012158054711,5.810790273556231,4.816388091548759,3.9011672212767037,3.908315430537596,46.19317333067414,25.21778713009463,0.6528354643551108,0.07761081987063632,0.09348904092290537,3.908315430537596,0.08316482805832787,0.09779102712944603,18.051735727192533,2.127894473627181,2.5021272941625057,4.725961253092957,dasymetric_v2 preferred=M3_folk ages=M6_scaled
679,216506.3509460888,62.123061258925745,58.617676207515096,20.88940954901761,17.835257049781127,10.288933222770657,8.619570869783129,8.63536473167663,46.1931733306718,62.78287252305718,0.648772173083191,0.07712776497517593,0.0929071589254599,8.63536473167663,0.08264720464717645,0.09718236928424201,39.88504121907667,0.9570783309708539,1.1253997057906924,10.0957603129608,dasymetric_v2 preferred=M3_folk ages=M6_scaled
680,216506.3509460888,93.3984849785886,92.63020001521897,28.696048632218844,23.243161094224924,22.41319188660553,18.154186882414205,18.18745126700379,46.19317333067414,77.85261739551379,1.2810534325876928,0.24651535647152045,0.26697431696363766,18.18745126700379,0.2641565605010186,0.27925939142520256,84.00423907903081,1.4524110972066724,1.5354509399117575,21.992388154953325,dasymetric_v2 preferred=M3_folk ages=M6_scaled
681,216506.3509460888,34.44392843947153,28.534563283095633,0.0,0.0,0.0,0.0,0.0,46.1931733306718,0.02326893733437902,0.0,0.0,0.0,0.0,0.0,0.0,0.0,,,0.0,dasymetric_v2 preferred=M3_folk ages=M6_scaled
682,216506.3509460888,39.89595417864201,39.93657614626593,6.951399051871865,6.042584462206212,4.543503342920698,4.137160466907794,4.144741092675912,46.19317333067414,37.976481233518264,2.462208203001116,0.4738070383558123,0.5131295358154321,4.144741092675912,0.5077137561923248,0.5367416743447702,19.14373908462378,12.249589174327332,12.949944576592141,4.458199867576881,dasymetric_v2 preferred=M3_folk ages=M6_scaled
683,216506.3509460888,10.144391050377692,10.144391050377692,6.506172839506172,6.506172839506172,6.722567287784679,6.722567287784679,6.734885221115357,46.1931733306718,51.93442421672068,3.3671725544621465,0.6479509140283543,0.7017260716521302,6.734885221115357,0.6943197668214848,0.7340166572781701,31.10710236298047,10.309303633633405,10.89872556367947,6.5963522705173965,dasymetric_v2 preferred=M3_folk ages=M6_scaled
684,216506.3509460888,10.144391050377692,10.144391050377692,8.674897119341564,8.674897119341564,6.52311939268461,6.52311939268461,6.5350718724958785,46.19317333067414,21.24781719906548,3.2672738922878772,0.6287272394411256,0.6809069735402868,6.5350718724958785,0.6737204020117723,0.712239548772535,30.18420403807529,10.309303633633407,10.898725563679472,6.400648974533459,dasymetric_v2 preferred=M3_folk ages=M6_scaled
685,216506.3509460888,20.147090018362924,20.416824596821726,32.53086419753087,32.53086419753087,40.511387163561075,40.511387163561075,40.58561722253285,46.1931733306718,138.40650090171243,20.29118120516194,3.904667549982386,4.228726222364408,40.58561722253285,4.184094511055125,4.423315039409287,187.45693622926973,10.309303633633407,10.898725563679474,39.75079300191373,dasymetric_v2 preferred=M3_folk ages=M6_scaled
686,216506.3509460888,12.690545185680058,12.974333255321895,1.584,1.6373333333333333,1.2467855661551221,1.2887648781468772,1.291126315253915,46.19317333067414,10.741827088455315,0.981357446064884,0.18884433270983447,0.20451702262810775,1.291126315253915,0.20235846607188124,0.2139280659082974,5.963457005357835,15.67301848635043,16.56910430690323,1.2233773866569702,dasymetric_v2 preferred=M3_folk ages=M6_scaled
687,216506.3509460888,14.561905523693364,15.053930041809808,0.0,0.0,0.0,0.0,0.0,45.677349505607246,0.02326893733437902,0.0,0.0,0.0,0.0,0.0,0.0,0.0,,,0.0,dasymetric_v2 preferred=M3_folk ages=M6_scaled
688,216506.3509460888,32.08726420180507,34.307688903976725,13.121488958990536,13.947598317560463,9.190054268519056,9.845346882050531,9.86338676492844,21.391469528969907,64.53564252167575,5.500302811477433,1.0584329066850604,1.1462750489814901,9.86338676492844,1.1341767918759333,1.199021974192613,45.55703203082701,11.498857531459295,12.15629076268218,9.017512617608986,dasymetric_v2 preferred=M3_folk ages=M6_scaled
689,216506.3509460888,29.532471278594578,31.50093520605939,0.0,0.0,0.0,0.0,0.0,21.907293354033374,0.02326893733437902,0.0,0.0,0.0,0.0,0.0,0.0,0.0,,,0.0,dasymetric_v2 preferred=M3_folk ages=M6_scaled
690,216506.3509460888,43.37271558584674,46.70614341839307,12.443659305993691,13.118843322818087,7.52993864461657,8.02220349417651,8.036902784429202,46.19317333067414,26.85730858613068,4.730495473546297,0.9102975319246512,0.9858455282372858,8.036902784429202,0.9754405101069724,1.0312101380609544,37.120863888332,12.137020146576905,12.830939551226551,7.388565372268849,dasymetric_v2 preferred=M3_folk ages=M6_scaled
691,216506.3509460888,48.69102561364946,52.54895998437276,0.0,0.0,0.0,0.0,0.0,46.1931733306718,0.02326893733437902,0.0,0.0,0.0,0.0,0.0,0.0,0.0,,,0.0,dasymetric_v2 preferred=M3_folk ages=M6_scaled
692,216506.3509460888,65.74054691942838,71.2799530536808,0.0,0.0,0.0,0.0,0.0,46.19317333067414,0.02326893733437902,0.0,0.0,0.0,0.0,0.0,0.0,0.0,,,0.0,dasymetric_v2 preferred=M3_folk ages=M6_scaled
693,216506.3509460888,113.5298081932262,123.7823257392672,6.785488958990537,7.398264984227129,11.37268169354691,12.399712571729841,12.422432884705461,46.1931733306718,73.12098631865835,5.723605703396389,1.1014034734094538,1.1928118565256105,12.422432884705461,1.1802224308623492,1.2477002167346207,57.3767597598036,9.500735015565613,10.043928015669081,11.159161597000677,dasymetric_v2 preferred=M3_folk ages=M6_scaled
694,216506.3509460888,113.5298081932262,123.7823257392672,11.309148264984227,12.330441640378549,8.640435783598267,9.420726183860454,9.437988023287517,46.19317333067414,52.69835616107034,4.348530000527031,0.8367952467381887,0.906243094280238,9.437988023287517,0.896678232893366,0.9479447231864675,43.5921994068323,9.500735015565613,10.043928015669083,8.478213122977925,dasymetric_v2 preferred=M3_folk ages=M6_scaled
695,216506.3509460888,113.5298081932262,123.7823257392672,9.047318611987382,9.864353312302839,6.632118277140292,7.231043881665863,7.244293509766635,46.1931733306718,40.449549053362105,3.3377905949991264,0.6422968920909341,0.6956028075015881,7.244293509766635,0.6882611301127458,0.7276116253647481,33.459958463622634,9.500735015565613,10.043928015669083,6.507601424123598,dasymetric_v2 preferred=M3_folk ages=M6_scaled
696,216506.3509460888,113.5298081932262,123.7823257392672,2.2618296529968456,2.4660883280757098,2.3235766499135884,2.533411500794906,2.5380535359921836,46.19317333067414,15.66718397160406,1.1694019866282148,0.2250300731093237,0.2437059131915775,2.5380535359921836,0.24113374100781057,0.2549202701541987,11.722767137783281,9.500735015565613,10.043928015669083,2.2799519073954153,dasymetric_v2 preferred=M3_folk ages=M6_scaled
697,216506.3509460888,57.1765586408335,62.339992632456884,2.2618296529968456,2.4660883280757098,2.3469291790584483,2.558872922913448,2.563561611730799,45.232451456489066,15.824643106997065,1.1811547704134233,0.2272916818842918,0.24615521885179437,2.563561611730799,0.24355719569130616,0.25748228291956754,11.840583892936882,9.500735015565612,10.043928015669081,2.302865996916977,dasymetric_v2 preferred=M3_folk ages=M6_scaled
698,216506.3509460888,0.0,0.0,7.816707701777333,8.161210279295222,6.215133114725962,6.441175165323316,6.452977496614494,0.0,48.57614326874224,2.6144723541492563,0.4710605944741456,0.5139664960046001,6.452977496614494,0.5047707704904424,0.5376171480447591,29.805026357962678,7.822292434078169,8.331303624207832,6.098445084720077,dasymetric_v2 preferred=M3_folk ages=M6_scaled
699,216506.3509460888,0.0,0.0,0.0,0.0,0.0,0.0,0.0,0.4448980491181785,0.02326893733437902,0.0,0.0,0.0,0.0,0.0,0.0,0.0,,,0.0,dasymetric_v2 preferred=M3_folk ages=M6_scaled
700,216506.3509460888,7.171350335659208,7.352405283760374,0.0,0.0,0.0,0.0,0.0,21.391469528969907,0.02326893733437902,0.0,0.0,0.0,0.0,0.0,0.0,0.0,,,0.0,dasymetric_v2 preferred=M3_folk ages=M6_scaled
701,216506.3509460888,0.35611638790160866,0.36510725170153946,0.0,0.0,0.0,0.0,0.0,20.94657147985064,0.02326893733437902,0.0,0.0,0.0,0.0,0.0,0.0,0.0,,,0.0,dasymetric_v2 preferred=M3_folk ages=M6_scaled
702,216506.3509460888,0.0,0.0,3.703252032520325,3.796747967479675,3.644039183217024,3.736040172474973,3.742885815187825,0.0,12.0665473329478,1.4708290825001702,0.2603698688579325,0.28467412340091386,3.742885815187825,0.27900253355436944,0.29777367111410186,17.28764906355945,7.454209060352235,7.955724160908153,3.5756229891138993,dasymetric_v2 preferred=M3_folk ages=M6_scaled
703,216506.3509460888,0.0,0.0,0.0,0.0,0.0,0.0,0.0,0.0,0.02326893733437902,0.0,0.0,0.0,0.0,0.0,0.0,0.0,,,0.0,dasymetric_v2 preferred=M3_folk ages=M6_scaled
704,216506.3509460888,0.0,0.0,0.0,0.0,0.0,0.0,0.0,0.21048243243201661,0.02326893733437902,0.0,0.0,0.0,0.0,0.0,0.0,0.0,,,0.0,dasymetric_v2 preferred=M3_folk ages=M6_scaled
705,216506.3509460888,0.0,0.0,0.0,0.0,0.0,0.0,0.0,0.30726937122164333,0.02326893733437902,0.0,0.0,0.0,0.0,0.0,0.0,0.0,,,0.0,dasymetric_v2 preferred=M3_folk ages=M6_scaled
706,216506.3509460888,0.0,0.0,0.0,0.0,0.0,0.0,0.0,0.3072693712216064,0.02326893733437902,0.0,0.0,0.0,0.0,0.0,0.0,0.0,,,0.0,dasymetric_v2 preferred=M3_folk ages=M6_scaled
707,216506.3509460888,3.6283398662764954,3.745674240061556,0.0,0.0,0.0,0.0,0.0,0.30726937122164333,0.02326893733437902,0.0,0.0,0.0,0.0,0.0,0.0,0.0,,,0.0,dasymetric_v2 preferred=M3_folk ages=M6_scaled
708,216506.3509460888,10.418548851786204,10.755467098237002,2.1047120418848166,2.1727748691099475,2.7061945757006924,2.7937083306362873,2.798827314424619,25.030110306794626,8.395437517813981,1.1716591990565086,0.20145387047417454,0.2527205790085733,2.798827314424619,0.21587037126518138,0.26434975430303803,12.927229627187895,7.7128863989795615,9.445018381113766,2.6553862489887634,dasymetric_v2 preferred=M3_folk ages=M6_scaled
709,216506.3509460888,10.615598067632664,10.958888552406856,12.6282722513089,13.036649214659686,15.170302284937536,15.66088419962457,15.689580041438006,46.19317333068818,47.06288531620723,6.568051087018697,1.1293039085234977,1.4166932457884445,15.689580041438006,1.210119485073084,1.4818837188333764,72.4670660831783,7.712886398979562,9.445018381113766,14.885482530388934,dasymetric_v2 preferred=M3_folk ages=M6_scaled
710,216506.3509460888,11.267267964964619,11.59826537519513,12.655270226026186,12.969574400890082,13.546113487435692,13.936559090525007,13.962095406992686,46.19317333068928,57.97364453231994,6.370896894869765,1.095405420703324,1.3741681483591173,13.962095406992686,1.1737951437544236,1.437401789022769,64.48815633343393,8.40701276949123,10.295029127955035,13.291787591608967,dasymetric_v2 preferred=M3_folk ages=M6_scaled
711,216506.3509460888,80.90055349402297,79.91799142692221,8.526840066408411,8.422800221361372,3.7290531186772125,3.6835532493683263,3.6903027189390016,46.19317333068818,48.270843542425936,3.3797861511245437,0.5811169340601188,0.7290016702170383,3.6903027189390016,0.622702994034177,0.7625473681818403,17.044778145366767,16.874035586251587,20.663545141388298,3.659040802903195,dasymetric_v2 preferred=M3_folk ages=M6_scaled
712,216506.3509460888,81.58232371179052,80.5869007589208,8.526840066408411,8.422800221361372,4.530799539192813,4.475517197982517,4.483717803510888,35.6461416755146,53.71031705542297,4.1064401736163205,0.7060570748830444,0.8857370293137017,4.483717803510888,0.7565841377515251,0.9264950523409362,20.709405446620625,16.874035586251587,20.6635451413883,4.445734575527382,dasymetric_v2 preferred=M3_folk ages=M6_scaled
713,216506.3509460888,81.58232371179052,80.5869007589208,0.0,0.0,0.0,0.0,0.0,25.53737945082206,0.02326893733437902,0.0,0.0,0.0,0.0,0.0,0.0,0.0,,,0.0,dasymetric_v2 preferred=M3_folk ages=M6_scaled
714,216506.3509460888,81.58232371179052,80.5869007589208,2.131710016602103,2.105700055340343,1.5724173983755578,1.553231620150311,1.5560776464859458,36.08441110599675,15.691870859013942,1.4251431603908493,0.24503764052868343,0.3073957042748512,1.5560776464859458,0.26257309581774463,0.321540806916676,7.187214784629655,16.874035586251587,20.663545141388298,1.5428955385575138,dasymetric_v2 preferred=M3_folk ages=M6_scaled
715,216506.3509460888,88.86680413113633,88.49071386683482,2.1613657623947615,2.1538821328344246,1.4857792140556625,1.4806347718516177,1.4833477771107682,46.19317333068818,5.156931822611157,0.5772984450289628,0.09808840482086181,0.13765562081886723,1.4833477771107682,0.10510783593112104,0.14398997376729358,6.851289907334541,7.08585252582154,9.707094721087866,1.4578839708948905,dasymetric_v2 preferred=M3_folk ages=M6_scaled
716,216506.3509460888,89.63975271600508,89.32937919437424,4.322731524789523,4.307764265668849,5.829794712777727,5.8096093166720255,5.8202544135786916,113.12826962063568,20.23440198194039,2.265162542783134,0.3848723002716866,0.5401233257553858,5.8202544135786916,0.41241464437380543,0.5649776089343808,26.882603619456713,7.085852525821541,9.707094721087866,5.720341343426562,dasymetric_v2 preferred=M3_folk ages=M6_scaled
717,216506.3509460888,127.00189700052906,129.5243273011663,39.59813822335411,40.660108763276504,14.55315677766909,14.843802962141673,14.871001644941565,170.20169233924707,68.10941799383767,13.121308725149817,2.2294330655046726,3.128748940984762,14.871001644941565,2.3889764065022594,3.2727212681684863,68.68621442261767,16.064663723004028,22.007403040545803,14.279923821366129,dasymetric_v2 preferred=M3_folk ages=M6_scaled
718,216506.3509460888,156.91671650589447,161.70729325957927,0.0,0.0,0.0,0.0,0.0,105.86254604929957,0.02326893733437902,0.0,0.0,0.0,0.0,0.0,0.0,0.0,,,0.0,dasymetric_v2 preferred=M3_folk ages=M6_scaled
719,216506.3509460888,156.91671650589447,161.70729325957927,16.600191387559807,17.106985645933015,9.959440666967556,10.263496640105929,10.282302709564272,49.98282890908845,118.8409512616056,11.281781476582953,1.9168801823466723,2.690117471256846,10.282302709564272,2.0540565225183482,2.81390575853711,47.49192189805379,19.97661983446305,27.36649404339851,9.772453921883145,dasymetric_v2 preferred=M3_folk ages=M6_scaled
720,216506.3509460888,156.91671650589447,161.70729325957927,0.0,0.0,0.0,0.0,0.0,47.38687890909422,0.02326893733437902,0.0,0.0,0.0,0.0,0.0,0.0,0.0,,,0.0,dasymetric_v2 preferred=M3_folk ages=M6_scaled
721,216506.3509460888,84.41054646596449,82.85567305213289,0.0,0.0,0.0,0.0,0.0,46.19317333068818,0.02326893733437902,0.0,0.0,0.0,0.0,0.0,0.0,0.0,,,0.0,dasymetric_v2 preferred=M3_folk ages=M6_scaled
722,216506.3509460888,89.2922202225038,88.16457138196235,14.031710853536161,11.823023661668678,8.311166513298357,6.925226858827845,6.937916130514551,47.41336134478793,49.54615023277928,1.282645611502676,0.1524843286669971,0.1836807505269531,6.937916130514551,0.1633964567867977,0.1921329931360693,32.04486196454407,2.3551229751559335,2.769318474333009,8.15512582525745,dasymetric_v2 preferred=M3_folk ages=M6_scaled
723,216506.3509460888,105.9736212433521,106.30586167324601,0.0,0.0,0.0,0.0,0.0,47.9744450479151,0.02326893733437902,0.0,0.0,0.0,0.0,0.0,0.0,0.0,,,0.0,dasymetric_v2 preferred=M3_folk ages=M6_scaled
724,216506.3509460888,156.91671650589447,161.70729325957927,14.525167464114832,14.96861244019139,4.811282264961776,4.958167934552474,4.967252913466869,46.51021943099761,58.28343332557141,1.5088354923062104,0.17937438451429225,0.21607218171808423,4.967252913466869,0.19221082667422665,0.22601494651909315,22.94275845378661,3.8695598960366624,4.550099430337788,4.720951287501224,dasymetric_v2 preferred=M3_folk ages=M6_scaled
725,216506.3509460888,137.21103571327228,139.86188071032532,4.188042058160002,4.2821555891613166,2.1909444404717786,2.2333272027146553,2.2374193857172138,45.8369189872428,14.300168687896425,2.421073459752887,0.465891407643424,0.504556966004673,2.2374193857172138,0.4992316648000903,0.5277746296659792,10.33419747707236,22.31283361478785,23.588542811199382,2.1498098443349316,dasymetric_v2 preferred=M3_folk ages=M6_scaled
726,216506.3509460888,134.4300663675975,135.5757773448986,0.0,0.0,0.0,0.0,0.0,45.83691898724394,0.02326893733437902,0.0,0.0,0.0,0.0,0.0,0.0,0.0,,,0.0,dasymetric_v2 preferred=M3_folk ages=M6_scaled
727,216506.3509460888,66.6115000860629,67.49378393981716,6.394760549265444,6.456289046674769,4.821633115614892,4.849129622020945,4.858014807224581,45.8369189872428,51.66251623652842,3.3495433787843343,0.6445585008659022,0.6980521131618049,4.858014807224581,0.6906845847962414,0.7301736381301169,22.438209253428564,14.21742444607398,15.030288443012598,4.731107802755677,dasymetric_v2 preferred=M3_folk ages=M6_scaled
728,216506.3509460888,10.144391050377692,10.144391050377692,8.674897119341564,8.674897119341564,8.728778467908903,8.728778467908903,8.744772433699522,46.08095659006367,53.0175430072435,4.372035568097447,0.8413184642881248,0.9111417056006716,8.744772433699522,0.9015251422603571,0.9530687487172051,40.3903737487914,10.309303633633403,10.89872556367947,8.564897188944053,dasymetric_v2 preferred=M3_folk ages=M6_scaled
729,216506.3509460888,50.41655659217351,51.50254304750999,10.731224279835391,10.940276003973322,6.896507926497215,7.041683145386373,7.054585802928862,46.19317333068818,28.470682210258598,3.3377905949991264,0.642296892090934,0.695602807501588,7.054585802928862,0.6882611301127457,0.727611625364748,32.58373609874147,9.756223105642848,10.314023327388893,6.767027204361722,dasymetric_v2 preferred=M3_folk ages=M6_scaled
730,216506.3509460888,76.42354935404384,78.21084505122168,8.590599279835391,8.74738807293884,7.538853804595204,7.696847369300038,7.710950501138333,46.19317333068928,33.60020231423936,3.6492393653071433,0.702229524627588,0.7605094074973349,7.710950501138333,0.7524826792253787,0.7955049636470222,35.6153547803242,9.758624168502873,10.316561668105447,7.3973131516884685,dasymetric_v2 preferred=M3_folk ages=M6_scaled
731,216506.3509460888,88.35154485767598,95.32755036934323,2.2618296529968456,2.4660883280757098,3.619642017453329,3.9465204283739745,3.9537517394853117,46.19317333068818,19.939918547432022,1.8216814867072695,0.35054936012005206,0.37964237733361317,3.9537517394853117,0.3756354759418155,0.3971119786321688,18.261597048808127,9.500735015565612,10.04392801566908,3.5516838758421048,dasymetric_v2 preferred=M3_folk ages=M6_scaled
732,216506.3509460888,104.6494750306877,114.02618913358582,6.785488958990537,7.398264984227129,6.632118277140291,7.231043881665863,7.244293509766635,33.05019167551973,36.535076564327056,3.3377905949991264,0.642296892090934,0.6956028075015881,7.244293509766635,0.6882611301127457,0.7276116253647481,33.459958463622634,9.500735015565612,10.043928015669083,6.507601424123597,dasymetric_v2 preferred=M3_folk ages=M6_scaled
733,216506.3509460888,112.18262798784643,122.3022828314629,4.523659305993691,4.9321766561514195,5.803103492497756,6.32716339645763,6.338756821045806,21.74772387242179,34.267323005633386,2.9205667706242355,0.5620097805795673,0.6086524565638896,6.338756821045806,0.6022284888486525,0.6366601721941546,29.277463655669802,9.500735015565613,10.043928015669083,5.694151246108148,dasymetric_v2 preferred=M3_folk ages=M6_scaled
734,216506.3509460888,113.5298081932262,123.7823257392672,0.0,0.0,0.0,0.0,0.0,37.48665552758668,0.02326893733437902,0.0,0.0,0.0,0.0,0.0,0.0,0.0,,,0.0,dasymetric_v2 preferred=M3_folk ages=M6_scaled
735,216506.3509460888,113.5298081932262,123.7823257392672,61.06940063091483,66.58438485804416,50.97857112322978,55.582284484776686,55.68412933739636,49.98282890908845,143.34433732172747,25.65632700310948,4.937091955755314,5.346834256253404,55.68412933739636,5.290401574070859,5.592873866800158,257.1939765003106,9.500735015565613,10.04392801566908,50.021457425569764,dasymetric_v2 preferred=M3_folk ages=M6_scaled
736,216506.3509460888,113.5298081932262,123.7823257392672,0.0,0.0,0.0,0.0,0.0,48.60706692319287,0.02326893733437902,0.0,0.0,0.0,0.0,0.0,0.0,0.0,,,0.0,dasymetric_v2 preferred=M3_folk ages=M6_scaled
737,216506.3509460888,113.5298081932262,123.7823257392672,11.309148264984227,12.330441640378549,11.069098814663727,12.068714084188798,12.090827900103468,47.9744450479151,71.16909140666132,5.570819514188682,1.0720025593348688,1.1609708829427914,12.090827900103468,1.1487175199769066,1.214394050784826,55.845141942806784,9.500735015565612,10.043928015669083,10.86127843322037,dasymetric_v2 preferred=M3_folk ages=M6_scaled
738,216506.3509460888,113.5298081932262,123.7823257392672,6.785488958990537,7.398264984227129,9.259277805937062,10.095453870001812,10.113952030360814,46.51021943099761,58.00081690780566,4.659978770835048,0.8967278792748428,0.9711496942759847,10.113952030360814,0.9608997820059989,1.0158380614687417,46.71434341840273,9.500735015565612,10.043928015669081,9.085436495299318,dasymetric_v2 preferred=M3_folk ages=M6_scaled
739,216506.3509460888,113.5298081932262,123.7823257392672,18.094637223974765,19.728706624605678,14.023193751488542,15.289583982184332,15.317599481038254,45.8369189872428,85.52800776952093,7.057546663017519,1.3580960693683306,1.470808048960224,15.317599481038254,1.455284537439098,1.5384886656039831,70.74896146973728,9.500735015565612,10.043928015669081,13.75991075769796,dasymetric_v2 preferred=M3_folk ages=M6_scaled
740,216506.3509460888,113.2014034996418,123.42138339958565,4.523659305993691,4.9321766561514195,6.41026925026412,6.9891603715397155,7.001966790249793,45.83691898724394,43.222532665380044,3.2261391490396485,0.6208116087287373,0.6723344037295278,7.001966790249793,0.6652383106195378,0.7032725040937441,32.340699289663426,9.500735015565613,10.043928015669081,6.289917573668759,dasymetric_v2 preferred=M3_folk ages=M6_scaled
741,216506.3509460888,47.46433950942898,51.75069373988299,0.0,0.0,0.0,0.0,0.0,45.8369189872428,0.02326893733437902,0.0,0.0,0.0,0.0,0.0,0.0,0.0,,,0.0,dasymetric_v2 preferred=M3_folk ages=M6_scaled
742,216506.3509460888,1.8997536946726896,1.9477167407511438,4.113455669257008,4.364462311815547,4.457094464344772,4.739785601000589,4.748470432335922,21.602153257310377,32.43658189095916,2.0596340084326505,0.3848849552300035,0.418189801684535,4.748470432335922,0.41242820494995014,0.4374331989940272,21.9322454587871,8.685495904984792,9.212086401869835,4.3734133004832545,dasymetric_v2 preferred=M3_folk ages=M6_scaled
743,216506.3509460888,10.0845096315635,10.339113058046443,7.40650406504065,7.59349593495935,4.124033591759051,4.228152990892375,4.235900344607726,0.663523714667027,28.87997832331738,1.6645673218617514,0.2946658999709397,0.32217152137576544,4.235900344607726,0.31575286727524066,0.33699654714794863,19.56478563375948,7.454209060352235,7.9557241609081535,4.046605587142343,dasymetric_v2 preferred=M3_folk ages=M6_scaled
744,216506.3509460888,9.899509701358806,10.149442438056118,0.0,0.0,0.0,0.0,0.0,11.999345392250685,0.02326893733437902,0.0,0.0,0.0,0.0,0.0,0.0,0.0,,,0.0,dasymetric_v2 preferred=M3_folk ages=M6_scaled
745,216506.3509460888,12.803521491000506,13.126771759159684,3.703252032520325,3.796747967479675,3.301186034258433,3.3845310164625424,3.390732579887895,21.74772387242179,10.931253901084432,1.332444625813326,0.23587270377721306,0.25789026770459134,3.390732579887895,0.25275229518231856,0.2697573310899256,15.661122941987994,7.454209060352236,7.9557241609081535,3.239206847665011,dasymetric_v2 preferred=M3_folk ages=M6_scaled
746,216506.3509460888,9.083246011820874,9.312570554380569,18.516260162601625,18.983739837398375,17.75979311605501,18.20817428144389,18.241537588536364,9.95738215958677,58.80819977052248,7.168314856378517,1.268953151181268,1.3874037250695075,18.241537588536364,1.3597623476722362,1.4512464132523297,84.2540530974013,7.454209060352235,7.955724160908152,17.42635612705242,dasymetric_v2 preferred=M3_folk ages=M6_scaled
747,216506.3509460888,0.0,0.0,1.8516260162601625,1.8983739837398375,1.7632447660727535,1.8077613737782126,1.8110737815424958,0.0,5.838651935297323,0.7116914915323403,0.12598542041512864,0.13774554358108734,1.8110737815424958,0.13500122591340458,0.14408403441004927,8.364991482367474,7.454209060352235,7.955724160908153,1.7301401560228544,dasymetric_v2 preferred=M3_folk ages=M6_scaled
748,216506.3509460888,0.22258587738703178,0.22978392814830395,2.1047120418848166,2.1727748691099475,2.3809308045828206,2.457926079357887,2.4624298006716594,19.612268939712095,16.866551018188034,1.030834776092986,0.17724066488833623,0.2223455094161967,2.4624298006716594,0.18992441318042397,0.23257694729546133,11.37347606622781,7.7128863989795615,9.445018381113767,2.336229247908383,dasymetric_v2 preferred=M3_folk ages=M6_scaled
749,216506.3509460888,3.986677240462923,4.115599638786351,2.1047120418848166,2.1727748691099475,1.873519321638941,1.9341057673635835,1.937649679217044,19.61226893971159,13.272040145459437,0.8111486762698905,0.13946806417442853,0.17496040085208922,1.937649679217044,0.1494487185682025,0.1830113683636417,8.949620511130082,7.712886398979562,9.445018381113766,1.8383443262229902,dasymetric_v2 preferred=M3_folk ages=M6_scaled
750,216506.3509460888,8.031545863815772,8.291272471352103,0.0,0.0,0.0,0.0,0.0,19.612268939712095,0.02326893733437902,0.0,0.0,0.0,0.0,0.0,0.0,0.0,,,0.0,dasymetric_v2 preferred=M3_folk ages=M6_scaled
751,216506.3509460888,10.615598067632664,10.958888552406856,4.209424083769633,4.345549738219895,3.343711567091721,3.451841543141951,3.4581664413804183,20.128092764776145,33.49915849672619,1.447675068065013,0.24891175342241756,0.3122557154096315,3.4581664413804183,0.26672444911130583,0.32662445603788837,15.972586606669658,7.712886398979562,9.44501838111377,3.280933971106309,dasymetric_v2 preferred=M3_folk ages=M6_scaled
752,216506.3509460888,10.615598067632664,10.958888552406856,2.1047120418848166,2.1727748691099475,2.6151207197876887,2.6996893002783353,2.70463601057379,46.19317333066011,12.75573552051221,1.1322283606267223,0.1946741729101398,0.24421555952270785,2.70463601057379,0.2086055030014493,0.25545336834091653,12.49217863011907,7.712886398979562,9.445018381113766,2.5660222886862574,dasymetric_v2 preferred=M3_folk ages=M6_scaled
753,216506.3509460888,10.615598067632664,10.958888552406856,14.732984293193716,15.209424083769633,13.218719658230306,13.646190691954171,13.671194958920251,46.193173330659015,55.837842480656015,5.723104549237561,0.9840246750084679,1.234442828234185,13.671194958920251,1.0544437365645398,1.2912468767879166,63.14454471741779,7.712886398979563,9.44501838111377,12.970540523906653,dasymetric_v2 preferred=M3_folk ages=M6_scaled
754,216506.3509460888,23.546517458171614,23.64587960340249,10.577556158858656,10.729724718010528,8.206299535463419,8.387801355783099,8.403170540421717,46.19317333066011,26.88688298242858,4.444418788728775,0.7641687682890563,0.9586371963354055,8.403170540421717,0.8188544371549429,1.0027497891591202,38.81258218847424,9.744589059760392,11.932993437841102,8.052227706468706,dasymetric_v2 preferred=M3_folk ages=M6_scaled
755,216506.3509460888,81.58232371179052,80.5869007589208,2.131710016602103,2.105700055340343,1.093855581478649,1.0805089531480425,1.0824887975554407,51.68024926978322,5.997580994812966,0.9914039376631996,0.17046096732430152,0.21384048993033125,1.0824887975554407,0.18265954491669192,0.22368056133333986,4.9998015893075864,16.874035586251583,20.663545141388298,1.0733186355182707,dasymetric_v2 preferred=M3_folk ages=M6_scaled
756,216506.3509460888,81.58232371179052,80.5869007589208,72.47814056447149,71.59380188157166,35.56895166364948,35.13495874355822,35.199337434146514,286.0149823242092,135.05139140771502,32.237526904809606,5.5428870227101,6.953460931086851,35.199337434146514,5.939548724762658,7.273430980174455,162.57877554322337,16.874035586251583,20.6635451413883,34.901150858358314,dasymetric_v2 preferred=M3_folk ages=M6_scaled
757,216506.3509460888,81.58232371179052,80.5869007589208,27.712230215827336,27.37410071942446,13.97151901797729,13.801046174299996,13.826334186958126,280.52790638507764,53.04831869378707,12.662932112879957,2.1772514462785786,2.731326257746504,13.826334186958126,2.3330605509813833,2.8570108061212953,63.861102117974156,16.874035586251587,20.6635451413883,13.709206208210638,dasymetric_v2 preferred=M3_folk ages=M6_scaled
758,216506.3509460888,83.24588327208292,82.3918975605495,4.263420033204206,4.211400110680686,1.7588700543094185,1.7374092826187273,1.740592782432896,46.19317333066011,8.850786771251672,1.5941324679470767,0.27409348723168936,0.34384578778570307,1.740592782432896,0.29370824551945346,0.35966817532576806,8.039453691897993,16.874035586251583,20.663545141388298,1.7258475787026737,dasymetric_v2 preferred=M3_folk ages=M6_scaled
759,216506.3509460888,89.63975271600508,89.32937919437424,0.0,0.0,0.0,0.0,0.0,48.77229245598179,0.02326893733437902,0.0,0.0,0.0,0.0,0.0,0.0,0.0,,,0.0,dasymetric_v2 preferred=M3_folk ages=M6_scaled
760,216506.3509460888,94.46661624277837,94.52221629439956,0.0,0.0,0.0,0.0,0.0,170.2016923391436,0.02326893733437902,0.0,0.0,0.0,0.0,0.0,0.0,0.0,,,0.0,dasymetric_v2 preferred=M3_folk ages=M6_scaled
761,216506.3509460888,156.91671650589447,161.70729325957927,51.8755980861244,53.459330143540676,15.906600163244363,16.392219482007864,16.42225536831102,173.10964915294102,152.0911206987079,18.01856078848873,3.0615219911460514,4.296488571829559,16.42225536831102,3.280611523172193,4.494195537160527,75.85114846076847,19.976619834463055,27.366494043398507,15.607956545661587,dasymetric_v2 preferred=M3_folk ages=M6_scaled
762,216506.3509460888,156.91671650589447,161.70729325957927,45.65052631578947,47.044210526315794,14.291322275366712,14.727628092849315,14.754613905441534,288.07782358710926,9.34393999562399,16.18881825932914,2.7506316233239976,3.8601902482172172,14.754613905441534,2.947473127932877,4.0378205355591055,68.1486424807719,19.976619834463055,27.366494043398507,14.023005215746455,dasymetric_v2 preferred=M3_folk ages=M6_scaled
763,216506.3509460888,156.91671650589447,161.70729325957927,226.17760765550238,233.08267942583734,105.67977176063708,108.90611417465394,109.10566565495584,282.5907476479777,118.72930190571745,119.71114958825163,20.34004387764125,28.54487615099036,109.10566565495584,21.795624045750852,29.858395492473786,503.9374834880651,19.97661983446305,27.36649404339851,103.69565265158658,dasymetric_v2 preferred=M3_folk ages=M6_scaled
764,216506.3509460888,156.91671650589447,161.70729325957927,2.075023923444976,2.138373205741627,1.1272393816472384,1.1616533491186676,1.1637818764944818,46.19317333066011,15.73056794559701,1.2769058826488076,0.21695825134105876,0.3044755680824097,1.1637818764944818,0.23248428116968298,0.3184862979090138,5.375278237377294,19.976619834463055,27.36649404339851,1.1060756607161755,dasymetric_v2 preferred=M3_folk ages=M6_scaled
765,216506.3509460888,156.91671650589447,161.70729325957927,0.0,0.0,0.0,0.0,0.0,48.772292455981784,0.02326893733437902,0.0,0.0,0.0,0.0,0.0,0.0,0.0,,,0.0,dasymetric_v2 preferred=M3_folk ages=M6_scaled
766,216506.3509460888,156.91671650589447,161.70729325957927,4.150047846889952,4.276746411483254,1.5332183160336001,1.5800265859660039,1.5829217094082033,159.88748602464324,35.569133291301235,0.48082280051050685,0.05716149596281306,0.06885603636438051,1.5829217094082033,0.061252103652917826,0.07202451168247581,7.311202200264136,3.869559896036662,4.550099430337786,1.5044324120852195,dasymetric_v2 preferred=M3_folk ages=M6_scaled
767,216506.3509460888,156.91671650589447,161.70729325957927,31.125358851674637,32.0755980861244,8.551471171116981,8.812542648486444,8.828690097544344,156.7925430742519,192.27014876394335,2.6817722394670525,0.31881623100385875,0.38404211831400964,8.828690097544344,0.34163145135993606,0.40171417783465385,40.77797283527602,3.8695598960366624,4.550099430337788,8.390918805433056,dasymetric_v2 preferred=M3_folk ages=M6_scaled
768,216506.3509460888,156.84423572642555,161.61143348237735,0.0,0.0,0.0,0.0,0.0,23.454310791863474,0.02326893733437902,0.0,0.0,0.0,0.0,0.0,0.0,0.0,,,0.0,dasymetric_v2 preferred=M3_folk ages=M6_scaled
769,216506.3509460888,149.0220858078146,151.2662143236609,0.0,0.0,0.0,0.0,0.0,23.45431079186297,0.02326893733437902,0.0,0.0,0.0,0.0,0.0,0.0,0.0,,,0.0,dasymetric_v2 preferred=M3_folk ages=M6_scaled
770,216506.3509460888,148.7803341996704,150.94648465928245,2.113018134715026,2.143782383419689,0.9560915163328343,0.9700116227008986,0.9717890000014016,23.454310791863474,8.446480430302945,0.9519754866018636,0.1831903107724143,0.1983937584775656,0.9717890000014016,0.19629982936314228,0.20752303399487532,4.488501125971045,20.19984064059782,21.35474202677495,0.9381410664411207,dasymetric_v2 preferred=M3_folk ages=M6_scaled
771,216506.3509460888,92.25533910672348,93.53946688949812,6.506172839506172,6.506172839506172,5.432022084195998,5.432022084195998,5.441975318283439,23.970134616927524,31.916689137322123,2.720769446275696,0.5235624314051099,0.5670142603402029,5.441975318283439,0.5610297592292276,0.5931059551828843,25.135407319476368,10.309303633633405,10.89872556367947,5.330036825915453,dasymetric_v2 preferred=M3_folk ages=M6_scaled
772,216506.3509460888,70.27111032940208,71.8924982498772,21.546746399176953,21.808061054349366,13.925424050107125,14.100707476609847,14.126544566396642,46.19317333066011,97.96065550576346,6.8342437710985635,1.3151255026439372,1.4242712414161036,14.126544566396642,1.409238898452682,1.4898104230619753,65.24771446503307,9.975821700976281,10.54617720603696,13.663976665246855,dasymetric_v2 preferred=M3_folk ages=M6_scaled
773,216506.3509460888,107.21863757226645,109.83635915407109,2.140625,2.1928879310344827,2.173353452594248,2.2264154422498335,2.230494960655526,46.193173330659015,14.993118383513236,1.045997756883529,0.20128318097215891,0.21798820375930048,2.230494960655526,0.21568746683110696,0.22801913611782595,10.302214927685567,9.669937419079305,10.222804361360799,2.1325491241577694,dasymetric_v2 preferred=M3_folk ages=M6_scaled
774,216506.3509460888,107.21863930364245,109.83636297992786,12.84375,13.157327586206897,10.65919979839763,10.919442028562385,10.939450003664462,46.19317333066011,47.66177952492782,5.1300901222433755,0.987192230273566,1.0691219206846592,10.939450003664462,1.0578379693458224,1.118318572083495,50.52715523522191,9.669937419079307,10.2228043613608,10.459075198818722,dasymetric_v2 preferred=M3_folk ages=M6_scaled
775,216506.3509460888,111.08667365258182,118.3836596134511,0.0,0.0,0.0,0.0,0.0,46.193173330659015,0.02326893733437902,0.0,0.0,0.0,0.0,0.0,0.0,0.0,,,0.0,dasymetric_v2 preferred=M3_folk ages=M6_scaled
776,216506.3509460888,113.5298081932262,123.7823257392672,11.309148264984227,12.330441640378549,12.178343949044587,13.278131634819534,13.302461497687679,44.13033206776004,32.4721268030346,6.129076743986071,1.1794289761458525,1.277312901803092,13.302461497687679,1.263831617442947,1.3360896571398453,61.441437812602835,9.500735015565612,10.04392801566908,11.949697685494565,dasymetric_v2 preferred=M3_folk ages=M6_scaled
777,216506.3509460888,113.5298081932262,123.7823257392672,11.309148264984227,12.330441640378549,7.834773528100592,8.542307120770763,8.557959410305303,49.617408006883146,20.890505354588896,3.943058959937348,0.75876974400179,0.8217420490027563,8.557959410305303,0.8130690463127682,0.8595552827812428,39.52752135403308,9.500735015565612,10.043928015669081,7.687677034484039,dasymetric_v2 preferred=M3_folk ages=M6_scaled
778,216506.3509460888,113.5298081932262,123.7823257392672,223.9211356466877,244.14274447949526,180.01297091315473,196.26937240077925,196.62900183111307,288.07782358710926,156.06929834811112,90.59633380827734,17.433611241841426,18.88047268178166,196.62900183111307,18.681200427725706,19.749275401845637,908.190457101532,9.50073501556561,10.043928015669081,176.6332590769604,dasymetric_v2 preferred=M3_folk ages=M6_scaled
779,216506.3509460888,113.5298081932262,123.7823257392672,183.20820189274448,199.75315457413248,150.50705033862388,164.0988655540017,164.3995481353731,285.1698667733005,142.2071026193331,75.7466914956668,14.576068554669261,15.785774980097658,164.3995481353731,15.619165435129037,16.512172272802115,759.3289869649572,9.500735015565613,10.043928015669081,147.68130696646685,dasymetric_v2 preferred=M3_folk ages=M6_scaled
780,216506.3509460888,113.5298081932262,123.7823257392672,6.785488958990537,7.398264984227129,7.169226447472076,7.8166565903923235,7.830979251754778,159.88748602464324,31.10669311520747,3.6081046220589146,0.6943138939151998,0.7519368376865758,7.830979251754778,0.7440005878331442,0.7865379189682312,36.169743832155454,9.500735015565613,10.043928015669083,7.034625483119522,dasymetric_v2 preferred=M3_folk ages=M6_scaled
781,216506.3509460888,113.5298081932262,123.7823257392672,13.570977917981073,14.796529968454259,12.80886223595581,13.965590032020161,13.991179542630281,156.7925430742519,59.65317213806497,6.446401906186693,1.2404924130699906,1.3434441546289473,13.991179542630281,1.3292648938973277,1.405264001804804,64.62249020175005,9.500735015565612,10.04392801566908,12.568378102576737,dasymetric_v2 preferred=M3_folk ages=M6_scaled
782,216506.3509460888,103.90273164831564,113.20141870506123,11.309148264984227,12.330441640378549,13.345970406287595,14.551202740746621,14.577865284618422,23.454310791863474,78.316081551813,6.716715933246481,1.2925094148942564,1.399778184813935,14.577865284618422,1.3850043516177262,1.4641902954082868,67.33227557028286,9.500735015565613,10.043928015669081,13.095402161572661,dasymetric_v2 preferred=M3_folk ages=M6_scaled
783,216506.3509460888,30.357868812467878,32.36988559328495,0.0,0.0,0.0,0.0,0.0,23.45431079186297,0.02326893733437902,0.0,0.0,0.0,0.0,0.0,0.0,0.0,,,0.0,dasymetric_v2 preferred=M3_folk ages=M6_scaled
784,216506.3509460888,16.875810962509625,17.690897060152885,11.519959734297657,11.957958246774897,13.902391386561142,14.365054242268911,14.391375701448556,23.454310791863474,87.11731342206548,5.782408583025199,1.0369274838291538,1.1319987227752317,14.391375701448556,1.111132391660677,1.1840887093996164,66.47091708192931,7.720821238436827,8.227765947910266,13.641376435903865,dasymetric_v2 preferred=M3_folk ages=M6_scaled
785,216506.3509460888,11.750083906056432,12.046738055166529,1.8516260162601625,1.8983739837398375,4.496274153485522,4.609791503134442,4.6182381429333645,23.970134616927524,25.95910771438746,1.814813303407468,0.32126282205857803,0.3512511361317727,4.6182381429333645,0.3442531260791817,0.3674142877456257,21.33072828003706,7.454209060352235,7.955724160908152,4.411857397858279,dasymetric_v2 preferred=M3_folk ages=M6_scaled
786,216506.3509460888,13.487263347382367,13.82777603343044,0.0,0.0,0.0,0.0,0.0,42.35113147850873,0.02326893733437902,0.0,0.0,0.0,0.0,0.0,0.0,0.0,,,0.0,dasymetric_v2 preferred=M3_folk ages=M6_scaled
787,216506.3509460888,13.487263347382367,13.82777603343044,12.961382113821138,13.288617886178862,13.723921762599598,14.070409359240422,14.09619093300576,42.35113147850763,88.33136435253819,5.539332109093382,0.9805865222310846,1.0721194808727965,14.09619093300576,1.0507595416926656,1.1214540678248837,65.10751703776018,7.454209060352236,7.9557241609081535,13.466257547711217,dasymetric_v2 preferred=M3_folk ages=M6_scaled
788,216506.3509460888,13.487263347382367,13.82777603343044,0.0,0.0,0.0,0.0,0.0,44.13033206776004,0.02326893733437902,0.0,0.0,0.0,0.0,0.0,0.0,0.0,,,0.0,dasymetric_v2 preferred=M3_folk ages=M6_scaled
789,216506.3509460888,13.487263347382367,13.82777603343044,1.8516260162601625,1.8983739837398375,2.1256895235432642,2.1793567672770675,2.1833500588595647,43.16961019357621,10.491388369653844,0.8579836314584325,0.15188242350046063,0.16605990531719975,2.1833500588595647,0.1627514779067155,0.17370130814989274,10.084461953743013,7.454209060352234,7.955724160908152,2.085780076983108,dasymetric_v2 preferred=M3_folk ages=M6_scaled
790,216506.3509460888,6.8085190227669194,6.9804135754822205,5.554878048780488,5.695121951219512,4.995860170539468,5.12199055903827,5.131375714370406,0.0,24.65718003927862,2.0164592260082976,0.35695869117619783,0.3902790401464141,5.131375714370406,0.38250347342131297,0.4082380974951396,23.70080920004118,7.454209060352235,7.955724160908152,4.902063775398088,dasymetric_v2 preferred=M3_folk ages=M6_scaled
791,216506.3509460888,0.0,0.0,3.703252032520325,3.796747967479675,3.115065753395198,3.1937117603415093,3.1995636807250762,0.0,0.02326893733437902,1.257321635040468,0.22257424273339393,0.24335046032658764,3.1995636807250762,0.23850216578034808,0.25454846079108706,14.778151618849206,7.454209060352235,7.955724160908152,3.0565809423070434,dasymetric_v2 preferred=M3_folk ages=M6_scaled
792,216506.3509460888,1.020605755157889,1.0536104188819002,0.0,0.0,0.0,0.0,0.0,11.546304110012505,0.02326893733437902,0.0,0.0,0.0,0.0,0.0,0.0,0.0,,,0.0,dasymetric_v2 preferred=M3_folk ages=M6_scaled
793,216506.3509460888,10.59064698045845,10.933130589279248,2.1047120418848166,2.1727748691099475,1.4311605929186355,1.4774419056249595,1.4801490605130194,21.391469528969907,10.138364000003737,0.6196274610394997,0.10653810457768845,0.13365030620645704,1.4801490605130194,0.11416221557293245,0.13980035083333742,6.836515668224367,7.712886398979562,9.445018381113767,1.404290804753673,dasymetric_v2 preferred=M3_folk ages=M6_scaled
794,216506.3509460888,9.243680592590582,9.542605586878338,8.418848167539267,8.69109947643979,9.770923684380866,10.086898828403132,10.105381313138887,21.391469528970998,79.98412892044205,4.230365665824221,0.7273646957985821,0.9124670905549931,10.105381313138887,0.7794165808661117,0.9544551225076037,46.6747569712409,7.712886398979564,9.445018381113767,9.587476312454623,dasymetric_v2 preferred=M3_folk ages=M6_scaled
795,216506.3509460888,10.615598067632664,10.958888552406856,0.0,0.0,0.0,0.0,0.0,21.391469528969907,0.02326893733437902,0.0,0.0,0.0,0.0,0.0,0.0,0.0,,,0.0,dasymetric_v2 preferred=M3_folk ages=M6_scaled
796,216506.3509460888,10.615598067632664,10.958888552406856,6.31413612565445,6.518324607329843,4.774872160010356,4.929283448766911,4.938315501893438,34.77848878695651,37.938258399163566,2.067302529104513,0.35544985800010603,0.4459060216160885,4.938315501893438,0.3808866646842383,0.46642480687122573,22.809102274894027,7.712886398979562,9.445018381113766,4.685224775859981,dasymetric_v2 preferred=M3_folk ages=M6_scaled
797,216506.3509460888,10.615598067632664,10.958888552406856,0.0,0.0,0.0,0.0,0.0,46.19317333067414,0.02326893733437902,0.0,0.0,0.0,0.0,0.0,0.0,0.0,,,0.0,dasymetric_v2 preferred=M3_folk ages=M6_scaled
798,216506.3509460888,10.615598067632664,10.958888552406856,23.151832460732983,23.90052356020942,22.87254838500874,23.61220790989708,23.655473167108074,46.1931733306765,67.25370712003352,9.902773422794914,1.7026726167961481,2.1359748937359226,23.655473167108074,1.8245197725201385,2.2342637887727927,109.25995040671306,7.712886398979562,9.445018381113767,22.44312031597234,dasymetric_v2 preferred=M3_folk ages=M6_scaled
799,216506.3509460888,41.451591664433664,41.213193215183566,12.790260099612617,12.63420033204206,5.898119016041124,5.82615338941757,5.836828800455188,46.19317333067414,32.339229341349466,5.34569509569532,0.9191332840384212,1.1530376417266157,5.836828800455188,0.9849085688973899,1.206095754007611,26.959157433255108,16.874035586251583,20.663545141388298,5.787382869925221,dasymetric_v2 preferred=M3_folk ages=M6_scaled
800,216506.3509460888,81.58232371179052,80.5869007589208,51.16104039845047,50.53680132816824,23.741638188911583,23.45195568764501,23.494927310578312,188.59759068749742,96.36900494386256,21.517971828826262,3.69977781351609,4.641310633715144,23.494927310578312,3.9645423953509273,4.854884910757717,108.5184208588351,16.874035586251587,20.663545141388298,23.29589311181701,dasymetric_v2 preferred=M3_folk ages=M6_scaled
801,216506.3509460888,81.58232371179052,80.5869007589208,270.7271721084671,267.4239070282236,148.994317356748,147.17637007851147,147.4460451352078,310.021297521303,565.7150106966892,135.03935566818114,23.218527100372047,29.127261733521767,147.4460451352078,24.88009812663554,30.467580095705433,681.0241107981292,16.874035586251583,20.6635451413883,146.19697527999716,dasymetric_v2 preferred=M3_folk ages=M6_scaled
802,216506.3509460888,81.58232371179052,80.5869007589208,2.131710016602103,2.105700055340343,1.131146112665421,1.1173444856417256,1.1193918247448305,167.6168801644979,4.294837189621551,1.025201799174445,0.1762721366649027,0.22113050663250164,1.1193918247448305,0.1888865748570337,0.23130603501515826,5.170249370761253,16.874035586251587,20.6635451413883,1.1099090435473025,dasymetric_v2 preferred=M3_folk ages=M6_scaled
803,216506.3509460888,88.10894629904799,87.66842232065,0.0,0.0,0.0,0.0,0.0,46.19317333067414,0.02326893733437902,0.0,0.0,0.0,0.0,0.0,0.0,0.0,,,0.0,dasymetric_v2 preferred=M3_folk ages=M6_scaled
804,216506.3509460888,91.64703131090816,91.48884997698285,0.0,0.0,0.0,0.0,0.0,113.12826962060404,0.02326893733437902,0.0,0.0,0.0,0.0,0.0,0.0,0.0,,,0.0,dasymetric_v2 preferred=M3_folk ages=M6_scaled
805,216506.3509460888,135.80538790009933,138.99530030453832,6.225071770334928,6.415119617224881,2.431554681484273,2.5057886419686204,2.5103800630896296,170.20169233919535,25.276415303834167,2.7543985131466617,0.4679980670690271,0.6567806315340868,2.5103800630896296,0.501489081603569,0.6870030104320871,11.594948841545657,19.97661983446305,27.366494043398504,2.3859026704337425,dasymetric_v2 preferred=M3_folk ages=M6_scaled
806,216506.3509460888,156.91671650589447,161.70729325957927,365.20421052631576,376.35368421052635,1499.1333612444814,1544.9010371872894,1547.7317991810216,245.67101340609736,1154.8877036294748,1698.1771920094343,288.5361866149127,404.9268409423336,1547.7317991810216,309.1844975794878,423.55993063065887,7148.666967124743,19.97661983446305,27.366494043398507,1470.987396321342,dasymetric_v2 preferred=M3_folk ages=M6_scaled
807,216506.3509460888,156.91671650589447,161.70729325957927,302.9534928229665,312.2024880382775,101.60270671743787,104.70457868971899,104.89643158824784,310.021297521303,66.42979401542894,115.09276202801993,19.555336639074355,27.44363118443942,104.89643158824784,20.954761358301884,28.706475702335435,484.49586411609516,19.976619834463055,27.366494043398507,99.69513378677405,dasymetric_v2 preferred=M3_folk ages=M6_scaled
808,216506.3509460888,156.91671650589447,161.70729325957927,53.95062200956937,55.5977033492823,22.834155596815897,23.531269183104964,23.57438613420048,167.6168801644979,14.929407904763988,25.865905753119716,4.394859290575393,6.1676717565199235,23.57438613420048,4.709365496337601,6.451482977183739,108.88542544449713,19.976619834463055,27.36649404339851,22.405448345618467,dasymetric_v2 preferred=M3_folk ages=M6_scaled
809,216506.3509460888,156.91671650589447,161.70729325957927,0.0,0.0,0.0,0.0,0.0,46.19317333067414,0.02326893733437902,0.0,0.0,0.0,0.0,0.0,0.0,0.0,,,0.0,dasymetric_v2 preferred=M3_folk ages=M6_scaled
810,216506.3509460888,156.91671650589447,161.70729325957927,33.200382775119614,34.21397129186603,12.058438136241723,12.426575290188966,12.449344824416066,113.12826962060404,212.11184205707406,3.781569743733338,0.4495630893751382,0.5415381789559166,12.449344824416066,0.48173485464492,0.5664575679365421,57.50106068489427,3.8695598960366624,4.550099430337787,11.832043083216712,dasymetric_v2 preferred=M3_folk ages=M6_scaled
811,216506.3509460888,156.91671650589447,161.70729325957927,39.42545454545454,40.62909090909091,10.47771164703525,10.797590133953593,10.817374836688172,170.20169233919535,243.07244328083604,3.2858482085591256,0.3906303921289704,0.4705485752675694,10.817374836688172,0.4185847984844469,0.49220131082165164,49.96331419110082,3.869559896036662,4.550099430337787,10.280994455545752,dasymetric_v2 preferred=M3_folk ages=M6_scaled
812,216506.3509460888,156.91671650589447,161.70729325957927,12.450143540669856,12.830239234449762,3.8136106283314617,3.9300379588957224,3.937239068753362,89.87957679129094,76.78872874218513,1.1959620643683875,0.14217915756384206,0.17126726791478308,3.937239068753362,0.15235382401556744,0.1791482924383835,18.185328289671073,3.869559896036662,4.550099430337787,3.742010760200701,dasymetric_v2 preferred=M3_folk ages=M6_scaled
813,216506.3509460888,154.52218536867554,158.5403954559505,0.0,0.0,0.0,0.0,0.0,21.391469528969907,0.02326893733437902,0.0,0.0,0.0,0.0,0.0,0.0,0.0,,,0.0,dasymetric_v2 preferred=M3_folk ages=M6_scaled
814,216506.3509460888,148.7803341996704,150.94648465928245,16.90414507772021,17.150259067357513,9.956335728725257,10.101293873434667,10.119802734582498,21.391469528970998,90.84079120235198,2.2849241252428873,0.27163786954722713,0.3272116432301688,10.119802734582498,0.29107689820414756,0.3422685949530611,46.74136666366144,2.876310001670761,3.3821666679669886,9.769407278309696,dasymetric_v2 preferred=M3_folk ages=M6_scaled
815,216506.3509460888,148.7803341996704,150.94648465928245,2.113018134715026,2.143782383419689,1.0623239070364825,1.0777906918898872,1.0797655555571126,21.391469528969907,9.384978255892161,0.24379747631518658,0.028983293727623524,0.034912919846728147,1.0797655555571126,0.031057404669085097,0.03651947071224126,4.987223473301159,2.876310001670762,3.38216666796699,1.0423789627123563,dasymetric_v2 preferred=M3_folk ages=M6_scaled
816,216506.3509460888,139.82303702827028,142.08649704270735,2.113018134715026,2.143782383419689,1.2570832899931712,1.2753856520697,1.2777225740759168,34.77848878695651,11.105557602805725,1.2516714731246725,0.24086133453410027,0.2608510528130955,1.2777225740759168,0.2580979237922797,0.2728543595117805,5.901547776739706,20.199840640597824,21.35474202677495,1.2334817725429552,dasymetric_v2 preferred=M3_folk ages=M6_scaled
817,216506.3509460888,107.32998636307528,109.94649813145725,10.703125,10.964439655172413,11.245272639546641,11.519823720854475,11.540931790807527,46.19317333067414,77.57675298435781,5.412156933088371,1.0414708408727997,1.1279052565298637,11.540931790807527,1.1160008817497162,1.1798068784523468,53.30528060897982,9.669937419079304,10.222804361360799,11.034144625557897,dasymetric_v2 preferred=M3_folk ages=M6_scaled
818,216506.3509460888,107.21863757226645,109.83635915407109,0.0,0.0,0.0,0.0,0.0,46.1931733306765,0.02326893733437902,0.0,0.0,0.0,0.0,0.0,0.0,0.0,,,0.0,dasymetric_v2 preferred=M3_folk ages=M6_scaled
819,216506.3509460888,107.21863757226645,109.83635915407109,2.140625,2.1928879310344827,2.6006982325987344,2.664193759546149,2.6690754304473434,46.19317333067414,10.99300153881285,1.2516714731246725,0.24086133453410027,0.2608510528130955,2.6690754304473434,0.2580979237922797,0.2728543595117805,12.32793134605071,9.669937419079305,10.222804361360797,2.5518705811550833,dasymetric_v2 preferred=M3_folk ages=M6_scaled
820,216506.3509460888,108.54848261097939,112.77495122914115,29.96875,30.700431034482758,30.414738485462195,31.157308239574913,31.21439857861188,46.1931733306765,118.32287419839822,14.638092204476802,2.816833729222741,3.050610199800098,31.21439857861188,3.0184128082937494,3.190986899266879,144.17313137564463,9.669937419079305,10.222804361360799,29.843707125151703,dasymetric_v2 preferred=M3_folk ages=M6_scaled
821,216506.3509460888,113.5298081932262,123.7823257392672,6.785488958990537,7.398264984227129,5.00911750157251,5.4614750444272095,5.471482245932899,46.19317333067414,13.356224734901097,2.520972121927157,0.48511508223065264,0.5253760641165164,5.471482245932899,0.5198310296098027,0.5495517381716143,25.271693980447377,9.500735015565612,10.043928015669081,4.9150722023750415,dasymetric_v2 preferred=M3_folk ages=M6_scaled
822,216506.3509460888,113.5298081932262,123.7823257392672,242.0157728706625,263.87145110410097,263.13629840428456,286.89930443172864,287.4249974227128,188.59759068749742,273.267040211543,132.4303676917259,25.483807676340298,27.59877617932357,287.4249974227128,27.307487373628238,28.868759840175986,1327.559197070774,9.500735015565613,10.043928015669081,258.1959607289602,dasymetric_v2 preferred=M3_folk ages=M6_scaled
823,216506.3509460888,113.5298081932262,123.7823257392672,506.64984227129344,552.403785488959,502.79162875341217,548.1971489232636,549.2016246902484,310.021297521303,417.6728677772783,253.04331128742496,48.693567729450194,52.734775517299084,549.2016246902484,52.17819106300166,55.161415844773614,2536.6536468346026,9.50073501556561,10.043928015669081,493.3518044439898,dasymetric_v2 preferred=M3_folk ages=M6_scaled
824,216506.3509460888,113.5298081932262,123.7823257392672,278.205047318612,303.3288643533123,241.0798346269641,262.85099124076595,263.332619887591,234.55197645442547,487.6619029684215,121.32986340659676,23.34771818838295,25.28540698324875,263.332619887591,25.018534425066658,26.44893878328513,1216.281271828198,9.500735015565613,10.043928015669083,236.55360317584493,dasymetric_v2 preferred=M3_folk ages=M6_scaled
825,216506.3509460888,113.5298081932262,123.7823257392672,18.094637223974765,19.728706624605678,16.17162643281568,17.632034817090176,17.664342448990826,170.20169233919535,70.16737779244681,8.138802771256673,1.5661640766653937,1.6961441697001751,17.664342448990826,1.6782423683206917,1.7741938400179156,81.58810294386856,9.500735015565613,10.043928015669083,15.86800699368166,dasymetric_v2 preferred=M3_folk ages=M6_scaled
826,216506.3509460888,68.18044476815562,73.93984279829942,4.523659305993691,4.9321766561514195,3.4912031071565974,3.806482606721995,3.81345732292293,89.87957679129094,20.48688397549614,1.7570411758886246,0.3381105118577276,0.36617119620242045,3.81345732292293,0.3623064751825898,0.38302090842264025,17.613604895463325,9.500735015565612,10.04392801566908,3.4256563834735134,dasymetric_v2 preferred=M3_folk ages=M6_scaled
827,216506.3509460888,13.487263347382367,13.82777603343044,0.0,0.0,0.0,0.0,0.0,21.391469528969907,0.02326893733437902,0.0,0.0,0.0,0.0,0.0,0.0,0.0,,,0.0,dasymetric_v2 preferred=M3_folk ages=M6_scaled
828,216506.3509460888,13.487263347382367,13.82777603343044,0.0,0.0,0.0,0.0,0.0,21.391469528970998,0.02326893733437902,0.0,0.0,0.0,0.0,0.0,0.0,0.0,,,0.0,dasymetric_v2 preferred=M3_folk ages=M6_scaled
829,216506.3509460888,13.487263347382367,13.82777603343044,0.0,0.0,0.0,0.0,0.0,21.391469528969907,0.02326893733437902,0.0,0.0,0.0,0.0,0.0,0.0,0.0,,,0.0,dasymetric_v2 preferred=M3_folk ages=M6_scaled
830,216506.3509460888,13.487263347382367,13.82777603343044,0.0,0.0,0.0,0.0,0.0,34.77848878695651,0.02326893733437902,0.0,0.0,0.0,0.0,0.0,0.0,0.0,,,0.0,dasymetric_v2 preferred=M3_folk ages=M6_scaled
831,216506.3509460888,13.487263347382367,13.82777603343044,3.703252032520325,3.796747967479675,3.6048559661931847,3.6958676975021243,3.702639731153548,46.19317333067414,23.201957231787333,1.4550137160216736,0.2575701928487074,0.28161311132133415,3.702639731153548,0.2760025063118493,0.2945718036827675,17.101760363951286,7.454209060352232,7.955724160908153,3.537175430091169,dasymetric_v2 preferred=M3_folk ages=M6_scaled
832,216506.3509460888,13.487263347382367,13.82777603343044,14.8130081300813,15.1869918699187,14.830847643523049,15.205281777223412,15.233142806974106,46.1931733306765,80.09293108576405,5.9861162121109075,1.059677369491693,1.1585930721209237,15.233142806974106,1.1355103112938585,1.2119068227600813,70.35887280169088,7.454209060352234,7.955724160908153,14.552401090103343,dasymetric_v2 preferred=M3_folk ages=M6_scaled
833,216506.3509460888,13.487263347382367,13.82777603343044,7.40650406504065,7.59349593495935,6.318293745094033,6.477811589371928,6.489681050527277,46.19317333067414,31.184080637911194,2.550227844657553,0.4514477564875443,0.4935881978322297,6.489681050527277,0.48375439285636646,0.5163011233026766,29.974552811816782,7.454209060352237,7.9557241609081535,6.199668892415229,dasymetric_v2 preferred=M3_folk ages=M6_scaled
834,216506.3509460888,13.394877302832588,13.733057520137912,3.703252032520325,3.796747967479675,3.6832224002408624,3.776212647447822,3.7831318992221026,21.25984996267848,18.178626852487767,1.4866444489786665,0.2631695448671576,0.28773513548049356,3.7831318992221026,0.28200256079688957,0.3009755385454363,17.473537763167613,7.454209060352235,7.9557241609081535,3.614070548136629,dasymetric_v2 preferred=M3_folk ages=M6_scaled
835,216506.3509460888,1.351459707343778,1.3855799853557507,5.554878048780488,5.695121951219512,5.642383251432811,5.78483639609028,5.795436100935986,0.0,27.848109220832324,2.277412772903489,0.4031533453284116,0.4407857394594795,5.795436100935986,0.43200392292289463,0.4610689101121577,26.767972743575918,7.454209060352236,7.9557241609081535,5.536448499273134,dasymetric_v2 preferred=M3_folk ages=M6_scaled
836,216506.3509460888,0.877770506752469,0.906156120154912,0.0,0.0,0.0,0.0,0.0,8.090474923745177,0.02326893733437902,0.0,0.0,0.0,0.0,0.0,0.0,0.0,,,0.0,dasymetric_v2 preferred=M3_folk ages=M6_scaled
837,216506.3509460888,3.521128149646415,3.634995477868811,0.0,0.0,0.0,0.0,0.0,8.090474923744631,0.02326893733437902,0.0,0.0,0.0,0.0,0.0,0.0,0.0,,,0.0,dasymetric_v2 preferred=M3_folk ages=M6_scaled
838,216506.3509460888,6.880097666508261,7.102588387066987,0.0,0.0,0.0,0.0,0.0,8.090474923745177,0.02326893733437902,0.0,0.0,0.0,0.0,0.0,0.0,0.0,,,0.0,dasymetric_v2 preferred=M3_folk ages=M6_scaled
839,216506.3509460888,10.615598067632664,10.958888552406856,0.0,0.0,0.0,0.0,0.0,9.344354305887524,0.02326893733437902,0.0,0.0,0.0,0.0,0.0,0.0,0.0,,,0.0,dasymetric_v2 preferred=M3_folk ages=M6_scaled
840,216506.3509460888,10.615598067632664,10.958888552406856,4.209424083769633,4.345549738219895,5.47744190562496,5.654573111528254,5.664934131599829,65.46997710636215,26.71723708525194,2.3714832827057215,0.4077503820655167,0.5115161719356219,5.664934131599829,0.43692993414731424,0.5350540700075914,26.165209966567808,7.712886398979563,9.445018381113767,5.3746038981936035,dasymetric_v2 preferred=M3_folk ages=M6_scaled
841,216506.3509460888,10.615598067632664,10.958888552406856,71.56020942408377,73.87434554973822,78.1413683733575,80.6683280471228,80.81613870401087,65.469977106359,320.65693324575966,33.83165937275668,5.816980509941789,7.297306718872554,80.81613870401087,6.2332569702821115,7.633099155500223,373.27375548505046,7.7128863989795615,9.445018381113766,76.67427793955055,dasymetric_v2 preferred=M3_folk ages=M6_scaled
842,216506.3509460888,10.615598067632664,10.958888552406856,122.07329842931937,126.02094240837695,120.19146870347595,124.07825749239433,124.3056092819934,65.46997710636215,350.2874641246802,52.037440773480895,8.947263728078964,11.224195715775,124.3056092819934,9.587550431479546,11.740687645439735,574.14301584597,7.712886398979562,9.445018381113764,117.9348950392221,dasymetric_v2 preferred=M3_folk ages=M6_scaled
843,216506.3509460888,41.94228180526309,41.69462699707467,2.1047120418848166,2.1727748691099475,2.6021101689429735,2.686258010227199,2.6911801100236716,70.52033378093981,7.830236787532435,1.1265953837081815,0.19370564468670629,0.2430005567390128,2.6911801100236716,0.207567664678059,0.25418245606061346,12.430028487680667,7.712886398979562,9.445018381113767,2.5532560086430416,dasymetric_v2 preferred=M3_folk ages=M6_scaled
844,216506.3509460888,81.58232371179052,80.5869007589208,262.2003320420586,259.0011068068622,176.10453352953135,173.9558022014192,174.27454590189436,310.021297521303,817.1529083686185,159.6104009868566,27.44324721098911,34.427103875999634,174.27454590189436,29.407148893264008,36.01129946238741,804.9396479149457,16.874035586251583,20.6635451413883,172.7982019171034,dasymetric_v2 preferred=M3_folk ages=M6_scaled
845,216506.3509460888,81.58232371179052,80.5869007589208,353.86386275594907,349.546209186497,204.14701298198398,201.656122636669,202.02562234831564,306.28109864033655,1045.2613340431863,185.02639284331318,31.813246555121207,39.90919643603176,202.02562234831564,34.08987540840102,41.745655671114854,933.1163795681036,16.874035586251587,20.6635451413883,200.3141887549354,dasymetric_v2 preferred=M3_folk ages=M6_scaled
846,216506.3509460888,83.67596895044045,82.85854948717105,168.4050913115661,166.3503043718871,70.3920927035635,69.53320683724277,69.66061432450522,123.3003884334262,309.3164154381628,63.79909657939431,10.969550658608176,13.761121528130294,69.66061432450522,11.754556850718481,14.39435248671254,321.74859545737337,16.874035586251587,20.663545141388298,69.07049355613597,dasymetric_v2 preferred=M3_folk ages=M6_scaled
847,216506.3509460888,89.63975271600508,89.32937919437424,0.0,0.0,0.0,0.0,0.0,126.10223438366057,0.02326893733437902,0.0,0.0,0.0,0.0,0.0,0.0,0.0,,,0.0,dasymetric_v2 preferred=M3_folk ages=M6_scaled
848,216506.3509460888,134.20649204858938,137.27517591097396,213.72746411483251,220.25244019138756,102.87247061860373,106.01310774964577,106.2073582997014,257.1400773675483,348.6878803344434,116.5311157808887,19.79972639345854,27.7866036634288,106.2073582997014,21.21664020375739,29.065230382738694,490.5507752340604,19.97661983446305,27.36649404339851,100.94105809424745,dasymetric_v2 preferred=M3_folk ages=M6_scaled
849,216506.3509460888,156.91671650589447,161.70729325957927,574.7816267942583,592.3293779904307,575.4924151920034,593.0618663475607,594.1485488927709,258.07843029824676,1010.3033828079779,651.9020381496972,110.76425299978827,155.44469337706136,594.1485488927709,118.69079686428769,162.59762724167885,2744.254597135199,19.976619834463055,27.366494043398514,564.687646416742,dasymetric_v2 preferred=M3_folk ages=M6_scaled
850,216506.3509460888,156.91671650589447,161.70729325957927,257.302966507177,265.1582775119617,1075.4295593398044,1108.261802850363,1110.2924995196627,310.021297521303,1070.8975767151942,1218.217135643999,206.98648435604977,290.48135768119676,1110.2924995196627,221.79891167960054,303.84813074534895,5128.221387815692,19.976619834463055,27.366494043398514,1055.2385587010367,dasymetric_v2 preferred=M3_folk ages=M6_scaled
851,216506.3509460888,156.91671650589447,161.70729325957927,107.90124401913874,111.1954066985646,37.751721973097744,38.90426024768687,38.97554552658339,304.53422158216296,46.0667148934762,42.76411616947597,7.2660232757555345,10.197015098116257,38.97554552658339,7.785996558253635,10.666240344914518,180.02033361270082,19.976619834463055,27.36649404339851,37.042940039540575,dasymetric_v2 preferred=M3_folk ages=M6_scaled
852,216506.3509460888,156.91671650589447,161.70729325957927,8.300095693779904,8.553492822966508,4.867428287802443,5.016028063052637,5.025219060571957,46.19317333067414,78.35434717136756,5.513689385996958,0.9368273918060276,1.3147278361259607,5.025219060571957,1.0038689075794356,1.3752262748791513,23.210492618866702,19.976619834463055,27.36649404339851,4.776043178648006,dasymetric_v2 preferred=M3_folk ages=M6_scaled
853,216506.3509460888,156.91671650589447,161.70729325957927,6.225071770334928,6.415119617224881,1.9910243484267314,2.0518091721981064,2.0555687550343147,47.02541539782098,27.78464299969433,0.6243924254516723,0.07422943560241357,0.0894158669407871,2.0555687550343147,0.07954146418026793,0.0935304222130179,9.494265392455679,3.869559896036662,4.550099430337787,1.9536432168205244,dasymetric_v2 preferred=M3_folk ages=M6_scaled
854,216506.3509460888,156.91671650589447,161.70729325957927,2.075023923444976,2.138373205741627,0.6089684015795426,0.6275598552710044,0.6287097493705822,93.09447723644328,14.127458574854856,0.1909746897802295,0.022703580086638427,0.02734845387993705,0.6287097493705822,0.02432830032411666,0.028606918724588985,2.9038859443302623,3.8695598960366624,4.550099430337786,0.597535127053566,dasymetric_v2 preferred=M3_folk ages=M6_scaled
855,216506.3509460888,156.91671650589447,161.70729325957927,35.27540669856459,36.35234449760766,8.663763216798316,8.928262905486772,8.944622391754523,92.09578675585874,153.40700556617412,2.716987430490357,0.3230027067645155,0.3890850956252037,8.944622391754523,0.3461175209232484,0.4069892124930887,41.31344116543621,3.8695598960366624,4.550099430337788,8.50110258772662,dasymetric_v2 preferred=M3_folk ages=M6_scaled
856,216506.3509460888,156.91671650589447,161.70729325957927,2.075023923444976,2.138373205741627,0.38006538538297696,0.3916685621549531,0.3923862265575265,36.81291254952032,4.801027590504254,0.11918987730964677,0.014169610266838167,0.01706853859173376,0.3923862265575265,0.015183620060441603,0.01785396345931795,1.81235434823449,3.869559896036662,4.550099430337787,0.3729297246859136,dasymetric_v2 preferred=M3_folk ages=M6_scaled
857,216506.3509460888,149.8856020152515,152.4082615237337,2.113018134715026,2.143782383419689,0.8321537271785782,0.8442693753137451,0.8458163518530718,36.463537137883876,7.692555571148862,0.1909746897802295,0.022703580086638427,0.02734845387993705,0.8458163518530718,0.02432830032411666,0.028606918724588985,3.9066583874192427,2.8763100016707615,3.3821666679669895,0.8165301874580126,dasymetric_v2 preferred=M3_folk ages=M6_scaled
858,216506.3509460888,148.7803341996704,150.94648465928245,12.678108808290157,12.862694300518136,7.483481745123667,7.592436651757651,7.606348469146773,21.391469528969907,94.44641596193193,1.717417777598092,0.20417120248125903,0.2459421242536183,7.606348469146773,0.21878216177999946,0.25725938257289954,35.132218689699286,2.876310001670761,3.38216666796699,7.342980692884823,dasymetric_v2 preferred=M3_folk ages=M6_scaled
859,216506.3509460888,148.7803341996704,150.94648465928245,0.0,0.0,0.0,0.0,0.0,23.654170412206952,0.02326893733437902,0.0,0.0,0.0,0.0,0.0,0.0,0.0,,,0.0,dasymetric_v2 preferred=M3_folk ages=M6_scaled
860,216506.3509460888,145.34960777838663,147.55303335200335,4.226036269430052,4.287564766839378,1.227574292575491,1.2454470217394253,1.2477290864215527,123.3003884334262,15.108444480537639,1.2222895136616518,0.2352073125966801,0.25472778866255336,1.2477290864215527,0.25203928708354073,0.26644932759835843,5.76301379137023,20.199840640597824,21.35474202677495,1.204526801356501,dasymetric_v2 preferred=M3_folk ages=M6_scaled
861,216506.3509460888,108.23205984969327,110.83877051827274,0.0,0.0,0.0,0.0,0.0,121.9902306397905,0.02326893733437902,0.0,0.0,0.0,0.0,0.0,0.0,0.0,,,0.0,dasymetric_v2 preferred=M3_folk ages=M6_scaled
862,216506.3509460888,107.21863757226645,109.83635915407109,0.0,0.0,0.0,0.0,0.0,65.46997710636215,0.02326893733437902,0.0,0.0,0.0,0.0,0.0,0.0,0.0,,,0.0,dasymetric_v2 preferred=M3_folk ages=M6_scaled
863,216506.3509460888,107.21863757226645,109.83635915407109,29.96875,30.700431034482758,29.853085346027726,30.581942451128327,30.63797853259978,64.46988999055463,125.63983981349539,14.367778177417014,2.764816727398475,2.9942761696151106,30.63797853259978,2.962673350573351,3.132060605663396,141.51076122579332,9.669937419079305,10.222804361360799,29.29259892452666,dasymetric_v2 preferred=M3_folk ages=M6_scaled
864,216506.3509460888,111.05465999625886,118.3129229736752,2.2618296529968456,2.4660883280757098,2.662188322514061,2.9026021215137616,2.9079206342021,21.32609646003661,7.098413145821561,1.3398173515137337,0.25782340034636086,0.27922084526472196,2.9079206342021,0.2762738339184966,0.29206945525204675,13.431110087510493,9.500735015565613,10.043928015669081,2.6122062054580635,dasymetric_v2 preferred=M3_folk ages=M6_scaled
865,216506.3509460888,113.5298081932262,123.7823257392672,18.094637223974765,19.728706624605678,16.708734603147462,18.217647525816638,18.25102819097897,27.37654025042045,44.551882507327434,8.409116798316461,1.6181810784896595,1.7524781998851628,18.25102819097897,1.7339818260410902,1.8331201336213987,84.2978883124014,9.500735015565612,10.043928015669081,16.395031052677584,dasymetric_v2 preferred=M3_folk ages=M6_scaled
866,216506.3509460888,113.5298081932262,123.7823257392672,549.6246056782335,599.2594637223975,729.4396003688527,795.3129812947707,796.7702537713753,310.021297521303,552.3878096335525,367.10995431476306,70.64361169490287,76.50651160253382,796.7702537713753,75.69903049366805,80.0270307390608,3680.124163977875,9.500735015565613,10.043928015669081,715.7445002955094,dasymetric_v2 preferred=M3_folk ages=M6_scaled
867,216506.3509460888,113.5298081932262,123.7823257392672,488.5552050473186,532.6750788643533,458.4685284364676,499.87136974227127,500.78729693835726,309.08294459057646,363.4492099825105,230.73652766309982,44.401034274560786,48.08599337420749,500.78729693835726,47.57847407372705,50.29871561610358,2313.037445553068,9.500735015565613,10.043928015669083,449.86086253206525,dasymetric_v2 preferred=M3_folk ages=M6_scaled
868,216506.3509460888,113.5298081932262,123.7823257392672,260.11041009463725,283.6001577287066,218.25273738786328,237.96245111989137,238.39847585309496,257.1400773675483,555.2660378387621,109.84151725655575,21.136995610851653,22.891210700386768,238.39847585309496,22.649607471949725,23.944571305137096,1101.1153936655533,9.500735015565613,10.043928015669081,214.1550806685181,dasymetric_v2 preferred=M3_folk ages=M6_scaled
869,216506.3509460888,45.59568246506117,49.11742976315871,0.0,0.0,0.0,0.0,0.0,252.42490594569273,0.02326893733437902,0.0,0.0,0.0,0.0,0.0,0.0,0.0,,,0.0,dasymetric_v2 preferred=M3_folk ages=M6_scaled
870,216506.3509460888,13.487263347382367,13.82777603343044,0.0,0.0,0.0,0.0,0.0,36.81291254952032,0.02326893733437902,0.0,0.0,0.0,0.0,0.0,0.0,0.0,,,0.0,dasymetric_v2 preferred=M3_folk ages=M6_scaled
871,216506.3509460888,13.487263347382367,13.82777603343044,5.554878048780488,5.695121951219512,4.711781847116636,4.8307401154851135,4.839591605121893,40.52939349078289,11.447270361190004,1.9017978190391984,0.33666104010931597,0.3680867025694612,4.839591605121893,0.36075327591304224,0.38502455861796503,22.35311612788198,7.454209060352234,7.955724160908152,4.623318972483294,dasymetric_v2 preferred=M3_folk ages=M6_scaled
872,216506.3509460888,13.487263347382367,13.82777603343044,3.703252032520325,3.796747967479675,2.723233583156808,2.7919870106130174,2.7971028403822995,200.85851268062532,15.72250968322378,1.0991679702555035,0.1945774826411431,0.21274033953079047,2.7971028403822995,0.20850189335514704,0.2225297864777428,12.919264622767546,7.454209060352234,7.955724160908153,2.672105352079742,dasymetric_v2 preferred=M3_folk ages=M6_scaled
873,216506.3509460888,13.487263347382367,13.82777603343044,14.8130081300813,15.1869918699187,13.126377702986053,13.457779115904472,13.482438151483025,197.3084801527824,44.96267672129059,5.298147770296311,0.9378914630904021,1.0254390466592058,13.482438151483025,1.005009126244234,1.0726255894970336,62.27271436873565,7.454209060352234,7.955724160908153,12.879932272614584,dasymetric_v2 preferred=M3_folk ages=M6_scaled
874,216506.3509460888,13.487263347382367,13.82777603343044,9.258130081300813,9.491869918699187,7.503586060065162,7.693028957300616,7.707125092564176,46.19317333067414,44.62940913319958,3.0286426806320708,0.536137955766603,0.5861838132395162,7.707125092564176,0.5745052169425995,0.6131576131005431,35.59768597496381,7.454209060352236,7.9557241609081535,7.3627075528528145,dasymetric_v2 preferred=M3_folk ages=M6_scaled
875,216506.3509460888,13.487263347382367,13.82777603343044,3.703252032520325,3.796747967479675,5.70115807696857,5.845095108549554,5.855805226987403,46.19317333067178,34.38899641900749,2.3011358226212337,0.40735285934224924,0.4453772575788491,5.855805226987403,0.4365039637866748,0.4658717112591594,27.046805792988167,7.454209060352236,7.9557241609081535,5.59411983780723,dasymetric_v2 preferred=M3_folk ages=M6_scaled
876,216506.3509460888,13.487263347382367,13.82777603343044,16.664634146341463,17.085365853658537,17.13286164367359,17.5654146818783,17.597600243987916,46.19317333067414,90.40404440618461,6.915268992722574,1.2241583350336667,1.338427531796232,17.597600243987916,1.3117619117919146,1.4000165343509787,81.27983390367062,7.454209060352237,7.955724160908153,16.81119518268874,dasymetric_v2 preferred=M3_folk ages=M6_scaled
877,216506.3509460888,13.487263347382367,13.82777603343044,3.703252032520325,3.796747967479675,3.0073119065796408,3.083237454166174,3.0888869496308127,45.23245145648905,16.795035496528065,1.2138293772246027,0.21487513370802497,0.2349326771077434,3.0888869496308127,0.23025209086341783,0.24574332535491739,14.26695769492675,7.454209060352235,7.955724160908152,2.9508501549945354,dasymetric_v2 preferred=M3_folk ages=M6_scaled
878,216506.3509460888,1.7392686753087812,1.7831799590981356,5.554878048780488,5.695121951219512,4.731373455628555,4.850826352971538,4.859714647139032,0.0,25.06251730209626,1.9097055022784466,0.33806087811392854,0.36961720860925107,4.859714647139032,0.3622532895343023,0.38662549233363225,22.44606047768606,7.454209060352234,7.955724160908151,4.642542751994659,dasymetric_v2 preferred=M3_folk ages=M6_scaled
879,216506.3509460888,0.0,0.0,0.0,0.0,0.0,0.0,0.0,0.0,0.02326893733437902,0.0,0.0,0.0,0.0,0.0,0.0,0.0,,,0.0,dasymetric_v2 preferred=M3_folk ages=M6_scaled
880,216506.3509460888,0.0,0.0,0.0,0.0,0.0,0.0,0.0,0.0,15.299712945460184,0.9350741684777905,0.1607756850899662,0.20169046209338062,0.0,0.17228116168278898,0.2109714385303092,0.0,,,0.0,dasymetric_v2 preferred=M3_folk ages=M6_scaled
881,216506.3509460888,0.0,0.0,0.0,0.0,0.0,0.0,0.0,0.0,0.02326893733437902,0.0,0.0,0.0,0.0,0.0,0.0,0.0,,,0.0,dasymetric_v2 preferred=M3_folk ages=M6_scaled
882,216506.3509460888,0.14296575564669833,0.14758902635169105,0.0,0.0,0.0,0.0,0.0,0.0,0.02326893733437902,0.0,0.0,0.0,0.0,0.0,0.0,0.0,,,0.0,dasymetric_v2 preferred=M3_folk ages=M6_scaled
883,216506.3509460888,9.1591391636164,9.455330231096532,0.0,0.0,0.0,0.0,0.0,0.0,0.02326893733437902,0.0,0.0,0.0,0.0,0.0,0.0,0.0,,,0.0,dasymetric_v2 preferred=M3_folk ages=M6_scaled
884,216506.3509460888,10.615598067632664,10.958888552406856,0.0,0.0,0.0,0.0,0.0,41.66709744047991,0.02326893733437902,0.0,0.0,0.0,0.0,0.0,0.0,0.0,,,0.0,dasymetric_v2 preferred=M3_folk ages=M6_scaled
885,216506.3509460888,10.615598067632664,10.958888552406856,0.0,0.0,0.0,0.0,0.0,77.19530308280443,0.02326893733437902,0.0,0.0,0.0,0.0,0.0,0.0,0.0,,,0.0,dasymetric_v2 preferred=M3_folk ages=M6_scaled
886,216506.3509460888,10.615598067632664,10.958888552406856,39.989528795811516,41.282722513089006,36.63771117871707,37.82251278399897,37.8918159491333,77.19530308280838,144.09361757329725,15.862463002611193,2.7273754771888243,3.4214478388853,37.8918159491333,2.922552718667071,3.5788889813334377,175.0148011065438,7.7128863989795615,9.445018381113766,35.94984460169403,dasymetric_v2 preferred=M3_folk ages=M6_scaled
887,216506.3509460888,10.615598067632664,10.958888552406856,10.523560209424083,10.863874345549737,10.278335167324746,10.610719140397435,10.630161434593502,77.19530308280443,30.92943531075312,4.450051765647316,0.7651372965124899,0.9598521991191006,10.630161434593502,0.8198922754783331,1.0040207014394233,49.09861252633863,7.712886398979564,9.44501838111377,10.085361234140017,dasymetric_v2 preferred=M3_folk ages=M6_scaled
888,216506.3509460888,28.367003212211273,28.375431909458932,0.0,0.0,0.0,0.0,0.0,202.8659463671474,0.02326893733437902,0.0,0.0,0.0,0.0,0.0,0.0,0.0,,,0.0,dasymetric_v2 preferred=M3_folk ages=M6_scaled
889,216506.3509460888,81.44892339900908,80.45601690423548,72.47814056447149,71.59380188157166,31.37376690513761,30.990961338018852,31.047746875340135,310.021297521303,178.76512132797012,28.435267484794498,4.889130471892466,6.133334052092683,31.047746875340135,5.239007856474209,6.415565190969883,143.40340012968574,16.874035586251583,20.663545141388298,30.784729955092214,dasymetric_v2 preferred=M3_folk ages=M6_scaled
890,216506.3509460888,81.58232371179052,80.5869007589208,51.16104039845047,50.53680132816824,26.811891923289156,26.484747862958265,26.533276549171422,234.55197645442547,102.5368238336485,24.300662426585472,4.178230755892255,5.241522008860506,26.533276549171422,4.477234527105733,5.482715577227433,122.55195486518706,16.874035586251587,20.6635451413883,26.30850337287397,dasymetric_v2 preferred=M3_folk ages=M6_scaled
891,216506.3509460888,85.4147117981922,84.74512172296801,0.0,0.0,0.0,0.0,0.0,170.20169233919535,0.02326893733437902,0.0,0.0,0.0,0.0,0.0,0.0,0.0,,,0.0,dasymetric_v2 preferred=M3_folk ages=M6_scaled
892,216506.3509460888,126.59852182940719,129.09036815933223,51.8755980861244,53.459330143540676,17.58234299879658,18.119121778781977,18.152321912678296,245.67101340609736,25.414279587534942,19.91679635349922,3.3840499663197323,4.749118918250919,18.152321912678296,3.626220339623676,4.967654094971628,83.84198354162054,19.976619834463055,27.36649404339851,17.252237604504025,dasymetric_v2 preferred=M3_folk ages=M6_scaled
893,216506.3509460888,156.91671650589447,161.70729325957927,554.0313875598085,570.9456459330144,263.8992641256368,271.95595628811475,272.454268197097,310.021297521303,381.45141872688464,298.93785497122644,50.79233728617898,71.2811135499597,272.454268197097,54.427153380502446,74.56118107714356,1258.412360683773,19.976619834463055,27.36649404339851,258.9446019032202,dasymetric_v2 preferred=M3_folk ages=M6_scaled
894,216506.3509460888,156.91671650589447,161.70729325957927,269.75311004784686,277.9885167464115,85.67019300519011,88.28565453301874,88.44742261358061,310.02129752131884,111.64337748049473,97.04484708130938,16.488827101920464,23.140143174263137,88.44742261358061,17.668805368895903,24.204958641085046,408.5211460406743,19.97661983446305,27.36649404339851,84.06175021442934,dasymetric_v2 preferred=M3_folk ages=M6_scaled
895,216506.3509460888,156.91671650589447,161.70729325957927,574.7816267942583,592.3293779904307,186.7459908928925,192.44723817065926,192.79986420591914,310.021297521303,234.77409217563863,211.54074122548582,35.94275030550207,50.441452445652544,192.79986420591914,38.51489591377748,52.762563353593286,890.5044279921716,19.976619834463058,27.366494043398514,183.23986779197975,dasymetric_v2 preferred=M3_folk ages=M6_scaled
896,216506.3509460888,156.91671650589447,161.70729325957927,118.27636363636363,121.88727272727273,40.18759557941591,41.41449966877089,41.49038452406572,167.6168801644979,50.52320654257308,45.52340704232626,7.734852600492535,10.854962302708131,41.49038452406572,8.288376384229501,11.354463609361582,191.63587739002188,19.976619834463055,27.36649404339851,39.43308054775484,dasymetric_v2 preferred=M3_folk ages=M6_scaled
897,216506.3509460888,156.91671650589447,161.70729325957927,0.0,0.0,0.0,0.0,0.0,46.19317333067414,0.02326893733437902,0.0,0.0,0.0,0.0,0.0,0.0,0.0,,,0.0,dasymetric_v2 preferred=M3_folk ages=M6_scaled
898,216506.3509460888,156.91671650589447,161.70729325957927,0.0,0.0,0.0,0.0,0.0,46.1931733306765,0.02326893733437902,0.0,0.0,0.0,0.0,0.0,0.0,0.0,,,0.0,dasymetric_v2 preferred=M3_folk ages=M6_scaled
899,216506.3509460888,156.91671650589447,161.70729325957927,0.0,0.0,0.0,0.0,0.0,46.19317333067414,0.02326893733437902,0.0,0.0,0.0,0.0,0.0,0.0,0.0,,,0.0,dasymetric_v2 preferred=M3_folk ages=M6_scaled
900,216506.3509460888,156.91671650589447,161.70729325957927,0.0,0.0,0.0,0.0,0.0,46.1931733306765,0.02326893733437902,0.0,0.0,0.0,0.0,0.0,0.0,0.0,,,0.0,dasymetric_v2 preferred=M3_folk ages=M6_scaled
901,216506.3509460888,151.50994857579744,154.55654829058844,0.0,0.0,0.0,0.0,0.0,46.19317333067414,0.02326893733437902,0.0,0.0,0.0,0.0,0.0,0.0,0.0,,,0.0,dasymetric_v2 preferred=M3_folk ages=M6_scaled
902,216506.3509460888,148.7803341996704,150.94648465928245,2.113018134715026,2.143782383419689,0.9560915163328343,0.9700116227008986,0.9717890000014016,32.80615407269099,3.730180747908338,0.21941772868366793,0.02608496435486117,0.03142162786205534,0.9717890000014016,0.027951664202176586,0.03286752364101714,4.488501125971045,2.876310001670761,3.3821666679669904,0.9381410664411207,dasymetric_v2 preferred=M3_folk ages=M6_scaled
903,216506.3509460888,148.7803341996704,150.94648465928245,0.0,0.0,0.0,0.0,0.0,21.391469528969907,0.02326893733437902,0.0,0.0,0.0,0.0,0.0,0.0,0.0,,,0.0,dasymetric_v2 preferred=M3_folk ages=M6_scaled
904,216506.3509460888,148.7803341996704,150.94648465928245,10.565090673575131,10.718911917098445,6.580506424142656,6.676314563651246,6.688547746923226,101.71358507688406,68.44961680211966,6.552176960253567,1.2608468920447033,1.365487905570899,6.688547746923226,1.351075986048788,1.4283221166931233,30.893078737393296,20.199840640597824,21.35474202677495,6.4569585745793185,dasymetric_v2 preferred=M3_folk ages=M6_scaled
905,216506.3509460888,144.73660635773717,146.94669224028868,4.226036269430052,4.287564766839378,0.6964123390572496,0.7065516757944817,0.7078463086429962,170.20169233919535,6.55152887116418,0.6934142433272833,0.13343491772311658,0.14450903395279469,0.7078463086429962,0.14298382632623943,0.15115875315676103,3.2694020547196496,20.19984064059782,21.354742026774947,0.6833373200003225,dasymetric_v2 preferred=M3_folk ages=M6_scaled
906,216506.3509460888,107.28199527035767,109.89902846575971,0.0,0.0,0.0,0.0,0.0,120.00037012175835,0.02326893733437902,0.0,0.0,0.0,0.0,0.0,0.0,0.0,,,0.0,dasymetric_v2 preferred=M3_folk ages=M6_scaled
907,216506.3509460888,107.21863757226645,109.83635915407109,38.53125,39.47198275862069,36.763860931243144,37.66144323940589,37.73045127266174,77.19530308280443,154.00538581468822,17.69381598863093,3.404852010714441,3.6874296714564814,37.73045127266174,3.648511026002601,3.857110218262775,174.26948959135532,9.669937419079304,10.222804361360797,36.07362591482609,dasymetric_v2 preferred=M3_folk ages=M6_scaled
908,216506.3509460888,107.34010026956423,110.10474324365858,0.0,0.0,0.0,0.0,0.0,38.874960456824844,0.02326893733437902,0.0,0.0,0.0,0.0,0.0,0.0,0.0,,,0.0,dasymetric_v2 preferred=M3_folk ages=M6_scaled
909,216506.3509460888,113.44506265542941,123.5950612032121,0.0,0.0,0.0,0.0,0.0,6.20042595042606,0.02326893733437902,0.0,0.0,0.0,0.0,0.0,0.0,0.0,,,0.0,dasymetric_v2 preferred=M3_folk ages=M6_scaled
910,216506.3509460888,113.5298081932262,123.7823257392672,20.35646687697161,22.194794952681388,17.85300853124561,19.465257209625182,19.5009239021711,170.19141186074893,35.16313711421236,8.985003203791662,1.7289999084630954,1.8724941772357888,19.5009239021711,1.8527311055323739,1.9586587591244713,90.07090931492782,9.500735015565613,10.043928015669081,17.51782143923412,dasymetric_v2 preferred=M3_folk ages=M6_scaled
911,216506.3509460888,113.5298081932262,123.7823257392672,402.60567823343854,438.9637223974763,388.22412076872814,423.28341200969766,424.0590051166036,310.021297521303,273.2195278259191,195.38415403719358,37.598115079456804,40.718481948275176,424.0590051166036,40.28872238577233,42.592181217874135,1958.6446460510367,9.500735015565612,10.043928015669081,380.93528125120685,dasymetric_v2 preferred=M3_folk ages=M6_scaled
912,216506.3509460888,113.5298081932262,123.7823257392672,427.4858044164038,466.09069400630915,362.25610835964363,394.9703106138792,395.6940248952638,310.02129752131884,465.45648791933047,182.31505846804205,35.08320612169231,37.99485405411403,395.6940248952638,37.59384077772525,39.743223022783994,1827.6324143202326,9.500735015565615,10.043928015669083,355.45481370323,dasymetric_v2 preferred=M3_folk ages=M6_scaled
913,216506.3509460888,103.84992553131447,113.14338066908816,110.82965299684544,120.83832807570978,92.88468467368138,101.2728064764999,101.45837125034082,310.021297521303,169.55151714530618,46.74669750566558,8.995548902435528,9.742113263512557,101.45837125034082,9.639291003603685,10.190405774254526,468.6161436234473,9.500735015565613,10.04392801566908,91.1407910720127,dasymetric_v2 preferred=M3_folk ages=M6_scaled
914,216506.3509460888,13.487263347382367,13.82777603343044,0.0,0.0,0.0,0.0,0.0,167.6168801644979,0.02326893733437902,0.0,0.0,0.0,0.0,0.0,0.0,0.0,,,0.0,dasymetric_v2 preferred=M3_folk ages=M6_scaled
915,216506.3509460888,13.487263347382367,13.82777603343044,1.8516260162601625,1.8983739837398375,2.155076936311143,2.2094861235067045,2.2135346218852727,46.19317333067414,5.235757753558838,0.8698451563173049,0.15398218050737944,0.16835566437688454,2.2135346218852727,0.16500149833860558,0.17610270872339356,10.223878478449135,7.454209060352235,7.955724160908153,2.1146157462501556,dasymetric_v2 preferred=M3_folk ages=M6_scaled
916,216506.3509460888,13.487263347382367,13.82777603343044,74.0650406504065,75.9349593495935,102.88533210034517,105.4828761599587,105.67615515300464,188.59759068749742,291.7517006962496,41.52719853091206,7.351249281222756,8.037452467956447,105.67615515300464,7.877321532047158,8.407303407826376,488.0972529961422,7.454209060352236,7.955724160908152,100.95367810393356,dasymetric_v2 preferred=M3_folk ages=M6_scaled
917,216506.3509460888,13.487263347382367,13.82777603343044,299.9634146341463,307.5365853658537,309.1359907095775,316.9407412982935,317.5214799884338,310.021297521303,1058.9045910227526,124.77533383209776,22.088043874781274,24.149854801844192,317.5214799884338,23.66871492986234,25.261133099512975,1466.5688955586263,7.454209060352235,7.955724160908154,303.3320169098291,dasymetric_v2 preferred=M3_folk ages=M6_scaled
918,216506.3509460888,13.487263347382367,13.82777603343044,12.961382113821138,13.288617886178862,11.059463004978548,11.338681061086678,11.359457218674876,167.6168801644979,37.88273284950529,4.463887188555623,0.7902085536037791,0.8639706594613756,11.359457218674876,0.8467576892012987,0.9037270824941425,52.46708546440488,7.454209060352236,7.9557241609081535,10.85182353416557,dasymetric_v2 preferred=M3_folk ages=M6_scaled
919,216506.3509460888,13.487263347382367,13.82777603343044,14.8130081300813,15.1869918699187,22.569533005731245,23.139345584361124,23.18174440374395,46.19317333067414,116.23902198300594,9.109651091613955,1.6126133813136465,1.763142957837918,23.18174440374395,1.7280156916915785,1.844275640448631,107.07189097430368,7.454209060352235,7.955724160908153,22.145793997092536,dasymetric_v2 preferred=M3_folk ages=M6_scaled
920,216506.3509460888,13.487263347382367,13.82777603343044,12.961382113821138,13.288617886178862,8.796632221851848,9.018720631404639,9.035245865695341,46.1931733306765,48.067104589756596,3.5505497744224535,0.6285272640710307,0.6871972118656469,9.035245865695341,0.6735061159457628,0.7188192383345792,41.73201306203329,7.454209060352235,7.955724160908153,8.631477000602906,dasymetric_v2 preferred=M3_folk ages=M6_scaled
921,216506.3509460888,13.487263347382367,13.82777603343044,0.0,0.0,0.0,0.0,0.0,46.19317333067414,0.02326893733437902,0.0,0.0,0.0,0.0,0.0,0.0,0.0,,,0.0,dasymetric_v2 preferred=M3_folk ages=M6_scaled
922,216506.3509460888,3.1964296005611255,3.2771297990385198,5.554878048780488,5.695121951219512,4.153421004526931,4.258282347122012,4.266084907633435,21.25984996267848,23.19574935025374,1.6764288467206239,0.29676565697785856,0.3244672804354502,4.266084907633435,0.31800288770713075,0.33939794772144943,19.70420215846561,7.454209060352233,7.955724160908152,4.075441256409391,dasymetric_v2 preferred=M3_folk ages=M6_scaled
923,216506.3509460888,0.0,0.0,1.8516260162601625,1.8983739837398375,1.968956655447908,2.018666867385671,2.022365722722454,0.0,10.996098158964628,0.7947221655444466,0.14068371946356031,0.15381585699888087,2.022365722722454,0.1507513689366351,0.16089383842455504,9.340907155310349,7.454209060352233,7.955724160908152,1.9319898408921876,dasymetric_v2 preferred=M3_folk ages=M6_scaled
924,216506.3509460888,0.0,0.0,0.0,0.0,0.0,0.0,0.0,0.0,0.02326893733437902,0.0,0.0,0.0,0.0,0.0,0.0,0.0,,,0.0,dasymetric_v2 preferred=M3_folk ages=M6_scaled
925,216506.3509460888,0.0,0.0,0.0,0.0,0.0,0.0,0.0,0.0,0.02326893733437902,0.0,0.0,0.0,0.0,0.0,0.0,0.0,,,0.0,dasymetric_v2 preferred=M3_folk ages=M6_scaled
926,216506.3509460888,0.04376111677889942,0.0451762772717494,0.0,0.0,0.0,0.0,0.0,0.0,0.02326893733437902,0.0,0.0,0.0,0.0,0.0,0.0,0.0,,,0.0,dasymetric_v2 preferred=M3_folk ages=M6_scaled
927,216506.3509460888,9.660921194608738,9.97333904418564,0.0,0.0,0.0,0.0,0.0,1.3422143795207866,0.02326893733437902,0.0,0.0,0.0,0.0,0.0,0.0,0.0,,,0.0,dasymetric_v2 preferred=M3_folk ages=M6_scaled
928,216506.3509460888,10.615598067632664,10.958888552406856,0.0,0.0,0.0,0.0,0.0,59.762822475372126,0.02326893733437902,0.0,0.0,0.0,0.0,0.0,0.0,0.0,,,0.0,dasymetric_v2 preferred=M3_folk ages=M6_scaled
929,216506.3509460888,10.615598067632664,10.958888552406856,0.0,0.0,0.0,0.0,0.0,59.87983904247744,0.02326893733437902,0.0,0.0,0.0,0.0,0.0,0.0,0.0,,,0.0,dasymetric_v2 preferred=M3_folk ages=M6_scaled
930,216506.3509460888,10.615598067632664,10.958888552406856,2.1047120418848166,2.1727748691099475,2.589099618098259,2.672826720176063,2.677724209473553,67.51059163423093,15.1203947874099,1.1209624067896404,0.19273711646327274,0.24178555395531773,2.677724209473553,0.2065298263546687,0.2529115437803104,12.367878345242262,7.712886398979562,9.445018381113766,2.5404897285998267,dasymetric_v2 preferred=M3_folk ages=M6_scaled
931,216506.3509460888,10.615598067632664,10.958888552406856,16.837696335078533,17.38219895287958,15.404492200142403,15.90264742054502,15.931786251340137,72.49915850090609,62.89198582004625,6.669444671552434,1.1467374165453013,1.4385632958949557,15.931786251340137,1.2288005748941095,1.5047601398788317,73.58576864706956,7.712886398979564,9.445018381113766,15.115275571166807,dasymetric_v2 preferred=M3_folk ages=M6_scaled
932,216506.3509460888,19.167407486254525,19.349376984595153,0.0,0.0,0.0,0.0,0.0,310.021297521303,0.02326893733437902,0.0,0.0,0.0,0.0,0.0,0.0,0.0,,,0.0,dasymetric_v2 preferred=M3_folk ages=M6_scaled
933,216506.3509460888,81.43672767481624,80.44405123968978,121.50747094631986,120.02490315439955,99.54085791455705,98.32631473647186,98.50648057754509,307.7730216045562,237.00013847653955,90.21775832735116,15.511948026511439,19.459484583660146,98.50648057754509,16.622018587418964,20.354931081333927,454.9819446269903,16.874035586251583,20.6635451413883,97.67199583216262,dasymetric_v2 preferred=M3_folk ages=M6_scaled
934,216506.3509460888,81.58232371179052,80.5869007589208,266.46375207526285,263.2125069175429,220.68536356331742,217.99268129761754,218.39211490681012,213.87974097226186,575.3734068226679,200.0157444235505,34.390500157677835,43.14231884344433,218.39211490681012,36.8515631869426,45.127553249001316,1008.7099706428054,16.874035586251587,20.663545141388298,216.54203471581107,dasymetric_v2 preferred=M3_folk ages=M6_scaled
935,216506.3509460888,120.25966235518774,122.23537526527991,59.68788046485888,58.95960154952961,30.081028490662845,29.713996211571164,29.768441932774614,216.1280168889806,60.997301470381736,27.263608285737988,4.687676601418292,5.880613473084109,29.768441932774614,5.023137485209028,6.1512154366668454,137.4945437059586,16.874035586251587,20.6635451413883,29.516262476752438,dasymetric_v2 preferred=M3_folk ages=M6_scaled
936,216506.3509460888,156.91671650589447,161.70729325957927,35.27540669856459,36.35234449760766,13.703948497956658,14.122322133155297,14.148198828034447,310.021297521303,19.80828030735651,15.523457339634739,2.6375805804796144,3.7015363123581837,14.148198828034447,2.8263318933003987,3.8718659895222247,65.34773121531859,19.97661983446305,27.36649404339851,13.446659277595497,dasymetric_v2 preferred=M3_folk ages=M6_scaled
937,216506.3509460888,156.91671650589447,161.70729325957927,275.9781818181818,284.4036363636364,81.36422494579435,83.84822775496774,84.00186502405955,310.0212975212872,155.85532118508556,92.16716445678502,15.66006320695098,21.977069835649488,84.00186502405955,16.780733229715164,22.988365388152914,387.98799507260856,19.976619834463055,27.36649404339851,79.83662594724916,dasymetric_v2 preferred=M3_folk ages=M6_scaled
938,216506.3509460888,156.91671650589447,161.70729325957927,562.3314832535884,579.4991387559809,151.1148610132384,155.72831046863243,156.01365546615105,310.021297521303,151.20655255618718,171.17877367049476,29.084874544721472,40.817224718909706,156.01365546615105,31.166254842321983,42.695467730032505,720.5962078451882,19.976619834463055,27.366494043398514,148.27770610267532,dasymetric_v2 preferred=M3_folk ages=M6_scaled
939,216506.3509460888,175.39047678477738,186.65611196309132,449.4133363685041,468.3506314300522,175.294489029553,180.99144390291673,181.323079191041,305.7789853147727,178.46838459867237,203.6053337861894,34.5944503680492,48.54927094592201,181.323079191041,37.07010854191071,50.78331134130048,837.4954286499956,20.444230655742313,28.00708633885236,172.00336585999742,dasymetric_v2 preferred=M3_folk ages=M6_scaled
940,216506.3509460888,437.02452951802417,539.9929773206796,60.1310920601651,72.80209538453609,7.545474579935646,8.482895783001467,8.498439211610352,128.6100677580347,115.24993495326368,18.860046657513998,3.204498310037477,4.497139137768925,8.498439211610352,3.4338195552073865,4.704079227736583,39.25260933212304,40.40529642803339,55.35227246563097,7.403809623137533,dasymetric_v2 preferred=M3_folk ages=M6_scaled
941,216506.3509460888,159.08832118090467,164.64004601347065,0.0,0.0,0.0,0.0,0.0,128.61006775802562,0.02326893733437902,0.0,0.0,0.0,0.0,0.0,0.0,0.0,,,0.0,dasymetric_v2 preferred=M3_folk ages=M6_scaled
942,216506.3509460888,159.12209719073851,164.68566052470328,0.0,0.0,0.0,0.0,0.0,128.6100677580347,0.02326893733437902,0.0,0.0,0.0,0.0,0.0,0.0,0.0,,,0.0,dasymetric_v2 preferred=M3_folk ages=M6_scaled
943,216506.3509460888,339.22752572870485,407.9180948683064,211.52445540160176,267.74399857976914,42.56575499810152,53.77298176979666,53.87151139041283,127.95038686095518,237.06140518617184,53.355077691578586,6.342993832290408,7.640692508456456,53.87151139041283,6.7969130118292735,7.992286165374,248.8218528232787,12.616896828030848,14.835830588551737,41.766590442048305,dasymetric_v2 preferred=M3_folk ages=M6_scaled
944,216506.3509460888,244.51079834501382,280.10095592516564,136.82430473514975,171.36567411776014,18.888229457605988,23.077007894714818,23.119292491142012,84.93201912496818,319.13135986642936,20.44106395860442,2.430088160762746,2.92725436848234,23.119292491142012,2.6039908403657352,3.061954733273028,106.78343794588658,11.263280835100968,13.244154138567145,18.533606274960874,dasymetric_v2 preferred=M3_folk ages=M6_scaled
945,216506.3509460888,148.7803341996704,150.94648465928245,10.565090673575131,10.718911917098445,4.573894599740411,4.640487701192571,4.648990586426459,84.53321186700595,17.845000491536805,1.0496835785792755,0.12478918132726795,0.1503195160067462,4.648990586426459,0.1337193812141164,0.15723661001103875,21.47276773226889,2.8763100016707606,3.382166667966989,4.488020533900424,dasymetric_v2 preferred=M3_folk ages=M6_scaled
946,216506.3509460888,148.7803341996704,150.94648465928245,2.113018134715026,2.143782383419689,1.1803598967072029,1.197545213210986,1.19973950617457,67.87808448212274,18.71268286502067,0.27088608479465176,0.03220365969735947,0.038792133163031275,1.19973950617457,0.03450822741009455,0.040577189680268064,5.541359414779068,2.876310001670761,3.3821666679669895,1.158198847458174,dasymetric_v2 preferred=M3_folk ages=M6_scaled
947,216506.3509460888,148.7803341996704,150.94648465928245,0.0,0.0,0.0,0.0,0.0,70.9306089269286,0.02326893733437902,0.0,0.0,0.0,0.0,0.0,0.0,0.0,,,0.0,dasymetric_v2 preferred=M3_folk ages=M6_scaled
948,216506.3509460888,148.7803341996704,150.94648465928245,158.47636010362694,160.7836787564767,88.01353569797259,89.29495882307717,89.4585762779068,213.87974097226186,431.46612781784654,87.63463229440488,16.86368583054947,18.26324765540701,89.4585762779068,18.07048984748482,19.103648184972688,413.19146476300114,20.19984064059782,21.354742026774947,86.36109706071873,dasymetric_v2 preferred=M3_folk ages=M6_scaled
949,216506.3509460888,139.33561949935122,141.60438753144214,217.6408678756477,220.809585492228,69.49368891863656,70.5054744277968,70.6346634260278,211.1394500223023,378.40847509934605,69.19451453541322,13.315221662624557,14.420287074526758,70.6346634260278,14.268089449080248,15.083850156108992,326.24753554511756,20.19984064059782,21.35474202677495,68.18895714409997,dasymetric_v2 preferred=M3_folk ages=M6_scaled
950,216506.3509460888,107.21863757226645,109.83635915407109,2.140625,2.1928879310344827,3.1379316703186606,3.214543644147231,3.220433735328484,67.51059163423093,13.144929974883718,1.5102327163992526,0.29061672758339796,0.3147357773378664,3.220433735328484,0.3114139268291825,0.3292186403498948,14.874546271995454,9.669937419079305,10.222804361360799,3.0790175556659922,dasymetric_v2 preferred=M3_folk ages=M6_scaled
951,216506.3509460888,107.21863757226645,109.83635915407109,36.390625,37.279094827586206,41.90420814215425,42.92729099888442,43.00594778072902,67.61376959093633,215.37267644440755,20.167776975417254,3.8809206578452216,4.20300851293213,43.00594778072902,4.158648236878422,4.396413905372913,198.63596422369025,9.669937419079307,10.222804361360799,41.11746401185091,dasymetric_v2 preferred=M3_folk ages=M6_scaled
952,216506.3509460888,107.35510951881224,110.13792495234274,2.140625,2.1928879310344827,3.5530665994658768,3.639814009520795,3.6464833345548207,101.11059814644643,4.361016521979838,1.7100300407477917,0.3290640767578553,0.35637397356155304,3.6464833345548207,0.35261265644860745,0.37277285736116494,16.842385078407304,9.669937419079305,10.2228043613608,3.4863583996062406,dasymetric_v2 preferred=M3_folk ages=M6_scaled
953,216506.3509460888,111.43685925975817,119.15747915474749,0.0,0.0,0.0,0.0,0.0,105.99598705640814,0.02326893733437902,0.0,0.0,0.0,0.0,0.0,0.0,0.0,,,0.0,dasymetric_v2 preferred=M3_folk ages=M6_scaled
954,216506.3509460888,110.95818708430849,118.09973824368154,280.1032630126183,304.9753514902643,542.4312569866577,591.0311356997917,592.1140972848893,310.021297521303,389.68317655995946,272.86438114117857,52.50777092843386,56.86552951325482,592.1140972848893,56.26534738671697,59.48225037356815,2734.857867667489,9.502450227873142,10.045741293159738,532.2472056360247,dasymetric_v2 preferred=M3_folk ages=M6_scaled
955,216506.3509460888,113.5298081932262,123.7823257392672,486.2933753943218,530.2089905362776,379.70044763085417,413.9899929364299,414.7485574720092,310.0212975212872,405.85963102170695,191.0943879555926,36.77262787659346,39.824485382296025,414.7485574720092,39.40416142629645,41.65704655851451,1915.6415304199727,9.500735015565612,10.043928015669081,372.57163857583674,dasymetric_v2 preferred=M3_folk ages=M6_scaled
956,216506.3509460888,113.5298081932262,123.7823257392672,441.0567823343849,480.8872239747634,427.19949191149976,465.77852552554384,466.6319835243519,310.021297521303,784.5091396824241,214.99955017470603,41.372740124878526,44.806373095177115,466.6319835243519,44.33346825252646,46.86818052327471,2155.2808104023966,9.500735015565612,10.043928015669081,419.1788966626938,dasymetric_v2 preferred=M3_folk ages=M6_scaled
957,216506.3509460888,65.91999167349287,71.45542876687134,39.892526480469854,43.25416121669103,44.887053722133324,48.66088077029579,48.75004335647469,304.534221582163,83.61698867153395,22.162074689706824,4.237940492906971,4.592839313190775,48.75004335647469,4.541217229781905,4.804183136799981,225.16680523895445,9.31530910972773,9.854725875155387,44.04430719121932,dasymetric_v2 preferred=M3_folk ages=M6_scaled
958,216506.3509460888,13.487263347382367,13.82777603343044,14.8130081300813,15.1869918699187,13.116581898730095,13.44773599716126,13.472376630474455,46.19317333067414,58.22044016879326,5.2941939286766875,0.9371915440880958,1.0246737936393109,13.472376630474455,1.0042591194336041,1.0718251226392,62.226242193833606,7.454209060352237,7.955724160908153,12.870320382858901,dasymetric_v2 preferred=M3_folk ages=M6_scaled
959,216506.3509460888,13.487263347382367,13.82777603343044,11.109756097560975,11.390243902439025,10.314981881525608,10.575404036602544,10.594781622023602,50.318468970078506,25.06024052044298,4.163395225464191,0.7370147094285026,0.805811429949361,10.594781622023602,0.7897571715934169,0.8428916012987883,48.93520017184973,7.454209060352236,7.955724160908152,10.121319912733698,dasymetric_v2 preferred=M3_folk ages=M6_scaled
960,216506.3509460888,13.487263347382367,13.82777603343044,0.0,0.0,0.0,0.0,0.0,219.85663393508364,0.02326893733437902,0.0,0.0,0.0,0.0,0.0,0.0,0.0,,,0.0,dasymetric_v2 preferred=M3_folk ages=M6_scaled
961,216506.3509460888,13.487263347382367,13.82777603343044,57.40040650406504,58.84959349593496,47.40189679458919,48.59865159840428,48.68770016046743,215.73133829566848,163.41575399039735,19.132639597361084,3.3869080521600416,3.703059363271565,48.68770016046743,3.629282956638693,3.873459125056825,224.87885435097894,7.454209060352235,7.955724160908153,46.51193452774774,dasymetric_v2 preferred=M3_folk ages=M6_scaled
962,216506.3509460888,13.487263347382367,13.82777603343044,27.774390243902438,28.475609756097562,24.812772180346027,25.439219776556737,25.485832714706344,46.19317333067414,147.9125994626844,10.015080822507878,1.7728948328417824,1.938385899393857,25.485832714706344,1.8997672513258543,2.027582550892527,117.71401902687118,7.454209060352236,7.955724160908153,24.346916751143837,dasymetric_v2 preferred=M3_folk ages=M6_scaled
963,216506.3509460888,13.487263347382367,13.82777603343044,0.0,0.0,0.0,0.0,0.0,46.19317333067179,0.02326893733437902,0.0,0.0,0.0,0.0,0.0,0.0,0.0,,,0.0,dasymetric_v2 preferred=M3_folk ages=M6_scaled
964,216506.3509460888,13.487263347382367,13.82777603343044,3.703252032520325,3.796747967479675,3.624447574705105,3.7159539349885486,3.7227627731706865,46.19317333067414,38.77315202813526,1.4629213992609218,0.25897003085332,0.283143617361124,3.7227627731706865,0.2775025199331094,0.29617273739843464,17.194704713755367,7.454209060352235,7.955724160908151,3.5563992096025348,dasymetric_v2 preferred=M3_folk ages=M6_scaled
965,216506.3509460888,11.079671586689575,11.359399848483054,3.703252032520325,3.796747967479675,4.270970655598447,4.378799772040559,4.3868231597362675,45.23245145648906,23.852232822430736,1.7238749461561134,0.30516468500553384,0.3336503166741893,4.3868231597362675,0.3270029694346911,0.3490035500154527,20.261868257290104,7.454209060352237,7.9557241609081535,4.19078393347758,dasymetric_v2 preferred=M3_folk ages=M6_scaled
966,216506.3509460888,0.0,0.0,11.109756097560975,11.390243902439025,6.80808395789202,6.979967526532544,6.992757100955749,0.0,38.02133443025083,2.7479199256387585,0.4864437066028578,0.5318508488269761,6.992757100955749,0.5212547333878677,0.5563244661943569,32.29816155691886,7.454209060352234,7.955724160908153,6.680263380199354,dasymetric_v2 preferred=M3_folk ages=M6_scaled
967,216506.3509460888,0.0,0.0,0.0,0.0,0.0,0.0,0.0,0.0,0.02326893733437902,0.0,0.0,0.0,0.0,0.0,0.0,0.0,,,0.0,dasymetric_v2 preferred=M3_folk ages=M6_scaled
968,216506.3509460888,0.0,0.0,0.0,0.0,0.0,0.0,0.0,0.0,0.02326893733437902,0.0,0.0,0.0,0.0,0.0,0.0,0.0,,,0.0,dasymetric_v2 preferred=M3_folk ages=M6_scaled
969,216506.3509460888,0.0,0.0,0.0,0.0,0.0,0.0,0.0,0.0,0.02326893733437902,0.0,0.0,0.0,0.0,0.0,0.0,0.0,,,0.0,dasymetric_v2 preferred=M3_folk ages=M6_scaled
970,216506.3509460888,0.0,0.0,7.09123595505618,4.066516853932584,2.7010321736065652,1.5489250289512109,1.5517631642087795,0.0,0.02326893733437902,5.0358813651755705,0.865864231749577,1.0862124886233873,1.5517631642087795,0.9278274611109237,1.1361955785909423,7.1672870445965655,59.791821491265324,73.21965134868188,2.650320770085072,dasymetric_v2 preferred=M3_folk ages=M6_scaled
971,216506.3509460888,26.199804404293527,15.04620824907894,3.54561797752809,2.033258426966292,0.6294260495056023,0.36094859271939983,0.3616099681301002,0.0,4.907499828299427,0.5801966226097134,0.09975840701365374,0.12514528672059158,0.3616099681301002,0.10689734730920039,0.13090396487121594,1.670204899532684,29.56150458516697,36.20031979431476,0.617608686241544,dasymetric_v2 preferred=M3_folk ages=M6_scaled
972,216506.3509460888,30.121764799797845,20.852827456319428,0.0,0.0,0.0,0.0,0.0,11.546304110012505,0.02326893733437902,0.0,0.0,0.0,0.0,0.0,0.0,0.0,,,0.0,dasymetric_v2 preferred=M3_folk ages=M6_scaled
973,216506.3509460888,10.615598067632664,10.958888552406856,8.418848167539267,8.69109947643979,7.6111722441581975,7.857304679914558,7.87170182181924,21.391469528969907,24.388073769399092,3.2952914973464305,0.5665890107086159,0.7107766284616124,7.87170182181924,0.6071354191833226,0.7434836839772944,36.35783332646595,7.712886398979562,9.445018381113764,7.468273825280897,dasymetric_v2 preferred=M3_folk ages=M6_scaled
974,216506.3509460888,16.011475885980644,13.725253048877507,0.0,0.0,0.0,0.0,0.0,34.77848878695651,0.02326893733437902,0.0,0.0,0.0,0.0,0.0,0.0,0.0,,,0.0,dasymetric_v2 preferred=M3_folk ages=M6_scaled
975,216506.3509460888,48.97682829055297,37.28758941161111,0.0,0.0,0.0,0.0,0.0,46.19317333067414,0.02326893733437902,0.0,0.0,0.0,0.0,0.0,0.0,0.0,,,0.0,dasymetric_v2 preferred=M3_folk ages=M6_scaled
976,216506.3509460888,31.627088599041745,31.574019177620364,33.9993683667645,33.95950014052391,18.22025506224012,18.35548484315767,18.389118071189632,188.59759068749742,136.0644027188007,12.713628905146827,2.1859682002894805,2.7422612827997592,18.389118071189632,2.342401095891896,2.868449016644023,84.93569814849735,12.737974093285926,15.59862199774574,17.878172981265852,dasymetric_v2 preferred=M3_folk ages=M6_scaled
977,216506.3509460888,71.89798902562322,71.0852509699548,93.79524073049252,92.65080243497509,104.41970241149308,103.14563023772875,103.33462663482362,310.021297521303,253.88412860394752,94.63964520840577,16.27224268190676,20.413261768860767,103.33462663482362,17.436721671280345,21.352597221371834,477.28219603384514,16.874035586251583,20.663545141388298,102.45924088262764,dasymetric_v2 preferred=M3_folk ages=M6_scaled
978,216506.3509460888,81.58232371179052,80.5869007589208,473.2396236856668,467.46541228555617,547.3069111397233,540.6289711543736,541.6195795541457,310.02129752131884,668.7610681915135,496.0455804236308,85.2895638837802,106.99436013497103,541.6195795541457,91.39308059607276,111.91780631576842,2501.633680431905,16.874035586251583,20.663545141388298,537.0313202407638,dasymetric_v2 preferred=M3_folk ages=M6_scaled
979,216506.3509460888,194.18794927150134,197.38104954620906,309.72242492733113,310.12217794748324,321.34491777452087,318.77248859906643,319.35658364700333,310.021297521303,243.8966839848857,294.2272833861472,50.58913469460364,63.463240400744276,319.35658364700333,54.20940914564528,66.38356113707012,1475.0448762887552,16.974570721724948,20.786658092023657,315.31172351860585,dasymetric_v2 preferred=M3_folk ages=M6_scaled
980,216506.3509460888,283.4364806825693,290.9709869852636,128.55609933750867,131.82857559909132,54.791128500553604,56.18313458615281,56.28608039190149,310.02129752131884,57.993040295335504,54.317714303992304,9.337504553727285,11.736520840413101,56.28608039190149,10.005717785212934,12.276587892869768,259.97426932717104,17.77654033740919,21.811054895618806,53.76243470936506,dasymetric_v2 preferred=M3_folk ages=M6_scaled
981,216506.3509460888,156.91671650589447,161.70729325957927,383.8794258373205,395.59904306220096,304.04798938154767,313.33039894484705,313.90452231162845,310.021297521303,747.0780637315372,344.41723077622,58.51970856765975,82.12557669514774,313.90452231162845,62.70751306538127,85.90466240037034,1449.8628836518164,19.976619834463055,27.366494043398507,298.33954191095035,dasymetric_v2 preferred=M3_folk ages=M6_scaled
982,216506.3509460888,156.91671650589447,161.70729325957927,676.4577990430621,697.1096650717703,179.01943436504993,184.4847943332137,184.82283057738036,310.02129752131884,262.9939221652526,202.7883097156823,34.455630337497645,48.35445324527158,184.82283057738036,36.92135423173701,50.57952892079931,853.6600878899956,19.976619834463055,27.366494043398507,175.65837600262634,dasymetric_v2 preferred=M3_folk ages=M6_scaled
983,216506.3509460888,156.91671650589447,161.70729325957927,581.0066985645932,598.7444976076555,186.68984487005181,192.3893780421591,192.74189805881406,310.021297521303,61.582285265841286,211.47714054933854,35.93194395581841,50.42628699590131,192.74189805881406,38.50331623693761,52.74670005139858,890.2366938270915,19.976619834463055,27.366494043398507,183.18477590083293,dasymetric_v2 preferred=M3_folk ages=M6_scaled
984,216506.3509460888,411.4445801308156,505.4472481311529,863.8654393123334,973.7101985746151,2900.4253051820424,3008.5033966154583,3014.0159549400087,310.02129752131884,942.0985319035491,3570.3707263174715,606.6393772219715,851.3475189770934,3014.0159549400087,650.0518817372302,890.5230763200368,13921.143383412871,21.567632403265396,29.546063777813075,2845.9703307199493,dasymetric_v2 preferred=M3_folk ages=M6_scaled
985,216506.3509460888,601.3973536077648,761.9785247182758,25.336624775583484,32.12971274685817,7.49279904474191,9.501718682335689,9.519128926405472,310.021297521303,4.475965744525926,34.45199703299963,5.853716497868719,8.215007472936128,9.519128926405472,6.272621869719952,8.593028773468488,43.96697318489186,65.89491452647614,90.2711670353782,7.352123061843118,dasymetric_v2 preferred=M3_folk ages=M6_scaled
986,216506.3509460888,488.74908042332476,609.8469985689799,187.49102333931776,237.75987432675043,50.285385239208,63.76756957216482,63.884412533644216,310.02129752131884,33.684049236764686,64.01038183697621,7.6097247864860424,9.16658106642429,63.884412533644216,8.154294137005342,9.588389921447344,295.06946218659317,12.764137312385785,15.008966258236617,49.34128598447966,dasymetric_v2 preferred=M3_folk ages=M6_scaled
987,216506.3509460888,603.0922160586235,764.2674369578889,1587.7618192698983,2013.4619988031118,1170.2683836054866,1484.032989201041,1486.7522211014373,310.021297521303,783.9132118820992,1489.6838461112284,177.09758577368893,213.3295779034579,1486.7522211014373,189.77109499633298,223.14613920869817,6867.014360570173,12.764137312385786,15.008966258236617,1148.296800738252,dasymetric_v2 preferred=M3_folk ages=M6_scaled
988,216506.3509460888,546.4795374664587,687.8430689114587,247.88154393137427,312.7346086703069,440.82327611841754,558.374918923785,559.3980436810966,234.55197645442547,650.0241395682516,558.512929629613,66.39750556401574,79.98162015553788,559.3980436810966,71.14906327413294,83.6620496827767,2583.7488888276985,12.718861654563423,14.955727970059014,432.54689671970107,dasymetric_v2 preferred=M3_folk ages=M6_scaled
989,216506.3509460888,148.7803341996704,150.94648465928245,21.130181347150263,21.43782383419689,11.20751721923489,11.370691799438312,11.391526611127542,170.20169233919535,35.75876602383857,2.5720633751252184,0.30577374882642816,0.36833130438298195,11.391526611127542,0.3276556192588478,0.38528041601414525,52.61520764332725,2.8763100016707615,3.3821666679669895,10.99709805661536,dasymetric_v2 preferred=M3_folk ages=M6_scaled
990,216506.3509460888,148.7803341996704,150.94648465928245,0.0,0.0,0.0,0.0,0.0,170.20169233920402,0.02326893733437902,0.0,0.0,0.0,0.0,0.0,0.0,0.0,,,0.0,dasymetric_v2 preferred=M3_folk ages=M6_scaled
991,216506.3509460888,148.7803341996704,150.94648465928245,2.113018134715026,2.143782383419689,1.0033059122011225,1.017913431229338,1.0197785802483845,170.20169233919535,6.727836806708634,0.9989866217426963,0.1922367458722866,0.20819098111843304,1.0197785802483845,0.20599364809712462,0.21777108505635065,4.710155502562208,20.19984064059782,21.35474202677495,0.9844690203394478,dasymetric_v2 preferred=M3_folk ages=M6_scaled
992,216506.3509460888,148.7803341996704,150.94648465928245,48.5994170984456,49.30699481865285,23.73703752278185,24.082634237672927,24.1267614691706,245.67101340609736,84.9272015202364,23.634848192053674,4.548095246460804,4.925553682696104,24.1267614691706,4.873567368509619,5.152207671156719,111.43673783120704,20.19984064059782,21.35474202677495,23.291378822383876,dasymetric_v2 preferred=M3_folk ages=M6_scaled
993,216506.3509460888,148.7803341996704,150.94648465928245,390.90835492227984,396.5997409326425,372.13796643436336,377.5560670950936,378.2478728091875,310.021297521303,402.6532492019981,370.5358907881512,71.30287065280606,77.22048420248703,378.2478728091875,76.40546753390701,80.77385746016581,1747.0520894944705,20.19984064059782,21.354742026774947,365.15114163237575,dasymetric_v2 preferred=M3_folk ages=M6_scaled
994,216506.3509460888,127.22165287786821,129.6220401157514,128.89410621761658,130.77072538860105,35.74719947177764,36.26765678209471,36.33411094449685,167.6168801644979,38.67846690058683,35.593305693503005,6.849282174990823,7.417722191966758,36.33411094449685,7.339432508966375,7.759055659919505,167.82006987658406,20.19984064059782,21.35474202677495,35.076052095270796,dasymetric_v2 preferred=M3_folk ages=M6_scaled
995,216506.3509460888,107.21863757226645,109.83635915407109,0.0,0.0,0.0,0.0,0.0,46.19317333067414,0.02326893733437902,0.0,0.0,0.0,0.0,0.0,0.0,0.0,,,0.0,dasymetric_v2 preferred=M3_folk ages=M6_scaled
996,216506.3509460888,107.21863757226645,109.83635915407109,8.5625,8.77155172413793,15.28673327330336,15.659955807285344,15.688649947981565,188.59759068749742,118.72138881280814,7.357242649540328,1.4157670931300166,1.533265343295754,15.688649947981565,1.5170826318682353,1.6038199911208884,72.4627701655187,9.669937419079305,10.2228043613608,14.999727547446781,dasymetric_v2 preferred=M3_folk ages=M6_scaled
997,216506.3509460888,107.21863757226645,109.83635915407109,104.890625,107.45150862068965,63.45459490523766,65.00382614254148,65.12293432880207,310.021297521303,77.88385864168117,30.539608665863483,5.876790401754549,6.364520758073509,65.12293432880207,6.297346995063274,6.657390170810907,300.7899493212466,9.669937419079305,10.222804361360799,62.263246057572616,dasymetric_v2 preferred=M3_folk ages=M6_scaled
998,216506.3509460888,107.21863757226645,109.83635915407109,40.671875,41.66487068965517,33.76023762035447,34.584487066408926,34.647857113553535,310.02129752131884,46.68738420864878,16.248223583050326,3.1266741313933673,3.386165075249808,34.647857113553535,3.3504260999326445,3.541982648122409,160.03159705084602,9.669937419079307,10.2228043613608,33.12639510278782,dasymetric_v2 preferred=M3_folk ages=M6_scaled
999,216506.3509460888,108.274214117541,112.1688955585735,71.53011632492114,77.00242371913413,55.97007307809112,60.153245120330986,60.26346546194996,310.021297521303,100.99555257521685,27.87760313851383,5.36453601422428,5.80975302603439,60.26346546194996,5.748434509251524,6.077094279454868,278.34502405407903,9.538838274876602,10.084209782611845,54.91924481002178,dasymetric_v2 preferred=M3_folk ages=M6_scaled
1000,216506.3509460888,103.55329423350412,111.701277067805,189.99369085173504,207.15141955835963,149.17595617736686,162.64756449324483,162.94558781827206,310.02129752131884,273.9940376813414,75.07678281990992,14.44715685449608,15.646164557465296,162.94558781827206,15.48102851816979,16.36613754517609,752.613431921202,9.500735015565613,10.04392801566908,146.37520386373782,dasymetric_v2 preferred=M3_folk ages=M6_scaled
1001,216506.3509460888,26.393439388352935,27.727455667756217,37.03252032520325,37.96747967479675,32.649415585113815,33.47371477112657,33.53504952156189,310.021297521303,72.35507061869923,13.17815411820717,2.3328300346867987,2.550588315309801,33.53504952156189,2.499772699829875,2.6679560371594127,154.89175894850445,7.454209060352235,7.955724160908151,32.03642855568985,dasymetric_v2 preferred=M3_folk ages=M6_scaled
1002,216506.3509460888,13.487263347382367,13.82777603343044,12.961382113821138,13.288617886178862,10.18763642619813,10.444843492940784,10.463981848912198,167.6168801644979,47.08081820910401,4.111995284409078,0.7279157623985211,0.795863140690727,10.463981848912198,0.7800070830552265,0.8324855321469514,48.33106189812319,7.454209060352237,7.955724160908153,9.996365345909826,dasymetric_v2 preferred=M3_folk ages=M6_scaled
1003,216506.3509460888,13.487263347382367,13.82777603343044,1.8516260162601625,1.8983739837398375,1.5673286809535585,1.6068989989139668,1.6098433613711076,46.19317333067414,15.959392497991406,0.6326146591398581,0.11198704036900324,0.12244048318318876,1.6098433613711076,0.12000108970080407,0.12807469725337714,7.435547984326645,7.454209060352235,7.955724160908153,1.5379023609092037,dasymetric_v2 preferred=M3_folk ages=M6_scaled
1004,216506.3509460888,13.487263347382367,13.82777603343044,1.8516260162601625,1.8983739837398375,2.3314014129184186,2.390262260884526,2.3946420000395228,32.80615407269099,6.244053583510243,0.941014305470539,0.1665807225488923,0.18213021873499327,2.3946420000395228,0.17850162092994604,0.1905111121643985,11.060377626685886,7.454209060352234,7.955724160908152,2.287629761852441,dasymetric_v2 preferred=M3_folk ages=M6_scaled
1005,216506.3509460888,13.487263347382367,13.82777603343044,1.8516260162601625,1.8983739837398375,3.330573447026312,3.4146603726921794,3.4209171429136034,21.391469528969907,8.920076547871776,1.3443061506721985,0.23797246078413187,0.2601860267642761,3.4209171429136034,0.25500231561420866,0.2721587316634264,15.800539466694119,7.454209060352235,7.955724160908152,3.2680425169320584,dasymetric_v2 preferred=M3_folk ages=M6_scaled
1006,216506.3509460888,13.487263347382367,13.82777603343044,3.703252032520325,3.796747967479675,3.526489532145507,3.615522747556425,3.6221475630849915,34.77848878695651,23.60435348638849,1.4233829830646807,0.2519708408302573,0.2754910871621747,3.6221475630849915,0.27000245182680915,0.28816806882009854,16.729982964734948,7.454209060352235,7.955724160908153,3.460280312045709,dasymetric_v2 preferred=M3_folk ages=M6_scaled
1007,216506.3509460888,13.487263347382367,13.82777603343044,3.703252032520325,3.796747967479675,4.0162797449434935,4.11767868471704,4.125223613513463,46.19317333067414,26.88273591505356,1.6210750640458864,0.28696679094557076,0.3137537381569212,4.125223613513463,0.3075027923583104,0.32819141171177896,19.05359170983703,7.454209060352234,7.9557241609081535,3.940874799829835,dasymetric_v2 preferred=M3_folk ages=M6_scaled
1008,216506.3509460888,13.487263347382367,13.82777603343044,3.703252032520325,3.796747967479675,1.5379412681856794,1.57676964268433,1.5796587983453994,46.1931733306765,16.452391536262795,0.6207531342809857,0.10988728336208443,0.12014472412350397,1.5796587983453994,0.117751069268914,0.1256732966798763,7.29613145962052,7.454209060352235,7.955724160908151,1.5090666916421565,dasymetric_v2 preferred=M3_folk ages=M6_scaled
1009,216506.3509460888,13.487263347382367,13.82777603343044,3.703252032520325,3.796747967479675,2.9191496682760034,2.992849385477263,2.9983332605536877,46.19317333067414,31.22810622806569,1.1782448026479857,0.20857586268726852,0.22804539992868905,2.9983332605536877,0.22350202956774756,0.23853912363441493,13.848708120808375,7.454209060352234,7.955724160908153,2.864343147193393,dasymetric_v2 preferred=M3_folk ages=M6_scaled
1010,216506.3509460888,1.959785078491396,2.0092637357968868,1.8516260162601625,1.8983739837398375,1.400800008602243,1.4361659802793578,1.4387975042254273,21.25984996267848,14.985299297360383,0.5653993516062481,0.10008841732979663,0.10943118184497495,1.4387975042254273,0.10725097392009363,0.11446676067020582,6.6455210109919385,7.454209060352234,7.9557241609081535,1.374500235062601,dasymetric_v2 preferred=M3_folk ages=M6_scaled
1011,216506.3509460888,0.0,0.0,0.0,0.0,0.0,0.0,0.0,0.0,0.02326893733437902,0.0,0.0,0.0,0.0,0.0,0.0,0.0,,,0.0,dasymetric_v2 preferred=M3_folk ages=M6_scaled
1012,216506.3509460888,0.0,0.0,0.0,0.0,0.0,0.0,0.0,1.994335226310893,0.02326893733437902,0.0,0.0,0.0,0.0,0.0,0.0,0.0,,,0.0,dasymetric_v2 preferred=M3_folk ages=M6_scaled
1013,216506.3509460888,18.912630034684167,10.845574632641801,0.0,0.0,0.0,0.0,0.0,1.994335226310893,0.02326893733437902,0.0,0.0,0.0,0.0,0.0,0.0,0.0,,,0.0,dasymetric_v2 preferred=M3_folk ages=M6_scaled
1014,216506.3509460888,58.37098001026299,33.473230265740874,63.82112359550562,36.59865168539326,17.752258969065775,10.180152056794723,10.19880541182467,1.994335226310893,138.4105534098042,16.363797948361334,2.8135744890744085,3.529583086634161,10.19880541182467,3.014920329448807,3.6920001742804107,47.10626439944123,29.56150458516697,36.20031979431476,17.41896343234646,dasymetric_v2 preferred=M3_folk ages=M6_scaled
1015,216506.3509460888,90.76783787849426,52.05142585401294,17.72808988764045,10.16629213483146,5.078184923681122,2.9121192286390416,2.9174551797680905,2.4392332754290718,34.64357145704384,4.681003819307493,0.8048469536732646,1.0096673132505982,2.9174551797680905,0.8624436467373352,1.056128104931849,13.475148267103501,29.56150458516696,36.200319794314744,4.982842895793428,dasymetric_v2 preferred=M3_folk ages=M6_scaled
1016,216506.3509460888,59.158074168144566,35.84569788649059,24.0422260132949,16.684616742161303,9.806938318707429,8.113470679283028,8.128337200751607,22.462253543091677,55.30075140574048,6.387795825625388,1.0983110053736245,1.3778131567102025,8.128337200751607,1.1769086587245945,1.4412145258636784,37.543181367347536,14.479082617485021,17.73074234334684,9.622814778362365,dasymetric_v2 preferred=M3_folk ages=M6_scaled
1017,216506.3509460888,57.089233631128295,34.78504247450101,0.0,0.0,0.0,0.0,0.0,22.978077368155567,0.02326893733437902,0.0,0.0,0.0,0.0,0.0,0.0,0.0,,,0.0,dasymetric_v2 preferred=M3_folk ages=M6_scaled
1018,216506.3509460888,86.9246665495059,50.08110460577862,3.54561797752809,2.033258426966292,2.077717056620435,1.1914807915009313,1.1936639724682918,46.1931733306636,25.833840340298323,1.9152121523039083,0.32929959596740066,0.4131009464563217,1.1936639724682918,0.3528650299527003,0.4321101753030429,5.513297726612742,29.56150458516697,36.20031979431476,2.0387082846808244,dasymetric_v2 preferred=M3_folk ages=M6_scaled
1019,216506.3509460888,82.99707715241472,76.19186520961154,2.131710016602103,2.105700055340343,0.9011878370136596,0.8901920352640121,0.8918231570769254,51.68024926978637,11.017373086303698,0.8167816531884314,0.14043659239786205,0.17617540363578427,0.8918231570769254,0.15048655689159277,0.18428228064394475,4.119154718463635,16.874035586251587,20.663545141388298,0.8842681940349387,dasymetric_v2 preferred=M3_folk ages=M6_scaled
1020,216506.3509460888,81.58232371179052,80.5869007589208,8.526840066408411,8.422800221361372,4.580520247441842,4.524631241307427,4.532921839763406,303.98475264159316,11.136992011255836,4.151503988964648,0.7138053006705126,0.895457051583262,4.532921839763406,0.7648868443386474,0.9366623505833606,20.93666915522551,16.874035586251587,20.6635451413883,4.494521786232758,dasymetric_v2 preferred=M3_folk ages=M6_scaled
1021,216506.3509460888,81.58232371179052,80.5869007589208,394.366353071389,389.5545102379635,252.17721715054648,249.10028848853307,249.55672136825,303.98475264158355,597.4526140752984,228.55803846979728,39.29803266581553,49.29873794842722,249.55672136825,42.110289971561215,51.56726577329695,1152.6531220804277,16.874035586251583,20.663545141388294,247.44263429632858,dasymetric_v2 preferred=M3_folk ages=M6_scaled
1022,216506.3509460888,116.13543832333545,116.4252666393642,238.7515218594355,235.83840619811843,863.8662303842319,853.3258064932509,854.8893773648776,310.02129752123216,665.9951263752448,782.9556267925933,134.6205804161437,168.87931191969543,854.8893773648776,144.25433775963407,176.65045240072484,3948.5648971920905,16.874035586251587,20.6635451413883,847.647293999216,dasymetric_v2 preferred=M3_folk ages=M6_scaled
1023,216506.3509460888,360.46817933248036,369.84630457761574,394.48764195056776,404.75083500334006,146.14091049997785,149.9429874673398,150.21773186839346,310.0212975212226,129.91549134759163,144.79567169109401,24.896017983358924,31.231646554881618,150.21773186839346,26.677634102747533,32.66880016519035,693.8259834502428,17.759310948803268,21.74763242585213,143.39714063459812,dasymetric_v2 preferred=M3_folk ages=M6_scaled
1024,216506.3509460888,280.01178270534183,287.5766189873375,75.03841015364061,76.99064796259185,36.2267995217218,37.16929453965724,37.237400796164295,310.02129752123216,67.62001480272951,35.89332892494266,6.171461839718462,7.741997737704947,37.237400796164295,6.61310579664296,8.098253050091145,171.9921869887161,17.759310948803265,21.74763242585213,35.54664773871462,dasymetric_v2 preferred=M3_folk ages=M6_scaled
1025,216506.3509460888,156.91671650589447,161.70729325957927,448.20516746411477,461.8886124401914,106.34056726022338,109.58708337930972,109.78788261703882,310.0212975212226,255.7224571799126,120.45968062290783,20.467226300841183,28.72336182883177,109.78788261703882,21.93190793471239,30.045094356765276,507.0885086617001,19.97661983446305,27.36649404339851,104.3440418320064,dasymetric_v2 preferred=M3_folk ages=M6_scaled
1026,216506.3509460888,156.91671650589447,161.70729325957927,309.1785645933014,318.6176076555024,92.6754890857718,95.50481825819298,95.67981419853865,310.02129752123216,30.570320576375845,104.98025452060581,17.83712703937333,25.032324673993667,95.67981419853865,19.113592740762673,26.184210653377843,441.92613186835996,19.976619834463058,27.366494043398507,90.9355230944356,dasymetric_v2 preferred=M3_folk ages=M6_scaled
1027,216506.3509460888,156.91671650589447,161.70729325957927,560.2564593301435,577.3607655502393,1449.059746720274,1493.2987041233741,1496.0349138320673,310.0212975212226,458.3572089606423,1641.4551736054868,278.89858521242905,391.401592910351,1496.0349138320673,298.85720732706903,409.4123055810147,6909.889281744848,19.976619834463055,27.36649404339851,1421.8539050939726,dasymetric_v2 preferred=M3_folk ages=M6_scaled
1028,216506.3509460888,585.1857316715711,740.0847245135401,1097.1873570821128,1364.2433808938863,904.3974047366504,1044.3026095419498,1046.2161121326587,310.02129752123216,386.9011201886409,2662.3291958839495,452.3546290154356,634.826893159593,1046.2161121326587,484.7261632612998,664.0390501242338,4832.26523176298,46.33136095306447,63.47054326764512,887.4175026890001,dasymetric_v2 preferred=M3_folk ages=M6_scaled
1029,216506.3509460888,609.4265757240605,772.8219915537088,646.9284859365649,820.3786654697785,1873.6753762341853,2376.032804388382,2380.386470543445,310.02129752122255,1172.6085062067984,2385.080191804438,283.5446896654303,341.55445258520217,2380.386470543445,303.8357976656188,357.271402179495,10994.53415634987,12.764137312385781,15.00896625823661,1838.4974509206834,dasymetric_v2 preferred=M3_folk ages=M6_scaled
1030,216506.3509460888,609.4265757240605,772.8219915537088,677.3324356672651,858.9343207660083,246.39200357750565,312.45299514784307,313.02551082503015,310.02129752123216,164.51292959715008,313.6427444186396,37.28668534399069,44.91508346148413,313.02551082503015,39.95500602450388,46.98189329940157,1445.8029035045497,12.764137312385786,15.008966258236613,241.7660370895892,dasymetric_v2 preferred=M3_folk ages=M6_scaled
1031,216506.3509460888,609.4265757240605,772.8219915537088,258.4335727109515,327.72307001795326,164.94372449813844,209.16734310361807,209.55060581814487,307.1133407074212,110.91477990955161,209.96380432433457,24.961056631423325,30.067782414665544,209.55060581814487,26.74732706556429,31.45137972117578,967.8727894237342,12.764137312385785,15.008966258236617,161.84693511032663,dasymetric_v2 preferred=M3_folk ages=M6_scaled
1032,216506.3509460888,400.82553570575055,491.20919238963563,45.60592459605027,57.833482944344695,12.909703324318887,16.370967448562755,16.400964394217212,176.2382372187955,228.4681980870107,16.43330433406755,1.9536350155403122,2.3533247583352925,16.400964394217212,2.093441615833386,2.4616152119534624,75.7528096637735,12.764137312385783,15.008966258236613,12.667325917259664,dasymetric_v2 preferred=M3_folk ages=M6_scaled
1033,216506.3509460888,148.7803341996704,150.94648465928245,0.0,0.0,0.0,0.0,0.0,176.23823721879023,0.02326893733437902,0.0,0.0,0.0,0.0,0.0,0.0,0.0,,,0.0,dasymetric_v2 preferred=M3_folk ages=M6_scaled
1034,216506.3509460888,148.7803341996704,150.94648465928245,0.0,0.0,0.0,0.0,0.0,176.2382372187955,0.02326893733437902,0.0,0.0,0.0,0.0,0.0,0.0,0.0,,,0.0,dasymetric_v2 preferred=M3_folk ages=M6_scaled
1035,216506.3509460888,148.7803341996704,150.94648465928245,293.70952072538864,297.9857512953368,122.86956344773628,124.65846896919759,124.88688389524185,179.14619403259164,734.8097751333042,122.34060281212466,23.542216543030204,25.496047270027397,124.88688389524185,25.226951527847277,26.669271881106848,576.827808281427,20.19984064059782,21.35474202677495,120.5627090261586,dasymetric_v2 preferred=M3_folk ages=M6_scaled
1036,216506.3509460888,148.7803341996704,150.94648465928245,629.6794041450778,638.8471502590673,1188.3155224110094,1205.616667948028,1207.8257504461865,310.02129752123216,769.4960790903536,1183.1997547920494,227.68520181113624,246.5813980366721,1207.8257504461865,243.97887680623438,257.92807314074173,5578.708177234678,20.19984064059782,21.35474202677495,1166.005107690042,dasymetric_v2 preferred=M3_folk ages=M6_scaled
1037,216506.3509460888,148.7803341996704,150.94648465928245,659.2616580310881,668.860103626943,198.47751663131618,201.3672276014273,201.73619796325391,304.5342215820984,209.2071878874062,197.62305934827575,38.02895155108823,41.18507467654649,201.73619796325391,40.75039050297824,43.0802446496769,931.7795855951001,20.199840640597824,21.35474202677495,194.75113620009193,dasymetric_v2 preferred=M3_folk ages=M6_scaled
1038,216506.3509460888,113.05358261805259,115.60790706027703,0.0,0.0,0.0,0.0,0.0,57.58363828093588,0.02326893733437902,0.0,0.0,0.0,0.0,0.0,0.0,0.0,,,0.0,dasymetric_v2 preferred=M3_folk ages=M6_scaled
1039,216506.3509460888,107.21863757226645,109.83635915407109,0.0,0.0,0.0,0.0,0.0,63.070714220058655,0.02326893733437902,0.0,0.0,0.0,0.0,0.0,0.0,0.0,,,0.0,dasymetric_v2 preferred=M3_folk ages=M6_scaled
1040,216506.3509460888,107.21863757226645,109.83635915407109,231.1875,236.83189655172413,335.6243803646667,343.81858245260344,344.44857010392747,310.02129752123216,411.3213675491327,161.53026034390138,31.083551003161258,33.663256994020514,344.44857010392747,33.3079611699633,35.21230344722922,1590.939797372027,9.669937419079307,10.222804361360803,329.32309171263347,dasymetric_v2 preferred=M3_folk ages=M6_scaled
1041,216506.3509460888,107.21863757226645,109.83635915407109,777.046875,796.0183189655172,768.7810493772146,787.5506848641489,788.9937342849132,310.02129752122255,948.7976424662039,370.0011391259243,71.19996745354501,77.10904079494716,788.9937342849132,76.29520034580796,80.65728587934154,3644.205959026933,9.669937419079304,10.222804361360799,754.3473205251111,dasymetric_v2 preferred=M3_folk ages=M6_scaled
1042,216506.3509460888,102.37242551591804,104.91759279744103,179.8125,184.20258620689654,158.8623695039537,162.7409624669246,163.03915692746656,310.02129752123216,276.9926506231337,76.45773491467189,14.712895885554829,15.933957972540778,163.03915692746656,15.76578444348052,16.66717404510693,753.0456091242523,9.669937419079305,10.222804361360799,155.8797564854873,dasymetric_v2 preferred=M3_folk ages=M6_scaled
1043,216506.3509460888,73.44827176709498,75.76326638459419,119.24463007159906,122.75656324582339,154.53002123063686,159.0811620882806,159.3726506022492,310.02129752122255,566.3669208897264,107.0739849010406,18.954506501456102,20.723817031774594,159.3726506022492,20.310934438671715,21.67744297699192,736.1107418134529,12.744303594072916,13.60173335580201,151.62874728825798,dasymetric_v2 preferred=M3_folk ages=M6_scaled
1044,216506.3509460888,69.92428545934541,71.98366052421129,231.8645584725537,238.69331742243438,198.41081821980262,204.25431435218806,204.62857479748925,310.02129752123216,754.8329314379811,137.47902695595005,24.336883629191323,26.6086127547666,204.62857479748925,26.078486812416617,27.833033113732352,945.1389019458503,12.744303594072921,13.601733355802006,194.68569003951177,dasymetric_v2 preferred=M3_folk ages=M6_scaled
1045,216506.3509460888,31.752206811506376,32.64900193409821,15.52622387799057,15.936783281913964,11.96997645698916,12.278564071205096,12.301062400660332,304.5342215820984,28.937686509068726,5.2704708789589425,0.9329920300742582,1.0200822755199412,12.301062400660332,0.9997590785698239,1.0670223214921983,56.81617350672249,8.127420591868194,8.674228995333928,11.745242256417741,dasymetric_v2 preferred=M3_folk ages=M6_scaled
1046,216506.3509460888,13.487263347382367,13.82777603343044,5.554878048780488,5.695121951219512,4.662802825836836,4.780524521769051,4.789284000079045,46.1931733306636,47.47919268152444,1.8820286109410778,0.3331614450977846,0.36426043746998654,4.789284000079045,0.3570032418598921,0.381022224328797,22.120755253371765,7.454209060352235,7.955724160908153,4.575259523704881,dasymetric_v2 preferred=M3_folk ages=M6_scaled
1047,216506.3509460888,13.487263347382367,13.82777603343044,11.109756097560975,11.390243902439025,8.248067183518103,8.45630598178475,8.471800689215453,45.67734950559762,83.98630302067978,3.329134643723503,0.5893317999418796,0.6443430427515308,8.471800689215453,0.6315057345504814,0.6739930942958972,39.12957126751896,7.454209060352236,7.9557241609081535,8.093211174284686,dasymetric_v2 preferred=M3_folk ages=M6_scaled
1048,216506.3509460888,13.487263347382367,13.82777603343044,0.0,0.0,0.0,0.0,0.0,20.467918316780782,0.02326893733437902,0.0,0.0,0.0,0.0,0.0,0.0,0.0,,,0.0,dasymetric_v2 preferred=M3_folk ages=M6_scaled
1049,216506.3509460888,11.59261208688492,11.885290547914943,9.258130081300813,9.491869918699187,7.719093753696276,7.913977569651287,7.928478554752705,20.983742141844676,20.673589175655763,3.115627196263801,0.551536173817341,0.6030193796772045,7.928478554752705,0.5910053667764601,0.6307678839728823,36.62007382280873,7.454209060352236,7.955724160908151,7.5741691274778296,dasymetric_v2 preferred=M3_folk ages=M6_scaled
1050,216506.3509460888,5.958147191675184,6.108572422639541,0.0,0.0,0.0,0.0,0.0,44.1988381043527,0.02326893733437902,0.0,0.0,0.0,0.0,0.0,0.0,0.0,,,0.0,dasymetric_v2 preferred=M3_folk ages=M6_scaled
1051,216506.3509460888,12.069076892977515,12.37378465207574,0.0,0.0,0.0,0.0,0.0,44.198838104351275,0.02326893733437902,0.0,0.0,0.0,0.0,0.0,0.0,0.0,,,0.0,dasymetric_v2 preferred=M3_folk ages=M6_scaled
1052,216506.3509460888,13.487263347382367,13.82777603343044,9.258130081300813,9.491869918699187,8.532145506940935,8.747556425337907,8.763584798463967,44.466534107884364,91.27409572028596,3.4437960506926024,0.6096294510087614,0.6665353803284837,8.763584798463967,0.6532559320587522,0.6972066331730717,40.47726433967817,7.454209060352236,7.955724160908151,8.37195597719948,dasymetric_v2 preferred=M3_folk ages=M6_scaled
1053,216506.3509460888,9.84264016355914,10.091137116096858,1.8516260162601625,1.8983739837398375,1.9297734384240692,1.9784943924128218,1.9821196386881763,43.505812233700205,20.644083647412554,0.7789067990659503,0.13788404345433522,0.15075484491930116,1.9821196386881763,0.147751341694115,0.1576919709932206,9.155018455702182,7.454209060352234,7.955724160908152,1.8935422818694576,dasymetric_v2 preferred=M3_folk ages=M6_scaled
1054,216506.3509460888,0.0,0.0,0.0,0.0,0.0,0.0,0.0,0.0,0.02326893733437902,0.0,0.0,0.0,0.0,0.0,0.0,0.0,,,0.0,dasymetric_v2 preferred=M3_folk ages=M6_scaled
1055,216506.3509460888,0.0,0.0,0.0,0.0,0.0,0.0,0.0,0.0,0.02326893733437902,0.0,0.0,0.0,0.0,0.0,0.0,0.0,,,0.0,dasymetric_v2 preferred=M3_folk ages=M6_scaled
1056,216506.3509460888,0.0,0.0,0.0,0.0,0.0,0.0,0.0,23.79033200862769,0.02326893733437902,0.0,0.0,0.0,0.0,0.0,0.0,0.0,,,0.0,dasymetric_v2 preferred=M3_folk ages=M6_scaled
1057,216506.3509460888,41.036236880686516,23.532505469416378,17.72808988764045,10.16629213483146,4.662641512357036,2.6738230703388552,2.678722385274432,44.336840595319394,45.86967850467449,4.297961388846712,0.7389870344797844,0.9270471239593339,2.678722385274432,0.7918706407467951,0.9697060698712404,12.372488721780952,29.561504585166965,36.20031979431475,4.575101238857263,dasymetric_v2 preferred=M3_folk ages=M6_scaled
1058,216506.3509460888,90.76783787849426,52.05142585401294,14.18247191011236,8.133033707865168,4.595421254642845,2.6352751623785307,2.6401038449886927,44.33684059532058,43.13804945269557,4.235998642742762,0.7283332240220156,0.9136820933386881,2.6401038449886927,0.7804544191895019,0.9557260347879066,12.194117324743479,29.561504585166972,36.20031979431476,4.509143029647001,dasymetric_v2 preferred=M3_folk ages=M6_scaled
1059,216506.3509460888,90.76783787849426,52.05142585401294,7.09123595505618,4.066516853932584,1.3077395591669796,0.7499320275917627,0.7513061473771013,44.336840595319394,10.196164691806576,1.205457060567754,0.20726503981477573,0.2600105957107437,0.7513061473771013,0.22209740120552315,0.2719752279848564,3.4701344514562553,29.561504585166972,36.20031979431475,1.2831869791814603,dasymetric_v2 preferred=M3_folk ages=M6_scaled
1060,216506.3509460888,90.76783787849426,52.05142585401294,10.63685393258427,6.099775280898877,3.6726704442025926,2.106117516741352,2.1099766101571866,44.86614531878461,51.85104496683021,3.3854191280430848,0.5820854622835523,0.7302166730007336,2.1099766101571866,0.6237408323575673,0.7638182804621436,9.745564510865465,29.56150458516697,36.200319794314765,3.603716703215223,dasymetric_v2 preferred=M3_folk ages=M6_scaled
1061,216506.3509460888,90.76783787849426,52.05142585401294,3.54561797752809,2.033258426966292,1.0816350559465207,0.6202708826343084,0.6214074209614343,45.196484613699624,15.270607253126368,0.9970369145817405,0.17142949554773507,0.21505549271402633,0.6214074209614343,0.18369738324008222,0.22495147361364293,2.8701579341483985,29.56150458516697,36.20031979431476,1.0613275482014883,dasymetric_v2 preferred=M3_folk ages=M6_scaled
1062,216506.3509460888,90.76783787849426,52.05142585401294,0.0,0.0,0.0,0.0,0.0,45.810171249601574,0.02326893733437902,0.0,0.0,0.0,0.0,0.0,0.0,0.0,,,0.0,dasymetric_v2 preferred=M3_folk ages=M6_scaled
1063,216506.3509460888,90.45133971369953,53.034650665938344,3.54561797752809,2.033258426966292,1.5216221973484951,0.8725844620109763,0.8741833210135432,46.193173330662205,26.326028238812256,1.4026112527166856,0.2411635276349493,0.30253569314007095,0.8741833210135432,0.25842174252418343,0.3164571577954638,4.037679805666391,29.561504585166965,36.20031979431475,1.4930540084868393,dasymetric_v2 preferred=M3_folk ages=M6_scaled
1064,216506.3509460888,84.65274825510441,71.04840123535269,10.63685393258427,6.099775280898877,2.285488762282479,1.3106288706510247,1.3130303697151213,116.58792803046398,39.54190586873809,2.106733367534299,0.3622295555641407,0.4544110411019539,1.3130303697151213,0.38815153294797033,0.4753211928333472,6.064627499274018,29.561504585166965,36.200319794314744,2.2425791131489077,dasymetric_v2 preferred=M3_folk ages=M6_scaled
1065,216506.3509460888,81.58232371179052,80.5869007589208,81.00498063087991,80.01660210293304,42.0512890016167,41.538202142043495,41.61431366056881,175.82052498102792,232.56270661854404,38.112721830847775,6.553061959751274,8.220708834480803,41.61431366056881,7.0220140960587365,8.598992488530554,192.20828155258593,16.874035586251587,20.663545141388298,41.261783454071704,dasymetric_v2 preferred=M3_folk ages=M6_scaled
1066,216506.3509460888,97.98191882584646,97.59650167612097,349.60044272274484,345.3348090758163,560.6817816587122,553.8406488087747,554.8554653060737,247.83018763802573,941.1183533817521,508.1677467523308,87.37383662060917,109.6090461254828,554.8554653060737,93.62650866800868,114.65280954298062,2562.767618046621,16.874035586251583,20.663545141388294,550.1550799205098,dasymetric_v2 preferred=M3_folk ages=M6_scaled
1067,216506.3509460888,318.805053346689,326.6334605377074,201.5317301269205,206.77488309953242,54.56761170895886,55.98727071431735,56.08985763364483,310.02129752122295,84.66479207510851,54.065312464155625,9.295933888515034,11.661596717905224,56.08985763364483,9.961172227900052,12.198216066348841,259.06795522876604,17.759310948803268,21.74763242585213,53.543114406180614,dasymetric_v2 preferred=M3_folk ages=M6_scaled
1068,216506.3509460888,360.46817933248036,369.84630457761574,403.063460253841,413.54976619906483,135.36724680040743,138.8890306009477,139.1435205518945,310.0212975212371,244.00927308865295,134.121180430459,23.060656999952382,28.929216279779475,139.1435205518945,24.710930479922926,30.260421394016035,642.6763923730902,17.759310948803268,21.74763242585213,132.82575057419885,dasymetric_v2 preferred=M3_folk ages=M6_scaled
1069,216506.3509460888,282.1467496644767,289.75970284190873,154.36472945891782,158.3807615230461,109.87431380364023,112.73286036933706,112.93942369533445,310.02129752122295,231.28256869811057,108.86291192772157,18.717776446076428,23.481143797690805,112.93942369533445,20.05726343784084,24.561650729137078,521.6448533810307,17.759310948803265,21.747632425852128,107.8114429062145,dasymetric_v2 preferred=M3_folk ages=M6_scaled
1070,216506.3509460888,207.1322668909878,213.05457843654068,31.745734723034584,32.627834424830525,10.974933026239052,11.27892041605467,11.29958707267251,310.0212975212371,26.424068853622177,11.454599687695646,1.9600886901488213,2.5761130567790214,11.29958707267251,2.1003571301915085,2.6946553236302946,52.19055710511775,18.587910484544324,23.847378725433114,10.76888059089474,dasymetric_v2 preferred=M3_folk ages=M6_scaled
1071,216506.3509460888,156.91671650589447,161.70729325957927,437.8300478468899,451.1967464114833,164.99588542938486,170.033114545519,170.34467060428616,310.02129752122295,525.525566010845,186.90281775797854,31.756536689587996,44.56659052663716,170.34467060428616,34.02910725488658,46.61736413416879,786.7883314272979,19.976619834463055,27.366494043398514,161.89811672927223,dasymetric_v2 preferred=M3_folk ages=M6_scaled
1072,216506.3509460888,236.183008705609,268.75644424652535,586.4715798636463,639.6910611930512,215.56660354306536,244.80632885560144,245.25489380239648,310.0212975212371,333.94621107891453,574.6712478681108,97.64201945316009,137.0291710868356,245.25489380239648,104.62950620319721,143.33469736125087,1132.7838316552027,42.661536567542626,58.44315484963843,211.51937851374126,dasymetric_v2 preferred=M3_folk ages=M6_scaled
1073,216506.3509460888,609.4265757240605,772.8219915537088,680.7106523040096,863.2182824655894,446.13436379820644,565.7489536314368,566.7855900226256,310.02129752122295,427.59055416190773,1287.8753420995204,203.9082273573189,279.2539438302986,566.7855900226256,218.50036755333684,292.1040768792696,2617.8705037791624,38.550797938355224,51.536962481281336,437.7582696633607,dasymetric_v2 preferred=M3_folk ages=M6_scaled
1074,216506.3509460888,609.4265757240605,772.8219915537088,1062.4491322561341,1347.3059545182525,2113.9014084307933,2680.6666487602897,2685.5785033610164,310.0212975212371,1111.402823803985,2690.8740119161525,319.89827396969,385.3455339882875,2685.5785033610164,342.79092780091526,403.07757140791085,12404.155774764036,12.764137312385785,15.008966258236617,2074.2132816564836,dasymetric_v2 preferred=M3_folk ages=M6_scaled
1075,216506.3509460888,609.4265757240605,772.8219915537088,488.1523040095751,619.0324655894673,256.59059472261373,325.3859649817237,325.98217807291377,310.02129752122295,92.90223613411696,326.62496003242325,38.83004573498664,46.77419644332241,325.98217807291377,41.60881282313266,48.926555114828425,1505.6471860914835,12.764137312385785,15.008966258236615,251.7731514814901,dasymetric_v2 preferred=M3_folk ages=M6_scaled
1076,216506.3509460888,608.9813900790781,771.9176164688664,297.28306403351286,376.9886295631358,25.48743372873441,32.32095559736852,32.3801781174548,306.561639111349,392.70854161628733,32.444026375855444,3.857032321952744,4.646133788936256,32.3801781174548,4.1330503969070245,4.859930008005706,149.55763642017888,12.764137312385785,15.008966258236613,25.008911647740703,dasymetric_v2 preferred=M3_folk ages=M6_scaled
1077,216506.3509460888,350.0999361698137,375.46627068993376,0.0,0.0,0.0,0.0,0.0,304.4024648793464,0.02326893733437902,0.0,0.0,0.0,0.0,0.0,0.0,0.0,,,0.0,dasymetric_v2 preferred=M3_folk ages=M6_scaled
1078,216506.3509460888,148.7803341996704,150.94648465928245,69.72959844559585,70.74481865284974,45.86878558604191,46.53660698537892,46.62187720994379,304.4024648793577,313.4302337815146,45.671317789319026,8.78861169952595,9.518001795602714,46.62187720994379,9.417544900063838,9.955981606223277,215.33722685831458,20.199840640597817,21.354742026774947,45.00760721222464,dasymetric_v2 preferred=M3_folk ages=M6_scaled
1079,216506.3509460888,148.7803341996704,150.94648465928245,86.63374352331607,87.89507772020725,40.498148056024135,41.08777626526893,41.163062456849495,304.4024648793464,83.15533056319713,40.323801167049304,7.759579706915474,8.403567720204045,41.163062456849495,8.314873019073348,8.79026579798046,190.1240415210698,20.19984064059782,21.35474202677495,39.73780245628995,dasymetric_v2 preferred=M3_folk ages=M6_scaled
1080,216506.3509460888,148.7803341996704,150.94648465928245,515.5764248704663,523.0829015544042,2013.84743056906,2043.1678146156594,2046.9115636696188,307.8621232892458,616.531484648187,2005.177699945725,385.8598579236286,417.88338660657905,2046.9115636696188,413.472873915232,437.1126839378724,9454.27953833701,20.199840640597824,21.354742026774954,1976.037799613814,dasymetric_v2 preferred=M3_folk ages=M6_scaled
1081,216506.3509460888,148.7803341996704,150.94648465928245,376.1172279792746,381.59326424870466,192.98294131214413,195.79265463393014,196.1514105620113,310.02129752122295,44.84023158828035,192.1521384962613,36.97617266634059,40.044922891715544,196.1514105620113,39.62227234781105,41.887627707397705,905.9845575193036,20.199840640597824,21.35474202677495,189.35972056517414,dasymetric_v2 preferred=M3_folk ages=M6_scaled
1082,216506.3509460888,146.7869388808328,148.97474773830072,405.699481865285,411.60621761658035,220.52073770232317,223.73138445814246,224.14133324106402,303.49320593184734,55.83282609247439,219.57138306715206,42.25250593834111,45.75915299700147,224.14133324106402,45.27619212440624,47.86480348900319,1035.2644726660992,20.19984064059782,21.35474202677495,216.38049967637332,dasymetric_v2 preferred=M3_folk ages=M6_scaled
1083,216506.3509460888,107.46071361562421,110.07580502206534,419.5625,429.8060344827586,585.1937318872871,599.4811197536518,600.5795644623487,299.4190212945334,77.5437510934419,281.6437106287291,54.19719268333502,58.69516084143682,600.5795644623487,58.075668035288174,61.39607390929867,2773.958185697269,9.669937419079305,10.222804361360799,574.2068225990649,dasymetric_v2 preferred=M3_folk ages=M6_scaled
1084,216506.3509460888,107.21863757226645,109.83635915407109,515.890625,528.4859913793103,416.85651811809106,427.03398659467166,427.8164519760692,305.947112883932,261.29970924394047,200.62589560539644,38.60679259309257,41.8108722727319,427.8164519760692,41.369583174611364,43.734838911228636,1975.9995496972638,9.669937419079305,10.2228043613608,409.0301103812944,dasymetric_v2 preferred=M3_folk ages=M6_scaled
1085,216506.3509460888,107.21863757226645,109.83635915407109,473.078125,484.62823275862064,428.07737105592315,438.5287944116806,439.3323220257457,310.02129752122295,507.44038248269817,206.02629975469958,39.6460018251904,42.93632822360154,439.3323220257457,42.48316060167758,44.91208377691561,2029.189075082337,9.669937419079305,10.222804361360799,420.0402937807381,dasymetric_v2 preferred=M3_folk ages=M6_scaled
1086,216506.3509460888,95.29249788556889,97.73166914601563,177.671875,182.00969827586206,170.81581349322204,174.9862473992987,175.30687921107196,310.0212975212371,212.00732827774914,82.2107225775313,15.819953380901703,17.132893093216932,175.30687921107196,16.952065511051607,17.921279293754974,809.7077912265229,9.669937419079305,10.2228043613608,167.608776668355,dasymetric_v2 preferred=M3_folk ages=M6_scaled
1087,216506.3509460888,71.039164298412,73.11523059616799,200.94928400954655,206.86754176610978,92.04125558325663,94.75200858476298,94.92562513253866,310.02129752122295,54.16169283449049,63.775465324536945,11.28969350720014,12.343531210905216,94.92562513253866,12.097609855462311,12.911530416856083,438.4426817861599,12.74430359407292,13.601733355802006,90.31319721426836,dasymetric_v2 preferred=M3_folk ages=M6_scaled
1088,216506.3509460888,69.92428545934541,71.98366052421129,713.2595465393796,734.2661097852028,2056.805367327021,2117.3813697692385,2121.2611022333267,310.0212975212371,2193.4242130361636,1425.1622117935115,252.2858043812951,275.8354510211274,2121.2611022333267,270.33995489159264,288.5282789061237,9797.685347168093,12.744303594072917,13.601733355802006,2018.189208672227,dasymetric_v2 preferred=M3_folk ages=M6_scaled
1089,216506.3509460888,69.92428545934541,71.98366052421129,0.0,0.0,0.0,0.0,0.0,310.02129752122295,0.02326893733437902,0.0,0.0,0.0,0.0,0.0,0.0,0.0,,,0.0,dasymetric_v2 preferred=M3_folk ages=M6_scaled
1090,216506.3509460888,33.95063159415741,34.91438258206868,1.8516260162601625,1.8983739837398375,2.537113302293573,2.601167754491984,2.6059339412194804,167.6168801644503,15.35839251542478,1.0240449794826452,0.18127902159732398,0.1982005321527868,2.6059339412194804,0.1942517639531766,0.20732091617890425,12.036293299628756,7.454209060352235,7.955724160908153,2.489479446721774,dasymetric_v2 preferred=M3_folk ages=M6_scaled
1091,216506.3509460888,13.487263347382367,13.82777603343044,3.703252032520325,3.796747967479675,3.6048559661931847,3.6958676975021234,3.702639731153547,46.193173330662205,21.82196311071938,1.4550137160216736,0.2575701928487074,0.28161311132133415,3.702639731153547,0.2760025063118493,0.2945718036827675,17.101760363951282,7.454209060352234,7.955724160908154,3.537175430091169,dasymetric_v2 preferred=M3_folk ages=M6_scaled
1092,216506.3509460888,12.370027918354575,12.682333782374503,7.40650406504065,7.59349593495935,7.474198647297283,7.662899601070979,7.676940529538469,21.789154686136314,39.921803906732336,3.016781155773198,0.5340381987596842,0.5838880541798314,7.676940529538469,0.5722551965107094,0.6107562125270423,35.45826945025769,7.454209060352236,7.955724160908153,7.333871883585767,dasymetric_v2 preferred=M3_folk ages=M6_scaled
1093,216506.3509460888,4.21215404986616,4.318498224560915,9.258130081300813,9.491869918699187,8.600716136732654,8.817858256540394,8.834015445523953,0.8596440183802287,28.68860910467001,3.4714729420299713,0.6145288840249052,0.6718921514677483,8.834015445523953,0.6585059797331623,0.7028099011779071,40.80256956399246,7.454209060352234,7.955724160908153,8.439239205489258,dasymetric_v2 preferred=M3_folk ages=M6_scaled
1094,216506.3509460888,0.0,0.0,12.961382113821138,13.288617886178862,12.14679727739008,12.453467241583244,12.476286050626085,1.4733306542809916,51.21480530502964,4.9027636083339,0.867899562859775,0.9489137446697129,12.476286050626085,0.9300084451812315,0.992578903713673,57.6254968785315,7.454209060352234,7.955724160908153,11.918743297046332,dasymetric_v2 preferred=M3_folk ages=M6_scaled
1095,216506.3509460888,0.0,0.0,3.703252032520325,3.796747967479675,3.9379133108958158,4.037333734771341,4.044731445444907,1.8563327353428127,26.35819472646715,1.5894443310888935,0.28136743892712063,0.30763171399776174,4.044731445444907,0.3015027378732702,0.3217876768491101,18.68181431062069,7.454209060352235,7.9557241609081535,3.863979681784375,dasymetric_v2 preferred=M3_folk ages=M6_scaled
1096,216506.3509460888,8.965537885953053,9.19189065365549,5.554878048780488,5.695121951219512,4.878310519467951,5.001473134119722,5.010637462267573,5.049665890864246,23.868375181502188,1.9690131265728081,0.3485596631485226,0.38109600390767495,5.010637462267573,0.3735033916937527,0.3986324952011363,23.143143101216683,7.454209060352235,7.955724160908152,4.786721098329897,dasymetric_v2 preferred=M3_folk ages=M6_scaled
1097,216506.3509460888,13.487263347382367,13.82777603343044,0.0,0.0,0.0,0.0,0.0,7.807586506526625,0.02326893733437902,0.0,0.0,0.0,0.0,0.0,0.0,0.0,,,0.0,dasymetric_v2 preferred=M3_folk ages=M6_scaled
1098,216506.3509460888,2.933069405166672,3.0071205537054575,0.0,0.0,0.0,0.0,0.0,3.4712619916428653,0.02326893733437902,0.0,0.0,0.0,0.0,0.0,0.0,0.0,,,0.0,dasymetric_v2 preferred=M3_folk ages=M6_scaled
1099,216506.3509460888,0.0,0.0,0.0,0.0,0.0,0.0,0.0,0.0,0.02326893733437902,0.0,0.0,0.0,0.0,0.0,0.0,0.0,,,0.0,dasymetric_v2 preferred=M3_folk ages=M6_scaled
1100,216506.3509460888,49.38619073893572,28.32084255329512,35.4561797752809,20.33258426966292,11.83687629021701,6.7879361562861895,6.800373866679652,46.19317333067414,116.44766351710942,10.911076291213735,1.8760391687907503,2.3534603920173387,6.800373866679652,2.0102928324070013,2.461757086947041,31.409581460143777,29.56150458516696,36.200319794314744,11.614641021843406,dasymetric_v2 preferred=M3_folk ages=M6_scaled
1101,216506.3509460888,86.65219073215461,49.69128037422582,3.54561797752809,2.033258426966292,0.7333119023366241,0.42052263229444636,0.4212931667535148,46.1931733306718,7.214104089857064,0.6759572302249088,0.11622338681202377,0.14580033404340767,0.4212931667535148,0.1245405988068354,0.15250947363636808,1.945869785863321,29.561504585166972,36.20031979431475,0.7195441004755853,dasymetric_v2 preferred=M3_folk ages=M6_scaled
1102,216506.3509460888,90.76783787849426,52.05142585401294,0.0,0.0,0.0,0.0,0.0,46.19317333067414,0.02326893733437902,0.0,0.0,0.0,0.0,0.0,0.0,0.0,,,0.0,dasymetric_v2 preferred=M3_folk ages=M6_scaled
1103,216506.3509460888,90.76783787849426,52.05142585401294,31.91056179775281,18.29932584269663,7.247565968093635,4.156165349176779,4.163780798080571,46.1931733306718,60.21609930298513,6.680710625389516,1.1486744729921683,1.440993301462346,4.163780798080571,1.23087625154089,1.507301964439438,19.231679716949156,29.56150458516697,36.20031979431476,7.111494193033701,dasymetric_v2 preferred=M3_folk ages=M6_scaled
1104,216506.3509460888,90.76783787849426,52.05142585401294,3.54561797752809,2.033258426966292,0.9899710681544426,0.5677055535975026,0.568745775117245,46.19317333067414,13.976487994386845,0.9125422608036269,0.15690157219623208,0.19683045095860036,0.568745775117245,0.16812980838922778,0.2058877894090969,2.6269242109154836,29.56150458516697,36.20031979431475,0.9713845356420401,dasymetric_v2 preferred=M3_folk ages=M6_scaled
1105,216506.3509460888,90.76783787849426,52.05142585401294,0.0,0.0,0.0,0.0,0.0,46.1931733306718,0.02326893733437902,0.0,0.0,0.0,0.0,0.0,0.0,0.0,,,0.0,dasymetric_v2 preferred=M3_folk ages=M6_scaled
1106,216506.3509460888,90.76783787849426,52.05142585401294,10.63685393258427,6.099775280898877,2.8293617565154747,1.622516489602739,1.6254894683906447,46.19317333067414,48.95161074124529,2.6080683132844396,0.44842856744972504,0.5625462888508146,1.6254894683906447,0.4805191437297066,0.5884323857803202,7.507814257122647,29.561504585166972,36.20031979431475,2.7762409876682996,dasymetric_v2 preferred=M3_folk ages=M6_scaled
1107,216506.3509460888,90.76783787849426,52.05142585401294,10.63685393258427,6.099775280898877,2.908803879268609,1.668073108101304,1.6711295614556088,48.772292455994574,50.32606201475757,2.6812970132254716,0.46101943435436094,0.5783413250388505,1.6711295614556088,0.4940110419337804,0.6049542454242601,7.71861681725784,29.56150458516697,36.20031979431476,2.8541915985531547,dasymetric_v2 preferred=M3_folk ages=M6_scaled
1108,216506.3509460888,88.62291602400721,58.7147832492096,7.09123595505618,4.066516853932584,1.5582877924653262,0.8936105936256986,0.895247979351219,170.20169233919535,8.7649261288396,1.4364091142279312,0.2469746969755505,0.30982570984224134,0.895247979351219,0.26464877246452523,0.3240826314772822,4.134973294959558,29.56150458516697,36.20031979431475,1.5290312135106185,dasymetric_v2 preferred=M3_folk ages=M6_scaled
1109,216506.3509460888,131.36352694399295,113.00201680946851,96.24530928671584,97.20135382367761,33.66285008703033,34.023679267466896,34.08602173202542,173.10964915298814,190.26381151162843,32.21499499713544,5.539012909816366,6.948600919952071,34.08602173202542,5.935397371469097,7.268347331053242,157.43659058072168,17.412995327326545,21.323542501365853,33.030836003256,dasymetric_v2 preferred=M3_folk ages=M6_scaled
1110,216506.3509460888,360.46817933248036,369.84630457761574,203.6756847027388,208.9746158984636,69.60525840308223,71.41614454629999,71.5470021888637,310.021297521303,107.9965669280635,68.96453641369632,11.857691039496725,14.875279080778668,71.5470021888637,12.706254593267383,15.559779047750453,330.4614477876415,17.759310948803265,21.747632425852128,68.29843193111786,dasymetric_v2 preferred=M3_folk ages=M6_scaled
1111,216506.3509460888,360.46817933248036,369.84630457761574,469.5260521042084,481.7414829659319,149.5464115849608,153.43708781719144,153.71823454838443,310.0212975212872,234.26692039315273,148.1698248653,25.47616638919561,31.959433222314964,153.71823454838443,27.29929925845832,33.430076621091885,709.9941127669788,17.759310948803265,21.74763242585213,146.73870403627578,dasymetric_v2 preferred=M3_folk ages=M6_scaled
1112,216506.3509460888,360.46817933248036,369.84630457761574,471.6700066800267,483.9412157648631,213.89844293875382,219.4633346618839,219.8654629871452,310.021297521303,450.25065104672535,211.92949060626452,36.438937350239755,45.71204973095939,219.8654629871452,39.046591240913074,47.8155327218423,1015.5150739291379,17.759310948803268,21.747632425852128,209.88253733108286,dasymetric_v2 preferred=M3_folk ages=M6_scaled
1113,216506.3509460888,360.46817933248036,369.84630457761574,422.35905143620573,433.3473613894456,205.79118993844384,211.14515920464106,211.5320459225924,310.0212975212872,436.01593908696947,203.8968655204252,35.05781610362354,43.97945576141023,211.5320459225924,37.56663379175851,46.003211810130125,977.0246692452223,17.759310948803268,21.74763242585213,201.92749657850803,dasymetric_v2 preferred=M3_folk ages=M6_scaled
1114,216506.3509460888,261.911193135874,269.0680867225894,177.81747284041768,182.75268853496468,59.87868436174869,61.53771579288954,61.65047293580969,310.021297521303,169.8735170041082,62.511183520621856,10.696553748098024,14.06128565501324,61.65047293580969,11.46202365546459,14.708328948397526,284.75133716128715,18.591947652046105,23.85760927367386,58.75447260497046,dasymetric_v2 preferred=M3_folk ages=M6_scaled
1115,216506.3509460888,156.91671650589447,161.70729325957927,307.10354066985644,316.4792344497608,95.91900163602881,98.84735337385628,99.02847392745574,310.0212975212872,309.6685484910703,108.6544166580359,18.461401548021357,25.908421040391712,99.02847392745574,19.782541764358196,27.100621418625618,457.39292863567937,19.976619834463055,27.366494043398507,94.11813926760745,dasymetric_v2 preferred=M3_folk ages=M6_scaled
1116,216506.3509460888,263.4870303749436,305.6305335613865,508.7725972185237,541.1599421026862,146.6567127009348,152.609357827261,152.88898788745684,310.021297521303,39.28746741804857,184.02768339612916,31.18226068170084,43.74623778332789,152.88898788745684,33.41373473938468,45.75926208729008,706.1639865036892,21.854899558875278,29.929730531654737,143.90325874004313,dasymetric_v2 preferred=M3_folk ages=M6_scaled
1117,216506.3509460888,571.4438749947374,703.8671529529494,189.28322431892255,210.71974807742225,20.320125458659405,22.205875224505068,22.246563622085233,310.0212975212872,19.03785345931041,43.522730634273785,6.271395767622697,8.612221619139724,22.246563622085233,6.7201912255200416,9.008521102453098,102.75247596605027,30.207772039222206,40.49398934363915,19.93861868069107,dasymetric_v2 preferred=M3_folk ages=M6_scaled
1118,216506.3509460888,609.4265757240605,772.8219915537088,461.12657091561937,584.7607719928186,388.81157826335476,493.05716262147473,493.96060397020176,310.021297521303,135.2138719106951,494.9346110978843,58.839145614747,70.87691254150863,493.96060397020176,63.0498097598467,74.13838037886939,2281.506301370349,12.764137312385785,15.008966258236617,381.5117093347984,dasymetric_v2 preferred=M3_folk ages=M6_scaled
1119,216506.3509460888,604.7164939510535,763.253667302257,1342.8411131059245,1702.8747755834827,850.0964625952278,1078.018693974834,1079.993975416157,310.0212975212872,295.6312019268887,1082.123541663859,128.64573059432522,154.965067913685,1079.993975416157,137.85191398761225,162.09593136119926,4988.278499438019,12.764137312385785,15.008966258236617,834.1360511761744,dasymetric_v2 preferred=M3_folk ages=M6_scaled
1120,216506.3509460888,472.50639681045055,494.67466172814864,0.0,0.0,0.0,0.0,0.0,310.021297521303,0.02326893733437902,0.0,0.0,0.0,0.0,0.0,0.0,0.0,,,0.0,dasymetric_v2 preferred=M3_folk ages=M6_scaled
1121,216506.3509460888,295.65400917978883,300.257916064321,196.51068652849742,199.3717616580311,80.00479379881422,81.16961455144063,81.31834372851235,310.0212975212872,650.0429725774917,79.66036849614112,15.329184276733631,16.601393764949872,81.31834372851235,16.426175844733066,17.36532252366994,375.5933411337252,20.19984064059782,21.35474202677495,78.50271788071502,dasymetric_v2 preferred=M3_folk ages=M6_scaled
1122,216506.3509460888,148.7803341996704,150.94648465928245,133.12014248704665,135.05829015544043,57.20024059443105,58.03304103220438,58.139376469219656,310.021297521303,117.44993643522393,56.95399022311889,10.959756123495303,11.8693352294109,58.139376469219656,11.744061396219598,12.415513860977356,268.5342772401936,20.19984064059782,21.35474202677495,56.126316147823104,dasymetric_v2 preferred=M3_folk ages=M6_scaled
1123,216506.3509460888,148.7803341996704,150.94648465928245,376.1172279792746,381.59326424870466,300.2363433264441,304.6076004323464,305.1657407905636,310.0212975212872,606.8391601795882,298.9438083605556,57.526280800088024,62.30053877327603,305.1657407905636,61.64299332939367,65.16735669992158,1409.5001807432034,20.199840640597824,21.35474202677495,294.5994588394611,dasymetric_v2 preferred=M3_folk ages=M6_scaled
1124,216506.3509460888,148.7803341996704,150.94648465928245,494.4462435233161,501.64507772020727,186.37882769006734,189.09238916601467,189.43886802496456,310.021297521303,36.75989293737829,185.57645596843733,35.710802556745946,38.67453637482421,189.43886802496456,38.26634945239527,40.45418156517384,874.9806515936147,20.199840640597824,21.35474202677495,182.87959801364565,dasymetric_v2 preferred=M3_folk ages=M6_scaled
1125,216506.3509460888,166.3723160363649,170.92703167335497,487.1457980358163,501.84167832305604,1236.3512862694895,1284.1075307284902,1286.4604340577996,310.0212975212872,312.1020347818026,1575.1550940287427,303.10985445632167,328.26574180490434,1286.4604340577996,324.80109050081217,343.3711988657922,5941.906223241161,25.247654875503084,26.691158917551665,1213.1390085391533,dasymetric_v2 preferred=M3_folk ages=M6_scaled
1126,216506.3509460888,265.1617502528789,284.69760699523584,627.9651648394045,686.6439599324779,1308.4770691354704,1433.8447023863291,1436.471972995079,310.021297521303,693.133834208426,2517.5050507105207,484.4479076420371,524.6535189467523,1436.471972995079,519.1161104781715,548.7959444058305,6634.779842337134,36.13826933189666,38.204431045151374,1283.910642530137,dasymetric_v2 preferred=M3_folk ages=M6_scaled
1127,216506.3509460888,142.72237180743315,149.55994711733595,443.109375,453.9278017241379,410.8370616454564,420.867566296755,421.63873278728727,310.0212975212872,63.16924289516472,197.7288344023426,38.04930603006294,41.20711842748844,421.63873278728727,40.7722015951297,43.103302764565214,1947.4658870042917,9.669937419079307,10.2228043613608,403.1236681441608,dasymetric_v2 preferred=M3_folk ages=M6_scaled
1128,216506.3509460888,107.21863757226645,109.83635915407109,299.6875,307.00431034482756,298.32328599570366,305.6067893285965,306.1667605263847,310.021297521303,353.1862151437409,143.57788311199587,27.62894359939752,29.921942598039262,306.1667605263847,29.606134140923796,31.298828948128325,1414.1236928547276,9.669937419079304,10.222804361360799,292.72231882329646,dasymetric_v2 preferred=M3_folk ages=M6_scaled
1129,216506.3509460888,82.39678487539743,84.64289000023041,37.53997613365156,38.64558472553699,17.124352635173786,17.628690499868178,17.660992003890176,310.0212975212872,38.441964677275045,11.865478700491963,2.100456925921117,2.296524312704684,17.660992003890176,2.2507704387007066,2.4022010403586553,81.57262790082244,12.74430359407292,13.601733355802008,16.80284592932544,dasymetric_v2 preferred=M3_folk ages=M6_scaled
1130,216506.3509460888,69.92428545934541,71.98366052421129,461.52088305489264,475.1133651551313,187.91138174905294,193.44565373247548,193.80010919030568,310.021297521303,110.57648522830789,130.20395837584167,23.049032664947784,25.20054719815993,193.80010919030568,24.69847428085737,26.360174095318516,895.1243616801012,12.74430359407292,13.601733355802006,184.383378639992,dasymetric_v2 preferred=M3_folk ages=M6_scaled
1131,216506.3509460888,69.92428545934541,71.98366052421129,569.7243436754177,586.5035799522673,361.0436654224311,371.6769427882903,372.3579760313693,310.0212975212872,261.35982251872315,250.16746695685688,44.285275113922324,48.41908907479199,372.3579760313693,47.454430922182965,50.64713902884799,1719.8478215730881,12.744303594072917,13.601733355802004,354.2651341687035,dasymetric_v2 preferred=M3_folk ages=M6_scaled
1132,216506.3509460888,69.92428545934541,71.98366052421129,163.409307875895,168.2219570405728,112.27549565134268,115.58217736601341,115.79396156899136,310.021297521303,407.8900363767266,77.79578770772405,13.771606289378173,15.057118419452637,115.79396156899136,14.757134005956381,15.749985894734055,534.8293990591743,12.74430359407292,13.601733355802006,110.16754298747328,dasymetric_v2 preferred=M3_folk ages=M6_scaled
1133,216506.3509460888,69.92428545934541,71.98366052421129,4.416467780429595,4.5465393794749405,2.8131642283041236,2.896016133433859,2.90132257844647,304.534221582163,10.220054275956809,1.949243918474688,0.3450600681369912,0.37726973880820036,2.90132257844647,0.3697533576406025,0.39463016091196834,13.400634973377361,12.74430359407292,13.601733355802008,2.7603475651974145,dasymetric_v2 preferred=M3_folk ages=M6_scaled
1134,216506.3509460888,55.581741453663895,57.20429582201967,4.416467780429595,4.5465393794749405,1.740395719336223,1.7916529831588783,1.7949358751037998,46.19317333067414,18.086137904264703,1.2059216939853545,0.2134752957034124,0.23340217106795358,1.7949358751037998,0.22875207724215774,0.2441423916392502,8.290453685355162,12.744303594072917,13.601733355802006,1.707720096116048,dasymetric_v2 preferred=M3_folk ages=M6_scaled
1135,216506.3509460888,17.424281501924753,17.91137298303256,6.268093796689757,6.444913363214778,7.324740251678474,7.52456679403294,7.5383542517322555,45.232451456489066,59.71390449047396,3.981518510961482,0.7048184353224141,0.7706097910341942,7.5383542517322555,0.7552568583044356,0.8060701258384424,34.81816685187838,10.018856013975244,10.692919156103784,7.187219543031374,dasymetric_v2 preferred=M3_folk ages=M6_scaled
1136,216506.3509460888,0.0,0.0,1.8516260162601625,1.8983739837398375,2.419563651222056,2.480650329573436,2.485195689116647,0.0,14.646806761814368,0.9765988800471559,0.17287999356964875,0.18901749591404765,2.485195689116647,0.1852516822256163,0.197715313884901,11.478627200804256,7.4542090603522375,7.955724160908155,2.3741367696535836,dasymetric_v2 preferred=M3_folk ages=M6_scaled
1137,216506.3509460888,0.0,0.0,5.554878048780488,5.695121951219512,5.808911923784127,5.95556941472489,5.966481958081667,0.0,10.677856338187684,2.3446280804370994,0.4150519683676182,0.4537950407976933,5.966481958081667,0.444754038703605,0.474676846695329,27.557999716910626,7.454209060352234,7.955724160908152,5.699850625119737,dasymetric_v2 preferred=M3_folk ages=M6_scaled
1138,216506.3509460888,0.0,0.0,0.0,0.0,0.0,0.0,0.0,0.0,0.02326893733437902,0.0,0.0,0.0,0.0,0.0,0.0,0.0,,,0.0,dasymetric_v2 preferred=M3_folk ages=M6_scaled
1139,216506.3509460888,0.0,0.0,1.8516260162601625,1.8983739837398375,1.5869202894654781,1.6269852364003914,1.6299664033882464,0.12895595626613868,15.326556971352701,0.6405223423791062,0.11338687837361577,0.12397098922297861,1.6299664033882464,0.12150110332206412,0.12967563096904436,7.5284923341307275,7.454209060352236,7.9557241609081535,1.557126140420569,dasymetric_v2 preferred=M3_folk ages=M6_scaled
1140,216506.3509460888,5.334863150332296,5.469552340735856,0.0,0.0,0.0,0.0,0.0,6.20042595042606,0.02326893733437902,0.0,0.0,0.0,0.0,0.0,0.0,0.0,,,0.0,dasymetric_v2 preferred=M3_folk ages=M6_scaled
1141,216506.3509460888,2.2487437952178957,2.3055177878523763,0.0,0.0,0.0,0.0,0.0,6.071469994159606,0.02326893733437902,0.0,0.0,0.0,0.0,0.0,0.0,0.0,,,0.0,dasymetric_v2 preferred=M3_folk ages=M6_scaled
1142,216506.3509460888,0.0,0.0,0.0,0.0,0.0,0.0,0.0,0.0,0.02326893733437902,0.0,0.0,0.0,0.0,0.0,0.0,0.0,,,0.0,dasymetric_v2 preferred=M3_folk ages=M6_scaled
1143,216506.3509460888,0.0,0.0,0.0,0.0,0.0,0.0,0.0,0.0,0.02326893733437902,0.0,0.0,0.0,0.0,0.0,0.0,0.0,,,0.0,dasymetric_v2 preferred=M3_folk ages=M6_scaled
1144,216506.3509460888,61.006320224095475,34.98448379944327,0.0,0.0,0.0,0.0,0.0,24.93332336799801,0.02326893733437902,0.0,0.0,0.0,0.0,0.0,0.0,0.0,,,0.0,dasymetric_v2 preferred=M3_folk ages=M6_scaled
1145,216506.3509460888,77.05961757330279,44.190354912108226,17.72808988764045,10.16629213483146,5.3898424821741875,3.090841347364181,3.096504775638334,46.19317333067414,119.7109144421813,4.96828564215308,0.8542418930683746,1.0716324552190464,3.096504775638334,0.9153734012302401,1.1209446312273055,14.30214292609541,29.561504585166965,36.20031979431475,5.288649138495551,dasymetric_v2 preferred=M3_folk ages=M6_scaled
1146,216506.3509460888,90.76783787849426,52.05142585401294,3.54561797752809,2.033258426966292,1.1244115835828237,0.6448013695181511,0.6459828556887227,57.74258439789382,5.144293037727065,1.0364677530115267,0.17820919311176978,0.22356051219989176,0.6459828556887227,0.1909622515038143,0.23384785957576437,2.9836670049904255,29.56150458516697,36.20031979431475,1.103300954062564,dasymetric_v2 preferred=M3_folk ages=M6_scaled
1147,216506.3509460888,90.76783787849426,52.05142585401294,88.64044943820225,50.831460674157306,43.62594725650966,25.01759226625044,25.063432645444518,67.6958298771406,199.59297824094304,40.21382222146353,6.914322987091981,8.673904872799062,25.063432645444518,7.409127790683317,9.073042769083598,115.76303667731874,29.561504585166972,36.20031979431475,42.80687777746002,dasymetric_v2 preferred=M3_folk ages=M6_scaled
1148,216506.3509460888,90.76783787849426,52.05142585401294,49.63865168539326,28.46561797752809,13.712932573694872,7.863773223906147,7.878182218290727,102.34406307879571,135.95245097482635,12.640400205205795,2.1733773333848445,2.7264662466117233,7.878182218290727,2.328909197687822,2.851927157000083,36.387764995644105,29.56150458516697,36.20031979431475,13.455474678893443,dasymetric_v2 preferred=M3_folk ages=M6_scaled
1149,216506.3509460888,90.76783787849426,52.05142585401294,10.63685393258427,6.099775280898877,3.0004678670606872,1.7206384371381098,1.723791207299798,132.20379951653996,13.58111326365426,2.765791667003585,0.4755473577058639,0.5965663667942764,1.723791207299798,0.5095786167846349,0.6240179296288061,7.961850540490755,29.56150458516697,36.20031979431475,2.944134611112603,dasymetric_v2 preferred=M3_folk ages=M6_scaled
1150,216506.3509460888,90.76783787849426,52.05142585401294,0.0,0.0,0.0,0.0,0.0,86.00615524767618,0.02326893733437902,0.0,0.0,0.0,0.0,0.0,0.0,0.0,,,0.0,dasymetric_v2 preferred=M3_folk ages=M6_scaled
1151,216506.3509460888,90.76783787849426,52.05142585401294,10.63685393258427,6.099775280898877,2.786585228879172,1.5979860027188963,1.6009140336633563,46.19317333067414,48.21152159396943,2.568637474854653,0.4416488698856903,0.5540412693649491,1.6009140336633563,0.47325427546597454,0.5795359998181987,7.39430518628062,29.56150458516697,36.20031979431475,2.734267581807224,dasymetric_v2 preferred=M3_folk ages=M6_scaled
1152,216506.3509460888,90.76783787849426,52.05142585401294,3.54561797752809,2.033258426966292,1.0999678535049362,0.6307839484416696,0.6319397501302723,165.2161135337542,11.042059552143208,1.0139358453373633,0.17433508021803565,0.21870050106511152,0.6319397501302723,0.1868108982102531,0.22876421045455214,2.9188046787949817,29.561504585166965,36.20031979431475,1.079316150713378,dasymetric_v2 preferred=M3_folk ages=M6_scaled
1153,216506.3509460888,90.76783787849426,52.05142585401294,70.9123595505618,40.66516853932584,19.0722203932717,10.937092794924727,10.957133111980998,267.17867336375906,60.74392947437088,17.58052096276617,3.0227765853360515,3.7920236879122946,10.957133111980998,3.239093407301111,3.9665172268258733,50.60883001399521,29.561504585166972,36.20031979431475,18.714142813202514,dasymetric_v2 preferred=M3_folk ages=M6_scaled
1154,216506.3509460888,301.38011763174217,300.22131522474535,400.9195056780227,411.3500334001336,188.88307603737655,193.79715513041938,194.15225465332176,290.56015051751444,262.0591527417975,187.14439216468455,32.177413167132215,40.36603748270111,194.15225465332176,34.480102617995776,42.223518688508804,896.7508519030313,17.759310948803268,21.747632425852128,185.33682953912677,dasymetric_v2 preferred=M3_folk ages=M6_scaled
1155,216506.3509460888,301.8280217107607,300.7490921704622,679.4598039524742,604.0699373278393,513.7347199056649,509.2292418846567,510.16231575108935,310.0212975213029,201.24525868072897,506.28069948461956,87.04937966575893,109.20202019294496,510.16231575108935,93.27883282967294,114.22705392907909,2356.3388026345815,18.284147995592864,22.3903354682142,504.0894409864763,dasymetric_v2 preferred=M3_folk ages=M6_scaled
1156,216506.3509460888,359.8824161644693,369.15608470642036,162.94054776219104,167.1796927187709,48.75722421504805,50.02571719587264,50.117380607015846,310.02129752131873,32.942064819069834,48.30841005340682,8.306098044165966,10.419863872968868,50.117380607015846,8.900501461395171,10.899343715879105,231.48226547633857,17.759310948803268,21.74763242585213,47.84181591450354,dasymetric_v2 preferred=M3_folk ages=M6_scaled
1157,216506.3509460888,360.46817933248036,369.84630457761574,572.4358717434869,587.3286573146293,204.3414357202958,209.65768743634027,210.04184862142765,310.0212975213029,199.28869095742337,202.46045640619727,34.81084140664799,43.66963005156799,210.04184862142765,37.30198501929399,45.67912917865285,970.1417427414366,17.759310948803268,21.74763242585213,200.50496124056508,dasymetric_v2 preferred=M3_folk ages=M6_scaled
1158,216506.3509460888,364.1404178538021,373.39432745442446,465.23814295257176,477.3420173680695,201.22588547894247,206.4610814401488,206.83938540166966,310.02129752131873,208.71802648694825,199.37358505483684,34.28008794020641,43.00380852610309,206.83938540166966,36.7332496180761,44.982669249046765,955.350198725458,17.759310948803265,21.747632425852128,197.44790490647603,dasymetric_v2 preferred=M3_folk ages=M6_scaled
1159,216506.3509460888,347.4062624579007,354.15736699280245,44.6094621779444,45.8262312184177,16.358597390391097,16.799004155512858,16.829785403859066,310.0212975213029,35.28845426234405,16.674040287406896,2.8593707415569103,3.681101926416775,16.829785403859066,3.063993866743882,3.8504912960796234,77.73344906658083,18.205780960470886,22.87902788823859,16.05146760444631,dasymetric_v2 preferred=M3_folk ages=M6_scaled
1160,216506.3509460888,277.8052882749305,283.6637501495012,93.37607655502391,96.22679425837322,28.703574446082552,29.579878000929753,29.634077973878647,310.02129752131873,48.64387805846349,32.51462259036006,5.52453846135125,7.753044542052471,29.634077973878647,5.919887098290087,8.10980818353757,136.87394316325478,19.976619834463047,27.366494043398514,28.16466988934752,dasymetric_v2 preferred=M3_folk ages=M6_scaled
1161,216506.3509460888,393.54453248995696,400.42539222225025,412.5424161866625,419.8258238822631,170.89999044066786,173.89956147230598,174.21820212144345,310.0212975213029,184.9398646288089,176.89965661229988,17.044750030078898,21.731980344891184,174.21820212144345,18.264511416210457,22.731997873808083,804.6794071404616,10.483698714488336,13.04800393816608,167.69137320843254,dasymetric_v2 preferred=M3_folk ages=M6_scaled
1162,216506.3509460888,498.5919882228159,567.6601201380674,652.5167608385807,745.8402455992675,363.25367692226655,452.62655904284344,453.4559183544438,310.02129752131873,112.98291357384493,456.1608550133981,53.454844328431875,64.62434027548207,453.4559183544438,57.280195530322914,67.5980901153288,2094.4231722207387,12.631921475010909,14.907312349265837,356.43365309171946,dasymetric_v2 preferred=M3_folk ages=M6_scaled
1163,216506.3509460888,560.4824353906115,674.8902679752003,737.5219090678372,934.5654392923947,1678.2636911653374,2128.1870101912195,2132.086542108793,310.0212975213029,530.747716352567,2136.3202379144623,253.9669846347772,305.92685474486984,2132.086542108793,272.14144425801015,320.00436689314506,9847.685912177669,12.764089959915133,15.008976445047903,1646.7545858352382,dasymetric_v2 preferred=M3_folk ages=M6_scaled
1164,216506.3509460888,462.0445627999521,473.4219054274391,0.0,0.0,0.0,0.0,0.0,310.02129752131873,0.02326893733437902,0.0,0.0,0.0,0.0,0.0,0.0,0.0,,,0.0,dasymetric_v2 preferred=M3_folk ages=M6_scaled
1165,216506.3509460888,458.0915531653969,465.3915399740729,0.0,0.0,0.0,0.0,0.0,310.0212975213029,0.02326893733437902,0.0,0.0,0.0,0.0,0.0,0.0,0.0,,,0.0,dasymetric_v2 preferred=M3_folk ages=M6_scaled
1166,216506.3509460888,377.907539565024,391.28660272867296,296.3380110752116,311.69545138136425,79.54354772678664,82.66356912798126,82.81503571653361,310.02129752131873,235.91868592113437,101.89075902586241,19.60701727458575,21.23425542125006,82.81503571653361,21.010140378564966,22.21136966936508,382.5062653111501,25.369958724017543,26.820455340250117,78.05013162248378,dasymetric_v2 preferred=M3_folk ages=M6_scaled
1167,216506.3509460888,352.6120823008191,382.453648758333,623.3955854298416,667.0489190751066,174.80378277247212,183.65163594025069,183.9881455668174,310.0212975213029,263.85409383806046,246.9436165029019,47.51979277524176,51.46358587964654,183.9881455668174,50.92041808226745,53.831731219547194,849.8048429656985,27.67592331853528,29.258260663319522,171.52187252650054,dasymetric_v2 preferred=M3_folk ages=M6_scaled
1168,216506.3509460888,290.1265255795703,311.4840664020642,549.6383629832476,577.9163235419663,173.82444001413484,180.1357131822355,180.46578049290187,310.02129752131873,152.88988980042595,216.7977260938429,41.71876626744864,45.1811168611903,180.46578049290187,44.70425681910128,47.260168476376144,833.5357355768228,24.771597527798132,26.18788356845025,170.56091675603002,dasymetric_v2 preferred=M3_folk ages=M6_scaled
1169,216506.3509460888,364.34783666442326,395.782834405764,465.25877923126933,497.55814732362734,157.2612473996804,166.77816160864805,167.08375353324524,310.0212975213029,80.37446064081178,240.1681366507294,46.215975316472665,50.05156116653152,167.08375353324524,49.52329645723225,52.35473086031207,771.7268006371322,29.63980363738861,31.33442345721235,154.30869516683157,dasymetric_v2 preferred=M3_folk ages=M6_scaled
1170,216506.3509460888,467.4397993890527,512.8721894945551,1301.3041825095056,1427.783269961977,3565.8673424721255,3912.448605726576,3919.6174861589984,310.02129752131873,2868.361259418083,6958.323785910899,1339.0024372856626,1450.1297859238432,3919.6174861589984,1434.8245212736865,1516.8588728323568,18103.937686035842,36.606238398016046,38.69915567497868,3498.9188109162187,dasymetric_v2 preferred=M3_folk ages=M6_scaled
1171,216506.3509460888,448.9153983007288,492.1460407682056,232.21926489226868,254.78960709759187,147.38791869253683,161.713154642983,162.0094658247551,310.0212975213029,322.562095714167,287.60824839972224,55.34495913663131,59.93818346399687,162.0094658247551,59.305571287162174,62.69629538772335,748.2896696415909,36.60623839801604,38.69915567497868,144.6207364678874,dasymetric_v2 preferred=M3_folk ages=M6_scaled
1172,216506.3509460888,141.14901146701388,147.79958249014882,57.796875,59.20797413793103,52.44130943197918,53.72165350821929,53.820089078738675,310.02129752131873,32.508183316272344,25.239103178734588,4.856804844243947,5.259883905315705,53.820089078738675,5.204368932806767,5.501922413629565,248.58434333937927,9.669937419079307,10.222804361360799,51.456733080098985,dasymetric_v2 preferred=M3_folk ages=M6_scaled
1173,216506.3509460888,84.3747502419647,86.65046816365484,6.6247016706443915,6.819809069212411,4.547853732167113,4.681794844516807,4.690373417894192,310.0212975213029,18.113507247652365,3.151211770840418,0.5578354448380973,0.609906656856259,4.690373417894192,0.5977554280721302,0.6379720856933849,21.663906843370704,12.744303594072916,13.601733355802006,4.462468579031114,dasymetric_v2 preferred=M3_folk ages=M6_scaled
1174,216506.3509460888,69.92428545934541,71.98366052421129,386.44093078758954,397.82219570405726,151.454371090564,155.91492943935393,156.20061638362313,310.02129752131873,731.921954012808,104.9428642680632,18.577250159213023,20.311345654051223,156.20061638362313,19.906680767742134,21.2459913406196,721.4597433334319,12.74430359407292,13.601733355802004,148.61084193807255,dasymetric_v2 preferred=M3_folk ages=M6_scaled
1175,216506.3509460888,69.92428545934541,71.98366052421129,181.0751789976134,186.40811455847256,72.6287105433162,74.76773498244657,74.9047338305612,310.0212975213029,319.8990073658387,50.32449613457571,8.908569061354207,9.740140437222665,74.9047338305612,9.546086685698963,10.188342166506152,345.9701459252476,12.744303594072917,13.601733355802006,71.26511928972148,dasymetric_v2 preferred=M3_folk ages=M6_scaled
1176,216506.3509460888,69.92428545934541,71.98366052421129,4.416467780429595,4.5465393794749405,2.1112997250964014,2.173480668094377,2.177463192748872,211.7358093392993,1.2423946899418152,1.4629213992609218,0.25897003085332,0.28314361736112403,2.177463192748872,0.2775025199331094,0.2961727373984347,10.057271683873475,12.74430359407292,13.601733355802008,2.071660444468648,dasymetric_v2 preferred=M3_folk ages=M6_scaled
1177,216506.3509460888,69.92428545934541,71.98366052421129,2.2082338902147973,2.2732696897374702,0.5706215473233517,0.5874272075930749,0.5885035656078033,127.0336903108734,2.0730333216950934,0.3953841619624113,0.06999190023062703,0.07652530198949298,0.5885035656078033,0.07500068106300255,0.08004668578336072,2.7181815361820205,12.744303594072917,13.601733355802004,0.5599082282347697,dasymetric_v2 preferred=M3_folk ages=M6_scaled
1178,216506.3509460888,69.92428545934541,71.98366052421129,0.0,0.0,0.0,0.0,0.0,65.70613864592724,0.02326893733437902,0.0,0.0,0.0,0.0,0.0,0.0,0.0,,,0.0,dasymetric_v2 preferred=M3_folk ages=M6_scaled
1179,216506.3509460888,38.77423122679063,39.91619048205143,0.0,0.0,0.0,0.0,0.0,14.15421507643912,0.02326893733437902,0.0,0.0,0.0,0.0,0.0,0.0,0.0,,,0.0,dasymetric_v2 preferred=M3_folk ages=M6_scaled
1180,216506.3509460888,0.0,0.0,4.416467780429595,4.5465393794749405,2.2824861892934067,2.3497088303722995,2.354014262431213,6.4295141985961,23.71952512034715,1.581536647849645,0.2799676009225081,0.3061012079579719,2.354014262431213,0.3000027242520102,0.32018674313344286,10.872726144728082,12.744303594072917,13.601733355802004,2.239632912939079,dasymetric_v2 preferred=M3_folk ages=M6_scaled
1181,216506.3509460888,0.0,0.0,0.0,0.0,0.0,0.0,0.0,0.0,0.02326893733437902,0.0,0.0,0.0,0.0,0.0,0.0,0.0,,,0.0,dasymetric_v2 preferred=M3_folk ages=M6_scaled
1182,216506.3509460888,0.0,0.0,0.0,0.0,0.0,0.0,0.0,0.0,0.02326893733437902,0.0,0.0,0.0,0.0,0.0,0.0,0.0,,,0.0,dasymetric_v2 preferred=M3_folk ages=M6_scaled
1183,216506.3509460888,0.0,0.0,0.0,0.0,0.0,0.0,0.0,0.0,0.02326893733437902,0.0,0.0,0.0,0.0,0.0,0.0,0.0,,,0.0,dasymetric_v2 preferred=M3_folk ages=M6_scaled
1184,216506.3509460888,0.0,0.0,0.0,0.0,0.0,0.0,0.0,1.0368726010529123,0.02326893733437902,0.0,0.0,0.0,0.0,0.0,0.0,0.0,,,0.0,dasymetric_v2 preferred=M3_folk ages=M6_scaled
1185,216506.3509460888,0.0,0.0,0.0,0.0,0.0,0.0,0.0,1.8998946411327677,0.02326893733437902,0.0,0.0,0.0,0.0,0.0,0.0,0.0,,,0.0,dasymetric_v2 preferred=M3_folk ages=M6_scaled
1186,216506.3509460888,0.0,0.0,0.0,0.0,0.0,0.0,0.0,0.8630220400800133,0.02326893733437902,0.0,0.0,0.0,0.0,0.0,0.0,0.0,,,0.0,dasymetric_v2 preferred=M3_folk ages=M6_scaled
1187,216506.3509460888,0.0,0.0,0.0,0.0,0.0,0.0,0.0,0.0,0.02326893733437902,0.0,0.0,0.0,0.0,0.0,0.0,0.0,,,0.0,dasymetric_v2 preferred=M3_folk ages=M6_scaled
1188,216506.3509460888,53.686093368310395,30.786650576528867,7.09123595505618,4.066516853932584,1.662173645296348,0.9531846332007452,0.9549311779746336,46.19317333067414,40.89720855563506,1.5321697218431267,0.26343967677392055,0.33048075716505737,0.9549311779746336,0.28229202396216024,0.34568814024243427,4.410638181290194,29.56150458516697,36.20031979431475,1.63096662774466,dasymetric_v2 preferred=M3_folk ages=M6_scaled
1189,216506.3509460888,85.20867101783101,48.863484305319744,3.54561797752809,2.033258426966292,1.5949533875821575,0.9146367252404208,0.9163126376888946,46.837953112002495,39.24327732728218,1.4702069757391767,0.2527858663161517,0.31711572654441167,0.9163126376888946,0.270875802404867,0.33170810515910054,4.232266784252722,29.561504585166976,36.20031979431476,1.565008418534398,dasymetric_v2 preferred=M3_folk ages=M6_scaled
1190,216506.3509460888,90.76783787849426,52.05142585401294,0.0,0.0,0.0,0.0,0.0,77.19530308280443,0.02326893733437902,0.0,0.0,0.0,0.0,0.0,0.0,0.0,,,0.0,dasymetric_v2 preferred=M3_folk ages=M6_scaled
1191,216506.3509460888,90.76783787849426,52.05142585401294,0.0,0.0,0.0,0.0,0.0,79.12964242679259,0.02326893733437902,0.0,0.0,0.0,0.0,0.0,0.0,0.0,,,0.0,dasymetric_v2 preferred=M3_folk ages=M6_scaled
1192,216506.3509460888,90.76783787849426,52.05142585401294,7.09123595505618,4.066516853932584,2.7804742963597,1.594481647449776,1.5974032572737438,170.20169233919535,12.585349358376147,2.5630044979361126,0.4406803416622568,0.5528262665812541,1.5974032572737438,0.47221643714258427,0.5782650875378956,7.37808960473176,29.56150458516697,36.20031979431475,2.7282713809699275,dasymetric_v2 preferred=M3_folk ages=M6_scaled
1193,216506.3509460888,90.76783787849426,52.05142585401294,31.91056179775281,18.29932584269663,8.555305527260614,4.906097376768542,4.9150869454576736,167.62257321386392,38.72415187192661,7.886167685957269,1.355939512806944,1.7010038971730896,4.9150869454576736,1.4529736527464132,1.7792771924242945,22.701814168405416,29.56150458516697,36.20031979431475,8.39468117221516,dasymetric_v2 preferred=M3_folk ages=M6_scaled
1194,216506.3509460888,90.76783787849426,52.05142585401294,10.63685393258427,6.099775280898877,2.7438087012428687,1.5734555158350538,1.576338598936068,46.19317333067414,27.543804105068332,2.529206636424867,0.43486917232165556,0.5455362498790837,1.576338598936068,0.46598940720224247,0.5706396138560772,7.280796115438593,29.561504585166965,36.200319794314744,2.6922941759461483,dasymetric_v2 preferred=M3_folk ages=M6_scaled
1195,216506.3509460888,90.76783787849426,52.05142585401294,10.63685393258427,6.099775280898877,2.4321511427498033,1.3947333971099138,1.397289003065824,51.680249269796,24.415220565294426,2.241924813579281,0.38547423292654553,0.4835711079106354,1.397289003065824,0.4130596527093375,0.5058230875606208,6.453801456446681,29.561504585166972,36.20031979431475,2.386487933244024,dasymetric_v2 preferred=M3_folk ages=M6_scaled
1196,216506.3509460888,90.76783787849426,52.05142585401294,42.54741573033708,24.399101123595507,32.161837849980444,18.443421781380597,18.47721613853124,310.021297521303,86.08999410287323,29.64635752228079,5.097364039930675,6.394559650587122,18.47721613853124,5.462143096003123,6.688811331235044,85.3426056916555,29.561504585166965,36.20031979431475,31.55800500669171,dasymetric_v2 preferred=M3_folk ages=M6_scaled
1197,216506.3509460888,97.82050509237214,60.36176580327258,488.63590867127516,283.12234446420933,92.94452473257404,54.6092895597388,54.70935156867619,310.0212975212872,245.08157136604893,85.87473312315612,14.765212766244186,18.52271743743125,54.70935156867619,15.821845240085048,19.37505771322026,252.69167084294497,28.919818616793545,35.41452632444184,91.19950764433497,dasymetric_v2 preferred=M3_folk ages=M6_scaled
1198,216506.3509460888,115.52258988670224,81.2205895631478,710.939853639864,430.979654590079,383.8211870374306,228.89915526023083,229.31857308280397,310.021297521303,85.61792110696479,355.1422957832485,61.06279890281385,76.6022805036227,229.31857308280397,65.43259277478793,80.12720653626748,1059.177119196404,28.533490286092558,34.94143778198663,376.6150118255433,dasymetric_v2 preferred=M3_folk ages=M6_scaled
1199,216506.3509460888,111.47962402402369,76.45665845692236,1240.9662921348315,711.6404494382023,2695.532334339041,1545.7711092090026,1548.6034654581283,310.0212975212872,599.6795414257575,2484.706118768394,427.2177993565307,535.9377278878927,1548.6034654581283,457.79048444745916,560.599406841683,7152.693021202592,29.56150458516697,36.20031979431476,2644.9241893315057,dasymetric_v2 preferred=M3_folk ages=M6_scaled
1200,216506.3509460888,256.51836689096524,248.28531600273465,79.98569153287849,78.85743201759324,18.031428841724953,17.62939159446359,17.66169438311929,310.021297521303,10.619410926606093,17.732611339566773,3.0489268473687567,3.824828763072061,17.66169438311929,3.267115042032649,4.000831858394056,81.57587205151846,18.498310361180835,22.652593639135635,17.692891939796514,dasymetric_v2 preferred=M3_folk ages=M6_scaled
1201,216506.3509460888,360.2068891815855,369.522494718087,298.0096860387441,305.76285905143624,102.1650325494885,104.82301049554935,105.01508039972887,310.0212975212872,60.36803353226166,98.84877035905932,16.947745006887235,21.261928934844303,105.01508039972887,18.1605644911815,22.240316605732662,485.04387950207604,17.29329199392622,21.178212234925912,100.24690205032982,dasymetric_v2 preferred=M3_folk ages=M6_scaled
1202,216506.3509460888,404.8626403896533,412.7386559508354,25.028824731380464,25.64700711350977,7.48079393714031,7.673547352769676,7.687607791387073,310.021297521303,4.586397029878723,7.429572086220106,1.2608521995716406,1.582151962767511,7.687607791387073,1.3510816733945201,1.6549561743979402,35.50753942225615,17.574799730395,21.527583343313836,7.3403433480231435,dasymetric_v2 preferred=M3_folk ages=M6_scaled
1203,216506.3509460888,421.25917569756166,428.09181681822554,0.0,0.0,0.0,0.0,0.0,310.0212975212872,0.02326893733437902,0.0,0.0,0.0,0.0,0.0,0.0,0.0,,,0.0,dasymetric_v2 preferred=M3_folk ages=M6_scaled
1204,216506.3509460888,425.8573155303387,433.0236144875173,393.0260475651189,399.63986409966026,65.19175435199134,66.28879691576064,66.41025958709201,310.021297521303,75.64962963490332,70.23983251873106,6.76779373325892,8.628906855771577,66.41025958709201,7.252112567537194,9.025974125952102,306.7358499965136,10.920168980858444,13.591234520195213,63.96779064155408,dasymetric_v2 preferred=M3_folk ages=M6_scaled
1205,216506.3509460888,429.0224646464543,438.88250682980214,708.8825972064931,720.8116270290676,794.8388217736424,808.2143173020168,809.6952292291485,310.0212975212872,915.058612774822,856.3866132413849,82.51511637355172,105.20640572739067,809.6952292291485,88.42008726177215,110.04757750336582,3739.8220684563976,10.920168980858445,13.591234520195215,779.9158628324718,dasymetric_v2 preferred=M3_folk ages=M6_scaled
1206,216506.3509460888,449.53795053551664,472.6772838055773,1591.6367854009984,1666.7044283841692,2339.216193962462,2506.9844189384467,2511.5780311124213,310.021297521303,570.39307445312,2625.0347978519912,267.5878876101542,335.72736704401814,2511.5780311124213,286.73709027533795,351.1761778128932,11600.482018829172,11.416610860716007,13.982292147114823,2295.2978217582363,dasymetric_v2 preferred=M3_folk ages=M6_scaled
1207,216506.3509460888,458.0915531653969,465.3915399740729,452.6056544502618,459.81821989528794,495.3640806073772,503.2580293801461,504.18016203998536,310.0212975212872,133.00869678633603,593.9514191149314,57.22879095809801,72.96645348676407,504.18016203998536,61.32421443233476,76.32407351732041,2328.7084181910623,12.163154969090451,15.138253994068757,486.0637072067184,dasymetric_v2 preferred=M3_folk ages=M6_scaled
1208,216506.3509460888,458.0915531653969,465.3915399740729,31.73759162303665,32.24335078534031,31.76482829992449,32.27102149638709,32.33015252093298,310.021297521303,22.507710175824403,38.08666309343485,3.669750774758096,4.678915887118057,32.33015252093298,3.932366552864381,4.894220605288657,149.3265780872329,12.163154969090451,15.138253994068757,31.1684492410414,dasymetric_v2 preferred=M3_folk ages=M6_scaled
1209,216506.3509460888,458.0915531653969,465.3915399740729,553.3380104712043,562.1558115183245,1122.596892340603,1140.4862038743354,1142.5759461442876,310.0212975212872,795.4422186234045,1346.016078683326,129.69221103637295,165.35699122334916,1142.5759461442876,138.97328296908117,172.96604880245653,5277.332240608475,12.163154969090453,15.138253994068759,1101.5203333289255,dasymetric_v2 preferred=M3_folk ages=M6_scaled
1210,216506.3509460888,463.08836827419685,490.7708486939068,262.0788813462597,287.43927391688067,65.64269619138706,72.0122755376202,72.14422548636591,310.021297521303,70.00653023991718,127.99588938427279,24.615582545177077,26.661361949187786,72.14422548636591,26.37713006172942,27.888209611980447,333.2199040402755,36.56166503127027,38.65619101732663,64.41026612730701,dasymetric_v2 preferred=M3_folk ages=M6_scaled
1211,216506.3509460888,467.4397993890527,512.8721894945551,606.8371356147021,665.818124207858,285.45248172089094,313.19677846900186,313.77065699954096,310.0212975212872,303.07912887258175,557.0231874999422,107.18894788961204,116.08484176597804,313.77065699954096,114.85963472427319,121.42659501465575,1449.2445862600655,36.60623839801605,38.69915567497868,280.093161632737,dasymetric_v2 preferred=M3_folk ages=M6_scaled
1212,216506.3509460888,467.4397993890527,512.8721894945551,479.7737642585551,526.4049429657795,102.08713081905479,112.00939751133203,112.21463521768582,310.021297521303,97.09513935840666,199.20968515927885,38.33426873570892,41.515730940675766,112.21463521768582,41.07755688525015,43.42611637300169,518.2971987996226,36.606238398016046,38.69915567497868,100.17046291116979,dasymetric_v2 preferred=M3_folk ages=M6_scaled
1213,216506.3509460888,467.4397993890527,512.8721894945551,521.3979721166032,572.0747782002535,82.27198861287837,90.26834041326227,90.43374142027069,310.0212975212872,83.87469387005991,160.54302650594389,30.89357586606394,33.457515318562294,90.43374142027069,33.104390976549674,34.99709437493823,417.69555962258664,36.60623839801605,38.69915567497868,80.72734651130261,dasymetric_v2 preferred=M3_folk ages=M6_scaled
1214,216506.3509460888,467.4397993890527,512.8721894945551,107.3466413181242,117.78010139416983,80.35672562760053,88.16692516791693,88.32847569760261,310.021297521303,238.5412726019023,156.80564126224766,30.17438427562409,32.67863611861333,88.32847569760261,32.333732387198076,34.18237431555094,407.9717537690008,36.60623839801604,38.69915567497867,78.84804225137624,dasymetric_v2 preferred=M3_folk ages=M6_scaled
1215,216506.3509460888,354.7110216522086,386.4992575233783,0.0,0.0,0.0,0.0,0.0,310.0212975212872,0.02326893733437902,0.0,0.0,0.0,0.0,0.0,0.0,0.0,,,0.0,dasymetric_v2 preferred=M3_folk ages=M6_scaled
1216,216506.3509460888,172.57705066716753,183.0102170939915,48.772006085633556,52.331014996739846,12.315073688719076,13.213733811948911,13.237945677026211,310.021297521303,142.88698873428118,16.26215058151398,2.878766856485689,3.147485670827846,13.237945677026211,3.084778012121294,3.292320186269626,61.143452001195705,23.302543214652793,24.870325551972027,12.083860348379012,dasymetric_v2 preferred=M3_folk ages=M6_scaled
1217,216506.3509460888,69.92428545934541,71.98366052421129,52.99761336515513,54.55847255369929,20.696443521417965,21.305984819400823,21.34502432459502,310.0212975212872,126.00318700200287,14.340583554376657,2.538606221364842,2.77557270315891,21.34502432459502,2.7202747021551024,2.903293293362493,98.58844431732187,12.744303594072921,13.601733355802008,20.307871438075097,dasymetric_v2 preferred=M3_folk ages=M6_scaled
1218,216506.3509460888,69.92428545934541,71.98366052421129,30.91527446300716,31.825775656324584,11.90887169263835,12.259605822467472,12.282069414234854,310.021297521303,85.83501049637938,8.251667460155524,1.460730957813186,1.5970830525207182,12.282069414234854,1.5652642137848631,1.670574332298738,56.72844866011877,12.744303594072917,13.601733355802006,11.685284723259644,dasymetric_v2 preferred=M3_folk ages=M6_scaled
1219,216506.3509460888,69.92428545934541,71.98366052421129,128.07756563245823,131.84964200477327,49.23322710305879,50.6832194711305,50.776087640641265,304.534221582163,354.8559993113375,34.11374549411685,6.038901151898499,6.602603055653454,50.776087640641265,6.4710587621158595,6.906428049388363,234.52470294178474,12.744303594072917,13.601733355802008,48.30888193209593,dasymetric_v2 preferred=M3_folk ages=M6_scaled
1220,216506.3509460888,69.92428545934541,71.98366052421129,17.66587112171838,18.186157517899762,9.985877078158655,10.27997613287881,10.298812398136556,46.19317333067414,147.5790414231876,6.9192228343421975,1.224858254035973,1.339192784816127,10.298812398136556,1.3125119186025445,1.4008170012088124,47.56817688318536,12.744303594072917,13.601733355802004,9.79839399410847,dasymetric_v2 preferred=M3_folk ages=M6_scaled
1221,216506.3509460888,69.92428545934541,71.98366052421129,2.2082338902147973,2.2732696897374702,1.3067233433704755,1.3452083053881414,1.3476731652418694,45.232451456489066,19.311771706234264,0.9054297308939219,0.1602814515281359,0.1752429415559389,1.3476731652418694,0.17175155963427582,0.18330691044389602,6.224635717856827,12.744303594072917,13.601733355802006,1.2821898426576226,dasymetric_v2 preferred=M3_folk ages=M6_scaled
1222,216506.3509460888,53.639469753925724,55.219232575643616,0.0,0.0,0.0,0.0,0.0,0.0,0.02326893733437902,0.0,0.0,0.0,0.0,0.0,0.0,0.0,,,0.0,dasymetric_v2 preferred=M3_folk ages=M6_scaled
1223,216506.3509460888,0.0,0.0,2.2082338902147973,2.2732696897374702,1.3637854981028106,1.403951026147449,1.40652352180265,0.0,14.172416259407424,0.944968147090163,0.16728064155119857,0.1828954717548882,1.40652352180265,0.17925162774057607,0.19131157902223211,6.49645387147503,12.744303594072916,13.601733355802004,1.3381806654810995,dasymetric_v2 preferred=M3_folk ages=M6_scaled
1224,216506.3509460888,0.0,0.0,0.0,0.0,0.0,0.0,0.0,0.0,0.02326893733437902,0.0,0.0,0.0,0.0,0.0,0.0,0.0,,,0.0,dasymetric_v2 preferred=M3_folk ages=M6_scaled
1225,216506.3509460888,0.0,0.0,0.0,0.0,0.0,0.0,0.0,0.0,0.02326893733437902,0.0,0.0,0.0,0.0,0.0,0.0,0.0,,,0.0,dasymetric_v2 preferred=M3_folk ages=M6_scaled
1226,216506.3509460888,0.0,0.0,0.0,0.0,0.0,0.0,0.0,0.0,0.02326893733437902,0.0,0.0,0.0,0.0,0.0,0.0,0.0,,,0.0,dasymetric_v2 preferred=M3_folk ages=M6_scaled
1227,216506.3509460888,0.0,0.0,0.0,0.0,0.0,0.0,0.0,0.0,0.02326893733437902,0.0,0.0,0.0,0.0,0.0,0.0,0.0,,,0.0,dasymetric_v2 preferred=M3_folk ages=M6_scaled
1228,216506.3509460888,0.0,0.0,0.0,0.0,0.0,0.0,0.0,0.0,0.02326893733437902,0.0,0.0,0.0,0.0,0.0,0.0,0.0,,,0.0,dasymetric_v2 preferred=M3_folk ages=M6_scaled
1229,216506.3509460888,0.0,0.0,0.0,0.0,0.0,0.0,0.0,0.0,0.02326893733437902,0.0,0.0,0.0,0.0,0.0,0.0,0.0,,,0.0,dasymetric_v2 preferred=M3_folk ages=M6_scaled
1230,216506.3509460888,0.0,0.0,0.0,0.0,0.0,0.0,0.0,0.0,0.02326893733437902,0.0,0.0,0.0,0.0,0.0,0.0,0.0,,,0.0,dasymetric_v2 preferred=M3_folk ages=M6_scaled
1231,216506.3509460888,0.0,0.0,0.0,0.0,0.0,0.0,0.0,0.0,0.02326893733437902,0.0,0.0,0.0,0.0,0.0,0.0,0.0,,,0.0,dasymetric_v2 preferred=M3_folk ages=M6_scaled
1232,216506.3509460888,6.960107343323672,3.9913202714154252,0.0,0.0,0.0,0.0,0.0,24.933323367998014,0.02326893733437902,0.0,0.0,0.0,0.0,0.0,0.0,0.0,,,0.0,dasymetric_v2 preferred=M3_folk ages=M6_scaled
1233,216506.3509460888,54.662205953581235,31.34640889010033,0.0,0.0,0.0,0.0,0.0,46.19317333067414,0.02326893733437902,0.0,0.0,0.0,0.0,0.0,0.0,0.0,,,0.0,dasymetric_v2 preferred=M3_folk ages=M6_scaled
1234,216506.3509460888,90.76783787849426,52.05142585401294,24.81932584269663,14.232808988764045,5.169848911473201,2.964684557675847,2.9701168256122794,56.46403105515691,66.18194639530402,4.765498473085607,0.8193748770247675,1.0278923550060242,2.9701168256122794,0.8780112215881896,1.0751917891363951,13.718381990336413,29.56150458516697,36.20031979431476,5.072785908352877,dasymetric_v2 preferred=M3_folk ages=M6_scaled
1235,216506.3509460888,90.76783787849426,52.05142585401294,28.36494382022472,16.266067415730337,6.251483967419721,3.584955440310156,3.591524246573714,65.28473886345247,41.700041014210434,5.762535387667347,0.9908043725725026,1.2429478477200504,3.591524246573714,1.0617086048282718,1.3001432627500378,16.588539924484813,29.561504585166965,36.20031979431475,6.134113456554364,dasymetric_v2 preferred=M3_folk ages=M6_scaled
1236,216506.3509460888,90.76783787849426,52.05142585401294,127.64224719101124,73.19730337078651,42.929300949289875,24.618095765570715,24.66320413702868,151.09673015838945,267.94843169198447,39.57166285274987,6.803910769620558,8.535394555457824,24.66320413702868,7.290814221816822,8.928158769129048,113.91446038074858,29.56150458516697,36.20031979431476,42.12331088200822,dasymetric_v2 preferred=M3_folk ages=M6_scaled
1237,216506.3509460888,90.76783787849426,52.05142585401294,599.2094382022473,343.62067415730337,213.90708191159325,122.66645184029001,122.89121674200027,223.91833696847266,1201.347342293985,197.1767240566059,33.90236193306733,42.52995744046202,122.89121674200027,36.32849267195389,44.48701345972857,567.6102165363308,29.561504585166972,36.20031979431475,209.8910141087282,dasymetric_v2 preferred=M3_folk ages=M6_scaled
1238,216506.3509460888,90.76783787849426,52.05142585401294,184.37213483146067,105.7294382022472,46.8769633568687,26.881909269422486,26.931165684718433,127.83548794907064,312.6396629823221,43.210565942127296,7.42958000195862,9.320286353724835,26.931165684718433,7.961257778726954,9.74916810220483,124.3897260613128,29.561504585166972,36.20031979431476,45.99685662290179,dasymetric_v2 preferred=M3_folk ages=M6_scaled
1239,216506.3509460888,90.76783787849426,52.05142585401294,39.00179775280899,22.365842696629212,10.529136731050029,6.038004128694426,6.04906771930255,46.19317333067414,105.69704782412637,9.705619230645983,1.6687741289759745,2.093449796306595,6.04906771930255,1.7881954312014783,2.189781858962185,27.939447008687516,29.561504585166972,36.20031979431475,10.331454042661946,dasymetric_v2 preferred=M3_folk ages=M6_scaled
1240,216506.3509460888,90.76783787849426,52.05142585401294,35.4561797752809,20.33258426966292,9.251951834480408,5.305593877448265,5.315315453873511,188.5975906874974,35.27849326612774,8.528327054670932,1.4663517302783666,1.8395142145143268,5.315315453873511,1.5712872216129068,1.924161192378844,24.550390464975564,29.561504585166976,36.20031979431476,9.078248067666967,dasymetric_v2 preferred=M3_folk ages=M6_scaled
1241,216506.3509460888,91.88396098780962,54.57312466186512,536.8446538511943,311.5030808174864,330.0666540310738,191.537499483894,191.88845858150756,310.021297521303,879.7229885938676,301.92192985687404,51.91214424781385,65.12293420327173,191.88845858150756,55.62709629539643,68.1196273119641,886.2948257314115,28.989287165370584,35.49959586705901,323.86971071247234,dasymetric_v2 preferred=M3_folk ages=M6_scaled
1242,216506.3509460888,96.4942446673979,64.98931151592875,317.01633924445275,185.44105834557632,62.78430789429984,38.227743618738536,38.2977892987771,280.8735447918321,122.54867398806537,55.58058325524313,9.556467980618654,11.988432466719196,38.2977892987771,10.240350736892042,12.540091469750365,176.88991168814928,26.738751568668302,32.74364316937424,61.60554356725585,dasymetric_v2 preferred=M3_folk ages=M6_scaled
1243,216506.3509460888,94.88384896883333,61.3508841064766,794.2184269662922,455.44988764044945,156.7637519220118,89.89722571874528,90.06194672273263,256.3046528920257,82.92437080959745,144.50275689132988,24.84565451574038,31.168466410129476,90.06194672273263,26.62366650993124,32.602712726614584,415.97831347293146,29.561504585166972,36.200319794314744,153.8205400791682,dasymetric_v2 preferred=M3_folk ages=M6_scaled
1244,216506.3509460888,107.63401988149568,90.15782352226529,1021.1379775280899,585.5784269662921,3333.1470334207356,1911.4155379890237,1914.9178739503093,285.4524056215246,985.7787801654557,3072.450930448952,528.2740341895853,662.7111183386357,1914.9178739503093,566.0785351100025,693.2063941685051,8844.626800010748,29.56150458516697,36.20031979431475,3270.5677846950266,dasymetric_v2 preferred=M3_folk ages=M6_scaled
1245,216506.3509460888,307.56213698981173,312.6746523628386,28.261727839417233,28.858954001821317,8.031908787878741,8.206774826673639,8.221812311736606,310.021297521303,5.903420940775305,2.0863198551823645,0.20102243890902644,0.25630271394674303,8.221812311736606,0.21540806546820251,0.2680967245517623,37.974924411265334,2.6199584386122305,3.260798402914832,7.881111114467068,dasymetric_v2 preferred=M3_folk ages=M6_scaled
1246,216506.3509460888,374.7769477775712,382.86596886738687,721.8492591071157,739.7882605528158,3868.187557787732,3968.7528057523714,3976.0248538218684,310.0212975213188,2223.604959014525,3705.533130438493,633.9000384027868,795.3015475877862,3976.0248538218684,679.2633783254346,831.898096808828,18364.472157271357,17.08398220077793,20.922859574410953,3795.563017415128,dasymetric_v2 preferred=M3_folk ages=M6_scaled
1247,216506.3509460888,393.1624477373943,399.51090592161415,0.0,0.0,0.0,0.0,0.0,310.021297521303,0.02326893733437902,0.0,0.0,0.0,0.0,0.0,0.0,0.0,,,0.0,dasymetric_v2 preferred=M3_folk ages=M6_scaled
1248,216506.3509460888,380.3232796219619,385.2912673331954,30.50887127217818,31.02227255568139,3.273031711953941,3.328110074797087,3.3342082566766496,310.0212975213188,3.798082123326782,3.5264766466453907,0.3397853567388001,0.4332248159168377,3.3342082566766496,0.3641011758028246,0.45316006355663596,15.400048276213777,10.920168980858445,13.591234520195218,3.2115811178049958,dasymetric_v2 preferred=M3_folk ages=M6_scaled
1249,216506.3509460888,424.68151255444786,431.76249094910423,296.11551528878823,301.09852774631935,129.06566530677605,131.23757385211516,131.4780438416276,310.021297521303,149.77001119378156,139.05977535316373,13.398777338094613,17.083381407365685,131.4780438416276,14.357624560232885,17.869489281080693,607.2710720359714,10.920168980858445,13.591234520195218,126.6424801636674,dasymetric_v2 preferred=M3_folk ages=M6_scaled
1250,216506.3509460888,610.194301662025,620.6556538586342,1408.0017504265656,1428.6853201089652,1842.3712521365826,1872.4938280360932,1875.9248467449377,310.0212975213188,411.68029685901274,1986.36367482919,191.39139642591243,244.02317769220772,1875.9248467449377,205.08780350645938,255.25213387942318,8664.525721982414,10.932623652931678,13.606735596169054,1807.7810562416757,dasymetric_v2 preferred=M3_folk ages=M6_scaled
1251,216506.3509460888,460.88756616546425,468.1610720342525,2140.2175916230367,2174.32335078534,1939.2583284692373,1970.1616710840908,1973.77164909936,310.021297521303,456.2905524089821,2325.209439514617,224.04008251393543,285.65010698711353,1973.77164909936,240.07290441592735,298.79456550358066,9116.460743411815,12.163154969090451,15.138253994068759,1902.8490947739172,dasymetric_v2 preferred=M3_folk ages=M6_scaled
1252,216506.3509460888,458.0915531653969,465.3915399740729,209.7440837696335,213.08649214659684,275.0197581392373,279.40237683776814,279.91433301507175,310.0212975213188,349.3889127971422,329.7541788479294,31.772687734239994,40.510035296872736,279.91433301507175,34.046414105319094,42.374142697625025,1292.8689241304146,12.163154969090453,15.13825399406876,269.8563105995658,dasymetric_v2 preferred=M3_folk ages=M6_scaled
1253,216506.3509460888,475.8040119326498,481.51546326487323,568.5168586387434,577.5765445026178,591.0035868055535,600.4216133064767,601.5217813057537,310.021297521303,499.34766696020284,708.6250958179492,68.27790316025883,87.05402231482654,601.5217813057537,73.16402643305217,91.05989508371181,2778.310098882669,12.16315496909045,15.13825399406876,579.9075985141116,dasymetric_v2 preferred=M3_folk ages=M6_scaled
1254,216506.3509460888,537.1565555485315,537.3656261336959,699.3501926962265,709.4180252438574,555.8800778542726,564.0382398051395,565.0717416112868,310.0212975213188,805.8905527781043,643.9231114060544,62.212791580922755,79.27462441377402,565.0717416112868,66.66488156522561,82.92252086655698,2609.9545770460686,11.797596067205998,14.674689027999463,545.4435272596209,dasymetric_v2 preferred=M3_folk ages=M6_scaled
1255,216506.3509460888,516.4832793867888,533.1588436199501,280.9917650718605,304.6910288264158,90.09278846391679,97.62551373415666,97.80439547948862,310.021297521303,110.25028774135862,158.65933311712334,29.999059534098542,32.597925276230384,97.80439547948862,32.14586100524841,34.09794948779364,451.7391524641345,32.86750135068315,34.863412140760694,88.40131222205115,dasymetric_v2 preferred=M3_folk ages=M6_scaled
1256,216506.3509460888,466.82696038959745,509.759520759505,565.2129277566539,620.148288973384,365.5863622841667,401.119199347366,401.85418039607845,310.0212975213188,519.2473651900467,713.3939757621372,137.27965264056232,148.67285357516334,401.85418039607845,147.10369928818193,155.51417485788804,1856.0849538133975,36.60623839801604,38.69915567497868,358.7225426966375,dasymetric_v2 preferred=M3_folk ages=M6_scaled
1257,216506.3509460888,467.4397993890527,512.8721894945551,503.87198986058297,552.8453738910013,177.33949990570258,194.57585280368235,194.93237915440415,310.021297521303,382.93084111905137,346.05484216356257,66.59193957454757,72.11858051225532,194.93237915440415,71.35741142818571,75.43718486990255,900.3540926286423,36.606238398016046,38.69915567497868,174.00998201698755,dasymetric_v2 preferred=M3_folk ages=M6_scaled
1258,216506.3509460888,467.4397993890527,512.8721894945551,107.3466413181242,117.78010139416983,41.81055233898988,45.87429129933138,45.958347945792035,310.0212975213188,169.79246671490674,81.58782503691526,15.700088115828395,17.003079893225436,45.958347945792035,16.823622412826342,17.785492617190425,212.2725164641286,36.606238398016046,38.69915567497868,41.02556657990211,dasymetric_v2 preferred=M3_folk ages=M6_scaled
1259,216506.3509460888,376.23519233287766,410.55436280452267,0.0,0.0,0.0,0.0,0.0,310.021297521303,0.02326893733437902,0.0,0.0,0.0,0.0,0.0,0.0,0.0,,,0.0,dasymetric_v2 preferred=M3_folk ages=M6_scaled
1260,216506.3509460888,235.79279171465717,252.9991507357245,138.5124972831993,148.62008259074116,33.93007902761113,36.40603733455022,36.47274505520569,310.0212975213188,294.469892072865,44.80493323358045,7.931482134134654,8.671847221449344,36.47274505520569,8.499077178059448,9.070890432970437,168.46039340567702,23.302543214652797,24.87032555197203,33.29304776752515,dasymetric_v2 preferred=M3_folk ages=M6_scaled
1261,216506.3509460888,204.54719760792207,218.90023309385083,362.4155111294162,386.84364066336104,88.92298961896635,94.66763760004453,94.84109955269007,310.021297521303,638.68338873739,106.69046226393706,18.886614358232396,20.649587488844784,94.84109955269007,20.238183778040607,21.599797691782054,438.0522748559279,21.339043804312972,22.7747229773333,87.25347614446237,dasymetric_v2 preferred=M3_folk ages=M6_scaled
1262,216506.3509460888,69.92428545934541,71.98366052421129,136.91050119331743,140.94272076372314,53.87808649827087,55.464876940938126,55.56650666468878,249.85154632142502,253.30810346525612,37.332172572490876,6.608635219775803,7.225519013847927,55.56650666468878,7.0815643059687,7.558008071664919,256.65070064630635,12.744303594072917,13.601733355802008,52.866534909926955,dasymetric_v2 preferred=M3_folk ages=M6_scaled
1263,216506.3509460888,69.92428545934541,71.98366052421129,17.66587112171838,18.186157517899762,26.41407142559795,27.192005439483435,27.24183005198521,199.1339446391363,190.38345164721616,18.30233285724002,3.239925061675725,3.5423562290936297,27.24183005198521,3.471781526406388,3.7053610849117677,125.82462330986573,12.744303594072917,13.601733355802008,25.918151884987488,dasymetric_v2 preferred=M3_folk ages=M6_scaled
1264,216506.3509460888,69.92428545934541,71.98366052421129,8.83293556085919,9.093078758949881,5.632034672081481,5.797906538943649,5.808530192549018,116.89927848221762,118.01953653637538,3.9024416785689993,0.6908200552762886,0.7553047306362957,5.808530192549018,0.740256722091835,0.7900607886817703,26.82845176211654,12.744303594072916,13.601733355802006,5.526294212677176,dasymetric_v2 preferred=M3_folk ages=M6_scaled
1265,216506.3509460888,69.92428545934541,71.98366052421129,2.2082338902147973,2.2732696897374702,1.1583617410664038,1.1924772314139418,1.1946622381838403,46.19317333067414,17.11916880508976,0.8026298487836949,0.14208355746817286,0.15534636303867072,1.1946622381838403,0.15225138255789517,0.16249477214022223,5.5179085184495005,12.744303594072921,13.601733355802008,1.1366137033165824,dasymetric_v2 preferred=M3_folk ages=M6_scaled
1266,216506.3509460888,68.92621887182115,70.95619937898908,2.2082338902147973,2.2732696897374702,0.815988812672393,0.840020906858097,0.8415600988191586,21.25984996267848,12.059315956294757,0.5653993516062481,0.10008841732979663,0.10943118184497495,0.8415600988191586,0.10725097392009363,0.11446676067020582,3.886999596740289,12.744303594072916,13.601733355802008,0.8006687663757207,dasymetric_v2 preferred=M3_folk ages=M6_scaled
1267,216506.3509460888,2.5647106862448883,2.6402452619813626,0.0,0.0,0.0,0.0,0.0,0.0,0.02326893733437902,0.0,0.0,0.0,0.0,0.0,0.0,0.0,,,0.0,dasymetric_v2 preferred=M3_folk ages=M6_scaled
1268,216506.3509460888,0.0,0.0,0.0,0.0,0.0,0.0,0.0,0.0,0.02326893733437902,0.0,0.0,0.0,0.0,0.0,0.0,0.0,,,0.0,dasymetric_v2 preferred=M3_folk ages=M6_scaled
1269,216506.3509460888,0.0,0.0,0.0,0.0,0.0,0.0,0.0,0.0,0.02326893733437902,0.0,0.0,0.0,0.0,0.0,0.0,0.0,,,0.0,dasymetric_v2 preferred=M3_folk ages=M6_scaled
1270,216506.3509460888,0.0,0.0,0.0,0.0,0.0,0.0,0.0,0.0,0.02326893733437902,0.0,0.0,0.0,0.0,0.0,0.0,0.0,,,0.0,dasymetric_v2 preferred=M3_folk ages=M6_scaled
1271,216506.3509460888,0.0,0.0,0.0,0.0,0.0,0.0,0.0,0.0,0.02326893733437902,0.0,0.0,0.0,0.0,0.0,0.0,0.0,,,0.0,dasymetric_v2 preferred=M3_folk ages=M6_scaled
1272,216506.3509460888,0.0,0.0,0.0,0.0,0.0,0.0,0.0,0.0,0.02326893733437902,0.0,0.0,0.0,0.0,0.0,0.0,0.0,,,0.0,dasymetric_v2 preferred=M3_folk ages=M6_scaled
1273,216506.3509460888,0.0,0.0,0.0,0.0,0.0,0.0,0.0,0.0,0.02326893733437902,0.0,0.0,0.0,0.0,0.0,0.0,0.0,,,0.0,dasymetric_v2 preferred=M3_folk ages=M6_scaled
1274,216506.3509460888,0.0,0.0,0.0,0.0,0.0,0.0,0.0,0.0,0.02326893733437902,0.0,0.0,0.0,0.0,0.0,0.0,0.0,,,0.0,dasymetric_v2 preferred=M3_folk ages=M6_scaled
1275,216506.3509460888,0.0,0.0,0.0,0.0,0.0,0.0,0.0,0.0,0.02326893733437902,0.0,0.0,0.0,0.0,0.0,0.0,0.0,,,0.0,dasymetric_v2 preferred=M3_folk ages=M6_scaled
1276,216506.3509460888,32.14179553326111,18.431928380336323,35.4561797752809,20.33258426966292,6.453144740562292,3.700599164191128,3.70737986743093,46.19317333067414,128.5988171524794,5.948423625979197,1.0227658039458092,1.2830429395819876,3.70737986743093,1.0959572695001516,1.3420833680000392,17.123654115597226,29.561504585166972,36.20031979431476,6.33198808418515,dasymetric_v2 preferred=M3_folk ages=M6_scaled
1277,216506.3509460888,90.76783787849426,52.05142585401294,10.63685393258427,6.099775280898877,2.7438087012428687,1.5734555158350536,1.5763385989360679,46.1931733306718,54.67885312638565,2.529206636424867,0.43486917232165556,0.5455362498790837,1.5763385989360679,0.46598940720224247,0.5706396138560772,7.2807961154385925,29.561504585166972,36.20031979431475,2.6922941759461483,dasymetric_v2 preferred=M3_folk ages=M6_scaled
1278,216506.3509460888,90.76783787849426,52.05142585401294,28.36494382022472,16.266067415730337,6.93590840960057,3.9774432304516387,3.9847312022103276,46.19317333067414,85.59927211003472,6.393428802543929,1.0992795335970582,1.3790281594938976,3.9847312022103276,1.177946497047985,1.4424854381439813,18.404685057957245,29.56150458516697,36.20031979431475,6.805687950331577,dasymetric_v2 preferred=M3_folk ages=M6_scaled
1279,216506.3509460888,90.76783787849426,52.05142585401294,0.0,0.0,0.0,0.0,0.0,51.680249269796,0.02326893733437902,0.0,0.0,0.0,0.0,0.0,0.0,0.0,,,0.0,dasymetric_v2 preferred=M3_folk ages=M6_scaled
1280,216506.3509460888,90.76783787849426,52.05142585401294,39.00179775280899,22.365842696629212,14.929008145069774,8.561139922461106,8.57682671982364,310.021297521303,114.05183067558016,13.761362611995434,2.366114449848117,2.968251800567041,8.57682671982364,2.5354390240424904,3.1048387007803933,39.614665723867446,29.561504585166965,36.20031979431475,14.648718645515457,dasymetric_v2 preferred=M3_folk ages=M6_scaled
1281,216506.3509460888,90.76783787849426,52.05142585401294,237.55640449438204,136.22831460674158,56.11058239379069,32.176990081063394,32.235948809423114,304.534221582163,428.6630819742845,51.721994066042605,8.893026147566685,11.156155559888077,32.235948809423114,9.529431485369688,11.669516557742764,148.8914697816418,29.56150458516696,36.200319794314744,55.057116088056866,dasymetric_v2 preferred=M3_folk ages=M6_scaled
1282,216506.3509460888,90.76783787849426,52.05142585401294,10.63685393258427,6.099775280898877,4.5954212546428455,2.635275162378531,2.640103844988693,46.19317333067414,29.59685677920255,4.235998642742762,0.7283332240220155,0.9136820933386881,2.640103844988693,0.7804544191895018,0.9557260347879066,12.19411732474348,29.56150458516696,36.20031979431475,4.509143029647002,dasymetric_v2 preferred=M3_folk ages=M6_scaled
1283,216506.3509460888,90.76783787849426,52.05142585401294,10.63685393258427,6.099775280898877,4.130990383162983,2.3689441619253815,2.3732848393781336,51.680249269796,19.514726603729553,3.807892396933653,0.6547250790410672,0.8213418817778633,2.3732848393781336,0.7015787066118395,0.8591367014848735,10.961733127030042,29.56150458516697,36.20031979431475,4.053431766012464,dasymetric_v2 preferred=M3_folk ages=M6_scaled
1284,216506.3509460888,90.76783787849426,52.05142585401294,3.54561797752809,2.033258426966292,1.7293939030105387,0.9917325411610695,0.9935497182603724,310.021297521303,5.563897565192018,1.5941324679470765,0.27409348723168936,0.34384578778570307,0.9935497182603724,0.29370824551945346,0.35966817532576806,4.589009578327666,29.561504585166965,36.20031979431475,1.696924836954922,dasymetric_v2 preferred=M3_folk ages=M6_scaled
1285,216506.3509460888,108.20961668420463,91.45829096987887,361.0537656658459,285.435788137756,192.88213631208558,172.42832462857749,172.74426949252174,307.11334070748575,398.0447706886134,114.04525069277919,19.608822411635277,24.598946358690263,172.74426949252174,21.012074695359914,25.7308900270159,797.8716039398585,12.163688414723099,14.895365329690321,189.26080816124417,dasymetric_v2 preferred=M3_folk ages=M6_scaled
1286,216506.3509460888,121.19993994514077,120.80781559448187,76.92817679558011,76.92817679558011,66.49768305541191,66.49768305541191,66.61952847420147,170.20169233919535,122.1901551417931,32.04600568957922,5.50995706311336,6.912150836441219,66.61952847420147,5.904262221767389,7.23021996264415,307.70242158295895,8.862659879158143,10.853003808701628,65.24920076348695,dasymetric_v2 preferred=M3_folk ages=M6_scaled
1287,216506.3509460888,121.51131346273425,121.51131346273425,0.0,0.0,0.0,0.0,0.0,173.10964915298814,0.02326893733437902,0.0,0.0,0.0,0.0,0.0,0.0,0.0,,,0.0,dasymetric_v2 preferred=M3_folk ages=M6_scaled
1288,216506.3509460888,227.34197058948675,229.79011835880004,0.0,0.0,0.0,0.0,0.0,310.021297521303,0.02326893733437902,0.0,0.0,0.0,0.0,0.0,0.0,0.0,,,0.0,dasymetric_v2 preferred=M3_folk ages=M6_scaled
1289,216506.3509460888,331.3630525087248,335.59200384800795,7.178557946394866,7.299358248395621,0.6373449175407269,0.6480701159848283,0.64925759156381,310.0212975212872,4.0481681575778286,0.6866972780485954,0.06616509989234241,0.08436020756189942,0.64925759156381,0.0709000261198198,0.08824212190960862,2.99879236210248,10.920168980858445,13.591234520195218,0.6253788789234881,dasymetric_v2 preferred=M3_folk ages=M6_scaled
1290,216506.3509460888,336.46717015619424,341.03045912213577,77.16949792374481,78.46810117025292,7.102633725163066,7.222156379351758,7.235389722652945,310.021297521303,3.308843228541932,7.652621228808912,0.737350305918309,0.9401183547566535,7.235389722652945,0.7901167841373669,0.9833787856558641,33.41883363252746,10.920168980858447,13.591234520195217,6.96928302744769,dasymetric_v2 preferred=M3_folk ages=M6_scaled
1291,216506.3509460888,192.65157625444695,194.96229972495635,463.90019193857967,469.38195777351245,1237.1303412485813,1251.7491298498007,1254.0427420470696,310.0212975212872,500.11110724248135,1252.2354051014916,120.65619497242967,153.8361110020962,1254.0427420470696,129.2906288811239,160.91502443479064,5792.175317569935,10.309906077848106,12.83170174663399,1213.9034368981713,dasymetric_v2 preferred=M3_folk ages=M6_scaled
1292,216506.3509460888,384.4218339012082,388.9898689009833,1792.3416506717851,1813.521200488571,6723.059245766906,6802.50356831755,6814.967970955586,310.021297521303,837.1441245754677,6805.146181806092,655.6938425338116,836.0067277645496,6814.967970955586,702.6167970409517,874.476364161655,31476.988740402117,10.309906077848108,12.831701746633993,6596.83499207512,dasymetric_v2 preferred=M3_folk ages=M6_scaled
1293,216506.3509460888,1168.3510869703114,1359.9476581666493,1257.9530689573753,1497.7820982171302,2309.2423752060677,2741.2898413165058,2746.3127773556525,310.0212975212872,341.60392640326404,2772.3411655978807,267.12240753116237,340.57987942932374,2746.3127773556525,286.23829937481065,356.25198312261614,12684.675370282781,10.422640193606115,12.972010546651616,2265.8867561718666,dasymetric_v2 preferred=M3_folk ages=M6_scaled
1294,216506.3509460888,1502.8406504039579,1533.0167185710804,2452.1422981796627,2526.3850671386886,1973.1879162744885,2029.6174424739377,2033.3363628317306,310.021297521303,289.4274201770504,1988.6705484976346,191.61366980836328,244.30657526448599,2033.3363628317306,205.32598328170565,255.5485722577133,9391.57837147254,10.097984132628106,12.56794384485521,1936.1416605416957,dasymetric_v2 preferred=M3_folk ages=M6_scaled
1295,216506.3509460888,801.004568458226,805.0568382696297,1485.2563816567258,1504.566827971804,1552.5059128629255,1574.1132088486606,1576.9974970575372,310.0212975212872,298.74230898716496,1821.7661522658198,175.53198956560627,223.80250460744023,1576.9974970575372,188.09346113457258,234.1009874917006,7283.839435500984,11.927315134331499,14.84472790403924,1523.3578876798074,dasymetric_v2 preferred=M3_folk ages=M6_scaled
1296,216506.3509460888,611.1414192181649,606.8094182899042,676.1668169277226,674.3572538072169,382.657430439463,380.46481512559444,381.16195061368416,310.021297521303,273.3794567646556,184.2468292400679,20.63669909791358,25.52018928071058,381.16195061368416,22.11350859364864,26.694524809133195,1760.5116383333968,5.8016044251125045,7.003460016445522,375.47310455281405,dasymetric_v2 preferred=M3_folk ages=M6_scaled
1297,216506.3509460888,652.3074523092134,642.1892562481883,614.1919087136929,604.6649377593361,325.96650338330653,320.910309438437,321.49832167060504,310.0212975212872,110.44479481467016,60.13280205257474,8.269640007906496,9.864312422497527,321.49832167060504,8.8614344044833,10.318228042549576,1484.937140484437,2.756292586050383,3.209418944687755,319.8465396712531,dasymetric_v2 preferred=M3_folk ages=M6_scaled
1298,216506.3509460888,652.3074523092134,642.1892562481883,607.7717842323651,598.344398340249,266.2647896138607,262.13465230525986,262.6149683857882,310.021297521303,485.612501766749,49.119304349480956,6.755031372957795,8.057634893770521,262.6149683857882,7.23843690347604,8.428414546959248,1212.966581526196,2.7562925860503844,3.2094189446877563,261.2657150668721,dasymetric_v2 preferred=M3_folk ages=M6_scaled
1299,216506.3509460888,590.7155420141329,586.1211942144639,203.30394190871368,200.15041493775934,99.35724234638658,97.81607329399475,97.9953042065203,310.0212975212872,181.20728277458397,18.328967315636564,2.5206535575121873,3.00672268398714,97.9953042065203,2.701037304521839,3.14507985810846,452.62092210367376,2.756292586050384,3.209418944687756,97.49182761395758,dasymetric_v2 preferred=M3_folk ages=M6_scaled
1300,216506.3509460888,459.019399503697,483.4634966268551,188.40430925221798,206.71609632446135,43.98780884583874,48.26316429050227,48.35159813052321,310.021297521303,271.99872849775494,85.83645637526803,16.517659687979354,17.88850388939383,48.35159813052321,17.699701280909995,18.711660231871257,223.32646557127097,36.606238398016046,38.69915567497868,43.16194547915803,dasymetric_v2 preferred=M3_folk ages=M6_scaled
1301,216506.3509460888,341.7763204912111,371.89670074540436,2.1907477820025347,2.403675538656527,1.1202481612002473,1.2291296718057674,1.231381837786995,310.0212975212872,6.927057369833971,2.1860177840487234,0.4206592321440624,0.4555708528003358,1.231381837786995,0.45076257113017854,0.4765343743586026,5.6875090841728495,36.60623839801604,38.69915567497868,1.0992156992022173,dasymetric_v2 preferred=M3_folk ages=M6_scaled
1302,216506.3509460888,311.5284710537162,337.96317133714837,265.3197131058466,284.68072158226477,122.53692942154831,131.47873966788455,131.71965155173783,310.021297521303,32.2278002624279,161.81096828311684,28.64418516938411,31.3179798392,131.71965155173783,30.694028725033792,32.759106156840375,608.387010247735,23.302543214652797,24.87032555197203,120.23632014524946,dasymetric_v2 preferred=M3_folk ages=M6_scaled
1303,216506.3509460888,235.79279171465717,252.9991507357245,333.6005216257335,357.9441425777005,121.80335464553659,130.69163420133276,130.93110385155026,310.0212975212872,33.01461009257462,160.8422770863089,28.472705013819073,31.13049284932574,130.93110385155026,30.510277056429434,32.56299177667114,604.7448644319575,23.3025432146528,24.870325551972034,119.51651810650576,dasymetric_v2 preferred=M3_folk ages=M6_scaled
1304,216506.3509460888,235.79279171465717,252.9991507357245,343.3549228428602,368.4103455770485,63.54853488192892,68.18582213100017,68.3107607705335,310.021297521303,205.7506274186789,83.91633453490218,14.855080904948279,16.241730094249988,68.3107607705335,15.918144548811659,16.98910859066048,315.5138889553556,23.302543214652793,24.870325551972027,62.35542232774037,dasymetric_v2 preferred=M3_folk ages=M6_scaled
1305,216506.3509460888,208.80617556695455,223.54813763256774,347.77139062328985,372.9568849565234,134.71623805431503,144.46683601702753,144.73154632461868,304.01839775709846,433.34238580109144,176.74067423881746,31.287079322092584,34.20757524232325,144.73154632461868,33.52605444197277,35.781669012020075,668.4863778460596,23.16430335566036,24.72278499102421,132.18696440269912,dasymetric_v2 preferred=M3_folk ages=M6_scaled
1306,216506.3509460888,69.92428545934541,71.98366052421129,4.416467780429595,4.5465393794749405,2.145537017935802,2.2087263005499613,2.21277340668534,21.391469528969907,51.957923130445096,1.4866444489786663,0.2631695448671576,0.28773513548049356,2.21277340668534,0.28200256079688957,0.3009755385454363,10.220362576044396,12.74430359407292,13.601733355802008,2.1052549381627337,dasymetric_v2 preferred=M3_folk ages=M6_scaled
1307,216506.3509460888,69.92428545934541,71.98366052421129,0.0,0.0,0.0,0.0,0.0,21.907293354033374,0.02326893733437902,0.0,0.0,0.0,0.0,0.0,0.0,0.0,,,0.0,dasymetric_v2 preferred=M3_folk ages=M6_scaled
1308,216506.3509460888,69.92428545934541,71.98366052421129,17.66587112171838,18.186157517899762,6.139887849199265,6.320716753701485,6.3322983659399625,46.19317333067414,130.88498872308685,4.254333582715545,0.7531128464815467,0.8234122494069444,6.3322983659399625,0.8070073282379073,0.8613023390289613,29.24763332931854,12.744303594072917,13.601733355802006,6.024612535806122,dasymetric_v2 preferred=M3_folk ages=M6_scaled
1309,216506.3509460888,69.92428545934541,71.98366052421129,2.2082338902147973,2.2732696897374702,1.3409606362098765,1.380453937843726,1.3829833791783377,45.232451456489066,28.58547616164072,0.9291527806116666,0.1644809655419735,0.17983445967530848,1.3829833791783377,0.17625160049805597,0.18810971159089768,6.387726610027748,12.744303594072917,13.601733355802004,1.3157843363517088,dasymetric_v2 preferred=M3_folk ages=M6_scaled
1310,216506.3509460888,8.225748778794534,8.468009415619338,0.0,0.0,0.0,0.0,0.0,0.0,0.02326893733437902,0.0,0.0,0.0,0.0,0.0,0.0,0.0,,,0.0,dasymetric_v2 preferred=M3_folk ages=M6_scaled
1311,216506.3509460888,0.0,0.0,0.0,0.0,0.0,0.0,0.0,0.0,0.02326893733437902,0.0,0.0,0.0,0.0,0.0,0.0,0.0,,,0.0,dasymetric_v2 preferred=M3_folk ages=M6_scaled
1312,216506.3509460888,0.0,0.0,0.0,0.0,0.0,0.0,0.0,0.0,0.02326893733437902,0.0,0.0,0.0,0.0,0.0,0.0,0.0,,,0.0,dasymetric_v2 preferred=M3_folk ages=M6_scaled
1313,216506.3509460888,0.0,0.0,0.0,0.0,0.0,0.0,0.0,0.0,0.02326893733437902,0.0,0.0,0.0,0.0,0.0,0.0,0.0,,,0.0,dasymetric_v2 preferred=M3_folk ages=M6_scaled
1314,216506.3509460888,0.0,0.0,0.0,0.0,0.0,0.0,0.0,0.0,0.02326893733437902,0.0,0.0,0.0,0.0,0.0,0.0,0.0,,,0.0,dasymetric_v2 preferred=M3_folk ages=M6_scaled
1315,216506.3509460888,0.0,0.0,0.0,0.0,0.0,0.0,0.0,0.0,0.02326893733437902,0.0,0.0,0.0,0.0,0.0,0.0,0.0,,,0.0,dasymetric_v2 preferred=M3_folk ages=M6_scaled
1316,216506.3509460888,0.0,0.0,0.0,0.0,0.0,0.0,0.0,0.0,0.02326893733437902,0.0,0.0,0.0,0.0,0.0,0.0,0.0,,,0.0,dasymetric_v2 preferred=M3_folk ages=M6_scaled
1317,216506.3509460888,0.0,0.0,0.0,0.0,0.0,0.0,0.0,0.0,0.02326893733437902,0.0,0.0,0.0,0.0,0.0,0.0,0.0,,,0.0,dasymetric_v2 preferred=M3_folk ages=M6_scaled
1318,216506.3509460888,0.0,0.0,0.0,0.0,0.0,0.0,0.0,0.0,0.02326893733437902,0.0,0.0,0.0,0.0,0.0,0.0,0.0,,,0.0,dasymetric_v2 preferred=M3_folk ages=M6_scaled
1319,216506.3509460888,0.0,0.0,0.0,0.0,0.0,0.0,0.0,0.0,0.02326893733437902,0.0,0.0,0.0,0.0,0.0,0.0,0.0,,,0.0,dasymetric_v2 preferred=M3_folk ages=M6_scaled
1320,216506.3509460888,0.0,0.0,0.0,0.0,0.0,0.0,0.0,22.589970130061836,0.02326893733437902,0.0,0.0,0.0,0.0,0.0,0.0,0.0,,,0.0,dasymetric_v2 preferred=M3_folk ages=M6_scaled
1321,216506.3509460888,66.25498602611252,37.99436643201077,0.0,0.0,0.0,0.0,0.0,42.15368018914917,0.02326893733437902,0.0,0.0,0.0,0.0,0.0,0.0,0.0,,,0.0,dasymetric_v2 preferred=M3_folk ages=M6_scaled
1322,216506.3509460888,90.76783787849426,52.05142585401294,3.54561797752809,2.033258426966292,1.5094003323095513,0.8655757514727355,0.8671617682343179,44.4970334270802,30.079458178657585,1.391345298879604,0.23922647118808224,0.3001056875726808,0.8671617682343179,0.2563460658774029,0.31391533323485765,4.005248642568668,29.561504585166976,36.20031979431476,1.4810616068122462,dasymetric_v2 preferred=M3_folk ages=M6_scaled
1323,216506.3509460888,90.76783787849426,52.05142585401294,3.54561797752809,2.033258426966292,2.083827989139907,1.1949851467700519,1.1971747488579045,46.193173330661494,25.71749056345536,1.920845129222449,0.3302681241908342,0.4143159492400168,1.1971747488579045,0.3539028682760906,0.433381087583346,5.5295133081616035,29.56150458516697,36.20031979431476,2.0447044855181216,dasymetric_v2 preferred=M3_folk ages=M6_scaled
1324,216506.3509460888,90.76783787849426,52.05142585401294,0.0,0.0,0.0,0.0,0.0,173.18493180710462,0.02326893733437902,0.0,0.0,0.0,0.0,0.0,0.0,0.0,,,0.0,dasymetric_v2 preferred=M3_folk ages=M6_scaled
1325,216506.3509460888,90.76783787849426,52.05142585401294,0.0,0.0,0.0,0.0,0.0,283.45281914080147,0.02326893733437902,0.0,0.0,0.0,0.0,0.0,0.0,0.0,,,0.0,dasymetric_v2 preferred=M3_folk ages=M6_scaled
1326,216506.3509460888,90.76783787849426,52.05142585401294,10.63685393258427,6.099775280898877,4.057659192929321,2.3268918986959366,2.331155522702782,162.75194184001936,29.85969503715175,3.740296673911162,0.6431027403598648,0.8067618483735225,2.331155522702782,0.6891246467311559,0.8438857541212368,10.76714614844371,29.561504585166972,36.20031979431476,3.9814773559649055,dasymetric_v2 preferred=M3_folk ages=M6_scaled
1327,216506.3509460888,90.76783787849426,52.05142585401294,42.54741573033708,24.399101123595507,14.617350586576709,8.382417803735965,8.397777123953395,57.03745022062745,94.14319337214428,13.474080789149848,2.316719510453007,2.9062866585985927,8.397777123953395,2.4825092695495856,3.0400221744849367,38.78767106487553,29.561504585166972,36.20031979431475,14.342912402813333,dasymetric_v2 preferred=M3_folk ages=M6_scaled
1328,216506.3509460888,90.76783787849426,52.05142585401294,63.82112359550562,36.59865168539326,25.837022692327057,14.816414077840994,14.84356257528217,193.15098640176728,174.08059702825042,23.816226411590954,4.094937328676971,5.13703176946273,14.84356257528217,4.387980431294167,5.373417121121369,68.55947878858434,29.56150458516697,36.20031979431475,25.351937140089788,dasymetric_v2 preferred=M3_folk ages=M6_scaled
1329,216506.3509460888,99.65287276249622,72.12571845479337,97.28325477131487,68.5484233106407,37.628997648983834,30.343614234251447,30.399213620787673,310.02129752121806,81.70332378094189,25.646943910116747,4.409709001292868,5.531907674163627,30.399213620787673,4.725277886396014,5.786463612219866,140.40795333693114,15.544079348041954,19.034912167145503,36.92251984300532,dasymetric_v2 preferred=M3_folk ages=M6_scaled
1330,216506.3509460888,121.51131346273425,121.51131346273425,647.4788213627993,647.4788213627993,1016.5297072590881,1016.5297072590881,1018.3923208450352,229.83381557262211,1756.5996700765859,489.87747069782847,84.2290254791205,105.66393208682493,1018.3923208450352,90.2566476319604,110.52615736883655,4703.752644644685,8.862659879158143,10.853003808701626,997.4445409733534,dasymetric_v2 preferred=M3_folk ages=M6_scaled
1331,216506.3509460888,114.51425170504594,114.56378219105753,0.0,0.0,0.0,0.0,0.0,162.06848467167424,0.02326893733437902,0.0,0.0,0.0,0.0,0.0,0.0,0.0,,,0.0,dasymetric_v2 preferred=M3_folk ages=M6_scaled
1332,216506.3509460888,339.53414212661744,343.5161530719385,0.0,0.0,0.0,0.0,0.0,242.25596662029272,0.02326893733437902,0.0,0.0,0.0,0.0,0.0,0.0,0.0,,,0.0,dasymetric_v2 preferred=M3_folk ages=M6_scaled
1333,216506.3509460888,390.72676804911447,395.34386604800676,180.99136276391556,183.1300820101204,87.09846486324139,88.12768062400062,88.28915924489687,310.02129752121806,495.2878200911729,88.16191616613476,8.494633918470003,10.830620397920942,88.28915924489687,9.102529395070615,11.329001588915899,407.79015885257485,10.309906077848106,12.831701746633993,85.46320651980419,dasymetric_v2 preferred=M3_folk ages=M6_scaled
1334,216506.3509460888,390.72676804911447,395.34386604800676,154.6333973128599,156.46065259117083,155.86444013085935,157.7062422633823,157.9952114763141,310.0212975212342,720.8936389273329,157.7675074488904,15.20131683030058,19.38161122865271,157.9952114763141,16.289157910705477,20.273474310604264,729.7486230122447,10.309906077848106,12.831701746633993,152.93811270856372,dasymetric_v2 preferred=M3_folk ages=M6_scaled
1335,216506.3509460888,390.72676804911447,395.34386604800676,1108.791746641075,1121.8939975571454,942.8411765951116,953.9824406847614,955.730447301868,310.02129752121806,415.70697750809376,954.3530405441024,91.95444088492906,117.24150242216761,955.730447301868,98.5349114742202,122.63648049954668,4414.329848180066,10.309906077848106,12.831701746633993,925.1394994991473,dasymetric_v2 preferred=M3_folk ages=M6_scaled
1336,216506.3509460888,388.4312635732041,393.02123630198724,1189.6228406909788,1203.6802477752574,1749.4153621041166,1770.0876651764954,1773.3310424333833,310.0212975212342,616.3406044068186,1770.7753028223885,170.61888628870457,217.53831981988816,1773.3310424333833,182.8287649242066,227.54855034552725,8190.665237690659,10.30990607784811,12.831701746633993,1716.5703966789533,dasymetric_v2 preferred=M3_folk ages=M6_scaled
1337,216506.3509460888,695.731699531816,784.1527989431473,515.9548397757751,558.7017337642803,432.2693530665805,464.4566739897243,465.3077099258896,310.02129752121806,68.51401246155501,466.95653343859357,44.992497666723025,57.36523405947898,465.3077099258896,48.21226394212371,60.00494929479049,2149.1642526539727,10.361372251880926,12.895756510105452,424.1535720671768,dasymetric_v2 preferred=M3_folk ages=M6_scaled
1338,216506.3509460888,1467.0545638872627,1667.8177117552273,1424.9155128796142,1634.9669020339784,1194.0392502821212,1334.7247996115511,1337.1704502674088,310.0212975212342,201.1541522704343,1332.4693058179334,128.38694362304537,163.69278108701954,1337.1704502674088,137.57460762741533,171.22525847040987,6176.125755315008,10.288486976353914,12.805043548200459,1171.621373578081,dasymetric_v2 preferred=M3_folk ages=M6_scaled
1339,216506.3509460888,1595.9533469207108,1592.4766850653855,1342.0713073005093,1339.1477079796266,2434.1590177978533,2428.856389232111,2433.306845403329,310.02129752121806,352.3789113997959,2359.591990728022,227.35293230715618,289.8739757129559,2433.306845403329,243.62282933484332,303.2127995241937,11238.962897717653,10.012006081150934,12.460935623346556,2388.458110791549,dasymetric_v2 preferred=M3_folk ages=M6_scaled
1340,216506.3509460888,1095.6937051259508,1088.6961340591454,1666.448539616341,1654.914639412747,2752.9866060043996,2731.570895949907,2736.5760237149307,310.02129752123426,588.2789040727862,1829.4907884407726,176.55003184510431,225.025373546568,2736.5760237149307,189.18435685338713,235.38012789598199,12639.703231598747,6.9131774602251825,8.60126398302836,2701.2997671616235,dasymetric_v2 preferred=M3_folk ages=M6_scaled
1341,216506.3509460888,652.3074523092134,642.1892562481883,654.8526970954357,644.695020746888,521.5454346537169,513.4555393997572,514.396357220069,310.02129752121806,160.5821838944164,96.21230420285612,13.23139938486771,15.782870499125659,514.396357220069,14.178268656970012,16.509134139404598,2375.895002489587,2.756292586050384,3.209418944687756,511.7535109402715,dasymetric_v2 preferred=M3_folk ages=M6_scaled
1342,216506.3509460888,652.3074523092134,642.1892562481883,594.9315352697096,585.7033195020747,248.58240398279642,244.72654507467743,245.17496383159408,310.0212975212342,244.95107201342154,45.85733913546708,6.306436311403476,7.522535199693083,245.17496383159408,6.757739350941938,7.868691736842534,1132.41465093393,2.756292586050384,3.209418944687756,243.91531311290785,dasymetric_v2 preferred=M3_folk ages=M6_scaled
1343,216506.3509460888,652.3074523092134,642.1892562481883,601.3516597510373,592.0238589211618,258.58608138757916,254.57505152601712,255.04151595517195,310.02129752121806,449.76700148836477,47.702771555473284,6.560225611942442,7.825263849018803,255.04151595517195,7.029690395622911,8.185350729884133,1177.9863031301036,2.7562925860503835,3.2094189446877555,253.73117323564193,dasymetric_v2 preferred=M3_folk ages=M6_scaled
1344,216506.3509460888,632.0909626228873,623.6948337385144,62.06120331950207,61.09854771784232,26.81237941970882,26.39648211411954,26.44484906872585,310.0212975212342,48.90029457971675,4.946224496901631,0.6802193576794002,0.8113891600559336,26.44484906872585,0.7288974142735046,0.8487259959057709,122.14352582807494,2.7562925860503835,3.2094189446877555,26.308981716634182,dasymetric_v2 preferred=M3_folk ages=M6_scaled
1345,216506.3509460888,245.00517888789997,261.78327316367796,89.74049119756575,96.28906759400131,88.23557173179248,94.67433058699793,94.84780480337598,310.02129752121806,545.165693908205,116.51575868870299,20.625913078963475,22.551241243283684,94.84780480337598,22.101950702456218,23.58895783349857,438.08324508223586,23.302543214652797,24.87032555197203,86.57896440709484,dasymetric_v2 preferred=M3_folk ages=M6_scaled
1346,216506.3509460888,235.79279171465717,252.9991507357245,89.74049119756575,96.28906759400131,23.03125378400854,24.7118989743523,24.757179223847704,310.0212975212342,44.614607707068586,30.412949738148676,5.3837769657398304,5.886326229031799,24.757179223847704,5.769052387366155,6.157191070456106,114.34851271412529,23.302543214652797,24.87032555197203,22.598846049047253,dasymetric_v2 preferred=M3_folk ages=M6_scaled
1347,216506.3509460888,235.79279171465717,252.9991507357245,1457.3075418387307,1563.6507281025865,5656.116028584838,6068.85622452101,6079.976346219599,310.02129752121806,1882.6435769542275,7468.945203926637,1322.1714925216252,1445.5897384372186,6079.976346219599,1416.78911551849,1512.109910787708,28082.20784125425,23.302543214652797,24.870325551972027,5549.923445951896,dasymetric_v2 preferred=M3_folk ages=M6_scaled
1348,216506.3509460888,235.79279171465717,252.9991507357245,236.0565094544664,253.28211258422084,52.81438969008407,56.66838091635469,56.77221585146252,302.92832899568816,44.49142280133507,69.74181232854973,12.3458712816803,13.498298017926665,56.77221585146252,13.229370132703018,14.119434905326996,262.2196328346927,23.302543214652797,24.870325551972027,51.82280882204167,dasymetric_v2 preferred=M3_folk ages=M6_scaled
1349,216506.3509460888,235.79279171465717,252.9991507357245,852.5346663768746,914.7461421430124,221.3599313899833,237.51309037621758,237.94829173414726,297.79437532778144,892.4750943929861,292.30751093881065,51.745011840502556,56.57515576083215,237.94829173414726,55.44800350987778,59.17851479963858,1099.0360822874782,23.3025432146528,24.87032555197203,217.20393765029428,dasymetric_v2 preferred=M3_folk ages=M6_scaled
1350,216506.3509460888,139.04080199538996,147.411843998816,23.41056292110411,25.118887198435125,3.3055777661915533,3.546793612543544,3.553292493906379,149.0959072385731,10.702444999539273,4.36504114806502,0.7727105785461224,0.8448393339640023,3.553292493906379,0.8280075189355481,0.8837154110483022,16.41195502293218,23.3025432146528,24.870325551972027,3.243516125604286,dasymetric_v2 preferred=M3_folk ages=M6_scaled
1351,216506.3509460888,69.92428545934541,71.98366052421129,0.0,0.0,0.0,0.0,0.0,21.39146952896405,0.02326893733437902,0.0,0.0,0.0,0.0,0.0,0.0,0.0,,,0.0,dasymetric_v2 preferred=M3_folk ages=M6_scaled
1352,216506.3509460888,69.92428545934541,71.98366052421129,4.416467780429595,4.5465393794749405,1.2667798350578408,1.3040884008566263,1.3064779156493231,34.77848878694727,18.385799117403714,0.877752839556553,0.155382018511992,0.16988617041667442,1.3064779156493231,0.16650151195986565,0.1777036424390608,6.0343630103240855,12.744303594072921,13.601733355802008,1.2429962666811887,dasymetric_v2 preferred=M3_folk ages=M6_scaled
1353,216506.3509460888,69.92428545934541,71.98366052421129,0.0,0.0,0.0,0.0,0.0,46.193173330661494,0.02326893733437902,0.0,0.0,0.0,0.0,0.0,0.0,0.0,,,0.0,dasymetric_v2 preferred=M3_folk ages=M6_scaled
1354,216506.3509460888,34.371013585172705,35.383291477845994,0.0,0.0,0.0,0.0,0.0,21.25984996267221,0.02326893733437902,0.0,0.0,0.0,0.0,0.0,0.0,0.0,,,0.0,dasymetric_v2 preferred=M3_folk ages=M6_scaled
1355,216506.3509460888,0.0,0.0,0.0,0.0,0.0,0.0,0.0,0.0,0.02326893733437902,0.0,0.0,0.0,0.0,0.0,0.0,0.0,,,0.0,dasymetric_v2 preferred=M3_folk ages=M6_scaled
1356,216506.3509460888,0.0,0.0,0.0,0.0,0.0,0.0,0.0,0.0,0.02326893733437902,0.0,0.0,0.0,0.0,0.0,0.0,0.0,,,0.0,dasymetric_v2 preferred=M3_folk ages=M6_scaled
1357,216506.3509460888,0.0,0.0,0.0,0.0,0.0,0.0,0.0,0.0,0.02326893733437902,0.0,0.0,0.0,0.0,0.0,0.0,0.0,,,0.0,dasymetric_v2 preferred=M3_folk ages=M6_scaled
1358,216506.3509460888,0.0,0.0,0.0,0.0,0.0,0.0,0.0,0.0,0.02326893733437902,0.0,0.0,0.0,0.0,0.0,0.0,0.0,,,0.0,dasymetric_v2 preferred=M3_folk ages=M6_scaled
1359,216506.3509460888,0.0,0.0,0.0,0.0,0.0,0.0,0.0,0.0,0.02326893733437902,0.0,0.0,0.0,0.0,0.0,0.0,0.0,,,0.0,dasymetric_v2 preferred=M3_folk ages=M6_scaled
1360,216506.3509460888,0.0,0.0,0.0,0.0,0.0,0.0,0.0,0.0,0.02326893733437902,0.0,0.0,0.0,0.0,0.0,0.0,0.0,,,0.0,dasymetric_v2 preferred=M3_folk ages=M6_scaled
1361,216506.3509460888,0.0,0.0,0.0,0.0,0.0,0.0,0.0,0.0,0.02326893733437902,0.0,0.0,0.0,0.0,0.0,0.0,0.0,,,0.0,dasymetric_v2 preferred=M3_folk ages=M6_scaled
1362,216506.3509460888,0.0,0.0,0.0,0.0,0.0,0.0,0.0,0.0,0.02326893733437902,0.0,0.0,0.0,0.0,0.0,0.0,0.0,,,0.0,dasymetric_v2 preferred=M3_folk ages=M6_scaled
1363,216506.3509460888,0.0,0.0,0.0,0.0,0.0,0.0,0.0,0.0,0.02326893733437902,0.0,0.0,0.0,0.0,0.0,0.0,0.0,,,0.0,dasymetric_v2 preferred=M3_folk ages=M6_scaled
1364,216506.3509460888,0.0,0.0,0.0,0.0,0.0,0.0,0.0,0.5849700220911809,0.02326893733437902,0.0,0.0,0.0,0.0,0.0,0.0,0.0,,,0.0,dasymetric_v2 preferred=M3_folk ages=M6_scaled
1365,216506.3509460888,24.95840830978951,14.312566763022911,0.0,0.0,0.0,0.0,0.0,1.5456918962739141,0.02326893733437902,0.0,0.0,0.0,0.0,0.0,0.0,0.0,,,0.0,dasymetric_v2 preferred=M3_folk ages=M6_scaled
1366,216506.3509460888,44.96238242064043,25.78397998111007,14.18247191011236,8.133033707865168,3.153241180047484,1.8082473188661194,1.8115606170401137,46.193173330686804,59.18939692692564,2.9066160899671076,0.49976056329170215,0.626941436386653,1.8115606170401137,0.5355245748693922,0.6557907366363828,8.36724007921228,29.561504585166965,36.20031979431476,3.0940396320450168,dasymetric_v2 preferred=M3_folk ages=M6_scaled
1367,216506.3509460888,90.76783787849426,52.05142585401294,0.0,0.0,0.0,0.0,0.0,45.3614074127678,0.02326893733437902,0.0,0.0,0.0,0.0,0.0,0.0,0.0,,,0.0,dasymetric_v2 preferred=M3_folk ages=M6_scaled
1368,216506.3509460888,90.76783787849426,52.05142585401294,0.0,0.0,0.0,0.0,0.0,10.047879787000626,0.02326893733437902,0.0,0.0,0.0,0.0,0.0,0.0,0.0,,,0.0,dasymetric_v2 preferred=M3_folk ages=M6_scaled
1369,216506.3509460888,90.76783787849426,52.05142585401294,0.0,0.0,0.0,0.0,0.0,13.45876483023967,0.02326893733437902,0.0,0.0,0.0,0.0,0.0,0.0,0.0,,,0.0,dasymetric_v2 preferred=M3_folk ages=M6_scaled
1370,216506.3509460888,90.76783787849426,52.05142585401294,39.00179775280899,22.365842696629212,9.759159233596574,5.596455364785258,5.60670989421136,168.6313030181918,106.61059146946488,8.995864138909827,1.5467395728233497,1.9403594455610171,5.60670989421136,1.6574278024543012,2.0296469116439986,25.896283733531032,29.56150458516697,36.20031979431475,9.575932737162582,dasymetric_v2 preferred=M3_folk ages=M6_scaled
1371,216506.3509460888,94.30058943507859,60.03310396317516,20.640768376545893,19.128408825984096,14.563639121204067,14.05535655738553,14.081110549514008,171.5392598319843,83.50973943071179,7.542556093926274,1.2968592911774985,1.6268887273676906,14.081110549514008,1.3896655150196051,1.7017515433258072,65.0378637300126,9.869005076929586,12.085350351748648,14.290209360746736,dasymetric_v2 preferred=M3_folk ages=M6_scaled
1372,216506.3509460888,100.14727105803786,73.24273106930826,177.17172512260228,159.02341051586072,112.86384139555247,107.06681359077076,107.26299487320071,310.02129752138796,147.95281667860942,60.3686136360029,10.379716970537157,13.021184832860001,107.26299487320071,11.122513311773792,13.620366908007973,495.4265517130708,10.369385383022447,12.698104247517122,110.74484264391843,dasymetric_v2 preferred=M3_folk ages=M6_scaled
1373,216506.3509460888,119.48117026872676,116.92453479161964,133.12035508101062,125.55855732820164,163.50702806900907,161.52602935874197,161.82199766603216,305.17900136357827,198.12175722261117,80.83885175798055,13.899348534494608,17.436504948807862,161.82199766603216,14.894017778974124,18.23886213462932,747.4237913063654,9.203951251246052,11.270941156140365,160.43721240371244,dasymetric_v2 preferred=M3_folk ages=M6_scaled
1374,216506.3509460888,121.51131346273425,121.51131346273425,123.93984039287908,123.93984039287908,87.30377829862394,87.30377829862394,87.46374726205147,78.37309507361319,188.65410970578202,42.07270460458203,7.233937300825046,9.074855791418432,87.46374726205147,7.751614437402114,9.49244382158361,403.97774420866944,8.86265987915814,10.853003808701626,85.66466523158448,dasymetric_v2 preferred=M3_folk ages=M6_scaled
1375,216506.3509460888,264.0029637080484,267.0138924416269,0.0,0.0,0.0,0.0,0.0,83.21539123140266,0.02326893733437902,0.0,0.0,0.0,0.0,0.0,0.0,0.0,,,0.0,dasymetric_v2 preferred=M3_folk ages=M6_scaled
1376,216506.3509460888,390.72676804911447,395.34386604800676,31.629558541266796,32.00331530273949,1.8503270899276838,1.8721918358391474,1.8756223011999047,310.02129752138796,3.9655360159887807,1.872919138566568,0.18046071515776033,0.23008660777733334,1.8756223011999047,0.19337489762888355,0.24067425958332492,8.663128323967479,10.309906077848108,12.831701746633996,1.8155875245789368,dasymetric_v2 preferred=M3_folk ages=M6_scaled
1377,216506.3509460888,390.72676804911447,395.34386604800676,622.0479846449136,629.3985342872099,189.53073519037108,191.770361573138,192.12174734996023,310.02129752137176,594.4315860142924,191.84485987205193,18.484759912458074,23.56798652891197,192.12174734996023,19.807571706901534,24.652489610368594,887.3723403975321,10.309906077848106,12.831701746633993,185.9723290055493,dasymetric_v2 preferred=M3_folk ages=M6_scaled
1378,216506.3509460888,390.72676804911447,395.34386604800676,650.1631477927064,657.8459256674228,625.409378593463,632.7996487938127,633.9591439021298,310.02129752138796,530.4409621596627,633.0454766527256,60.9956068533579,77.76912697004498,633.9591439021298,65.36059230823952,81.3477465410355,2928.131859097237,10.30990607784811,12.831701746633994,613.6674276186135,dasymetric_v2 preferred=M3_folk ages=M6_scaled
1379,216506.3509460888,390.72676804911447,395.34386604800676,1757.1976967370442,1777.9619612633048,537.9799513417622,544.3370949006392,545.3344977911368,310.02129752137176,442.6815839277346,544.5485571269874,52.46869447469736,66.89735167919888,545.3344977911368,56.22347453237086,69.97569627806301,2518.7921527850604,10.309906077848106,12.831701746633994,527.8794724709247,dasymetric_v2 preferred=M3_folk ages=M6_scaled
1380,216506.3509460888,390.72676804911447,395.34386604800676,1493.6180422264877,1511.2676670738092,1189.0571709732865,1203.1078937125567,1205.3123793190143,310.02129752138796,374.5662001006582,1203.5752729819926,115.96766247728063,147.85825296069606,1205.3123793190143,124.26657425246667,154.66208962947368,5567.099413259907,10.309906077848106,12.83170174663399,1166.7328319311353,dasymetric_v2 preferred=M3_folk ages=M6_scaled
1381,216506.3509460888,1450.490404385298,1587.8792515423345,1462.63719908141,1603.1858885632082,1965.1929831625278,2079.47712858624,2083.2874081321415,310.02129752137176,587.5713592347452,1890.0198082824172,182.1084099370238,232.1874112795345,2083.2874081321415,195.14050522378406,242.87173353587943,9622.292367076525,9.36695073670826,11.658100202008912,1928.2968308913412,dasymetric_v2 preferred=M3_folk ages=M6_scaled
1382,216506.3509460888,1585.4755031194788,1606.2829059248816,1392.7457992911877,1441.6491137611865,1560.8646187290349,1594.9513206618283,1597.8737910801294,310.02129752138796,376.50196373157587,1430.7409319108947,137.85567484548596,175.76537120737956,1597.8737910801294,147.7209429625833,183.85338018743946,7380.262907289996,9.244844229075628,11.506126529752917,1531.5596603148965,dasymetric_v2 preferred=M3_folk ages=M6_scaled
1383,216506.3509460888,1588.795816814755,1585.2750536766155,2218.325929865195,2211.776763710388,946.4713326933489,942.4993012851494,944.2262670499305,310.02129752137176,220.34223685635382,816.2088615616702,78.64388368002423,100.27060129155113,944.2262670499305,84.27182028214706,104.88464738101213,4361.194315657964,8.924960385336409,11.107999326126123,928.7015000557577,dasymetric_v2 preferred=M3_folk ages=M6_scaled
1384,216506.3509460888,655.6418583172907,645.7923164948207,1914.0643728286277,1885.2791892261475,3613.971011372066,3558.038402371162,3564.557887852258,310.02129752138796,385.2303772311687,883.1807656273966,87.70656416110266,111.1092404765345,3564.557887852258,93.9830469540561,116.22203674902411,16463.987648749626,2.6365975784638866,3.2604895306960784,3546.1193419015926,dasymetric_v2 preferred=M3_folk ages=M6_scaled
1385,216506.3509460888,656.6039304151424,646.8508628906513,799.910023887766,789.8262380828252,514.7495763659614,508.79246137056896,509.72473491280664,310.02129752137176,167.81624987565175,296.17265217517297,40.730535249865596,48.58479020321165,509.72473491280664,43.64530572444476,50.82046505064373,2354.3177033163834,8.562524581411713,9.970178327590295,505.0852436954042,dasymetric_v2 preferred=M3_folk ages=M6_scaled
1386,216506.3509460888,653.5337437186778,643.519761848114,708.930108413707,697.9960036066681,356.57387692024855,351.3264050121106,351.97014944024147,310.02129752138796,28.2206863025793,93.91469159260095,12.915424933056462,15.405965252075779,351.97014944024147,13.839682349036302,16.114885242682256,1625.6804842084466,3.9320613895940753,4.57848066613339,349.879265158708,dasymetric_v2 preferred=M3_folk ages=M6_scaled
1387,216506.3509460888,650.1311456328592,640.7283509203075,592.8129783780294,584.5275210570461,608.957777178797,599.6687861875894,600.7675747623307,310.02129752137176,30.821549203916295,114.62105524144802,15.85360656976687,18.870341816683307,600.7675747623307,16.98812699925971,19.73867835545498,2774.8265680757095,2.8277370006163154,3.2855765165528092,597.5247021240739,dasymetric_v2 preferred=M3_folk ages=M6_scaled
1388,216506.3509460888,294.1145860599959,307.49486827550515,130.70897630949793,140.24712019126278,29.118427333526142,31.24326800904526,31.300515854383637,310.02129752138796,97.99506299051454,38.451109750844495,6.8067122974284775,7.442085618478191,31.300515854383637,7.2938162333769965,7.784540192431829,144.57089003443429,23.302543214652797,24.87032555197203,28.571733986867468,dasymetric_v2 preferred=M3_folk ages=M6_scaled
1389,216506.3509460888,235.79279171465717,252.9991507357245,345.3058030862856,370.5035861769181,90.46623788741994,97.06777374039008,97.24563352435447,310.02129752137176,317.3571012642326,119.46137069532294,21.147352735681647,23.121354743105407,97.24563352435447,22.660705776375586,24.185305642584606,449.1583415424573,23.302543214652793,24.870325551972023,88.76775019837673,dasymetric_v2 preferred=M3_folk ages=M6_scaled
1390,216506.3509460888,235.79279171465717,252.9991507357245,565.7552705933492,607.0397739621822,422.0899435688617,452.8908474277748,453.72069100179544,310.02129752138796,434.9348375670623,557.3730531184112,98.66758175511491,107.87771821458824,453.72069100179544,105.72846009451469,112.8418129488036,2095.646104694519,23.3025432146528,24.87032555197203,414.1652791906125,dasymetric_v2 preferred=M3_folk ages=M6_scaled
1391,216506.3509460888,235.79279171465717,252.9991507357245,440.89893501412735,473.0723755705282,284.1659089476228,304.90216901454494,305.46084911836846,307.11334070757033,293.26179353802974,375.24329275204605,66.42651283287888,72.6271031061482,305.46084911836846,71.1801463696532,75.96910760955632,1410.8632277231895,23.3025432146528,24.87032555197203,278.83074403677574,dasymetric_v2 preferred=M3_folk ages=M6_scaled
1392,216506.3509460888,235.79279171465717,252.9991507357245,124.8563355792219,133.967398391654,27.6213359539104,29.636930322204886,29.691234833592702,171.972306298726,186.14519940423818,36.474188941032445,6.456752796275342,7.059459108530727,29.691234833592702,6.918812828061984,7.384306763515026,137.13793938999035,23.3025432146528,24.87032555197203,27.102750234329292,dasymetric_v2 preferred=M3_folk ages=M6_scaled
1393,216506.3509460888,173.7893968736067,185.33365373863396,150.21777874375135,161.17952618995872,38.20577200779368,40.993737768166326,41.0688516505846,168.87736334832977,264.84580397973497,50.45101906640368,8.930966469428007,9.764628533859304,41.0688516505846,9.570086903639124,10.213957105956828,189.6889004462089,23.302543214652797,24.87032555197203,37.48846536477418,dasymetric_v2 preferred=M3_folk ages=M6_scaled
1394,216506.3509460888,69.92428545934541,71.98366052421129,0.0,0.0,0.0,0.0,0.0,21.39146952897577,0.02326893733437902,0.0,0.0,0.0,0.0,0.0,0.0,0.0,,,0.0,dasymetric_v2 preferred=M3_folk ages=M6_scaled
1395,216506.3509460888,69.92428545934541,71.98366052421129,2.2082338902147973,2.2732696897374702,1.1184182327537693,1.1513573268824266,1.1534669885912943,21.907293354039204,16.232507328878953,0.7749529574463262,0.13718412445202896,0.14998959189940622,1.1534669885912943,0.147001334883485,0.156891504135387,5.327635810916759,12.74430359407292,13.601733355802006,1.0974201273401485,dasymetric_v2 preferred=M3_folk ages=M6_scaled
1396,216506.3509460888,69.92428545934541,71.98366052421129,30.91527446300716,31.825775656324584,21.170059405696346,21.793549401703075,21.8334822840495,46.193173330686804,97.74696796460965,14.66875240880546,2.596699498556262,2.839088703810189,21.8334822840495,2.782525267437394,2.9697320425626823,100.84453499235295,12.744303594072917,13.601733355802006,20.772595267509953,dasymetric_v2 preferred=M3_folk ages=M6_scaled
1397,216506.3509460888,39.7506402621035,40.92135622767208,4.416467780429595,4.5465393794749405,2.430847791597478,2.502439904346499,2.5070251894892417,45.23245145650166,11.223775836367578,1.684336529959872,0.29816549498247114,0.32599778647524,2.5070251894892417,0.3195029013283909,0.3409988814371166,11.579453344135407,12.74430359407292,13.601733355802004,2.385209052280119,dasymetric_v2 preferred=M3_folk ages=M6_scaled
1398,216506.3509460888,0.0,0.0,0.0,0.0,0.0,0.0,0.0,0.0,0.02326893733437902,0.0,0.0,0.0,0.0,0.0,0.0,0.0,,,0.0,dasymetric_v2 preferred=M3_folk ages=M6_scaled
1399,216506.3509460888,0.0,0.0,0.0,0.0,0.0,0.0,0.0,0.0,0.02326893733437902,0.0,0.0,0.0,0.0,0.0,0.0,0.0,,,0.0,dasymetric_v2 preferred=M3_folk ages=M6_scaled
1400,216506.3509460888,0.0,0.0,0.0,0.0,0.0,0.0,0.0,0.0,0.02326893733437902,0.0,0.0,0.0,0.0,0.0,0.0,0.0,,,0.0,dasymetric_v2 preferred=M3_folk ages=M6_scaled
1401,216506.3509460888,0.0,0.0,0.0,0.0,0.0,0.0,0.0,0.0,0.02326893733437902,0.0,0.0,0.0,0.0,0.0,0.0,0.0,,,0.0,dasymetric_v2 preferred=M3_folk ages=M6_scaled
1402,216506.3509460888,0.0,0.0,0.0,0.0,0.0,0.0,0.0,0.0,0.02326893733437902,0.0,0.0,0.0,0.0,0.0,0.0,0.0,,,0.0,dasymetric_v2 preferred=M3_folk ages=M6_scaled
1403,216506.3509460888,0.0,0.0,0.0,0.0,0.0,0.0,0.0,0.0,0.02326893733437902,0.0,0.0,0.0,0.0,0.0,0.0,0.0,,,0.0,dasymetric_v2 preferred=M3_folk ages=M6_scaled
1404,216506.3509460888,0.0,0.0,0.0,0.0,0.0,0.0,0.0,0.0,0.02326893733437902,0.0,0.0,0.0,0.0,0.0,0.0,0.0,,,0.0,dasymetric_v2 preferred=M3_folk ages=M6_scaled
1405,216506.3509460888,0.0,0.0,0.0,0.0,0.0,0.0,0.0,0.0,0.02326893733437902,0.0,0.0,0.0,0.0,0.0,0.0,0.0,,,0.0,dasymetric_v2 preferred=M3_folk ages=M6_scaled
1406,216506.3509460888,0.0,0.0,0.0,0.0,0.0,0.0,0.0,0.0,0.02326893733437902,0.0,0.0,0.0,0.0,0.0,0.0,0.0,,,0.0,dasymetric_v2 preferred=M3_folk ages=M6_scaled
1407,216506.3509460888,0.0,0.0,0.0,0.0,0.0,0.0,0.0,0.0,0.02326893733437902,0.0,0.0,0.0,0.0,0.0,0.0,0.0,,,0.0,dasymetric_v2 preferred=M3_folk ages=M6_scaled
1408,216506.3509460888,0.0,0.0,0.0,0.0,0.0,0.0,0.0,0.0,0.02326893733437902,0.0,0.0,0.0,0.0,0.0,0.0,0.0,,,0.0,dasymetric_v2 preferred=M3_folk ages=M6_scaled
1409,216506.3509460888,0.0,0.0,0.0,0.0,0.0,0.0,0.0,0.0,0.02326893733437902,0.0,0.0,0.0,0.0,0.0,0.0,0.0,,,0.0,dasymetric_v2 preferred=M3_folk ages=M6_scaled
1410,216506.3509460888,0.0,0.0,0.0,0.0,0.0,0.0,0.0,24.933323367998018,0.02326893733437902,0.0,0.0,0.0,0.0,0.0,0.0,0.0,,,0.0,dasymetric_v2 preferred=M3_folk ages=M6_scaled
1411,216506.3509460888,72.5937822752758,41.62939168631611,28.36494382022472,16.266067415730337,8.21309330617019,4.7098534816978,4.718483467639366,46.19317333067414,154.167731530597,7.570720978518978,1.3017019322946661,1.632963741286166,4.718483467639366,1.3948547066365564,1.7081061047273225,21.793741601669197,29.56150458516696,36.200319794314744,8.058893925326554,dasymetric_v2 preferred=M3_folk ages=M6_scaled
1412,216506.3509460888,90.76783787849426,52.05142585401294,0.0,0.0,0.0,0.0,0.0,24.60660477717486,0.02326893733437902,0.0,0.0,0.0,0.0,0.0,0.0,0.0,,,0.0,dasymetric_v2 preferred=M3_folk ages=M6_scaled
1413,216506.3509460888,96.37627501328411,64.72277825123454,0.0,0.0,0.0,0.0,0.0,6.20042595042606,0.02326893733437902,0.0,0.0,0.0,0.0,0.0,0.0,0.0,,,0.0,dasymetric_v2 preferred=M3_folk ages=M6_scaled
1414,216506.3509460888,103.73395288127043,81.34625585287857,2.1368937998772255,2.1368937998772255,2.5949174966253197,2.5949174966253197,2.5996722308442126,94.72209079385557,28.638540732553373,1.2505208759160813,0.21501326560224396,0.2697306179803042,2.5996722308442126,0.2304001077926455,0.2821425262272809,12.007371698262768,8.862659879158143,10.853003808701626,2.5461983774818253,dasymetric_v2 preferred=M3_folk ages=M6_scaled
1415,216506.3509460888,116.79493203933595,110.85541599623396,30.59706775370566,27.572348652582065,25.081271772524985,24.309724906420946,24.35426824200474,170.20169233919535,152.67277563598384,12.882618212703052,2.2150240469924865,2.778711366310611,24.35426824200474,2.373536245593605,2.906576385053115,112.48754660351317,9.745873791025575,11.934566689382322,24.610375310751103,dasymetric_v2 preferred=M3_folk ages=M6_scaled
1416,216506.3509460888,121.51131346273425,121.51131346273425,326.9447513812155,326.9447513812155,211.06497854307838,211.06497854307838,211.4517183439367,245.67101340609736,491.1135338666231,101.71466421809315,17.488714130539275,21.93930526518177,211.4517183439367,18.740246605458555,22.948863045432486,976.6536520519405,8.862659879158143,10.853003808701626,207.10227073058255,dasymetric_v2 preferred=M3_folk ages=M6_scaled
1417,216506.3509460888,121.51131346273425,121.51131346273425,450.8845917740946,450.8845917740946,507.49339167108786,507.49339167108786,508.4232848944288,310.021297521303,599.3904489815419,244.56695887229054,42.05058987681363,52.75177585968859,508.4232848944288,45.05982648663644,55.17919847391828,2348.3065631688046,8.862659879158143,10.853003808701626,497.9652925906685,dasymetric_v2 preferred=M3_folk ages=M6_scaled
1418,216506.3509460888,121.51131346273425,121.51131346273425,55.55923879680786,55.55923879680786,44.28892970591593,44.28892970591593,44.37008145346272,184.35065423697978,55.21167726915026,21.343349544351497,3.6697534385896504,4.603645547420597,44.37008145346272,3.9323694073258277,4.815486630068322,204.93662776899833,8.86265987915814,10.853003808701626,43.45741284810197,dasymetric_v2 preferred=M3_folk ages=M6_scaled
1419,216506.3509460888,193.12198027630134,194.83118052449484,0.0,0.0,0.0,0.0,0.0,77.19530308280443,0.02326893733437902,0.0,0.0,0.0,0.0,0.0,0.0,0.0,,,0.0,dasymetric_v2 preferred=M3_folk ages=M6_scaled
1420,216506.3509460888,390.69311041929893,395.3098106963355,0.0,0.0,0.0,0.0,0.0,202.8659463671474,0.02326893733437902,0.0,0.0,0.0,0.0,0.0,0.0,0.0,,,0.0,dasymetric_v2 preferred=M3_folk ages=M6_scaled
1421,216506.3509460888,390.72676804911447,395.34386604800676,560.5460652591171,567.1698656429943,258.1377071752773,261.18804103693833,261.66662261723866,310.021297521303,553.2288752948728,261.2895064802649,25.175935379001384,32.09920543599642,261.66662261723866,26.977583028914562,33.5762805847344,1208.5863600481403,10.30990607784811,12.831701746633996,253.29121717023622,dasymetric_v2 preferred=M3_folk ages=M6_scaled
1422,216506.3509460888,390.72676804911447,395.34386604800676,736.2658349328215,744.9660617693247,206.65244423319652,209.09439258370048,209.47752162910916,310.02129752131884,399.0254373706672,209.17562086335823,20.15462459498408,25.69705655899414,209.47752162910916,21.59693573416511,26.879530801688002,967.535228014028,10.30990607784811,12.831701746633993,202.7725809755073,dasymetric_v2 preferred=M3_folk ages=M6_scaled
1423,216506.3509460888,390.72676804911447,395.34386604800676,615.0191938579654,622.2866864421567,122.2970804472572,123.74222741843278,123.9689634914654,310.021297521303,103.78419509337662,123.7902983787776,11.92752282521072,15.207538458662894,123.9689634914654,12.781083701651891,15.907327653618422,572.5881155437067,10.309906077848106,12.831701746633993,120.00097429322338,dasymetric_v2 preferred=M3_folk ages=M6_scaled
1424,216506.3509460888,390.72676804911447,395.34386604800676,1600.8071017274472,1619.7233467108708,579.8048815075306,586.6562573974462,587.7312027802582,310.02129752131884,317.5534885365165,586.8841596283479,56.54784180503932,72.09824635060619,587.7312027802582,60.59453499685162,75.41591501266737,2714.6141450908585,10.309906077848106,12.831701746633994,568.9191469364389,dasymetric_v2 preferred=M3_folk ages=M6_scaled
1425,216506.3509460888,1003.1222148279046,1125.2342677459342,671.9380177417673,679.681127713176,305.5073461401513,308.8719429568026,309.4378969797504,310.021297521303,88.08588567340271,283.04207338178344,27.271852762049438,34.771490760952,309.4378969797504,29.223489064647605,36.371533633975226,1429.2324249499825,9.444056254867835,11.754065674882536,299.77149950334245,dasymetric_v2 preferred=M3_folk ages=M6_scaled
1426,216506.3509460888,1598.522648491898,1615.313477518408,1613.0407444668008,1629.984071093226,897.2092290367927,906.6334851022145,908.2947330074816,310.02129752131884,221.26226233747366,782.4855874225025,75.39455697749874,96.12772422331598,908.2947330074816,80.78996431191905,100.55113192535745,4195.233668843514,8.894685984186323,11.070319828060615,880.3642837223723,dasymetric_v2 preferred=M3_folk ages=M6_scaled
1427,216506.3509460888,1597.2501702519858,1604.003274858694,2327.2552718689044,2337.752036041945,2385.883329659627,2399.224752574303,2403.620913933851,310.021297521303,571.2131701759085,2170.6608255565793,209.1489145893802,266.6639342314072,2403.620913933851,224.11609037765854,278.93472613942765,11101.849453517258,9.324103026332144,11.604771972253861,2341.0887901988035,dasymetric_v2 preferred=M3_folk ages=M6_scaled
1428,216506.3509460888,1013.5661287600551,1009.1411980342084,1124.9436213778756,1118.322260747048,288.2705755835071,286.0432324743956,286.5673568626652,310.02129752131884,124.97320842480511,318.62602851776467,30.925000511374186,39.367613914023714,286.5673568626652,33.13806444151727,41.179151719638895,1323.597925005082,11.563795962077561,14.369798490123783,282.8583462792301,dasymetric_v2 preferred=M3_folk ages=M6_scaled
1429,216506.3509460888,714.1031260086171,709.2365251718887,1182.8191585010961,1174.8282999517116,422.01418248042086,419.1628071323708,419.9308499487422,310.021297521303,252.00759735194558,444.54147895587545,61.13465320197939,72.92352731785108,419.9308499487422,65.50958913232306,76.27917206034437,1939.5775140716644,15.600089667220047,18.164698323463302,414.0909405032688,dasymetric_v2 preferred=M3_folk ages=M6_scaled
1430,216506.3509460888,713.5993884664607,708.689978392244,1300.1959647196072,1291.5074022161352,1929.6613777035261,1916.8957836389425,1920.408161195598,310.02129752131884,558.6162980296419,2059.695988491464,283.25545740678183,337.8768996675206,1920.408161195598,303.52586728349536,353.42462320312774,8869.985350562718,15.805278972285128,18.403620144120527,1893.4323250692134,dasymetric_v2 preferred=M3_folk ages=M6_scaled
1431,216506.3509460888,711.1585864524376,706.041749167986,652.6489434257363,648.0779309519638,1361.3902121152998,1352.2144195384967,1354.6921168757808,310.021297521303,335.63187316517275,1436.3006792752494,197.52429880671602,235.6138105892545,1354.6921168757808,211.65959044091247,246.45580183463818,6257.054866778972,15.624184108271496,18.192753819444945,1335.8303505662955,dasymetric_v2 preferred=M3_folk ages=M6_scaled
1432,216506.3509460888,438.0338604205858,446.02968131759695,55.97026017045952,59.63702593646526,10.679784034982697,11.424605813978301,11.445539413706127,310.02129752131884,9.191928020298993,3.5279008902593096,0.4851673188372261,0.5787243466003582,11.445539413706127,0.5198870043876915,0.6053548920834065,52.864682092194734,4.542267389906696,5.289002730255676,10.47927296998592,dasymetric_v2 preferred=M3_folk ages=M6_scaled
1433,216506.3509460888,235.79279171465717,252.9991507357245,446.7515757444034,479.35209737013696,196.78068511945207,211.14023823367236,211.52711593480177,310.021297521303,662.2450935526588,259.85042508331634,45.999376750570384,50.29319372051467,211.52711593480177,49.2911976014159,52.60748236368249,977.0018986069981,23.302543214652797,24.870325551972023,193.08616240112255,dasymetric_v2 preferred=M3_folk ages=M6_scaled
1434,216506.3509460888,235.79279171465717,252.9991507357245,425.29189306672464,456.32645077157144,74.0940465599422,79.50086479710376,79.64653628098483,310.02129752131884,177.62771977874715,97.8417647192183,17.320195631070963,18.93695123031993,79.64653628098483,18.55966853585061,19.808352863950443,367.8715932948186,23.302543214652797,24.870325551972027,72.70294388061927,dasymetric_v2 preferred=M3_folk ages=M6_scaled
1435,216506.3509460888,235.79279171465717,252.9991507357245,282.8776352966746,303.5198869810911,78.16912929525624,83.87331598068326,84.02699921957776,310.021297521303,80.8567702237283,103.22294316352672,18.272785393209798,19.97846059039693,84.02699921957776,19.580427805118074,20.897788257461983,388.10408494899497,23.302543214652793,24.870325551972027,76.70151765502817,dasymetric_v2 preferred=M3_folk ages=M6_scaled
1436,216506.3509460888,235.79279171465717,252.9991507357245,17.55792219082808,18.839165398826346,4.054123455999424,4.34996245596373,4.357933004301844,234.55197645442547,12.211755959022526,5.353501552971049,0.9476903291226899,1.0361525889377348,4.357933004301844,1.0155092215930546,1.083832125506704,20.128430345154136,23.302543214652804,24.870325551972034,3.978008001873373,dasymetric_v2 preferred=M3_folk ages=M6_scaled
1437,216506.3509460888,188.02342331882807,200.86752049149095,1.9508802434253423,2.0932405998695938,0.218575341423898,0.2345253022786945,0.23495502903547613,170.20169233919535,1.5384933338764935,0.28863043823256024,0.05109408716835773,0.055863470452329866,0.23495502903547613,0.054750497175991855,0.05843408062185332,1.0852107940888125,23.3025432146528,24.870325551972027,0.21447162787057325,dasymetric_v2 preferred=M3_folk ages=M6_scaled
1438,216506.3509460888,69.92428545934541,71.98366052421129,0.0,0.0,0.0,0.0,0.0,89.87957679129094,0.02326893733437902,0.0,0.0,0.0,0.0,0.0,0.0,0.0,,,0.0,dasymetric_v2 preferred=M3_folk ages=M6_scaled
1439,216506.3509460888,69.92428545934541,71.98366052421129,13.249403341288783,13.639618138424822,4.4223169917559755,4.55256085884633,4.560902633460475,21.391469528969907,64.18465908102647,3.0642272552086878,0.5424372267873594,0.5930710904185705,4.560902633460475,0.5812552782382697,0.6203618148210456,21.065906905410657,12.74430359407292,13.601733355802008,4.339288768819465,dasymetric_v2 preferred=M3_folk ages=M6_scaled
1440,216506.3509460888,69.92428545934541,71.98366052421129,8.83293556085919,9.093078758949881,3.623446825503283,3.730162768216025,3.73699764160955,34.77848878695651,16.730276188012706,2.510689428461312,0.4444485664644816,0.4859356676332804,3.73699764160955,0.4762543247500662,0.5082964547243406,17.26045275475583,12.744303594072921,13.60173335580201,3.5554172492907874,dasymetric_v2 preferred=M3_folk ages=M6_scaled
1441,216506.3509460888,41.817318534142004,43.0489012740019,28.707040572792366,29.552505966587113,18.984578879447913,19.5437031966216,19.57951362777161,46.19317333067414,87.6561084685327,13.154431068489425,2.328630520672961,2.545996797190431,19.57951362777161,2.495272658966095,2.663153236012411,90.43389970877581,12.744303594072921,13.601733355802006,18.62814675337079,dasymetric_v2 preferred=M3_folk ages=M6_scaled
1442,216506.3509460888,0.0,0.0,0.0,0.0,0.0,0.0,0.0,21.25984996267848,0.02326893733437902,0.0,0.0,0.0,0.0,0.0,0.0,0.0,,,0.0,dasymetric_v2 preferred=M3_folk ages=M6_scaled
1443,216506.3509460888,0.0,0.0,0.0,0.0,0.0,0.0,0.0,0.0,0.02326893733437902,0.0,0.0,0.0,0.0,0.0,0.0,0.0,,,0.0,dasymetric_v2 preferred=M3_folk ages=M6_scaled
1444,216506.3509460888,0.0,0.0,0.0,0.0,0.0,0.0,0.0,0.0,0.02326893733437902,0.0,0.0,0.0,0.0,0.0,0.0,0.0,,,0.0,dasymetric_v2 preferred=M3_folk ages=M6_scaled
1445,216506.3509460888,0.0,0.0,0.0,0.0,0.0,0.0,0.0,0.0,0.02326893733437902,0.0,0.0,0.0,0.0,0.0,0.0,0.0,,,0.0,dasymetric_v2 preferred=M3_folk ages=M6_scaled
1446,216506.3509460888,0.0,0.0,0.0,0.0,0.0,0.0,0.0,0.0,0.02326893733437902,0.0,0.0,0.0,0.0,0.0,0.0,0.0,,,0.0,dasymetric_v2 preferred=M3_folk ages=M6_scaled
1447,216506.3509460888,0.0,0.0,0.0,0.0,0.0,0.0,0.0,0.0,0.02326893733437902,0.0,0.0,0.0,0.0,0.0,0.0,0.0,,,0.0,dasymetric_v2 preferred=M3_folk ages=M6_scaled
1448,216506.3509460888,0.0,0.0,0.0,0.0,0.0,0.0,0.0,0.0,0.02326893733437902,0.0,0.0,0.0,0.0,0.0,0.0,0.0,,,0.0,dasymetric_v2 preferred=M3_folk ages=M6_scaled
1449,216506.3509460888,0.0,0.0,0.0,0.0,0.0,0.0,0.0,0.0,0.02326893733437902,0.0,0.0,0.0,0.0,0.0,0.0,0.0,,,0.0,dasymetric_v2 preferred=M3_folk ages=M6_scaled
1450,216506.3509460888,0.0,0.0,0.0,0.0,0.0,0.0,0.0,0.0,0.02326893733437902,0.0,0.0,0.0,0.0,0.0,0.0,0.0,,,0.0,dasymetric_v2 preferred=M3_folk ages=M6_scaled
1451,216506.3509460888,0.0,0.0,0.0,0.0,0.0,0.0,0.0,0.0,0.02326893733437902,0.0,0.0,0.0,0.0,0.0,0.0,0.0,,,0.0,dasymetric_v2 preferred=M3_folk ages=M6_scaled
1452,216506.3509460888,0.0,0.0,0.0,0.0,0.0,0.0,0.0,0.0,0.02326893733437902,0.0,0.0,0.0,0.0,0.0,0.0,0.0,,,0.0,dasymetric_v2 preferred=M3_folk ages=M6_scaled
1453,216506.3509460888,0.0,0.0,0.0,0.0,0.0,0.0,0.0,0.5035083475115291,0.02326893733437902,0.0,0.0,0.0,0.0,0.0,0.0,0.0,,,0.0,dasymetric_v2 preferred=M3_folk ages=M6_scaled
1454,216506.3509460888,28.262330253536586,16.20722297718336,7.09123595505618,4.066516853932584,1.4605128721537763,0.8375409093197723,0.8390755571174169,27.210365876871553,15.22495729273171,1.3462814835312766,0.231478245400614,0.29038566530312027,0.8390755571174169,0.24804335929028054,0.3037480349924331,3.8755239901777805,29.561504585166976,36.20031979431475,1.4330920001138738,dasymetric_v2 preferred=M3_folk ages=M6_scaled
1455,216506.3509460888,90.76783787849426,52.05142585401294,10.63685393258427,6.099775280898877,2.688810308567622,1.5419163184129703,1.5447416114295545,26.83581348562444,28.02921007866926,2.478509844157999,0.4261524183107538,0.5346012248258282,1.5447416114295545,0.4566488622917298,0.5592014033333497,7.1348558814988445,29.561504585166965,36.20031979431475,2.638328368410479,dasymetric_v2 preferred=M3_folk ages=M6_scaled
1456,216506.3509460888,100.44903931100666,73.92452740285907,0.0,0.0,0.0,0.0,0.0,6.200425950426059,0.02326893733437902,0.0,0.0,0.0,0.0,0.0,0.0,0.0,,,0.0,dasymetric_v2 preferred=M3_folk ages=M6_scaled
1457,216506.3509460888,121.51131346273425,121.51131346273425,2.1368937998772255,2.1368937998772255,7.1769339771529115,7.1769339771529115,7.1900844582808405,6.8680298336378875,28.638540732553373,3.458647827984117,0.5946763291881882,0.7460117091887692,7.1900844582808405,0.6372327305616411,0.7803401401060833,33.209577579879905,8.862659879158143,10.853003808701626,7.042188305287572,dasymetric_v2 preferred=M3_folk ages=M6_scaled
1458,216506.3509460888,121.51131346273425,121.51131346273425,2.1368937998772255,2.1368937998772255,1.5195462818076197,1.5195462818076197,1.522330585629494,56.30484761637979,8.678382524126759,0.7322869994103178,0.12590866904635908,0.15795036188035833,1.522330585629494,0.13491898204073835,0.16521859643939876,7.03134378727099,8.862659879158143,10.853003808701628,1.4910170678947627,dasymetric_v2 preferred=M3_folk ages=M6_scaled
1459,216506.3509460888,121.51131346273425,121.51131346273425,10.684468999386127,10.684468999386127,13.909692887315902,13.909692887315902,13.935179976146905,61.95608559020356,129.57784509363557,6.703242533063679,1.1525485858859024,1.445853312597126,13.935179976146905,1.235027604834451,1.5123856135606502,64.3638392834806,8.862659879158143,10.853003808701628,13.648540852267441,dasymetric_v2 preferred=M3_folk ages=M6_scaled
1460,216506.3509460888,121.51131346273425,121.51131346273425,264.97483118477595,264.97483118477595,191.7667407641216,191.7667407641216,192.11811990644213,310.021297521303,266.63316452470434,92.41461932558211,15.889674033650516,19.93333566930122,192.11811990644213,17.02677553354118,20.850586870652123,887.355585953599,8.862659879158143,10.853003808701628,188.16635396831904,dasymetric_v2 preferred=M3_folk ages=M6_scaled
1461,216506.3509460888,121.51131346273425,121.51131346273425,241.46899938612648,241.46899938612648,204.74132824724822,204.74132824724822,205.1164810606632,306.8935520885107,300.73103305967254,98.66722370516253,16.964740361661736,21.28198875920274,205.1164810606632,18.17877607250441,22.26129950178853,947.3924444449128,8.862659879158143,10.853003808701626,200.8973458557282,dasymetric_v2 preferred=M3_folk ages=M6_scaled
1462,216506.3509460888,142.46400464831083,143.22052815784218,2.1368937998772255,2.1368937998772255,2.3611411455779936,2.3611411455779936,2.365467525362752,148.38083103456418,5.134236248096554,1.137861337545263,0.19564270113357335,0.24543056230640292,2.365467525362752,0.2096433413248396,0.2567242806212196,10.925626500221076,8.862659879158144,10.853003808701626,2.3168111362672463,dasymetric_v2 preferred=M3_folk ages=M6_scaled
1463,216506.3509460888,390.72676804911447,395.34386604800676,0.0,0.0,0.0,0.0,0.0,151.50857646733434,0.02326893733437902,0.0,0.0,0.0,0.0,0.0,0.0,0.0,,,0.0,dasymetric_v2 preferred=M3_folk ages=M6_scaled
1464,216506.3509460888,390.72676804911447,395.34386604800676,130.03262955854126,131.56918513348455,56.1646706621843,56.828351294605724,56.93247934756121,310.021297521303,285.64967641094535,56.85042777955784,5.4776891553233344,6.984029267008222,56.93247934756121,5.869685148523832,7.30540594684305,262.95985821560356,10.309906077848108,12.831701746633994,55.11018885873405,dasymetric_v2 preferred=M3_folk ages=M6_scaled
1465,216506.3509460888,390.72676804911447,395.34386604800676,488.5009596928983,494.27342523119876,206.3438600845262,208.7821619910908,209.16471892833619,310.0212975212872,1020.751765031547,208.86326897646808,20.124528664130274,25.65868438124897,209.16471892833619,21.564686069506443,26.839392892069394,966.0904542260716,10.309906077848106,12.831701746633993,202.4697904398996,dasymetric_v2 preferred=M3_folk ages=M6_scaled
1466,216506.3509460888,390.72676804911447,395.34386604800676,991.059500959693,1002.7705461525039,1284.8560599060986,1300.0388086404043,1302.4209032608962,310.021297521303,571.8944199265007,1300.5438433025458,125.31084082787692,159.77076372885963,1302.4209032608962,134.27837186445936,167.12276579225465,6015.624472767572,10.309906077848108,12.831701746633993,1260.7331135903821,dasymetric_v2 preferred=M3_folk ages=M6_scaled
1467,216506.3509460888,390.72676804911447,395.34386604800676,862.7840690978887,872.9793229802826,304.2557259742641,307.8510222744416,308.4151056381066,310.0212975212872,161.68916707837695,307.9706151942767,29.673783732099576,37.83394204588137,308.4151056381066,31.79730772118481,39.574906497048,1424.508354098599,10.309906077848108,12.831701746633993,298.5433782857122,dasymetric_v2 preferred=M3_folk ages=M6_scaled
1468,216506.3509460888,404.7473202172167,412.52980125498465,947.1295585412668,958.3214971209213,526.4092235687199,532.629639397594,533.6055904155875,310.021297521303,323.3813088588111,532.8365535513807,51.340211937644625,65.4585414724487,533.6055904155875,55.014235197993926,68.47067786549357,2464.618650140467,10.309906077848108,12.831701746633994,516.5259830747036,dasymetric_v2 preferred=M3_folk ages=M6_scaled
1469,216506.3509460888,1545.2511461759264,1631.7594924587836,1741.564061854571,1868.4163664103828,1216.5373534598664,1297.1909742510097,1299.5678507111406,310.0212975212872,769.98498562669,1183.821996593126,114.06438202568997,145.4315788650483,1299.5678507111406,122.22709068861373,152.12374984141758,6002.446787506662,9.405210402960451,11.705718155321668,1193.6970788296321,dasymetric_v2 preferred=M3_folk ages=M6_scaled
1470,216506.3509460888,1534.356354461199,1551.834407728364,1611.1458166448353,1629.8403757669057,1400.5464572211852,1415.3195042224243,1417.91283063305,310.021297521303,339.63301881271707,1222.6478130066826,117.8053521788044,150.20129914225035,1417.91283063305,126.23577324181541,157.11295328626173,6549.058835627957,8.902929045747856,11.080579136597285,1374.2514440640828,dasymetric_v2 preferred=M3_folk ages=M6_scaled
1471,216506.3509460888,1387.3590997040696,1392.9723088180156,1950.9167230321452,1979.3981728260796,2368.539746991176,2389.9040444643397,2394.2831272501558,310.0212975212872,719.758716851933,2294.3521727650827,221.0669032074884,281.8593166184944,2394.2831272501558,236.88695758249108,294.829338348396,11058.720064273519,9.893857367426582,12.313887818564245,2324.0708302414782,dasymetric_v2 preferred=M3_folk ages=M6_scaled
1472,216506.3509460888,733.7721823796935,729.0770959395403,821.9883445033299,816.7990725959445,1212.7643092782305,1205.373695590569,1207.5823328842137,310.021297521303,1003.3559892120524,1329.722185693398,169.69866658791688,204.9545665480114,1207.5823328842137,181.84269219208682,214.3857438234758,5577.583879675234,15.058409455011661,17.753302444515946,1189.9948728882323,dasymetric_v2 preferred=M3_folk ages=M6_scaled
1473,216506.3509460888,715.8228610755635,711.1024088593329,545.7268795056642,542.1281153450052,114.25069006786362,113.49727053844765,113.7052345129023,310.0212975212872,96.80809853640054,122.18804146844559,16.803659262905256,20.043985548586672,113.7052345129023,18.00616764105299,20.966328408272524,525.1819820344,15.835830002188512,18.439193673087622,112.10565347657256,dasymetric_v2 preferred=M3_folk ages=M6_scaled
1474,216506.3509460888,715.8228610755635,711.1024088593329,554.4725025746652,550.8160659114316,552.9831858779634,549.3365704270489,550.3431339854262,310.021297521303,453.5829015936612,591.4006506855685,81.33115894608315,97.01461741513816,550.3431339854262,87.15140312664865,101.47883634211283,2541.92605242543,15.83583000218851,18.43919367308762,542.6010239201462,dasymetric_v2 preferred=M3_folk ages=M6_scaled
1475,216506.3509460888,511.9722286253368,525.2429945055153,1610.0065535426702,1663.8047102896758,3131.8086325595955,3178.623568035411,3184.4478419352836,310.0212975212872,1710.18999272163,3889.183012798748,534.8519001757336,637.9898324540889,3184.4478419352836,573.1271282654488,667.3475350472088,14708.334550094689,17.997692432517358,20.95645990049069,3073.0094768628446,dasymetric_v2 preferred=M3_folk ages=M6_scaled
1476,216506.3509460888,250.0091217995852,269.5476324669137,827.1112276146563,888.1524523265297,900.996004493706,967.6250674566995,969.3980718105097,310.021297521303,1372.4241275528052,1211.308595329752,211.61861463882315,232.34561967663754,969.3980718105097,226.76252782426607,243.03722204127513,4477.457901694047,23.39209602519117,25.07094135099354,884.0799631367737,dasymetric_v2 preferred=M3_folk ages=M6_scaled
1477,216506.3509460888,235.79279171465717,252.9991507357245,193.1371440991089,207.23081938708978,40.16396753233107,43.09482746255353,43.173791225779134,307.44375626467826,102.43417335941356,53.036831485637855,9.388713496936308,10.265104008870587,43.173791225779134,10.06059135779116,10.737462430980006,199.41119988914153,23.3025432146528,24.87032555197203,39.40989611309411,dasymetric_v2 preferred=M3_folk ages=M6_scaled
1478,216506.3509460888,235.79279171465717,252.9991507357245,323.8461204086068,347.47793957835256,157.42215274935427,168.9096204466389,169.2191178982081,203.0057205004909,707.6951441527059,207.87717699335735,36.79894146525446,40.23394277399583,169.2191178982081,39.43235807568421,42.085345517459736,781.5896261645672,23.3025432146528,24.870325551972037,154.46657954689397,dasymetric_v2 preferred=M3_folk ages=M6_scaled
1479,216506.3509460888,235.79279171465717,252.9991507357245,72.18256900673767,77.44990219517497,31.86708710650064,34.192504002084185,34.255155808555784,200.3892373099301,110.91390104759414,42.08073635765943,7.449237941545634,8.144587890741738,34.255155808555784,7.98232248553536,8.519368767923082,158.2177874176333,23.3025432146528,24.870325551972034,31.268788156527556,dasymetric_v2 preferred=M3_folk ages=M6_scaled
1480,216506.3509460888,235.78119479241911,252.9864947914999,0.0,0.0,0.0,0.0,0.0,75.28765507018238,0.02326893733437902,0.0,0.0,0.0,0.0,0.0,0.0,0.0,,,0.0,dasymetric_v2 preferred=M3_folk ages=M6_scaled
1481,216506.3509460888,74.90869840777809,77.42324621559223,0.0,0.0,0.0,0.0,0.0,74.93599327981676,0.02326893733437902,0.0,0.0,0.0,0.0,0.0,0.0,0.0,,,0.0,dasymetric_v2 preferred=M3_folk ages=M6_scaled
1482,216506.3509460888,69.92428545934541,71.98366052421129,0.0,0.0,0.0,0.0,0.0,40.3742769827725,0.02326893733437902,0.0,0.0,0.0,0.0,0.0,0.0,0.0,,,0.0,dasymetric_v2 preferred=M3_folk ages=M6_scaled
1483,216506.3509460888,69.92428545934541,71.98366052421129,6.6247016706443915,6.819809069212411,3.4237292839401103,3.5245632455584492,3.5310213936468196,39.581327087739005,57.225872630538035,2.3723049717744678,0.4199514013837621,0.45915181193695787,3.5310213936468196,0.4500040863780152,0.48028011470016435,16.309089217092122,12.744303594072916,13.601733355802008,3.3594493694086185,dasymetric_v2 preferred=M3_folk ages=M6_scaled
1484,216506.3509460888,35.97887086962791,37.03850257046267,0.0,0.0,0.0,0.0,0.0,10.837694447966818,0.02326893733437902,0.0,0.0,0.0,0.0,0.0,0.0,0.0,,,0.0,dasymetric_v2 preferred=M3_folk ages=M6_scaled
1485,216506.3509460888,0.0323807411976537,0.032400688266153284,0.0,0.0,0.0,0.0,0.0,10.728532767208025,0.02326893733437902,0.0,0.0,0.0,0.0,0.0,0.0,0.0,,,0.0,dasymetric_v2 preferred=M3_folk ages=M6_scaled
1486,216506.3509460888,0.0,0.0,0.0,0.0,0.0,0.0,0.0,0.0,0.02326893733437902,0.0,0.0,0.0,0.0,0.0,0.0,0.0,,,0.0,dasymetric_v2 preferred=M3_folk ages=M6_scaled
1487,216506.3509460888,0.0,0.0,0.0,0.0,0.0,0.0,0.0,0.0,0.02326893733437902,0.0,0.0,0.0,0.0,0.0,0.0,0.0,,,0.0,dasymetric_v2 preferred=M3_folk ages=M6_scaled
1488,216506.3509460888,0.0,0.0,0.0,0.0,0.0,0.0,0.0,0.0,0.02326893733437902,0.0,0.0,0.0,0.0,0.0,0.0,0.0,,,0.0,dasymetric_v2 preferred=M3_folk ages=M6_scaled
1489,216506.3509460888,0.0,0.0,0.0,0.0,0.0,0.0,0.0,0.0,0.02326893733437902,0.0,0.0,0.0,0.0,0.0,0.0,0.0,,,0.0,dasymetric_v2 preferred=M3_folk ages=M6_scaled
1490,216506.3509460888,0.0,0.0,0.0,0.0,0.0,0.0,0.0,0.0,0.02326893733437902,0.0,0.0,0.0,0.0,0.0,0.0,0.0,,,0.0,dasymetric_v2 preferred=M3_folk ages=M6_scaled
1491,216506.3509460888,0.0,0.0,0.0,0.0,0.0,0.0,0.0,0.0,0.02326893733437902,0.0,0.0,0.0,0.0,0.0,0.0,0.0,,,0.0,dasymetric_v2 preferred=M3_folk ages=M6_scaled
1492,216506.3509460888,0.0,0.0,0.0,0.0,0.0,0.0,0.0,0.0,0.02326893733437902,0.0,0.0,0.0,0.0,0.0,0.0,0.0,,,0.0,dasymetric_v2 preferred=M3_folk ages=M6_scaled
1493,216506.3509460888,0.0,0.0,0.0,0.0,0.0,0.0,0.0,0.0,0.02326893733437902,0.0,0.0,0.0,0.0,0.0,0.0,0.0,,,0.0,dasymetric_v2 preferred=M3_folk ages=M6_scaled
1494,216506.3509460888,0.0,0.0,0.0,0.0,0.0,0.0,0.0,0.0,0.02326893733437902,0.0,0.0,0.0,0.0,0.0,0.0,0.0,,,0.0,dasymetric_v2 preferred=M3_folk ages=M6_scaled
1495,216506.3509460888,0.0,0.0,0.0,0.0,0.0,0.0,0.0,0.0,0.02326893733437902,0.0,0.0,0.0,0.0,0.0,0.0,0.0,,,0.0,dasymetric_v2 preferred=M3_folk ages=M6_scaled
1496,216506.3509460888,0.0,0.0,0.0,0.0,0.0,0.0,0.0,0.0,0.02326893733437902,0.0,0.0,0.0,0.0,0.0,0.0,0.0,,,0.0,dasymetric_v2 preferred=M3_folk ages=M6_scaled
1497,216506.3509460888,0.0,0.0,0.0,0.0,0.0,0.0,0.0,0.0,0.02326893733437902,0.0,0.0,0.0,0.0,0.0,0.0,0.0,,,0.0,dasymetric_v2 preferred=M3_folk ages=M6_scaled
1498,216506.3509460888,0.0,0.0,0.0,0.0,0.0,0.0,0.0,11.546304110012505,0.02326893733437902,0.0,0.0,0.0,0.0,0.0,0.0,0.0,,,0.0,dasymetric_v2 preferred=M3_folk ages=M6_scaled
1499,216506.3509460888,86.20285930923151,49.43360825389319,17.72808988764045,10.16629213483146,4.503757266850767,2.582709833341725,2.5874421991445034,21.391469528969907,46.94892688177101,4.151503988964649,0.7138053006705126,0.8954570515832622,2.5874421991445034,0.7648868443386474,0.9366623505833607,11.950883601510563,29.561504585166965,36.20031979431476,4.419200017087553,dasymetric_v2 preferred=M3_folk ages=M6_scaled
1500,216506.3509460888,91.22815970308821,53.09144821947469,0.0,0.0,0.0,0.0,0.0,13.191920233454871,0.02326893733437902,0.0,0.0,0.0,0.0,0.0,0.0,0.0,,,0.0,dasymetric_v2 preferred=M3_folk ages=M6_scaled
1501,216506.3509460888,121.2998386465305,121.03352047785502,0.0,0.0,0.0,0.0,0.0,6.20042595042606,0.02326893733437902,0.0,0.0,0.0,0.0,0.0,0.0,0.0,,,0.0,dasymetric_v2 preferred=M3_folk ages=M6_scaled
1502,216506.3509460888,121.51131346273425,121.51131346273425,0.0,0.0,0.0,0.0,0.0,14.399975245942503,0.02326893733437902,0.0,0.0,0.0,0.0,0.0,0.0,0.0,,,0.0,dasymetric_v2 preferred=M3_folk ages=M6_scaled
1503,216506.3509460888,121.51131346273425,121.51131346273425,0.0,0.0,0.0,0.0,0.0,21.391469528969907,0.02326893733437902,0.0,0.0,0.0,0.0,0.0,0.0,0.0,,,0.0,dasymetric_v2 preferred=M3_folk ages=M6_scaled
1504,216506.3509460888,121.51131346273425,121.51131346273425,34.19030079803561,34.19030079803561,36.106757419259516,36.106757419259516,36.17291676161159,177.18290614377742,55.22194554417494,17.40026570137286,2.9917836821861785,3.7531435988340527,36.17291676161159,3.2058825809526215,3.9258480338561754,167.07554583753912,8.862659879158143,10.853003808701628,35.4288594055917,dasymetric_v2 preferred=M3_folk ages=M6_scaled
1505,216506.3509460888,121.51131346273425,121.51131346273425,547.0448127685697,547.0448127685697,474.96341242285246,474.96341242285246,475.83370012668354,310.021297521303,726.4126044810633,228.8903841079912,39.355175830998114,49.37042311266523,475.83370012668354,42.17152243264125,51.64224959783484,2197.781718861303,8.862659879158143,10.853003808701628,466.0460579756599,dasymetric_v2 preferred=M3_folk ages=M6_scaled
1506,216506.3509460888,190.18417495899357,191.68032762755718,64.10681399631676,64.10681399631676,48.415082301901236,48.415082301901236,48.50379450521049,234.55197645442547,74.04638991387912,23.331790396596435,4.011643901461687,5.032541530064955,48.50379450521049,4.298726335482602,5.264118665015305,224.02943051443415,8.862659879158143,10.853003808701628,47.506097655539286,dasymetric_v2 preferred=M3_folk ages=M6_scaled
1507,216506.3509460888,390.72676804911447,395.34386604800676,70.28790786948177,71.1184784505322,7.86654018690452,7.9594966719094,7.974081062835243,170.20169233919535,216.07195605029932,7.962588750150291,0.7672164968419358,0.9781976151144554,7.974081062835243,0.8221202681497856,1.0232102990178402,36.83070278534615,10.309906077848106,12.83170174663399,7.718847279861693,dasymetric_v2 preferred=M3_folk ages=M6_scaled
1508,216506.3509460888,390.72676804911447,395.34386604800676,161.66218809980808,163.57250043622406,17.86607996633548,18.077197936246996,18.110321252005956,245.67101340609736,404.64260085003707,18.084220504720733,1.7424625004634413,2.2216319244903686,18.110321252005956,1.8671571114783796,2.3238624084146755,83.64799079965799,10.309906077848108,12.831701746633993,17.530647460431506,dasymetric_v2 preferred=M3_folk ages=M6_scaled
1509,216506.3509460888,390.72676804911447,395.34386604800676,43.9299424184261,44.44904903158262,29.256604018971142,29.602320306966533,29.656561401531278,310.021297521303,160.64869806480897,29.613820115845673,2.853369932857267,3.638033951106913,29.656561401531278,3.0575636264172292,3.8054415073518717,136.9777896673152,10.309906077848108,12.831701746633993,28.707316429370334,dasymetric_v2 preferred=M3_folk ages=M6_scaled
1510,216506.3509460888,390.72676804911447,395.34386604800676,131.7898272552783,133.34714709474787,15.943906948663946,16.132311191441463,16.161870841084095,310.02129752131884,25.553419558059847,16.13857821691638,1.5549947174351377,1.9826113363983202,16.161870841084095,1.6662737041388902,2.0738430630041176,74.64848384567013,10.309906077848108,12.83170174663399,15.64456290275307,dasymetric_v2 preferred=M3_folk ages=M6_scaled
1511,216506.3509460888,390.72676804911447,395.34386604800676,535.9452975047984,542.278398185308,39.73786485491415,40.20743497732463,40.28110809687052,310.021297521303,17.06225294950661,40.22305462514159,3.8755977522009393,4.941369866199522,40.28110809687052,4.15294441190382,5.168751651229662,186.05046882389482,10.309906077848108,12.831701746633993,38.99179343842696,dasymetric_v2 preferred=M3_folk ages=M6_scaled
1512,216506.3509460888,390.72676804911447,395.34386604800676,845.2120921305183,855.1997033676496,942.9730904296578,954.115913304503,955.8641644869314,310.02129752131884,587.1134641249524,954.4865650148341,91.96730632101924,117.25790579586021,955.8641644869314,98.54869759041016,122.653638689918,4414.947461402398,10.309906077848106,12.831701746633993,925.2689366746743,dasymetric_v2 preferred=M3_folk ages=M6_scaled
1513,216506.3509460888,730.8440175453875,738.8892576502976,154.07808656159605,155.70574455866824,43.66376252403251,44.12316593766247,44.20401395198375,310.021297521303,28.494226953307198,38.16177060822142,3.6769875825588207,4.68814278482014,44.20401395198375,3.940121243221236,4.903872087372521,204.16959483553802,8.913491990797851,11.093725770468067,42.8439830699928,dasymetric_v2 preferred=M3_folk ages=M6_scaled
1514,216506.3509460888,1084.853798681152,1107.146046958849,175.61886122101737,180.563045251374,24.19725666454158,24.572208505012643,24.61723279606024,310.02129752131884,16.34459573190545,23.421622785664418,2.2567353341752763,2.8773274961129793,24.61723279606024,2.418232488107604,3.009730428882241,113.70212785208348,9.823331924190194,12.226111902244027,23.74295743078227,dasymetric_v2 preferred=M3_folk ages=M6_scaled
1515,216506.3509460888,360.74465807618606,390.7921517178132,931.6520521788449,1010.6600226864542,517.2590588960314,560.2244668639048,561.2509805955834,310.021297521303,327.6167888070183,1086.6326143556234,120.4584543832899,148.47022306778987,561.2509805955834,129.07873752211788,155.30222011700934,2592.3072378386623,22.998398574759413,27.67072584037307,507.54761113278636,dasymetric_v2 preferred=M3_folk ages=M6_scaled
1516,216506.3509460888,491.72840364977753,506.78582609247485,510.87250271290236,536.3488748194278,77.27713953911599,79.16878344547875,79.3138464481391,310.02129752131884,57.65114276609252,122.66839975591601,13.427955039854307,16.679128330570226,79.3138464481391,14.388890285218483,17.446634118488248,366.3349647784174,18.141712865517043,21.996958790664713,75.82627484951765,dasymetric_v2 preferred=M3_folk ages=M6_scaled
1517,216506.3509460888,689.8255865014938,687.3995722821212,566.1510579973597,565.6029773498573,35.57317549385471,35.433090965518424,35.49801593146204,310.021297521303,38.101962876768724,38.80064194863113,5.335978534815614,6.3649396221404375,35.49801593146204,5.717833391150213,6.657828309302095,163.95831242983368,16.10747316748617,18.755494172284806,34.90529538689508,dasymetric_v2 preferred=M3_folk ages=M6_scaled
1518,216506.3509460888,715.8228610755635,711.1024088593329,3.498249227600412,3.475180226570546,0.1875418953048963,0.18630516118606982,0.186646532935345,310.02129752131884,0.15506620613793004,0.20057101508073233,0.027583116603943816,0.03290209483210158,0.186646532935345,0.029557027660620024,0.03441611569205154,0.8620834082683374,15.83583000218851,18.43919367308762,0.1840208292387734,dasymetric_v2 preferred=M3_folk ages=M6_scaled
1519,216506.3509460888,660.7225853767336,660.8651108484075,365.567044284243,363.156333676622,20.80291728857481,20.665733660670877,20.703600017163023,310.021297521303,17.200580463880122,22.24816076656677,3.059632581509786,3.6496354923804826,20.703600017163023,3.278586903051008,3.817576904466092,95.62583234483652,15.835830002188514,18.439193673087622,20.412346178999115,dasymetric_v2 preferred=M3_folk ages=M6_scaled
1520,216506.3509460888,316.5151669551416,347.0363606741886,0.0,0.0,0.0,0.0,0.0,310.02129752131884,0.02326893733437902,0.0,0.0,0.0,0.0,0.0,0.0,0.0,,,0.0,dasymetric_v2 preferred=M3_folk ages=M6_scaled
1521,216506.3509460888,290.495317621552,316.72464069493185,50.7228863290589,54.42425559660944,20.29457074207097,21.7755136828081,21.81541351784188,310.021297521303,23.526905680680137,26.79913849781224,4.744050997631899,5.186884968847833,21.81541351784188,5.083546162450312,5.425564362396189,100.7610789360818,23.302543214652797,24.870325551972034,19.913543749407477,dasymetric_v2 preferred=M3_folk ages=M6_scaled
1522,216506.3509460888,231.16148322676793,244.190954656225,0.0,0.0,0.0,0.0,0.0,234.55197645442547,0.02326893733437902,0.0,0.0,0.0,0.0,0.0,0.0,0.0,,,0.0,dasymetric_v2 preferred=M3_folk ages=M6_scaled
1523,216506.3509460888,235.79279171465717,252.9991507357245,0.0,0.0,0.0,0.0,0.0,170.20169233919535,0.02326893733437902,0.0,0.0,0.0,0.0,0.0,0.0,0.0,,,0.0,dasymetric_v2 preferred=M3_folk ages=M6_scaled
1524,216506.3509460888,235.79279171465717,252.9991507357245,0.0,0.0,0.0,0.0,0.0,103.26659604927646,0.02326893733437902,0.0,0.0,0.0,0.0,0.0,0.0,0.0,,,0.0,dasymetric_v2 preferred=M3_folk ages=M6_scaled
1525,216506.3509460888,154.3383863984923,161.39905274709758,23.120414328873544,23.1346568839016,5.577734587660442,5.581170563792471,5.591397086483713,46.19317333067414,16.07795662930818,5.049055748259993,0.893796565945107,0.9772281064058252,5.591397086483713,0.9577586971745424,1.0221961774535164,25.82555690422218,17.129148267608596,18.28158797600886,5.473013602781185,dasymetric_v2 preferred=M3_folk ages=M6_scaled
1526,216506.3509460888,72.2319550862006,74.18583927046565,0.0,0.0,0.0,0.0,0.0,46.1931733306765,0.02326893733437902,0.0,0.0,0.0,0.0,0.0,0.0,0.0,,,0.0,dasymetric_v2 preferred=M3_folk ages=M6_scaled
1527,216506.3509460888,69.92428545934541,71.98366052421129,15.45763723150358,15.912887828162292,7.303955805738902,7.519068257191358,7.532845639779881,46.19317333067414,122.08186161181447,5.060917273118864,0.8958963229520258,0.9795238654655101,7.532845639779881,0.9600087176064325,1.0245975780270171,34.792723663129856,12.74430359407292,13.601733355802008,7.166825321405052,dasymetric_v2 preferred=M3_folk ages=M6_scaled
1528,216506.3509460888,73.36526641815416,75.13081501857398,0.0,0.0,0.0,0.0,0.0,21.25984996267848,0.02326893733437902,0.0,0.0,0.0,0.0,0.0,0.0,0.0,,,0.0,dasymetric_v2 preferred=M3_folk ages=M6_scaled
1529,216506.3509460888,53.168280009226464,53.201032543113044,0.0,0.0,0.0,0.0,0.0,0.0,0.02326893733437902,0.0,0.0,0.0,0.0,0.0,0.0,0.0,,,0.0,dasymetric_v2 preferred=M3_folk ages=M6_scaled
1530,216506.3509460888,44.184938035171555,44.212156682831825,0.0,0.0,0.0,0.0,0.0,0.0,0.02326893733437902,0.0,0.0,0.0,0.0,0.0,0.0,0.0,,,0.0,dasymetric_v2 preferred=M3_folk ages=M6_scaled
1531,216506.3509460888,0.0,0.0,0.0,0.0,0.0,0.0,0.0,0.0,0.02326893733437902,0.0,0.0,0.0,0.0,0.0,0.0,0.0,,,0.0,dasymetric_v2 preferred=M3_folk ages=M6_scaled
1532,216506.3509460888,0.0,0.0,0.0,0.0,0.0,0.0,0.0,0.0,0.02326893733437902,0.0,0.0,0.0,0.0,0.0,0.0,0.0,,,0.0,dasymetric_v2 preferred=M3_folk ages=M6_scaled
1533,216506.3509460888,0.0,0.0,0.0,0.0,0.0,0.0,0.0,0.0,0.02326893733437902,0.0,0.0,0.0,0.0,0.0,0.0,0.0,,,0.0,dasymetric_v2 preferred=M3_folk ages=M6_scaled
1534,216506.3509460888,0.0,0.0,0.0,0.0,0.0,0.0,0.0,0.0,0.02326893733437902,0.0,0.0,0.0,0.0,0.0,0.0,0.0,,,0.0,dasymetric_v2 preferred=M3_folk ages=M6_scaled
1535,216506.3509460888,0.0,0.0,0.0,0.0,0.0,0.0,0.0,0.0,0.02326893733437902,0.0,0.0,0.0,0.0,0.0,0.0,0.0,,,0.0,dasymetric_v2 preferred=M3_folk ages=M6_scaled
1536,216506.3509460888,0.0,0.0,0.0,0.0,0.0,0.0,0.0,0.0,0.02326893733437902,0.0,0.0,0.0,0.0,0.0,0.0,0.0,,,0.0,dasymetric_v2 preferred=M3_folk ages=M6_scaled
1537,216506.3509460888,0.0,0.0,0.0,0.0,0.0,0.0,0.0,0.0,0.02326893733437902,0.0,0.0,0.0,0.0,0.0,0.0,0.0,,,0.0,dasymetric_v2 preferred=M3_folk ages=M6_scaled
1538,216506.3509460888,0.0,0.0,0.0,0.0,0.0,0.0,0.0,0.0,0.02326893733437902,0.0,0.0,0.0,0.0,0.0,0.0,0.0,,,0.0,dasymetric_v2 preferred=M3_folk ages=M6_scaled
1539,216506.3509460888,0.0,0.0,0.0,0.0,0.0,0.0,0.0,0.0,0.02326893733437902,0.0,0.0,0.0,0.0,0.0,0.0,0.0,,,0.0,dasymetric_v2 preferred=M3_folk ages=M6_scaled
1540,216506.3509460888,0.0,0.0,0.0,0.0,0.0,0.0,0.0,0.0,0.02326893733437902,0.0,0.0,0.0,0.0,0.0,0.0,0.0,,,0.0,dasymetric_v2 preferred=M3_folk ages=M6_scaled
1541,216506.3509460888,0.0,0.0,0.0,0.0,0.0,0.0,0.0,0.3071745563047776,0.02326893733437902,0.0,0.0,0.0,0.0,0.0,0.0,0.0,,,0.0,dasymetric_v2 preferred=M3_folk ages=M6_scaled
1542,216506.3509460888,46.94928069629971,26.92338013310431,0.0,0.0,0.0,0.0,0.0,14.464625203801926,0.02326893733437902,0.0,0.0,0.0,0.0,0.0,0.0,0.0,,,0.0,dasymetric_v2 preferred=M3_folk ages=M6_scaled
1543,216506.3509460888,90.76783787849426,52.05142585401294,7.09123595505618,4.066516853932584,2.303821559840894,1.3211419364583858,1.323562698883959,14.230192933226501,26.46205389598746,2.123632298289922,0.3651351402344413,0.4580560494530391,1.323562698883959,0.3912650479181412,0.4791339296742564,6.113274243920601,29.561504585166965,36.20031979431475,2.260567715660797,dasymetric_v2 preferred=M3_folk ages=M6_scaled
1544,216506.3509460888,113.58416569069423,100.57442187949195,0.0,0.0,0.0,0.0,0.0,3.373142552398313,0.02326893733437902,0.0,0.0,0.0,0.0,0.0,0.0,0.0,,,0.0,dasymetric_v2 preferred=M3_folk ages=M6_scaled
1545,216506.3509460888,127.06007866422422,127.16608108550557,0.0,0.0,0.0,0.0,0.0,3.551361152436794,0.02326893733437902,0.0,0.0,0.0,0.0,0.0,0.0,0.0,,,0.0,dasymetric_v2 preferred=M3_folk ages=M6_scaled
1546,216506.3509460888,146.3193897662057,147.02168873654915,0.0,0.0,0.0,0.0,0.0,11.63734180577418,0.02326893733437902,0.0,0.0,0.0,0.0,0.0,0.0,0.0,,,0.0,dasymetric_v2 preferred=M3_folk ages=M6_scaled
1547,216506.3509460888,216.46478264710072,218.4419517165042,0.0,0.0,0.0,0.0,0.0,15.079708877043855,0.02326893733437902,0.0,0.0,0.0,0.0,0.0,0.0,0.0,,,0.0,dasymetric_v2 preferred=M3_folk ages=M6_scaled
1548,216506.3509460888,213.54550156095596,215.67298827800667,98.29711479435237,98.29711479435237,86.73102623855799,86.73102623855799,86.88994573362189,171.4844110179434,132.6470818833856,41.796688735573525,7.186479417876803,9.015320655017375,86.88994573362189,7.700760359555989,9.43016911984876,401.32746847346726,8.862659879158143,10.853003808701626,85.10266649060877,dasymetric_v2 preferred=M3_folk ages=M6_scaled
1549,216506.3509460888,231.32784910919443,235.31770605121815,6.4106813996316765,6.4106813996316765,5.669076512897658,5.669076512897658,5.67946410792542,171.33092406040194,8.670328128496227,2.7319938054923396,0.46973618836526276,0.589276350092106,5.67946410792542,0.5033515868442932,0.6163924559469877,26.232321052511,8.862659879158144,10.853003808701626,5.5626405994535375,dasymetric_v2 preferred=M3_folk ages=M6_scaled
1550,216506.3509460888,361.6931153242634,366.8032198754888,0.0,0.0,0.0,0.0,0.0,170.20169233919535,0.02326893733437902,0.0,0.0,0.0,0.0,0.0,0.0,0.0,,,0.0,dasymetric_v2 preferred=M3_folk ages=M6_scaled
1551,216506.3509460888,390.72676804911447,395.34386604800676,56.230326295585414,56.894782760425755,6.805340500065028,6.885757114881346,6.898374065138798,173.10964915298808,186.92375536137587,6.888432070424972,0.6637186582950599,0.8462383321053036,6.898374065138798,0.7112158870144425,0.8851787854057614,31.86222498783202,10.309906077848108,12.831701746633993,6.677571430310056,dasymetric_v2 preferred=M3_folk ages=M6_scaled
1552,216506.3509460888,390.72676804911447,395.34386604800676,22.843570057581573,23.113505496422963,7.588578892682411,7.678250794596835,7.692319851451933,310.0212975213029,3.4905282218827516,4.385616392899924,0.7595118571889834,0.8320161189863667,7.692319851451933,0.8138642668208834,0.8703021237647288,35.529303495431236,10.580218744638728,11.313909725171639,7.446104660001331,dasymetric_v2 preferred=M3_folk ages=M6_scaled
1553,216506.3509460888,419.3135565014881,403.8777480470881,136.10957953703127,125.53203178622373,27.84585506522367,27.4223230983908,27.47256972787595,310.0212975212872,16.848684520864495,19.39731652156901,3.359275088361704,3.6799570608031185,27.47256972787595,3.599672514604177,3.849293748397249,126.89036422177179,13.102787799830935,14.01140769329429,27.323054038856014,dasymetric_v2 preferred=M3_folk ages=M6_scaled
1554,216506.3509460888,440.12919318429545,410.09174398025505,214.90276582197248,182.91545282488278,17.255809841458543,15.020022806383963,15.047544381346922,310.0212975213029,28.401705809087115,22.608926422107253,3.5709801111773976,3.9894350917484753,15.047544381346922,3.8265276341725354,4.173012702205984,69.50163039371459,25.429581978279028,27.732184045782844,16.931835049706276,dasymetric_v2 preferred=M3_folk ages=M6_scaled
1555,216506.3509460888,397.92089912564325,397.4914967898997,613.2619961612285,620.5087244808934,1533.2910334296737,1551.4094618074234,1554.2521493553563,310.0212975212872,697.7607740281502,1552.0121480873863,149.5404774344597,190.66344244628846,1554.2521493553563,160.24193681147275,199.43700019592765,7178.783174551648,10.309906077848108,12.831701746633994,1504.5037642249843,dasymetric_v2 preferred=M3_folk ages=M6_scaled
1556,216506.3509460888,391.32853267007476,395.52350806257857,0.0,0.0,0.0,0.0,0.0,310.0212975213029,0.02326893733437902,0.0,0.0,0.0,0.0,0.0,0.0,0.0,,,0.0,dasymetric_v2 preferred=M3_folk ages=M6_scaled
1557,216506.3509460888,571.1984447252048,586.7707624570884,0.0,0.0,0.0,0.0,0.0,310.0212975212872,0.02326893733437902,0.0,0.0,0.0,0.0,0.0,0.0,0.0,,,0.0,dasymetric_v2 preferred=M3_folk ages=M6_scaled
1558,216506.3509460888,316.5151669551416,347.0363606741886,307.4715436241611,337.1206711409396,222.84018219895344,244.3284048162472,244.77609405050538,310.0212975213029,58.61320099408622,511.2337243197128,83.484155940577,92.82138090390778,244.77609405050538,89.45847352167384,97.09264410629703,1130.5723503300646,36.54706308991744,39.66590139569088,218.65639701093582,dasymetric_v2 preferred=M3_folk ages=M6_scaled
1559,216506.3509460888,316.5151669551416,347.0363606741886,822.7869798657719,902.1273825503356,660.1752338312394,723.8351727659702,725.1614746115066,310.0212975212872,335.2711235492211,1366.41071778976,205.0742770037199,235.81429801824572,725.1614746115066,219.74986238552714,246.66551488136588,3349.3773805835176,30.303576524560203,34.01525363899301,647.7805600451031,dasymetric_v2 preferred=M3_folk ages=M6_scaled
1560,216506.3509460888,319.9324651809775,350.15205886600654,792.0250861562494,867.4981519087082,270.3438168767524,296.3440149202044,296.88701369767523,310.0212975213029,431.49094695344553,511.4131089526358,70.33103667221303,83.89329137296644,296.88701369767523,75.36408688579665,87.75372013279741,1371.2623782181875,25.38477043746383,29.557951706893594,265.2681593110478,dasymetric_v2 preferred=M3_folk ages=M6_scaled
1561,216506.3509460888,345.51020243697735,373.4723851743196,125.39342281879195,137.484966442953,129.54904192437363,142.041307122051,142.30157307052443,310.0212975212872,240.9155819022163,245.33327229011132,33.7389540242463,40.24499046938547,142.30157307052443,36.15339091857563,42.096901582950416,657.2628121470592,25.406177977145813,29.58287858285815,127.11678147037183,dasymetric_v2 preferred=M3_folk ages=M6_scaled
1562,216506.3509460888,582.3583230246417,589.4170327533534,676.2977136972194,724.5734706488156,335.02992791126405,366.44589294458683,367.1173412001951,310.0212975213029,142.55359136583763,627.336887825078,86.2732160968987,102.90967399545767,367.1173412001951,92.44712521652063,107.64515949918784,1695.642366129062,25.181900945972394,29.321731070308438,328.7397999993854,dasymetric_v2 preferred=M3_folk ages=M6_scaled
1563,216506.3509460888,375.4318820062044,400.75327105813744,47.22636457260556,46.91493305870237,3.277796964815486,3.256181723408319,3.262148109115517,307.2106139944831,2.314227017219309,3.505515732326192,0.4820888460019645,0.5750522378021325,3.262148109115517,0.5165882289791403,0.6015138077427757,15.067216711475632,15.835830002188512,18.43919367308762,3.2162569038830258,dasymetric_v2 preferred=M3_folk ages=M6_scaled
1564,216506.3509460888,316.5151669551416,347.0363606741886,0.0,0.0,0.0,0.0,0.0,168.65712761991563,0.02326893733437902,0.0,0.0,0.0,0.0,0.0,0.0,0.0,,,0.0,dasymetric_v2 preferred=M3_folk ages=M6_scaled
1565,216506.3509460888,288.5885928033807,311.06331989993316,0.0,0.0,0.0,0.0,0.0,167.07300274723107,0.02326893733437902,0.0,0.0,0.0,0.0,0.0,0.0,0.0,,,0.0,dasymetric_v2 preferred=M3_folk ages=M6_scaled
1566,216506.3509460888,207.59658055768224,209.09244966395966,5.366069174450896,5.273668265589498,2.219933640285492,2.181707542315862,2.185705141284059,95.42004646136144,27.945730682453252,3.3805345847786166,0.598430746971861,0.6542913320101649,2.185705141284059,0.6412558230886718,0.6843991634477341,10.095339613516979,29.338624454712427,31.312511029994784,2.178254777025919,dasymetric_v2 preferred=M3_folk ages=M6_scaled
1567,216506.3509460888,235.79279171465717,252.9991507357245,0.0,0.0,0.0,0.0,0.0,95.45205233243517,0.02326893733437902,0.0,0.0,0.0,0.0,0.0,0.0,0.0,,,0.0,dasymetric_v2 preferred=M3_folk ages=M6_scaled
1568,216506.3509460888,232.71272628374766,249.4876785499056,0.0,0.0,0.0,0.0,0.0,102.73884129122908,0.02326893733437902,0.0,0.0,0.0,0.0,0.0,0.0,0.0,,,0.0,dasymetric_v2 preferred=M3_folk ages=M6_scaled
1569,216506.3509460888,152.7035573786903,158.2741449732029,199.67630556754423,199.79930945187743,108.78547974962487,108.85249339218112,109.0519466217411,104.0064595618122,395.28489294440476,98.47437937835817,17.432182671439968,19.059391713503118,109.0519466217411,18.679669625551416,19.936427561203818,503.689365901768,17.129148267608596,18.281587976008858,106.74305151986546,dasymetric_v2 preferred=M3_folk ages=M6_scaled
1570,216506.3509460888,83.9634933617512,85.38109181035941,120.01853942479731,120.21982379898293,172.74346468035685,172.89923993634366,173.21604767054524,166.49408191675477,581.5315844934943,156.00672878550864,27.616704073998505,30.194588405994242,173.21604767054524,29.593018727028916,31.584020809540636,800.0506540044959,17.084455583073037,18.233888392150043,169.50023654382952,dasymetric_v2 preferred=M3_folk ages=M6_scaled
1571,216506.3509460888,89.48176292455358,90.64710381046835,4.416467780429595,4.5465393794749405,1.2325425422184397,1.2688427684010417,1.271167701712855,165.95215188805676,20.60131414699369,0.8540297898388084,0.15118250449815437,0.1652946522973048,1.271167701712855,0.1620014710960855,0.17290084129205913,5.871272118153165,12.74430359407292,13.601733355802002,1.2094017729871025,dasymetric_v2 preferred=M3_folk ages=M6_scaled
1572,216506.3509460888,113.44546430452026,113.51534857411238,0.0,0.0,0.0,0.0,0.0,141.36416990138733,0.02326893733437902,0.0,0.0,0.0,0.0,0.0,0.0,0.0,,,0.0,dasymetric_v2 preferred=M3_folk ages=M6_scaled
1573,216506.3509460888,113.44546430452026,113.51534857411238,0.0,0.0,0.0,0.0,0.0,140.09655163079077,0.02326893733437902,0.0,0.0,0.0,0.0,0.0,0.0,0.0,,,0.0,dasymetric_v2 preferred=M3_folk ages=M6_scaled
1574,216506.3509460888,83.84968777694847,83.90134056202668,0.0,0.0,0.0,0.0,0.0,77.60892927586166,0.02326893733437902,0.0,0.0,0.0,0.0,0.0,0.0,0.0,,,0.0,dasymetric_v2 preferred=M3_folk ages=M6_scaled
1575,216506.3509460888,16.846562274159165,16.856940033260287,8.407423392317652,8.412602503236945,3.4156526605720168,3.417756758720213,3.4240192025295726,76.25980118299134,71.20955073681425,3.091904146546056,0.5473366598035033,0.5984278615578351,3.4240192025295726,0.5865053259126799,0.6259650828258809,15.814867266328697,17.129148267608596,18.28158797600886,3.3515243832223076,dasymetric_v2 preferred=M3_folk ages=M6_scaled
1576,216506.3509460888,0.0,0.0,0.0,0.0,0.0,0.0,0.0,9.754127723195726,0.02326893733437902,0.0,0.0,0.0,0.0,0.0,0.0,0.0,,,0.0,dasymetric_v2 preferred=M3_folk ages=M6_scaled
1577,216506.3509460888,0.0,0.0,2.101855848079413,2.1031506258092363,1.336559736745572,1.3373830794992139,1.3398336009898328,9.560190559845697,21.472803587611217,1.2098755356049786,0.21417521470571868,0.2341674240878485,1.3398336009898328,0.22950208405278777,0.24494285849708378,6.188426321606882,17.129148267608592,18.281587976008858,1.3114660630000337,dasymetric_v2 preferred=M3_folk ages=M6_scaled
1578,216506.3509460888,0.0,0.0,0.0,0.0,0.0,0.0,0.0,0.0,0.02326893733437902,0.0,0.0,0.0,0.0,0.0,0.0,0.0,,,0.0,dasymetric_v2 preferred=M3_folk ages=M6_scaled
1579,216506.3509460888,0.0,0.0,0.0,0.0,0.0,0.0,0.0,0.0,0.02326893733437902,0.0,0.0,0.0,0.0,0.0,0.0,0.0,,,0.0,dasymetric_v2 preferred=M3_folk ages=M6_scaled
1580,216506.3509460888,0.0,0.0,0.0,0.0,0.0,0.0,0.0,0.0,0.02326893733437902,0.0,0.0,0.0,0.0,0.0,0.0,0.0,,,0.0,dasymetric_v2 preferred=M3_folk ages=M6_scaled
1581,216506.3509460888,0.0,0.0,0.0,0.0,0.0,0.0,0.0,0.0,0.02326893733437902,0.0,0.0,0.0,0.0,0.0,0.0,0.0,,,0.0,dasymetric_v2 preferred=M3_folk ages=M6_scaled
1582,216506.3509460888,0.0,0.0,0.0,0.0,0.0,0.0,0.0,0.0,0.02326893733437902,0.0,0.0,0.0,0.0,0.0,0.0,0.0,,,0.0,dasymetric_v2 preferred=M3_folk ages=M6_scaled
1583,216506.3509460888,0.0,0.0,0.0,0.0,0.0,0.0,0.0,0.0,0.02326893733437902,0.0,0.0,0.0,0.0,0.0,0.0,0.0,,,0.0,dasymetric_v2 preferred=M3_folk ages=M6_scaled
1584,216506.3509460888,0.0,0.0,0.0,0.0,0.0,0.0,0.0,0.0,0.02326893733437902,0.0,0.0,0.0,0.0,0.0,0.0,0.0,,,0.0,dasymetric_v2 preferred=M3_folk ages=M6_scaled
1585,216506.3509460888,0.0,0.0,0.0,0.0,0.0,0.0,0.0,0.0,0.02326893733437902,0.0,0.0,0.0,0.0,0.0,0.0,0.0,,,0.0,dasymetric_v2 preferred=M3_folk ages=M6_scaled
1586,216506.3509460888,22.087377107003764,20.397673607006208,0.0,0.0,0.0,0.0,0.0,3.346754814496378,0.02326893733437902,0.0,0.0,0.0,0.0,0.0,0.0,0.0,,,0.0,dasymetric_v2 preferred=M3_folk ages=M6_scaled
1587,216506.3509460888,210.32727490415792,194.4087012695828,0.0,0.0,0.0,0.0,0.0,6.20042595042606,0.02326893733437902,0.0,0.0,0.0,0.0,0.0,0.0,0.0,,,0.0,dasymetric_v2 preferred=M3_folk ages=M6_scaled
1588,216506.3509460888,216.62157352113832,214.07048883714032,0.0,0.0,0.0,0.0,0.0,2.8536711359299973,0.02326893733437902,0.0,0.0,0.0,0.0,0.0,0.0,0.0,,,0.0,dasymetric_v2 preferred=M3_folk ages=M6_scaled
1589,216506.3509460888,196.64274547309498,198.63509482229384,0.0,0.0,0.0,0.0,0.0,0.0,0.02326893733437902,0.0,0.0,0.0,0.0,0.0,0.0,0.0,,,0.0,dasymetric_v2 preferred=M3_folk ages=M6_scaled
1590,216506.3509460888,343.6828040712356,347.7372435712734,0.0,0.0,0.0,0.0,0.0,0.0,0.02326893733437902,0.0,0.0,0.0,0.0,0.0,0.0,0.0,,,0.0,dasymetric_v2 preferred=M3_folk ages=M6_scaled
1591,216506.3509460888,358.39114309337964,362.6261409612225,0.0,0.0,0.0,0.0,0.0,0.0,0.02326893733437902,0.0,0.0,0.0,0.0,0.0,0.0,0.0,,,0.0,dasymetric_v2 preferred=M3_folk ages=M6_scaled
1592,216506.3509460888,187.09289928507891,189.30371851102842,0.0,0.0,0.0,0.0,0.0,3.346754814496378,0.02326893733437902,0.0,0.0,0.0,0.0,0.0,0.0,0.0,,,0.0,dasymetric_v2 preferred=M3_folk ages=M6_scaled
1593,216506.3509460888,100.79693929984772,104.36368913518042,0.0,0.0,0.0,0.0,0.0,6.20042595042606,0.02326893733437902,0.0,0.0,0.0,0.0,0.0,0.0,0.0,,,0.0,dasymetric_v2 preferred=M3_folk ages=M6_scaled
1594,216506.3509460888,214.85433891989157,222.45784241027084,0.0,0.0,0.0,0.0,0.0,94.72209079385557,0.02326893733437902,0.0,0.0,0.0,0.0,0.0,0.0,0.0,,,0.0,dasymetric_v2 preferred=M3_folk ages=M6_scaled
1595,216506.3509460888,250.633948037153,257.62989512042435,10.564428312159711,10.93829401088929,12.76065467754708,13.212242869193652,13.236452002378108,170.20169233919535,127.17991506641073,1.6751516285777919,0.29010688817974356,0.3178009729668553,13.236452002378108,0.310867602149029,0.3324248838406018,61.136553013514394,2.3485719745229114,2.511434965962761,12.52107563258981,dasymetric_v2 preferred=M3_folk ages=M6_scaled
1596,216506.3509460888,390.72676804911447,395.34386604800676,0.0,0.0,0.0,0.0,0.0,245.67101340609736,0.02326893733437902,0.0,0.0,0.0,0.0,0.0,0.0,0.0,,,0.0,dasymetric_v2 preferred=M3_folk ages=M6_scaled
1597,216506.3509460888,417.3605468825518,403.2947251006164,257.4660530847511,251.97831127495965,72.69057330574104,72.99815808772384,73.13191449447945,310.021297521303,35.36252353797528,44.43065721405395,7.694610735085162,8.429151039999395,73.13191449447945,8.245254718681721,8.81702635831428,337.7818441579558,11.274495923806475,12.056331930131346,71.32582058967323,dasymetric_v2 preferred=M3_folk ages=M6_scaled
1598,216506.3509460888,532.8115205937031,437.7597713568216,755.960792855587,621.0999782182531,59.29058994972311,48.7133519017768,48.80261063216247,310.02129752131884,92.28932444770942,83.78616995729278,14.510295440804956,15.895472313870844,48.80261063216247,15.548685446456025,16.626917432632002,225.4096030851057,31.860355921633722,34.069729502696596,58.17741956199201,dasymetric_v2 preferred=M3_folk ages=M6_scaled
1599,216506.3509460888,532.6013043219444,437.6970164635874,64.06447397081246,52.63559137442823,4.234422840217203,3.479016317620315,3.48539100889855,310.021297521303,8.368831912936072,5.983851266488163,1.036298112144708,1.135224848984813,3.48539100889855,1.1104579806956985,1.1874632888430436,16.098331497750987,31.860355921633722,34.06972950269659,4.154922296895589,dasymetric_v2 preferred=M3_folk ages=M6_scaled
1600,216506.3509460888,519.9513280720558,433.92067744639536,68.33543890219995,56.144630799390114,69.3923207886533,57.01296857941679,57.11743491138217,310.02129752131884,30.053402099671896,98.06137513995571,16.982510661814946,18.603689300892743,57.11743491138217,18.197818056073835,19.459755573186698,263.81413137208483,31.860355921633722,34.0697295026966,68.08949218291049,dasymetric_v2 preferred=M3_folk ages=M6_scaled
1601,216506.3509460888,514.0601085820629,431.9240130191208,1037.8444783271618,852.6965802657373,1315.8198032641137,1081.082059903349,1083.0629544290282,310.021297521303,569.8737437914566,1859.4434928535136,322.02300750278346,352.7638579842698,1083.0629544290282,345.06771213645004,368.996618917884,5002.453506311769,31.860355921633726,34.069729502696596,1291.1155181182612,dasymetric_v2 preferred=M3_folk ages=M6_scaled
1602,216506.3509460888,318.71836177673214,347.9604694039406,486.1142281879195,532.9896644295302,394.58766455993447,432.63729947959996,433.4300319556345,310.02129752131884,102.26654148454917,905.2520031754859,147.82710099805496,164.3607160552442,433.4300319556345,158.40594722947503,171.92392909483343,2001.9275649958224,36.54706308991743,39.66590139569088,387.1793506280853,dasymetric_v2 preferred=M3_folk ages=M6_scaled
1603,216506.3509460888,316.5151669551416,347.0363606741886,1181.790067114094,1295.7487248322147,1699.46786092619,1863.345593237116,1866.759849399522,310.021297521303,440.4564970242949,3898.871717522013,636.6833778249675,707.8927691422437,1866.759849399522,682.2458998972909,740.4671211571617,8622.194412506426,36.54706308991743,39.66590139569087,1667.5606510419918,dasymetric_v2 preferred=M3_folk ages=M6_scaled
1604,216506.3509460888,316.5151669551416,347.0363606741886,893.213422818792,979.344966442953,2071.4054482779493,2271.148694599352,2275.3101788964245,310.02129752131884,1521.6079066800587,4586.166276446794,728.6824493156513,818.9252769673226,2275.3101788964245,780.8286358457264,856.6088943295556,10509.207554206983,34.31745891562114,37.648005193956884,2032.515175673761,dasymetric_v2 preferred=M3_folk ages=M6_scaled
1605,216506.3509460888,316.5151669551416,347.0363606741886,66.9910067114094,73.45087248322147,1.773083448786278,1.9440598476143056,1.947621998585598,310.021297521303,2.455042941370751,4.015503658603285,0.6493591143069167,0.7247387776262971,1.947621998585598,0.6958287411401886,0.7580883145764573,8.995680681305123,35.72709394561743,38.92379091666639,1.7397941192006101,dasymetric_v2 preferred=M3_folk ages=M6_scaled
1606,216506.3509460888,316.5151669551416,347.0363606741886,1.7177181208053691,1.8833557046979865,0.06430382640931569,0.07050457047347881,0.07063375781537103,310.02129752131884,0.08903622400704589,0.12177525915615892,0.016746892223823032,0.01997627186234739,0.07063375781537103,0.017945338222519303,0.020895498813031294,0.32624335270866583,25.406177977145813,29.582878582858157,0.06309653338967547,dasymetric_v2 preferred=M3_folk ages=M6_scaled
1607,216506.3509460888,316.5151669551416,347.0363606741886,1367.303624161074,1499.1511409395973,2780.224635498824,3048.318501264671,3053.9040138317937,310.021297521303,1006.9390801803631,5265.045556467215,724.0645686050701,863.6892430568381,3053.9040138317937,775.8802890053053,903.4327164488913,14105.378435721877,25.406177977145816,29.582878582858157,2728.0264074477595,dasymetric_v2 preferred=M3_folk ages=M6_scaled
1608,216506.3509460888,316.5151669551416,347.0363606741886,0.0,0.0,0.0,0.0,0.0,142.6835567964999,0.02326893733437902,0.0,0.0,0.0,0.0,0.0,0.0,0.0,,,0.0,dasymetric_v2 preferred=M3_folk ages=M6_scaled
1609,216506.3509460888,312.9969149520585,342.5038658091168,0.0,0.0,0.0,0.0,0.0,0.0,0.02326893733437902,0.0,0.0,0.0,0.0,0.0,0.0,0.0,,,0.0,dasymetric_v2 preferred=M3_folk ages=M6_scaled
1610,216506.3509460888,204.304149568725,202.47711373481252,0.0,0.0,0.0,0.0,0.0,3.346754814496378,0.02326893733437902,0.0,0.0,0.0,0.0,0.0,0.0,0.0,,,0.0,dasymetric_v2 preferred=M3_folk ages=M6_scaled
1611,216506.3509460888,215.68302134906247,221.68452937939753,0.0,0.0,0.0,0.0,0.0,6.20042595042606,0.02326893733437902,0.0,0.0,0.0,0.0,0.0,0.0,0.0,,,0.0,dasymetric_v2 preferred=M3_folk ages=M6_scaled
1612,216506.3509460888,235.79279171465717,252.9991507357245,0.0,0.0,0.0,0.0,0.0,94.72209079385557,0.02326893733437902,0.0,0.0,0.0,0.0,0.0,0.0,0.0,,,0.0,dasymetric_v2 preferred=M3_folk ages=M6_scaled
1613,216506.3509460888,235.79279171465717,252.9991507357245,0.0,0.0,0.0,0.0,0.0,170.20169233919535,0.02326893733437902,0.0,0.0,0.0,0.0,0.0,0.0,0.0,,,0.0,dasymetric_v2 preferred=M3_folk ages=M6_scaled
1614,216506.3509460888,138.57969915297585,142.16998873092902,278.94292537594566,279.67939312886983,140.0502127930833,140.29290598813304,140.54996829613984,245.67101340609736,641.4482818800504,127.67349973928224,22.60108450347177,24.710785265427177,140.54996829613984,24.21846992205415,25.84787530630501,649.1724962430202,17.231216922813992,18.39052375440124,137.42079470483523,dasymetric_v2 preferred=M3_folk ages=M6_scaled
1615,216506.3509460888,113.0132952700855,113.10293535371702,155.53733275787656,155.63314630988347,44.69613001999162,44.72366357031195,44.805611891924706,310.021297521303,147.85834013593137,40.45966129361355,7.162271150600063,7.830834152584815,44.805611891924706,7.674819693177049,8.191177356211302,206.94825669608898,17.129148267608592,18.281587976008858,43.856968047971705,dasymetric_v2 preferred=M3_folk ages=M6_scaled
1616,216506.3509460888,113.44546430452026,113.51534857411238,4.203711696158826,4.206301251618473,1.5243769546542634,1.52531599589943,1.528110871717162,310.02129752131884,7.23122221104424,1.3798907252488153,0.24427173180488831,0.26707330394333045,1.528110871717162,0.2617523769098789,0.27936293338392887,7.0580417851006585,17.1291482676086,18.281587976008858,1.4957570457091887,dasymetric_v2 preferred=M3_folk ages=M6_scaled
1617,216506.3509460888,113.44546430452026,113.51534857411238,16.814846784635304,16.82520500647389,6.2853250365257445,6.289196899997937,6.300720757595978,310.021297521303,29.815841724047743,5.689578090639098,1.0071834443187229,1.1011990956288038,6.300720757595978,1.0792598004966065,1.1518718084225605,29.101782603896414,17.129148267608592,18.281587976008858,6.1673191655459085,dasymetric_v2 preferred=M3_folk ages=M6_scaled
1618,216506.3509460888,113.44546430452026,113.51534857411238,88.27794561933534,88.33232628398792,29.570292214926543,29.588508000685223,29.642723786605124,234.55197645442547,382.0352002842145,26.767507764855246,4.738451645613449,5.1807629446886745,29.642723786605124,5.077546107965272,5.419160627533521,136.91387646169474,17.129148267608596,18.28158797600886,29.015115184673945,dasymetric_v2 preferred=M3_folk ages=M6_scaled
1619,216506.3509460888,113.44546430452026,113.51534857411238,4.203711696158826,4.206301251618473,1.659780065239599,1.6608025170251675,1.6638456482880275,170.20169233919535,34.60310649615015,1.502459815457163,0.26596922087638264,0.2907961475600733,1.6638456482880275,0.28500258803940964,0.30417740597677073,7.684973863433382,17.129148267608596,18.28158797600886,1.6286179867320678,dasymetric_v2 preferred=M3_folk ages=M6_scaled
1620,216506.3509460888,96.76101190789184,96.82061828073039,0.0,0.0,0.0,0.0,0.0,89.87957679129094,0.02326893733437902,0.0,0.0,0.0,0.0,0.0,0.0,0.0,,,0.0,dasymetric_v2 preferred=M3_folk ages=M6_scaled
1621,216506.3509460888,97.72525428467421,97.78545464665655,0.0,0.0,0.0,0.0,0.0,21.391469528969907,0.02326893733437902,0.0,0.0,0.0,0.0,0.0,0.0,0.0,,,0.0,dasymetric_v2 preferred=M3_folk ages=M6_scaled
1622,216506.3509460888,13.573972081473581,13.582333871256829,0.0,0.0,0.0,0.0,0.0,9.845165418958493,0.02326893733437902,0.0,0.0,0.0,0.0,0.0,0.0,0.0,,,0.0,dasymetric_v2 preferred=M3_folk ages=M6_scaled
1623,216506.3509460888,0.0,0.0,0.0,0.0,0.0,0.0,0.0,0.0,0.02326893733437902,0.0,0.0,0.0,0.0,0.0,0.0,0.0,,,0.0,dasymetric_v2 preferred=M3_folk ages=M6_scaled
1624,216506.3509460888,0.0,0.0,0.0,0.0,0.0,0.0,0.0,0.0,0.02326893733437902,0.0,0.0,0.0,0.0,0.0,0.0,0.0,,,0.0,dasymetric_v2 preferred=M3_folk ages=M6_scaled
1625,216506.3509460888,0.0,0.0,0.0,0.0,0.0,0.0,0.0,0.0,0.02326893733437902,0.0,0.0,0.0,0.0,0.0,0.0,0.0,,,0.0,dasymetric_v2 preferred=M3_folk ages=M6_scaled
1626,216506.3509460888,0.0,0.0,0.0,0.0,0.0,0.0,0.0,0.0,0.02326893733437902,0.0,0.0,0.0,0.0,0.0,0.0,0.0,,,0.0,dasymetric_v2 preferred=M3_folk ages=M6_scaled
1627,216506.3509460888,0.0,0.0,0.0,0.0,0.0,0.0,0.0,0.0,0.02326893733437902,0.0,0.0,0.0,0.0,0.0,0.0,0.0,,,0.0,dasymetric_v2 preferred=M3_folk ages=M6_scaled
1628,216506.3509460888,0.0,0.0,0.0,0.0,0.0,0.0,0.0,0.0,0.02326893733437902,0.0,0.0,0.0,0.0,0.0,0.0,0.0,,,0.0,dasymetric_v2 preferred=M3_folk ages=M6_scaled
1629,216506.3509460888,33.555878863452065,33.95239835948015,1.7571976967370442,1.7779619612633049,0.17195910574757597,0.17399109359167125,0.17430990195747048,0.12895590878329546,10.776358110703073,0.8224146301069724,0.1414051206212956,0.17739040641947934,0.17430990195747048,0.1515243952149831,0.18555319292424785,0.8051029505405806,86.92816272247873,106.45017342131291,0.16873060381191904,dasymetric_v2 preferred=M3_folk ages=M6_scaled
1630,216506.3509460888,172.03976534076,174.07270631445053,0.0,0.0,0.0,0.0,0.0,5.287808841665821,0.02326893733437902,0.0,0.0,0.0,0.0,0.0,0.0,0.0,,,0.0,dasymetric_v2 preferred=M3_folk ages=M6_scaled
1631,216506.3509460888,142.55151153548667,144.23599888693127,0.0,0.0,0.0,0.0,0.0,5.1588529328823665,0.02326893733437902,0.0,0.0,0.0,0.0,0.0,0.0,0.0,,,0.0,dasymetric_v2 preferred=M3_folk ages=M6_scaled
1632,216506.3509460888,139.1781971454599,140.8228230786618,0.0,0.0,0.0,0.0,0.0,0.0,0.02326893733437902,0.0,0.0,0.0,0.0,0.0,0.0,0.0,,,0.0,dasymetric_v2 preferred=M3_folk ages=M6_scaled
1633,216506.3509460888,65.07388139478581,65.84283942924084,0.0,0.0,0.0,0.0,0.0,0.0,0.02326893733437902,0.0,0.0,0.0,0.0,0.0,0.0,0.0,,,0.0,dasymetric_v2 preferred=M3_folk ages=M6_scaled
1634,216506.3509460888,66.36952356855592,67.15379180793411,0.0,0.0,0.0,0.0,0.0,0.0,0.02326893733437902,0.0,0.0,0.0,0.0,0.0,0.0,0.0,,,0.0,dasymetric_v2 preferred=M3_folk ages=M6_scaled
1635,216506.3509460888,0.04201544052999473,0.04251192406339123,0.0,0.0,0.0,0.0,0.0,0.12895721218664777,0.02326893733437902,0.0,0.0,0.0,0.0,0.0,0.0,0.0,,,0.0,dasymetric_v2 preferred=M3_folk ages=M6_scaled
1636,216506.3509460888,19.61741113072146,20.311653819766065,0.0,0.0,0.0,0.0,0.0,30.33914847710287,0.02326893733437902,0.0,0.0,0.0,0.0,0.0,0.0,0.0,,,0.0,dasymetric_v2 preferred=M3_folk ages=M6_scaled
1637,216506.3509460888,210.34359198316622,217.7874641612339,0.0,0.0,0.0,0.0,0.0,33.750033335169164,0.02326893733437902,0.0,0.0,0.0,0.0,0.0,0.0,0.0,,,0.0,dasymetric_v2 preferred=M3_folk ages=M6_scaled
1638,216506.3509460888,214.85433891989157,222.45784241027084,46.48348457350273,48.12849364791288,17.525807724546578,18.146030433918952,18.17927987323771,190.78120814168133,155.66834028597157,2.3006958572096448,0.39844017962110256,0.43647594011701374,18.17927987323771,0.42695347227294517,0.45656079129672256,83.9664970279068,2.348571974522912,2.511434965962761,17.196763770074586,dasymetric_v2 preferred=M3_folk ages=M6_scaled
1639,216506.3509460888,263.88183994138933,270.65283091682,219.74010889292197,227.51651542649725,79.1046516703203,81.90409476327443,82.05416974737116,193.68916388475986,568.946499446204,10.38444260283738,1.7984033669525268,1.970081935628746,82.05416974737116,1.9271012346142165,2.060737110065917,378.99197593424446,2.3485719745229114,2.511434965962761,77.61947576220648,dasymetric_v2 preferred=M3_folk ages=M6_scaled
1640,216506.3509460888,393.7041977192071,391.99286191692545,6.406447397081246,5.263559137442823,0.24276522710379594,0.1994567425868091,0.1998222123176964,310.0212975212456,0.27304457920672154,0.34306234083836123,0.059412381813324165,0.06508398633697483,0.1998222123176964,0.0636640680549007,0.06807888722294325,0.9229392645735975,31.860355921633726,34.0697295026966,0.23820735270565085,dasymetric_v2 preferred=M3_folk ages=M6_scaled
1641,216506.3509460888,531.8447155847998,437.47115552034046,1029.3025484643867,845.6785014158136,1196.7858469490372,983.283353444971,985.085048879825,310.0212975212572,1357.0118343017139,1691.2313144460945,292.89160781382327,320.8515265566139,985.085048879825,313.8516027039118,335.6158115248629,4549.91294516398,31.860355921633722,34.0697295026966,1174.3164033761357,dasymetric_v2 preferred=M3_folk ages=M6_scaled
1642,216506.3509460888,532.8115205937031,437.7597713568216,1018.6251361359181,836.9059028534089,1671.6948407938003,1373.4702103829113,1375.9868552536752,310.0212975212456,1768.7965797792501,2362.346338031891,409.1169618544287,448.1719456934274,1375.9868552536752,438.3943095187159,468.79499957758844,6355.411050257381,31.86035592163372,34.069729502696596,1640.3090644729289,dasymetric_v2 preferred=M3_folk ages=M6_scaled
1643,216506.3509460888,532.8115205937031,437.7597713568216,44.84513177956872,36.84491396209976,14.497997163883241,11.911604156984856,11.93343009633005,310.0212975212572,7.213967027567704,20.487764676376656,3.548121587696913,3.8868311602313597,11.93343009633005,3.8020333023501114,4.065687354213033,55.1181526277792,31.860355921633722,34.06972950269659,14.225799819617826,dasymetric_v2 preferred=M3_folk ages=M6_scaled
1644,216506.3509460888,532.8115205937031,437.7597713568216,1680.6247005009802,1380.8070137225006,2398.1042748247546,1970.2906909132394,1973.9009053348673,310.0212975212456,1234.6837819053824,3388.8678206130007,586.8924825182485,642.9182124613051,1973.9009053348673,628.8918539800391,672.5026990988684,9117.057752390732,31.860355921633726,34.069729502696596,2353.0802892700494,dasymetric_v2 preferred=M3_folk ages=M6_scaled
1645,216506.3509460888,381.8070593558741,374.4224125834321,27.761272054018733,22.808756262252235,0.7668298443437365,0.6300300281710318,0.6311844484320885,310.0212957382774,0.3520757232359427,1.0836413623306966,0.18766768223573824,0.205582750492984,0.6311844484320885,0.2010976117924641,0.21504283424390008,2.9153160896848553,31.86035592163373,34.069729502696596,0.7524327490226115,dasymetric_v2 preferred=M3_folk ages=M6_scaled
1646,216506.3509460888,316.5151669551416,347.0363606741886,369.3093959731544,404.9214765100671,126.09838512190903,138.25790745061386,138.5112409783437,275.7525250873417,32.68131999915986,289.29139448925554,47.241108598509435,52.52475617848129,138.5112409783437,50.62179062698284,54.94173226841758,639.7560181171485,36.54706308991744,39.665901395690874,123.73091014185823,dasymetric_v2 preferred=M3_folk ages=M6_scaled
1647,216506.3509460888,316.5151669551416,347.0363606741886,1259.0873825503356,1380.4997315436242,1684.417928612892,1846.8444132505656,1850.2284338755271,275.7525268703185,596.8093344622126,3864.344583001823,631.0451177780575,701.6239019835216,1850.2284338755271,676.2041530360801,733.9097861761021,8545.839074883506,36.54706308991743,39.665901395690874,1652.7932785582168,dasymetric_v2 preferred=M3_folk ages=M6_scaled
1648,216506.3509460888,316.5151669551416,347.0363606741886,166.6186577181208,182.6855033557047,4.435072733230744,4.862741698832584,4.871651825795443,310.0212975212456,6.2178243199733645,10.174820037680844,1.6615419176881976,1.8473758702108962,4.871651825795443,1.780445666294575,1.9323846095613944,22.501195944171215,36.54706308991743,39.665901395690874,4.351805023493793,dasymetric_v2 preferred=M3_folk ages=M6_scaled
1649,216506.3509460888,316.5151669551416,347.0363606741886,144.288322147651,158.20187919463086,3.7707574677521514,4.134367275926423,4.141942783658705,310.0212975212572,5.221057988648464,8.650766503252102,1.4126649033649654,1.570663386453294,4.141942783658705,1.5137584422920292,1.6429389404319958,19.130814248908898,36.54706308991743,39.665901395690874,3.699962160166631,dasymetric_v2 preferred=M3_folk ages=M6_scaled
1650,216506.3509460888,311.256450796837,340.26166006619957,13.741744966442953,15.066845637583892,3.747589177354678,4.108964893917596,4.1164938562105196,310.0212975212456,24.53898793382782,8.597614458279143,1.4039852067800271,1.5610129154895056,4.1164938562105196,1.5044576067218338,1.6328443939641377,19.013270688006507,36.54706308991744,39.66590139569088,3.6772288503424106,dasymetric_v2 preferred=M3_folk ages=M6_scaled
1651,216506.3509460888,316.5151669551416,347.0363606741886,628.6848322147652,689.3081879194631,863.3956566415566,946.651907348416,948.3864820403295,303.57350208209243,319.60332849920013,1635.7693056059363,225.06144692193712,268.40687211149907,948.3864820403295,241.167360002377,280.75786694646143,4380.409525614714,25.42922791176198,29.603739853234476,847.1855551957112,dasymetric_v2 preferred=M3_folk ages=M6_scaled
1652,216506.3509460888,316.5151669551416,347.0363606741886,0.0,0.0,0.0,0.0,0.0,45.63085543795455,0.02326893733437902,0.0,0.0,0.0,0.0,0.0,0.0,0.0,,,0.0,dasymetric_v2 preferred=M3_folk ages=M6_scaled
1653,216506.3509460888,230.69266857020182,236.47292380363604,0.0,0.0,0.0,0.0,0.0,45.75981134675742,0.02326893733437902,0.0,0.0,0.0,0.0,0.0,0.0,0.0,,,0.0,dasymetric_v2 preferred=M3_folk ages=M6_scaled
1654,216506.3509460888,198.76904000856507,195.34634094278593,0.0,0.0,0.0,0.0,0.0,50.91866427962037,0.02326893733437902,0.0,0.0,0.0,0.0,0.0,0.0,0.0,,,0.0,dasymetric_v2 preferred=M3_folk ages=M6_scaled
1655,216506.3509460888,207.59757631588462,209.09400024311293,3.5773794496339306,3.5157788437263315,0.4855293458870023,0.4771687841088493,0.478043112772069,54.32954604656404,5.79029683856515,0.20284555938660104,0.0331245563547647,0.03682934837200827,0.478043112772069,0.035495025543399304,0.03852408549978473,2.2079865587458185,7.425067864187248,8.058705265387436,0.4764136178992361,dasymetric_v2 preferred=M3_folk ages=M6_scaled
1656,216506.3509460888,214.06483234913316,219.16471065970353,0.0,0.0,0.0,0.0,0.0,151.94935016398202,0.02326893733437902,0.0,0.0,0.0,0.0,0.0,0.0,0.0,,,0.0,dasymetric_v2 preferred=M3_folk ages=M6_scaled
1657,216506.3509460888,184.56869554011854,194.48840765653372,35.73154941735002,35.753560638757016,13.924681178904846,13.933259011253249,13.958789280900612,154.85730792743777,75.20539519948784,12.604847083361673,2.2313417793523893,2.439626627425036,13.958789280900612,2.391021712288521,2.5518883427735397,64.47288599112007,17.129148267608592,18.281587976008858,13.66324774132061,dasymetric_v2 preferred=M3_folk ages=M6_scaled
1658,216506.3509460888,115.70559903301461,116.09204715839068,384.63962019853255,384.8765645230902,115.01839067882726,115.08924389690458,115.30012488518062,310.0212975212456,376.1946969539418,104.11651136956176,18.430967087731013,20.151407772893183,115.30012488518062,19.74992934432046,21.078693767332375,532.5484651205034,17.129148267608592,18.281587976008854,112.85894064372509,dasymetric_v2 preferred=M3_folk ages=M6_scaled
1659,216506.3509460888,113.44546430452026,113.51534857411238,372.02848511005607,372.2576607682348,109.4013455106743,109.46873853665625,109.66932092807956,310.0212975212572,359.2811001365102,99.03187104672516,17.53087125076515,19.167292389308304,109.66932092807956,18.785420585850247,20.049293388158357,506.5408956774104,17.129148267608592,18.281587976008858,107.3473545096792,dasymetric_v2 preferred=M3_folk ages=M6_scaled
1660,216506.3509460888,113.44546430452026,113.51534857411238,308.9728096676737,309.1631419939577,168.53319425597348,168.6370134721476,168.94601141893037,310.0212975212456,785.6033943830735,152.5589788931964,27.006374703987436,29.527287772645863,168.94601141893037,28.93901278815953,30.886013709509733,780.3282013699395,17.129148267608596,18.28158797600886,165.3690132054127,dasymetric_v2 preferred=M3_folk ages=M6_scaled
1661,216506.3509460888,113.44546430452026,113.51534857411238,197.5744497194648,197.6961588260682,118.64806761096965,118.72115676966224,118.93869260551575,307.1133399952141,585.7035307805351,107.40215375546941,19.012599778647523,20.78733303242587,118.93869260551575,20.37318500395401,21.743881726192104,549.3542895429064,17.129148267608592,18.281587976008858,116.4204710304997,dasymetric_v2 preferred=M3_folk ages=M6_scaled
1662,216506.3509460888,113.44546430452026,113.51534857411238,35.73154941735002,35.753560638757016,13.583989481303034,13.592357441969135,13.617263068883595,156.51243570777746,283.19910842901834,12.296447437030992,2.1767480971725,2.3799368918732315,13.617263068883595,2.332521181059379,2.4894519278625182,62.89544398757321,17.129148267608592,18.281587976008858,13.328952470359816,dasymetric_v2 preferred=M3_folk ages=M6_scaled
1663,216506.3509460888,113.44546430452026,113.51534857411238,4.203711696158826,4.206301251618473,2.747372792199231,2.7490652189706064,2.7541024020346563,153.4174933533006,38.93270092416621,2.486966378743567,0.440249052450644,0.4813441495139108,2.7541024020346563,0.47175428388628604,0.5034936535773389,12.720654105525258,17.129148267608596,18.281587976008858,2.695791351722291,dasymetric_v2 preferred=M3_folk ages=M6_scaled
1664,216506.3509460888,113.44546430452026,113.51534857411238,6.305567544238238,6.309451877427708,2.249438772627351,2.250824463863056,2.254948707548248,19.15555761250617,36.13886878307117,2.0362284341064183,0.3604582861877291,0.3941053052458888,2.254948707548248,0.3862535074744631,0.4122404317843077,10.415161946495243,17.129148267608592,18.281587976008858,2.2072059557026704,dasymetric_v2 preferred=M3_folk ages=M6_scaled
1665,216506.3509460888,81.54037155068094,81.59060175902839,6.305567544238238,6.309451877427708,2.563923416567486,2.56550283550993,2.5702036724870325,18.710659679720827,41.191293156626756,2.3209050307193544,0.4108524543537806,0.44920352267832375,2.5702036724870325,0.4402539978398249,0.4698740455483274,11.871262257461568,17.12914826760859,18.281587976008858,2.5157862058203255,dasymetric_v2 preferred=M3_folk ages=M6_scaled
1666,216506.3509460888,0.0,0.0,0.0,0.0,0.0,0.0,0.0,0.0,0.02326893733437902,0.0,0.0,0.0,0.0,0.0,0.0,0.0,,,0.0,dasymetric_v2 preferred=M3_folk ages=M6_scaled
1667,216506.3509460888,0.0,0.0,0.0,0.0,0.0,0.0,0.0,0.0,0.02326893733437902,0.0,0.0,0.0,0.0,0.0,0.0,0.0,,,0.0,dasymetric_v2 preferred=M3_folk ages=M6_scaled
1668,216506.3509460888,0.0,0.0,0.0,0.0,0.0,0.0,0.0,0.0,0.02326893733437902,0.0,0.0,0.0,0.0,0.0,0.0,0.0,,,0.0,dasymetric_v2 preferred=M3_folk ages=M6_scaled
1669,216506.3509460888,0.0,0.0,0.0,0.0,0.0,0.0,0.0,0.0,0.02326893733437902,0.0,0.0,0.0,0.0,0.0,0.0,0.0,,,0.0,dasymetric_v2 preferred=M3_folk ages=M6_scaled
1670,216506.3509460888,0.0,0.0,0.0,0.0,0.0,0.0,0.0,0.0,0.02326893733437902,0.0,0.0,0.0,0.0,0.0,0.0,0.0,,,0.0,dasymetric_v2 preferred=M3_folk ages=M6_scaled
1671,216506.3509460888,0.0,0.0,0.0,0.0,0.0,0.0,0.0,0.0,0.02326893733437902,0.0,0.0,0.0,0.0,0.0,0.0,0.0,,,0.0,dasymetric_v2 preferred=M3_folk ages=M6_scaled
1672,216506.3509460888,0.0,0.0,0.0,0.0,0.0,0.0,0.0,0.0,0.02326893733437902,0.0,0.0,0.0,0.0,0.0,0.0,0.0,,,0.0,dasymetric_v2 preferred=M3_folk ages=M6_scaled
1673,216506.3509460888,0.0,0.0,0.0,0.0,0.0,0.0,0.0,0.0,0.02326893733437902,0.0,0.0,0.0,0.0,0.0,0.0,0.0,,,0.0,dasymetric_v2 preferred=M3_folk ages=M6_scaled
1674,216506.3509460888,0.0,0.0,0.0,0.0,0.0,0.0,0.0,0.003752176156779309,0.02326893733437902,0.0,0.0,0.0,0.0,0.0,0.0,0.0,,,0.0,dasymetric_v2 preferred=M3_folk ages=M6_scaled
1675,216506.3509460888,24.189730945340386,24.475573553204494,0.0,0.0,0.0,0.0,0.0,0.003752176156779309,0.02326893733437902,0.0,0.0,0.0,0.0,0.0,0.0,0.0,,,0.0,dasymetric_v2 preferred=M3_folk ages=M6_scaled
1676,216506.3509460888,0.0,0.0,0.0,0.0,0.0,0.0,0.0,0.0,0.02326893733437902,0.0,0.0,0.0,0.0,0.0,0.0,0.0,,,0.0,dasymetric_v2 preferred=M3_folk ages=M6_scaled
1677,216506.3509460888,0.0,0.0,0.0,0.0,0.0,0.0,0.0,0.0,0.02326893733437902,0.0,0.0,0.0,0.0,0.0,0.0,0.0,,,0.0,dasymetric_v2 preferred=M3_folk ages=M6_scaled
1678,216506.3509460888,0.0,0.0,0.0,0.0,0.0,0.0,0.0,0.0,0.02326893733437902,0.0,0.0,0.0,0.0,0.0,0.0,0.0,,,0.0,dasymetric_v2 preferred=M3_folk ages=M6_scaled
1679,216506.3509460888,0.0,0.0,0.0,0.0,0.0,0.0,0.0,0.0,0.02326893733437902,0.0,0.0,0.0,0.0,0.0,0.0,0.0,,,0.0,dasymetric_v2 preferred=M3_folk ages=M6_scaled
1680,216506.3509460888,0.0,0.0,0.0,0.0,0.0,0.0,0.0,91.76917459855134,0.02326893733437902,0.0,0.0,0.0,0.0,0.0,0.0,0.0,,,0.0,dasymetric_v2 preferred=M3_folk ages=M6_scaled
1681,216506.3509460888,63.295677172201614,65.53565475293921,2.112885662431942,2.1876588021778582,0.9748082403002238,1.0093058347860246,1.0111552118842277,170.10244727979727,7.584524956605508,0.1279676985666903,0.02216176147004949,0.02427735998283982,1.0111552118842277,0.023747707925240738,0.025394505551415338,4.670325870191267,2.3485719745229114,2.511434965962761,0.9565063872112491,dasymetric_v2 preferred=M3_folk ages=M6_scaled
1682,216506.3509460888,214.85433891989157,222.45784241027084,2.112885662431942,2.1876588021778582,0.40962686693466854,0.4241231965324252,0.4249003283981595,245.586401833712,0.8815086021256922,0.053773660567917735,0.00931265508581867,0.010201656588533753,0.4249003283981595,0.00997909003241499,0.010671095417881976,1.9625305518356915,2.3485719745229114,2.5114349659627604,0.4019361946260036,dasymetric_v2 preferred=M3_folk ages=M6_scaled
1683,216506.3509460888,214.85433891989157,222.45784241027084,207.06279491833033,214.39056261343012,66.43732969663175,68.78848755911348,68.9145304780458,309.9366859488743,142.97176859539866,8.7215432007181,1.5104183495518304,1.6546053907453542,68.9145304780458,1.6185073491814337,1.730743615054706,318.302581780642,2.348571974522911,2.5114349659627604,65.18998052839221,dasymetric_v2 preferred=M3_folk ages=M6_scaled
1684,216506.3509460888,215.10885293221077,222.7080346420384,458.4961887477314,474.72196007259527,188.57354299594968,195.24699255052204,195.60474864790208,310.0212975212688,272.28275793533953,24.754942880177623,4.287122027355106,4.6963778077442475,195.60474864790208,4.593918307580612,4.912486052626984,903.45963429317,2.3485719745229114,2.511434965962761,185.03310792605694,dasymetric_v2 preferred=M3_folk ages=M6_scaled
1685,216506.3509460888,358.6302882614074,321.0008294211473,81.05794648331522,68.40430543306343,6.306059166698711,5.99694382425633,6.0079321790102105,310.02129752120965,27.56326980417248,4.019410957639927,0.6960914972374588,0.7625415462695166,6.0079321790102105,0.7459054005241839,0.7976306131973807,27.749450086599158,12.41534322125237,13.276291899300169,6.187664016075285,dasymetric_v2 preferred=M3_folk ages=M6_scaled
1686,216506.3509460888,417.62212807801075,359.76028012894596,36.303201916793725,29.826835112176,1.2109360732915535,0.9949092279032501,0.996732225727557,310.0212975212688,11.734811225688334,1.7112276287056354,0.2963546188069384,0.32464512232371967,0.996732225727557,0.31756243470242135,0.3395839731715859,4.603708950670684,31.860355921633726,34.069729502696596,1.1882009617103297,dasymetric_v2 preferred=M3_folk ages=M6_scaled
1687,216506.3509460888,532.8115205937031,437.7597713568216,1050.6573731213243,863.223698540623,1393.1159625677396,1144.5888492944862,1146.6861089473966,310.02129752120965,693.1917909721873,1968.6741337688993,340.93983914311985,373.48652175302647,1146.6861089473966,365.33827561457315,390.6728555633748,5296.316269414783,31.86035592163372,34.069729502696596,1366.9604556395586,dasymetric_v2 preferred=M3_folk ages=M6_scaled
1688,216506.3509460888,532.8115205937031,437.7597713568216,775.1801350468307,636.8906556305816,828.5919191749467,680.7739605216439,682.0213601979855,310.0212975212688,555.0614695860062,1170.9200975079134,202.7828287302816,222.14081394553543,682.0213601979855,217.2944328206457,232.36283257006568,3150.121727227357,31.86035592163372,34.069729502696596,813.0352517725651,dasymetric_v2 preferred=M3_folk ages=M6_scaled
1689,216506.3509460888,527.8661139387408,435.6854684321119,779.4510999782182,640.3996950555435,788.5284315472519,647.8576617822433,649.0447480759132,310.02129752120965,665.1282076515618,1114.3046010808682,192.97801750543394,211.40001917653169,649.0447480759132,206.7879668276569,221.1277900209222,2997.8092801422194,31.860355921633726,34.069729502696596,773.723949071588,dasymetric_v2 preferred=M3_folk ages=M6_scaled
1690,216506.3509460888,387.97604140813297,377.0099323580615,2.1354824656937486,1.754519712480941,0.07369658679936662,0.06054936828528133,0.06066031445358641,184.4915484516544,0.06216348926280046,0.10414392489735967,0.018035901621901978,0.019757638709438786,0.06066031445358641,0.019326592088094854,0.020666805049822056,0.2801779910312707,31.86035592163372,34.069729502696596,0.07231294635707258,dasymetric_v2 preferred=M3_folk ages=M6_scaled
1691,216506.3509460888,316.5151669551416,347.0363606741886,3.4354362416107382,3.766711409395973,0.12009685226445724,0.13167765367840897,0.1319189300375312,77.33619729746826,0.24461326238292078,0.27552284537003563,0.044992712909680405,0.050024890302086095,0.1319189300375312,0.048212494588360556,0.05232683271093754,0.6093074381470671,36.54706308991742,39.66590139569087,0.117842055007188,dasymetric_v2 preferred=M3_folk ages=M6_scaled
1692,216506.3509460888,316.5151669551416,347.0363606741886,12.024026845637584,13.183489932885905,0.5522563915152994,0.6055098405369357,0.6066193318261276,202.86594636709737,1.525817339982141,1.2669711944574866,0.20689562471853035,0.23003571603478962,0.6066193318261276,0.2217015499181304,0.2406210260093506,2.8018546762038357,36.54706308991742,39.665901395690874,0.5418878749936833,dasymetric_v2 preferred=M3_folk ages=M6_scaled
1693,216506.3509460888,316.04142136040684,346.42604354125655,158.03006711409395,173.26872483221476,5.4053039964065945,5.926531247447131,5.9373905834214815,310.02129752120965,15.326286320927865,12.40069751287499,2.0250263542656155,2.2515139603679066,5.9373905834214815,2.1699418824178656,2.355119494297,27.423632412981377,36.54706308991743,39.665901395690874,5.303820365520367,dasymetric_v2 preferred=M3_folk ages=M6_scaled
1694,216506.3509460888,248.6134574243365,259.5599236513577,386.3724067036153,409.1968603616807,169.34022647386232,183.28409876613136,183.61993494485984,310.0212975212688,567.9160558822848,349.1113092672924,57.00966426319505,63.385868877257444,183.61993494485984,61.089406528810876,66.30262929011079,848.104150952053,33.26948489942322,36.108622579580555,166.16089353549503,dasymetric_v2 preferred=M3_folk ages=M6_scaled
1695,216506.3509460888,223.70124075968127,227.46600484987295,14.096602986500933,14.439514223409788,1.5878885039194237,1.5990742169620185,1.6020042418694873,310.02129752120965,3.7090218956252494,1.2995132628082784,0.21220972466849264,0.23594416764527223,1.6020042418694873,0.22739593904273997,0.24680136058150856,7.3993406422908805,14.194465476406993,15.40578695930913,1.5580761768186036,dasymetric_v2 preferred=M3_folk ages=M6_scaled
1696,216506.3509460888,299.6795058799523,325.3473096037842,20.61261744966443,22.600268456375836,4.994421458541188,5.476027778759976,5.486061645615912,309.83368871342986,32.703170520441994,11.458062266313725,1.871094592381709,2.080365812050927,5.486061645615912,2.00499441077501,2.176095802856824,25.33903334310027,36.54706308991743,39.665901395690874,4.900652074964279,dasymetric_v2 preferred=M3_folk ages=M6_scaled
1697,216506.3509460888,284.18255062076065,305.3828869089231,59.02676091895985,58.01035092148447,22.199336402854918,21.817075423158617,21.857051412840587,309.8336887133707,134.30943078456,9.274489479975609,1.514518485739242,1.683908708987544,21.857051412840587,1.6229009005137116,1.7613953530650237,100.95339613516977,7.425067864187249,8.058705265387438,21.78254777025919,dasymetric_v2 preferred=M3_folk ages=M6_scaled
1698,216506.3509460888,198.76904000856507,195.34634094278593,175.2915930320626,172.27316334259024,93.62407852053164,92.01192078171655,92.1805165959788,309.8374408895866,585.5253772239928,39.11448142203982,6.387371003189629,7.1017618874130815,92.1805165959788,6.844465914809816,7.428556144581484,425.76356856585807,7.425067864187249,8.058705265387436,91.86630292956445,dasymetric_v2 preferred=M3_folk ages=M6_scaled
1699,216506.3509460888,198.76904000856507,195.34634094278593,1.7886897248169653,1.7578894218631658,0.8334487702124479,0.8190972176413938,0.8205980705873485,309.83744088952744,5.8545755213598305,0.3482001313534702,0.0568608694645961,0.06322043223216393,0.8205980705873485,0.0609299636333218,0.06612957992209037,3.7901801356011107,7.425067864187247,8.058705265387438,0.817800916286924,dasymetric_v2 preferred=M3_folk ages=M6_scaled
1700,216506.3509460888,198.76904000856507,195.34634094278593,0.0,0.0,0.0,0.0,0.0,167.69192368762606,0.02326893733437902,0.0,0.0,0.0,0.0,0.0,0.0,0.0,,,0.0,dasymetric_v2 preferred=M3_folk ages=M6_scaled
1701,216506.3509460888,161.02434872325807,159.14666788595827,23.120414328873544,23.1346568839016,6.403256778003295,6.407201289365514,6.418941369448022,46.26821685379582,48.83396570159691,5.7963318143689495,1.026081257380992,1.121860927165967,6.418941369448022,1.0995099843836171,1.173484413584068,29.647820220508784,17.129148267608592,18.28158797600886,6.28303675934003,dasymetric_v2 preferred=M3_folk ages=M6_scaled
1702,216506.3509460888,113.44546430452026,113.51534857411238,174.4540353905913,174.56150194216661,55.39734359851009,55.431469272184735,55.533037782202776,188.5975906874474,256.6272002320095,50.14657326169262,8.877072706250425,9.705704051327393,55.533037782202776,9.512336379220613,10.15232115790364,256.4961144998042,17.129148267608596,18.281587976008858,54.35726822558635,dasymetric_v2 preferred=M3_folk ages=M6_scaled
1703,216506.3509460888,113.44546430452026,113.51534857411238,294.25981873111783,294.44108761329306,85.03752128986777,85.0899057999026,85.24581822768319,310.02129752120965,263.98298842967336,76.97734249246186,13.626723055900774,14.898711044334387,85.24581822768319,14.601882596155964,15.5842892551625,393.73356880838037,17.129148267608592,18.281587976008858,83.44095679917532,dasymetric_v2 preferred=M3_folk ages=M6_scaled
1704,216506.3509460888,113.44546430452026,113.51534857411238,283.75053949072077,283.9253344842469,102.71854682694645,102.78182313916017,102.97015292313039,310.0212975212688,178.87759723620584,92.98249336870026,16.459995177236557,17.996455268869063,102.97015292313039,17.63791016558631,18.82457909567294,475.59876406937593,17.129148267608596,18.28158797600886,100.79002419467905,dasymetric_v2 preferred=M3_folk ages=M6_scaled
1705,216506.3509460888,113.44546430452026,113.51534857411238,420.3711696158826,420.6301251618473,229.38597285838955,229.5272783858177,229.94784713458515,310.02129752120965,107.67896448848585,207.64390033779952,36.75764624411839,40.18879284582202,229.94784713458515,39.38810767385704,42.038117972847544,1062.0836115419236,17.129148267608592,18.281587976008854,225.07929160317897,dasymetric_v2 preferred=M3_folk ages=M6_scaled
1706,216506.3509460888,113.44546430452026,113.51534857411238,641.066033664221,641.4609408718171,1962.7510769377031,1963.9601638434142,1967.5587786771086,184.40693687931903,1123.5397132131834,1776.71408556077,314.5184025523548,343.8771580320652,1967.5587786771086,337.02606045195074,359.7009891035411,9087.764724125997,17.129148267608592,18.28158797600886,1925.9007710259707,dasymetric_v2 preferred=M3_folk ages=M6_scaled
1707,216506.3509460888,113.44546430452026,113.51534857411238,4.203711696158826,4.206301251618473,1.1356389920060415,1.1363385642803778,1.1384207067233874,77.25158572513288,1.2834056422537832,1.0279988211022695,0.18197894059963027,0.1989657851726817,1.1384207067233874,0.19500177076380662,0.20812138303673783,5.2581400118228405,17.129148267608596,18.281587976008858,1.1143175698693095,dasymetric_v2 preferred=M3_folk ages=M6_scaled
1708,216506.3509460888,113.44546430452026,113.51534857411238,4.203711696158826,4.206301251618473,2.0965642929342305,2.0978558109791594,2.1016997662585615,38.88415328840795,11.988721184744387,1.8978439774195741,0.3359611211070097,0.36732144954956625,2.1016997662585615,0.3600032691024122,0.3842240917601314,9.70733540644217,17.129148267608592,18.281587976008854,2.057201667451033,dasymetric_v2 preferred=M3_folk ages=M6_scaled
1709,216506.3509460888,113.44546430452026,113.51534857411238,0.0,0.0,0.0,0.0,0.0,6.2096187820083015,0.02326893733437902,0.0,0.0,0.0,0.0,0.0,0.0,0.0,,,0.0,dasymetric_v2 preferred=M3_folk ages=M6_scaled
1710,216506.3509460888,25.528551178982696,25.544277185869134,0.0,0.0,0.0,0.0,0.0,2.8536711359299973,0.02326893733437902,0.0,0.0,0.0,0.0,0.0,0.0,0.0,,,0.0,dasymetric_v2 preferred=M3_folk ages=M6_scaled
1711,216506.3509460888,0.0,0.0,0.0,0.0,0.0,0.0,0.0,0.0,0.02326893733437902,0.0,0.0,0.0,0.0,0.0,0.0,0.0,,,0.0,dasymetric_v2 preferred=M3_folk ages=M6_scaled
1712,216506.3509460888,0.0,0.0,0.0,0.0,0.0,0.0,0.0,0.0,0.02326893733437902,0.0,0.0,0.0,0.0,0.0,0.0,0.0,,,0.0,dasymetric_v2 preferred=M3_folk ages=M6_scaled
1713,216506.3509460888,0.0,0.0,0.0,0.0,0.0,0.0,0.0,0.0,0.02326893733437902,0.0,0.0,0.0,0.0,0.0,0.0,0.0,,,0.0,dasymetric_v2 preferred=M3_folk ages=M6_scaled
1714,216506.3509460888,0.0,0.0,0.0,0.0,0.0,0.0,0.0,0.0,0.02326893733437902,0.0,0.0,0.0,0.0,0.0,0.0,0.0,,,0.0,dasymetric_v2 preferred=M3_folk ages=M6_scaled
1715,216506.3509460888,0.0,0.0,0.0,0.0,0.0,0.0,0.0,0.0,0.02326893733437902,0.0,0.0,0.0,0.0,0.0,0.0,0.0,,,0.0,dasymetric_v2 preferred=M3_folk ages=M6_scaled
1716,216506.3509460888,0.0,0.0,0.0,0.0,0.0,0.0,0.0,0.0,0.02326893733437902,0.0,0.0,0.0,0.0,0.0,0.0,0.0,,,0.0,dasymetric_v2 preferred=M3_folk ages=M6_scaled
1717,216506.3509460888,0.0,0.0,0.0,0.0,0.0,0.0,0.0,0.0,0.02326893733437902,0.0,0.0,0.0,0.0,0.0,0.0,0.0,,,0.0,dasymetric_v2 preferred=M3_folk ages=M6_scaled
1718,216506.3509460888,0.0,0.0,0.0,0.0,0.0,0.0,0.0,0.0,0.02326893733437902,0.0,0.0,0.0,0.0,0.0,0.0,0.0,,,0.0,dasymetric_v2 preferred=M3_folk ages=M6_scaled
1719,216506.3509460888,0.0,0.0,0.0,0.0,0.0,0.0,0.0,0.0,0.02326893733437902,0.0,0.0,0.0,0.0,0.0,0.0,0.0,,,0.0,dasymetric_v2 preferred=M3_folk ages=M6_scaled
1720,216506.3509460888,0.0,0.0,0.0,0.0,0.0,0.0,0.0,0.0,0.02326893733437902,0.0,0.0,0.0,0.0,0.0,0.0,0.0,,,0.0,dasymetric_v2 preferred=M3_folk ages=M6_scaled
1721,216506.3509460888,0.0,0.0,0.0,0.0,0.0,0.0,0.0,0.0,0.02326893733437902,0.0,0.0,0.0,0.0,0.0,0.0,0.0,,,0.0,dasymetric_v2 preferred=M3_folk ages=M6_scaled
1722,216506.3509460888,0.0,0.0,0.0,0.0,0.0,0.0,0.0,0.0,0.02326893733437902,0.0,0.0,0.0,0.0,0.0,0.0,0.0,,,0.0,dasymetric_v2 preferred=M3_folk ages=M6_scaled
1723,216506.3509460888,0.0,0.0,0.0,0.0,0.0,0.0,0.0,3.5398409995055067,0.02326893733437902,0.0,0.0,0.0,0.0,0.0,0.0,0.0,,,0.0,dasymetric_v2 preferred=M3_folk ages=M6_scaled
1724,216506.3509460888,150.0322348292516,155.34174185121103,171.1437386569873,177.20036297640652,64.51882411731748,66.80208777788566,66.92449096529492,170.1983895063872,501.99065976086354,8.469691879070892,1.4668021168714138,1.606825480140829,66.92449096529492,1.5717698389030343,1.6807650668950056,309.1109829935634,2.3485719745229114,2.511434965962761,63.30749455356156,dasymetric_v2 preferred=M3_folk ages=M6_scaled
1725,216506.3509460888,214.85433891989157,222.45784241027084,99.30562613430128,102.81996370235933,33.86421605000405,35.06264046269961,35.12688664263772,173.10634632017886,263.48155580633284,4.4455161666970975,0.7698854476643257,0.8433799896166322,35.12688664263772,0.8249802152114215,0.8821889135973062,162.24413967137852,2.3485719745229114,2.511434965962761,33.22842135572696,dasymetric_v2 preferred=M3_folk ages=M6_scaled
1726,216506.3509460888,214.85433891989157,222.45784241027084,16.903085299455537,17.501270417422866,5.102187810933087,5.282749688454512,5.292429406883405,310.02129752136915,10.979803347995963,0.6697883797320386,0.1159956025879186,0.12706873522933182,5.292429406883405,0.12429651382147279,0.13291592267336538,24.44468434185216,2.3485719745229114,2.511434965962761,5.006395133063134,dasymetric_v2 preferred=M3_folk ages=M6_scaled
1727,216506.3509460888,214.85433891989157,222.45784241027084,498.64101633393835,516.2874773139746,452.0621362890144,468.0602122339615,468.917851026141,310.02129752135136,969.4273808065859,59.34433953105494,10.277399000025504,11.25849655714844,468.917851026141,11.012873232735044,11.776566872311674,2165.838780142316,2.3485719745229114,2.5114349659627604,443.5747492692848,dasymetric_v2 preferred=M3_folk ages=M6_scaled
1728,216506.3509460888,214.85433891989157,222.45784241027084,589.4950998185118,610.3568058076224,256.85678616889464,265.9467188180601,266.4340198463244,310.02129752136915,231.2280603368827,33.7188078930752,5.839506265648094,6.396955220584766,266.4340198463244,6.257394720705587,6.691317135640753,1230.6060246365146,2.3485719745229114,2.511434965962761,252.0343452302322,dasymetric_v2 preferred=M3_folk ages=M6_scaled
1729,216506.3509460888,214.85433891989157,222.45784241027084,270.4493647912886,280.02032667876585,214.8985506342701,222.50361873780207,222.91131785394583,310.02129752135136,193.45634496764242,28.210751420725956,4.8856074687563895,5.351995662174448,222.91131785394583,5.23523273915746,5.598272779672387,1029.5832749472181,2.3485719745229114,2.5114349659627613,210.86386818069266,dasymetric_v2 preferred=M3_folk ages=M6_scaled
1730,216506.3509460888,246.997994105918,235.41613932915726,19.01597096188748,19.688929219600723,7.3525430039665824,7.612742945354165,7.626691970488484,310.0181942346757,0.33985864132001076,0.9652031732317385,0.16715626470494774,0.18311327901950458,7.626691970488484,0.1791183502020817,0.19153940889312207,35.22618129750647,2.348571974522911,2.511434965962761,7.2145003035401665,dasymetric_v2 preferred=M3_folk ages=M6_scaled
1731,216506.3509460888,438.17746010702234,362.7203970637671,243.44500108908733,200.01524722282727,14.444049335637954,11.86728043641001,11.88902516025945,310.0181942346579,7.433725025522665,20.4115286006348,3.534918836182841,3.8723680521564767,11.88902516025945,3.7878857316712446,4.050558712607935,54.91305501342951,31.86035592163372,34.069729502696596,14.172864852349905,dasymetric_v2 preferred=M3_folk ages=M6_scaled
1732,216506.3509460888,532.8115205937031,437.7597713568216,123.85798301023742,101.76214332389458,4.369292410830423,3.5898256190574314,3.596403349075048,310.02129752136915,3.6855229483847247,6.174441455842808,1.069304990929888,1.1713826191720211,3.596403349075048,1.1458269073928655,1.22528489285579,16.611075533625208,31.86035592163372,34.069729502696596,4.287259715065395,dasymetric_v2 preferred=M3_folk ages=M6_scaled
1733,216506.3509460888,527.8321757155475,435.67123337309624,367.30298409932476,301.77739054672185,9.023737628100225,7.413933761153336,7.427518503094691,305.17900136355786,7.611573907511789,12.751845026321151,2.2083959541484424,2.4192130953112825,7.427518503094691,2.36643383123117,2.5305354627671006,34.30623845738448,31.860355921633722,34.069729502696596,8.854318542832665,dasymetric_v2 preferred=M3_folk ages=M6_scaled
1734,216506.3509460888,332.69638680156675,353.82341662206346,1.7177181208053691,1.8833557046979865,0.061466892891257646,0.06739407471729593,0.06751756261763407,77.1953030828209,0.1251957642117311,0.14101562952009697,0.023027766449836427,0.025603290312091312,0.06751756261763407,0.024675686206641227,0.02678144981268457,0.31185026361857765,36.54706308991742,39.665901395690874,0.060312862798954495,dasymetric_v2 preferred=M3_folk ages=M6_scaled
1735,216506.3509460888,316.5151669551416,347.0363606741886,89.3213422818792,97.9344966442953,33.789769489083355,37.04807811997566,37.11596226851231,82.03759924060999,68.82300072020887,77.51954575403238,12.658894627470081,14.07471952971764,37.11596226851231,13.564794146703145,14.722380995489923,171.43128645567714,36.54706308991744,39.665901395690874,33.15537251588064,dasymetric_v2 preferred=M3_folk ages=M6_scaled
1736,216506.3509460888,312.2302877759447,341.5162350947317,542.7989261744966,595.1404026845637,39.857970284209514,43.70142854245086,43.78150379647167,310.02129752136915,113.6221962009767,91.44104259450104,14.932266586063932,16.602355128682103,43.78150379647167,16.000853814211094,17.366328125459106,202.21810401937583,36.54706308991742,39.66590139569087,39.10964390943281,dasymetric_v2 preferred=M3_folk ages=M6_scaled
1737,216506.3509460888,210.19537328390413,210.06666138932678,741.3836049468898,731.1551717500664,1708.417427413423,1679.2658993751052,1682.3428615693801,310.02129752135136,958.4058502084948,718.1470422501628,117.27297478908699,130.38928572722637,1682.3428615693801,125.66529770564934,136.3892714276015,7770.408831971365,7.46966035142337,8.107103168040922,1676.3421909940685,dasymetric_v2 preferred=M3_folk ages=M6_scaled
1738,216506.3509460888,198.76904000856507,195.34634094278593,452.5385003786922,444.74602373138094,681.99736767269,670.2537291608949,671.4818523461315,310.02129752136915,813.2262707028285,284.9264183878027,46.528310658554496,51.73223586912856,671.4818523461315,49.857983232401885,54.11274339113879,3101.4418256641998,7.425067864187249,8.058705265387436,669.1929871656388,dasymetric_v2 preferred=M3_folk ages=M6_scaled
1739,216506.3509460888,199.26502759873705,195.98531200103406,19.67558697298662,19.336783640494822,3.2870596357911492,3.230458185464188,3.236377437269729,310.02129752135136,3.9195506843585686,1.373275284403406,0.22425501788840704,0.24933665796236615,3.236377437269729,0.2403032210585215,0.26081011894506667,14.948187076856716,7.425067864187249,8.058705265387438,3.2253456698418868,dasymetric_v2 preferred=M3_folk ages=M6_scaled
1740,216506.3509460888,234.0130576359964,240.7505157378106,89.43448624084826,87.89447109315829,14.64117637142677,14.389062960373268,14.415428411345975,310.02129752136915,88.58138949638993,6.116824114337129,0.9988736539279047,1.1105919543837146,14.415428411345975,1.0703553424557684,1.1616968884132945,66.58201179020145,7.425067864187249,8.058705265387436,14.366290862747551,dasymetric_v2 preferred=M3_folk ages=M6_scaled
1741,216506.3509460888,198.76904000856507,195.34634094278593,456.1158798283262,448.26180257510725,114.10978193790302,112.144871084491,112.35035702256503,310.02129752135136,691.6797034986348,47.673045398298015,7.7849792900297015,8.655684660970008,112.35035702256503,8.342090254582118,9.053984137059032,518.9240709642779,7.425067864187248,8.058705265387438,111.96739087194399,dasymetric_v2 preferred=M3_folk ages=M6_scaled
1742,216506.3509460888,198.76904000856507,195.34634094278593,416.7647058823529,409.5882352941176,166.90785278609656,164.03378672541854,164.33435006117477,310.02129752136915,1172.4471427261537,69.73114406207627,11.387053372779114,12.660630110942137,164.33435006117477,12.201937016213266,13.243220921220114,759.0278499594448,7.425067864187249,8.058705265387436,163.77418723547856,dasymetric_v2 preferred=M3_folk ages=M6_scaled
1743,216506.3509460888,198.76904000856507,195.34634094278593,12.520828073718757,12.30522595304216,3.6427683009597014,3.580041733180297,3.5866015359316195,304.5342215822272,25.588689895538447,1.5218840632053543,0.24852274099323468,0.2763185869835701,3.5866015359316195,0.266307598060905,0.2890336468245881,16.565802897969963,7.425067864187249,8.058705265387438,3.5743759674472093,dasymetric_v2 preferred=M3_folk ages=M6_scaled
1744,216506.3509460888,162.58382238638248,159.63186353103222,0.0,0.0,0.0,0.0,0.0,46.192285694357054,0.02326893733437902,0.0,0.0,0.0,0.0,0.0,0.0,0.0,,,0.0,dasymetric_v2 preferred=M3_folk ages=M6_scaled
1745,216506.3509460888,40.03786781919139,39.832789545859434,0.0,0.0,0.0,0.0,0.0,51.67936163347861,0.02326893733437902,0.0,0.0,0.0,0.0,0.0,0.0,0.0,,,0.0,dasymetric_v2 preferred=M3_folk ages=M6_scaled
1746,216506.3509460888,33.086216444466515,32.85518375451022,9.38345864661654,8.962406015037594,8.427790665670585,8.049620571698188,8.06437009896876,310.0148914018312,9.315132418264195,2.7162891926817654,0.48084435458440766,0.5257288246678167,8.06437009896876,0.5152546789028275,0.5499207313316881,37.247729979878656,6.389273713624777,6.819140547654301,8.26956037970149,dasymetric_v2 preferred=M3_folk ages=M6_scaled
1747,216506.3509460888,50.44170997861151,50.275667473168305,285.85239533880014,286.0284851100561,262.3151357842878,262.4767262170091,262.9576690883837,310.0148914018135,770.0682417342044,237.45191230814572,42.03433560250536,45.9580353628099,262.9576690883837,45.0424090191968,48.07283761405511,1214.549448269356,17.12914826760859,18.281587976008854,257.39021529258173,dasymetric_v2 preferred=M3_folk ages=M6_scaled
1748,216506.3509460888,100.47834378950124,100.4996707793354,323.6858006042296,323.8851963746224,1055.8516171330632,1056.5020390738023,1058.43789499371,310.015441873972,495.6406329892253,955.7739962365956,169.1935201845016,184.98690825826105,1058.43789499371,181.30139635402793,193.49925494469136,4888.715228761426,17.129148267608592,18.281587976008858,1036.0281889123762,dasymetric_v2 preferred=M3_folk ages=M6_scaled
1749,216506.3509460888,113.44546430452026,113.51534857411238,130.3150625809236,130.39533880017265,32.24777953069463,32.26764469262319,32.3267695297645,305.1731457161607,15.137837173077118,29.191212677684824,5.167501994027193,5.649863045884266,32.3267695297645,5.5373002828814775,5.909846811385521,149.3109527203386,17.129148267608592,18.281587976008858,31.6423331474812,dasymetric_v2 preferred=M3_folk ages=M6_scaled
1750,216506.3509460888,113.44546430452026,113.51534857411238,0.0,0.0,0.0,0.0,0.0,77.19461499264496,0.02326893733437902,0.0,0.0,0.0,0.0,0.0,0.0,0.0,,,0.0,dasymetric_v2 preferred=M3_folk ages=M6_scaled
1751,216506.3509460888,113.44546430452026,113.51534857411238,18.916702632714717,18.928355632283125,7.294296602500343,7.2987900090316575,7.312163770107911,75.71806929339326,13.08515614784174,6.602915504772269,1.1688647338514713,1.2779725432245326,7.312163770107911,1.2525113737521425,1.3367796525821238,33.77343776824671,17.129148267608596,18.28158797600886,7.157347468006718,dasymetric_v2 preferred=M3_folk ages=M6_scaled
1752,216506.3509460888,113.44546430452026,113.51534857411238,4.203711696158826,4.206301251618473,1.410813055453659,1.4116821394713923,1.4142688010448234,6.200763114613589,11.951225654541005,1.2770908431385886,0.2260738377449253,0.24717672542606228,1.4142688010448234,0.24225219983349822,0.2585507950802551,6.532227783918375,17.129148267608592,18.281587976008858,1.3843252887222575,dasymetric_v2 preferred=M3_folk ages=M6_scaled
1753,216506.3509460888,69.8107662328524,69.8537708116406,0.0,0.0,0.0,0.0,0.0,6.071807158347096,0.02326893733437902,0.0,0.0,0.0,0.0,0.0,0.0,0.0,,,0.0,dasymetric_v2 preferred=M3_folk ages=M6_scaled
1754,216506.3509460888,0.0,0.0,0.0,0.0,0.0,0.0,0.0,0.0,0.02326893733437902,0.0,0.0,0.0,0.0,0.0,0.0,0.0,,,0.0,dasymetric_v2 preferred=M3_folk ages=M6_scaled
1755,216506.3509460888,0.0,0.0,0.0,0.0,0.0,0.0,0.0,0.0,0.02326893733437902,0.0,0.0,0.0,0.0,0.0,0.0,0.0,,,0.0,dasymetric_v2 preferred=M3_folk ages=M6_scaled
1756,216506.3509460888,0.0,0.0,0.0,0.0,0.0,0.0,0.0,0.0,0.02326893733437902,0.0,0.0,0.0,0.0,0.0,0.0,0.0,,,0.0,dasymetric_v2 preferred=M3_folk ages=M6_scaled
1757,216506.3509460888,0.0,0.0,0.0,0.0,0.0,0.0,0.0,0.0,0.02326893733437902,0.0,0.0,0.0,0.0,0.0,0.0,0.0,,,0.0,dasymetric_v2 preferred=M3_folk ages=M6_scaled
1758,216506.3509460888,0.0,0.0,0.0,0.0,0.0,0.0,0.0,0.0,0.02326893733437902,0.0,0.0,0.0,0.0,0.0,0.0,0.0,,,0.0,dasymetric_v2 preferred=M3_folk ages=M6_scaled
1759,216506.3509460888,0.0,0.0,0.0,0.0,0.0,0.0,0.0,0.0,0.02326893733437902,0.0,0.0,0.0,0.0,0.0,0.0,0.0,,,0.0,dasymetric_v2 preferred=M3_folk ages=M6_scaled
1760,216506.3509460888,0.0,0.0,0.0,0.0,0.0,0.0,0.0,0.0,0.02326893733437902,0.0,0.0,0.0,0.0,0.0,0.0,0.0,,,0.0,dasymetric_v2 preferred=M3_folk ages=M6_scaled
1761,216506.3509460888,0.0,0.0,0.0,0.0,0.0,0.0,0.0,0.0,0.02326893733437902,0.0,0.0,0.0,0.0,0.0,0.0,0.0,,,0.0,dasymetric_v2 preferred=M3_folk ages=M6_scaled
1762,216506.3509460888,0.0,0.0,0.0,0.0,0.0,0.0,0.0,0.0,0.02326893733437902,0.0,0.0,0.0,0.0,0.0,0.0,0.0,,,0.0,dasymetric_v2 preferred=M3_folk ages=M6_scaled
1763,216506.3509460888,0.0,0.0,0.0,0.0,0.0,0.0,0.0,0.0,0.02326893733437902,0.0,0.0,0.0,0.0,0.0,0.0,0.0,,,0.0,dasymetric_v2 preferred=M3_folk ages=M6_scaled
1764,216506.3509460888,0.0,0.0,0.0,0.0,0.0,0.0,0.0,0.0,0.02326893733437902,0.0,0.0,0.0,0.0,0.0,0.0,0.0,,,0.0,dasymetric_v2 preferred=M3_folk ages=M6_scaled
1765,216506.3509460888,0.0,0.0,0.0,0.0,0.0,0.0,0.0,0.0,0.02326893733437902,0.0,0.0,0.0,0.0,0.0,0.0,0.0,,,0.0,dasymetric_v2 preferred=M3_folk ages=M6_scaled
1766,216506.3509460888,0.0,0.0,0.0,0.0,0.0,0.0,0.0,0.0,0.02326893733437902,0.0,0.0,0.0,0.0,0.0,0.0,0.0,,,0.0,dasymetric_v2 preferred=M3_folk ages=M6_scaled
1767,216506.3509460888,0.0,0.0,0.0,0.0,0.0,0.0,0.0,0.0,0.02326893733437902,0.0,0.0,0.0,0.0,0.0,0.0,0.0,,,0.0,dasymetric_v2 preferred=M3_folk ages=M6_scaled
1768,216506.3509460888,162.9992998455593,168.76769973701872,0.0,0.0,0.0,0.0,0.0,25.10177596171101,0.02326893733437902,0.0,0.0,0.0,0.0,0.0,0.0,0.0,,,0.0,dasymetric_v2 preferred=M3_folk ages=M6_scaled
1769,216506.3509460888,210.29337139352893,217.8592735394644,4.225771324863884,4.3753176043557165,1.6799886694535773,1.7394419705886808,1.742629194949414,45.624057149451396,13.071202584788217,0.22054007625323224,0.038193674022851246,0.041839705502340965,1.742629194949414,0.040926900892436155,0.043764998929034946,8.048859478414736,2.3485719745229106,2.5114349659627604,1.6484471779598122,dasymetric_v2 preferred=M3_folk ages=M6_scaled
1770,216506.3509460888,214.85433891989157,222.45784241027084,0.0,0.0,0.0,0.0,0.0,187.86002191253215,0.02326893733437902,0.0,0.0,0.0,0.0,0.0,0.0,0.0,,,0.0,dasymetric_v2 preferred=M3_folk ages=M6_scaled
1771,216506.3509460888,214.85433891989157,222.45784241027084,458.4961887477314,474.72196007259527,244.72871981749984,253.3894510118659,253.85374303463712,310.02129752123676,553.3927224572208,32.12669913271622,5.563780946081893,6.094908704628052,253.85374303463712,5.9619378651888955,6.375371664977134,1172.5002150068476,2.3485719745229114,2.5114349659627613,240.1339811893433,dasymetric_v2 preferred=M3_folk ages=M6_scaled
1772,216506.3509460888,214.85433891989157,222.45784241027084,682.4620689655173,706.6137931034482,1431.0133116105142,1481.6555968178268,1484.3704725608768,310.02129752125455,930.3374728563534,187.85590081665367,32.53334795632271,35.63903531991532,1484.3704725608768,34.86150891665805,37.278999072320524,6856.013535281895,2.3485719745229114,2.511434965962761,1404.1462886261816,dasymetric_v2 preferred=M3_folk ages=M6_scaled
1773,216506.3509460888,214.85433891989157,222.45784241027084,1012.0722323049002,1047.8885662431942,2034.8188689228587,2106.8292944507934,2110.6896920752724,310.02129752123676,1380.0471921556964,267.1203185315075,46.260555197949266,50.676664536094655,2110.6896920752724,49.57106657722379,53.00859894975012,9748.858095164354,2.348571974522912,2.511434965962761,1996.615502904707,dasymetric_v2 preferred=M3_folk ages=M6_scaled
1774,216506.3509460888,207.93478547956624,215.6907821252032,130.99891107078042,135.6348457350272,114.65404153999229,118.71154584462009,118.9290640701279,247.28847188170334,99.23045275580765,15.051179525035405,2.6066003703496508,2.8554307656412448,118.9290640701279,2.7931346683134213,2.9868260997494462,549.3098172429217,2.3485719745229114,2.511434965962761,112.50143209582522,dasymetric_v2 preferred=M3_folk ages=M6_scaled
1775,216506.3509460888,27.06329785938563,38.47637149603989,0.0,0.0,0.0,0.0,0.0,192.97022779090736,0.02326893733437902,0.0,0.0,0.0,0.0,0.0,0.0,0.0,,,0.0,dasymetric_v2 preferred=M3_folk ages=M6_scaled
1776,216506.3509460888,364.5014076703866,304.2995193502335,87.91929862774994,74.57194496182268,7.182493659684279,7.961478616469373,7.976066638963322,255.70305343047272,86.33727085309927,7.158703648010011,1.2397619435133536,1.3581116752102467,7.976066638963322,1.3284821502646638,1.4206064621501868,36.83987376864249,16.65585570430153,17.810865009708948,7.047643605758238,dasymetric_v2 preferred=M3_folk ages=M6_scaled
1777,216506.3509460888,516.7933283193638,425.0582649500299,181.51600958396864,149.13417556087998,5.052310450578801,4.150995581335398,4.158601557540313,310.02129752123676,337.1374576567707,7.139644629074546,1.2364612556348358,1.3544958981915258,4.158601557540313,1.3249452575949474,1.4168243017489122,19.207757829588225,31.860355921633726,34.069729502696596,4.957454211368199,dasymetric_v2 preferred=M3_folk ages=M6_scaled
1778,216506.3509460888,287.56344430427725,278.21102426514443,66.9289915051187,59.663384587117356,4.179410077691736,5.835623893754622,5.846316657841461,184.35065423694041,150.10970040116217,2.419134046308603,0.418951597151893,0.4589454115904931,5.846316657841461,0.4489327338633275,0.48006421664750054,27.00297996938309,7.678898700452526,8.2113960762561,4.100942389301108,dasymetric_v2 preferred=M3_folk ages=M6_scaled
1779,216506.3509460888,146.50171692030216,166.5438764831107,0.0,0.0,0.0,0.0,0.0,77.19530308278796,0.02326893733437902,0.0,0.0,0.0,0.0,0.0,0.0,0.0,,,0.0,dasymetric_v2 preferred=M3_folk ages=M6_scaled
1780,216506.3509460888,316.5151669551416,347.0363606741886,350.4144966442953,384.20456375838927,68.40461380966859,75.00079208904118,75.1382179736998,202.86594636710652,504.80023471317395,156.93195515046915,25.626892735362965,28.493113994778355,75.1382179736998,27.460811927487743,29.804251451927037,347.0485629883883,36.54706308991743,39.665901395690874,67.12032922856264,dasymetric_v2 preferred=M3_folk ages=M6_scaled
1781,216506.3509460888,244.27119305527165,253.96586986035635,211.36367356897534,211.82363314124797,108.9716216378841,107.27520100794368,107.47176412400977,310.02129752123676,277.5684005282547,48.49852919879643,7.919780292093744,8.80556238348925,107.47176412400977,8.48653792537638,9.210758624039439,496.3908155782959,7.896527980673988,8.570398652255589,106.92569862694437,dasymetric_v2 preferred=M3_folk ages=M6_scaled
1782,216506.3509460888,198.76904000856507,195.34634094278593,373.83615248674573,367.3988891694016,775.8784911410442,762.518268710669,763.9154505900484,310.02129752125455,1252.4517389337839,324.14828863540015,52.933218191579,58.85349564685623,763.9154505900484,56.721240631322914,61.5616946398084,3528.3743282905702,7.42506786418725,8.058705265387438,761.3115090693852,dasymetric_v2 preferred=M3_folk ages=M6_scaled
1783,216506.3509460888,198.76904000856507,195.34634094278593,250.41656147437516,246.10451906084322,110.70069086223653,108.79448277681763,108.99382971203173,310.02129752123676,163.2438002269435,46.24878754014504,7.552398848886353,8.397091428817886,108.99382971203173,8.092865823895043,8.783491493950917,503.4209353940465,7.42506786418725,8.058705265387436,108.62230488102583,dasymetric_v2 preferred=M3_folk ages=M6_scaled
1784,216506.3509460888,198.76904000856507,195.34634094278593,441.8063620297904,434.19868720020196,1037.9994275796662,1020.1256195112513,1021.9948219799107,310.02129752125455,711.4834097328198,433.6577723138724,70.81605020652698,78.73642005806529,1021.9948219799107,75.88380910048804,82.35955053088202,4720.391884644497,7.425067864187249,8.058705265387436,1018.5111710748257,dasymetric_v2 preferred=M3_folk ages=M6_scaled
1785,216506.3509460888,198.76904000856507,195.34634094278593,293.3451148699823,288.2938651855592,73.86537091518358,72.59344780274147,72.72646264840958,310.02129752123676,87.07033233046326,30.859643417055683,5.039360982549204,5.602984662220659,72.72646264840958,5.399989206867202,5.86081127477741,335.90914229818065,7.425067864187248,8.058705265387436,72.47856158083084,dasymetric_v2 preferred=M3_folk ages=M6_scaled
1786,216506.3509460888,198.76904000856507,195.34634094278593,481.15753597576366,472.8722544811916,65.80091022895347,64.66785291802442,64.78634549188527,310.02129752125455,665.9680093485631,27.49045460713706,4.489174501063112,4.991262972148693,64.78634549188527,4.810430119499298,5.220940635406654,299.2353120764453,7.425067864187249,8.058705265387436,64.56550972417294,dasymetric_v2 preferred=M3_folk ages=M6_scaled
1787,216506.3509460888,198.76904000856507,195.34634094278593,135.94041908608938,133.5995960616006,34.8880097362762,34.28725642818507,34.35008185196947,310.02129752123676,652.7969163654624,14.575592414319562,2.380185367588093,2.646395476335161,34.35008185196947,2.5505168889126013,2.7681718548695584,158.65623203137733,7.425067864187249,8.058705265387438,34.23299349578628,dasymetric_v2 preferred=M3_folk ages=M6_scaled
1788,216506.3509460888,133.96503880501947,131.31383382814812,0.0,0.0,0.0,0.0,0.0,149.67334467110905,0.02326893733437902,0.0,0.0,0.0,0.0,0.0,0.0,0.0,,,0.0,dasymetric_v2 preferred=M3_folk ages=M6_scaled
1789,216506.3509460888,14.914961402753535,14.330007842614135,0.0,0.0,0.0,0.0,0.0,12.712933873430364,0.02326893733437902,0.0,0.0,0.0,0.0,0.0,0.0,0.0,,,0.0,dasymetric_v2 preferred=M3_folk ages=M6_scaled
1790,216506.3509460888,7.300593362900013,6.9730026350775764,0.0,0.0,0.0,0.0,0.0,43.56141738782989,0.02326893733437902,0.0,0.0,0.0,0.0,0.0,0.0,0.0,,,0.0,dasymetric_v2 preferred=M3_folk ages=M6_scaled
1791,216506.3509460888,7.300593362900013,6.9730026350775764,7.037593984962406,6.7218045112781954,7.483191129634727,7.147406912279322,7.160503290205156,68.39259260119977,21.6529067101743,1.9499173206938083,0.3427826351003127,0.37530729624241344,7.160503290205156,0.3673129462749524,0.3925774147045374,33.07294801706837,5.129708504951033,5.48253940811037,7.342695533650522,dasymetric_v2 preferred=M3_folk ages=M6_scaled
1792,216506.3509460888,7.300593362900013,6.9730026350775764,0.0,0.0,0.0,0.0,0.0,79.52036655057618,0.02326893733437902,0.0,0.0,0.0,0.0,0.0,0.0,0.0,,,0.0,dasymetric_v2 preferred=M3_folk ages=M6_scaled
1793,216506.3509460888,47.37401306600698,47.19648312069418,14.075187969924812,13.443609022556391,9.433727833916565,9.01041953367672,9.026929557652075,89.15553179948436,66.07798299791982,0.8341616853919582,0.1362180953840324,0.1514533096153709,9.026929557652075,0.1459661745608239,0.15842257619964947,41.69360168053374,1.6170080161652445,1.754999584164868,9.256611254716805,dasymetric_v2 preferred=M3_folk ages=M6_scaled
1794,216506.3509460888,76.96966714910043,76.90296246011704,0.0,0.0,0.0,0.0,0.0,67.94686646485516,0.02326893733437902,0.0,0.0,0.0,0.0,0.0,0.0,0.0,,,0.0,dasymetric_v2 preferred=M3_folk ages=M6_scaled
1795,216506.3509460888,113.44546430452026,113.51534857411238,2.101855848079413,2.1031506258092363,0.668279868372786,0.6686915397496069,0.6699168004949164,51.24162908493221,20.85855632843512,0.1659645485890372,0.027101909744807487,0.030133103213461312,0.6699168004949164,0.029041384535508523,0.031519706318005686,3.094213160803441,4.335073327621211,4.705018040258101,0.6557330315000168,dasymetric_v2 preferred=M3_folk ages=M6_scaled
1796,216506.3509460888,113.44546430452026,113.51534857411238,0.0,0.0,0.0,0.0,0.0,33.64676543965418,0.02326893733437902,0.0,0.0,0.0,0.0,0.0,0.0,0.0,,,0.0,dasymetric_v2 preferred=M3_folk ages=M6_scaled
1797,216506.3509460888,109.50137053709567,109.568825180137,6.305567544238238,6.309451877427708,2.6338088929986267,2.635431362542569,2.640260331362318,18.917726209374052,77.27391467310949,2.3841664966333402,0.42205115839068097,0.46144757099664263,2.640260331362318,0.45225410680990535,0.48268151527366515,12.194840104342974,17.129148267608592,18.281587976008858,2.58435959473536,dasymetric_v2 preferred=M3_folk ages=M6_scaled
1798,216506.3509460888,0.015702659709821414,0.0157123328061519,2.101855848079413,2.1031506258092363,0.7337975025269805,0.7342495338427056,0.7355949181904964,8.755209850892363,21.529050854199657,0.664245392096851,0.1175863923874534,0.1285625073423482,0.7355949181904964,0.12600114418584427,0.13447843211604601,3.3975673922547585,17.129148267608596,18.28158797600886,0.7200205836078614,dasymetric_v2 preferred=M3_folk ages=M6_scaled
1799,216506.3509460888,0.0,0.0,0.0,0.0,0.0,0.0,0.0,0.0,0.02326893733437902,0.0,0.0,0.0,0.0,0.0,0.0,0.0,,,0.0,dasymetric_v2 preferred=M3_folk ages=M6_scaled
1800,216506.3509460888,0.0,0.0,0.0,0.0,0.0,0.0,0.0,0.0,0.02326893733437902,0.0,0.0,0.0,0.0,0.0,0.0,0.0,,,0.0,dasymetric_v2 preferred=M3_folk ages=M6_scaled
1801,216506.3509460888,0.0,0.0,0.0,0.0,0.0,0.0,0.0,0.0,0.02326893733437902,0.0,0.0,0.0,0.0,0.0,0.0,0.0,,,0.0,dasymetric_v2 preferred=M3_folk ages=M6_scaled
1802,216506.3509460888,0.0,0.0,0.0,0.0,0.0,0.0,0.0,0.0,0.02326893733437902,0.0,0.0,0.0,0.0,0.0,0.0,0.0,,,0.0,dasymetric_v2 preferred=M3_folk ages=M6_scaled
1803,216506.3509460888,0.0,0.0,0.0,0.0,0.0,0.0,0.0,0.0,0.02326893733437902,0.0,0.0,0.0,0.0,0.0,0.0,0.0,,,0.0,dasymetric_v2 preferred=M3_folk ages=M6_scaled
1804,216506.3509460888,0.0,0.0,0.0,0.0,0.0,0.0,0.0,0.0,0.02326893733437902,0.0,0.0,0.0,0.0,0.0,0.0,0.0,,,0.0,dasymetric_v2 preferred=M3_folk ages=M6_scaled
1805,216506.3509460888,0.0,0.0,0.0,0.0,0.0,0.0,0.0,0.0,0.02326893733437902,0.0,0.0,0.0,0.0,0.0,0.0,0.0,,,0.0,dasymetric_v2 preferred=M3_folk ages=M6_scaled
1806,216506.3509460888,0.0,0.0,0.0,0.0,0.0,0.0,0.0,0.0,0.02326893733437902,0.0,0.0,0.0,0.0,0.0,0.0,0.0,,,0.0,dasymetric_v2 preferred=M3_folk ages=M6_scaled
1807,216506.3509460888,0.0,0.0,0.0,0.0,0.0,0.0,0.0,0.0,0.02326893733437902,0.0,0.0,0.0,0.0,0.0,0.0,0.0,,,0.0,dasymetric_v2 preferred=M3_folk ages=M6_scaled
1808,216506.3509460888,0.0,0.0,0.0,0.0,0.0,0.0,0.0,0.0,0.02326893733437902,0.0,0.0,0.0,0.0,0.0,0.0,0.0,,,0.0,dasymetric_v2 preferred=M3_folk ages=M6_scaled
1809,216506.3509460888,0.0,0.0,0.0,0.0,0.0,0.0,0.0,0.0,0.02326893733437902,0.0,0.0,0.0,0.0,0.0,0.0,0.0,,,0.0,dasymetric_v2 preferred=M3_folk ages=M6_scaled
1810,216506.3509460888,0.0,0.0,0.0,0.0,0.0,0.0,0.0,0.0,0.02326893733437902,0.0,0.0,0.0,0.0,0.0,0.0,0.0,,,0.0,dasymetric_v2 preferred=M3_folk ages=M6_scaled
1811,216506.3509460888,9.848345891851869,10.196870072185401,0.0,0.0,0.0,0.0,0.0,0.4448980491181785,0.02326893733437902,0.0,0.0,0.0,0.0,0.0,0.0,0.0,,,0.0,dasymetric_v2 preferred=M3_folk ages=M6_scaled
1812,216506.3509460888,98.68529652531228,104.10672920367155,0.0,0.0,0.0,0.0,0.0,21.391469528969907,0.02326893733437902,0.0,0.0,0.0,0.0,0.0,0.0,0.0,,,0.0,dasymetric_v2 preferred=M3_folk ages=M6_scaled
1813,216506.3509460888,133.80056446900352,140.73584770259296,4.775280898876405,5.22792937399679,5.7664984066747165,6.313104306063715,6.324671969818158,27.394369293157574,68.48841928597565,0.29065003876583384,0.050335490147399645,0.055140599535492565,6.324671969818158,0.05393761321317976,0.05767794611943802,29.21240851448757,0.8528128173377905,0.9119515825434397,5.658233414326823,dasymetric_v2 preferred=M3_folk ages=M6_scaled
1814,216506.3509460888,214.85433891989157,222.45784241027084,61.27368421052632,63.44210526315789,87.33867021072857,90.42950787838191,90.59520419669113,310.021297521303,198.50033746713345,11.465361248177297,1.9855995223484766,2.175148146547627,90.59520419669113,2.127693576025292,2.2752396356810634,418.44132424203025,2.3485719745229114,2.5114349659627604,85.69890205418234,dasymetric_v2 preferred=M3_folk ages=M6_scaled
1815,216506.3509460888,208.11916128932728,215.66713890005056,292.7623931972512,304.824926516213,139.7986011357611,146.3070085935918,146.5750906968296,310.0212975212872,279.5474921736552,16.226712585804947,2.8101820834282436,3.0784467267602045,146.5750906968296,3.0112851554777333,3.220104350213778,677.0013445625323,2.054431719033463,2.196897395666035,137.17390701208106,dasymetric_v2 preferred=M3_folk ages=M6_scaled
1816,216506.3509460888,189.13040786408135,197.1355132027917,442.6921225963009,458.9259131944545,327.6288691254557,339.7223241886517,340.3448061603685,310.021297521303,158.10273644087164,42.33008105566669,7.330827778188499,8.030640758578949,340.3448061603685,7.855438619440803,8.40017825123094,1571.9853236319896,2.3080824144380703,2.46813763547572,321.47769478926597,dasymetric_v2 preferred=M3_folk ages=M6_scaled
1817,216506.3509460888,89.01829629851386,99.39497516067226,90.85408348457351,94.0693284936479,51.213728667262295,53.0261368626679,53.12329802010913,307.11334070748575,25.11064397997185,6.723068929485107,1.1643176491472278,1.2754653433537706,53.12329802010913,1.2476388892425678,1.3341570815496238,245.36600329722944,2.3485719745229114,2.511434965962761,50.25219992811441,dasymetric_v2 preferred=M3_folk ages=M6_scaled
1818,216506.3509460888,15.849011162686292,27.838195117044904,12.5,21.95578231292517,8.462411371015838,14.86390895235571,14.891144475879747,170.20169233919535,48.324687817129856,0.47307207714813704,0.08192778841321487,0.08974875100039188,14.891144475879747,0.0877907287661825,0.09387862424592372,68.77925017353287,0.5895499094000696,0.6304325661334201,8.303531087399133,dasymetric_v2 preferred=M3_folk ages=M6_scaled
1819,216506.3509460888,15.849011162686292,27.838195117044904,137.5,241.51360544217687,114.12688025975747,200.45959512292094,200.82690240636094,173.10964915298814,637.8381100900685,6.380006588646746,1.1049052673339035,1.2103813570167958,200.82690240636094,1.183974821187667,1.2660781943266806,927.579729318739,0.5895499094000696,0.6304325661334201,111.98416817581592,dasymetric_v2 preferred=M3_folk ages=M6_scaled
1820,216506.3509460888,59.19003874042636,62.20514052682547,42.5,74.64965986394557,38.86621164932741,68.26704658405673,68.39213405324914,310.021297521303,151.37311147261198,2.1727281586429545,0.37627841815105306,0.41219858013417393,68.39213405324914,0.40320576434770444,0.4311662857453072,315.88973604880135,0.5895499094000696,0.6304325661334201,38.136505368313706,dasymetric_v2 preferred=M3_folk ages=M6_scaled
1821,216506.3509460888,18.324809174978594,29.801360733769553,160.0,281.03401360544217,127.50844874428468,223.9638194950633,224.37419417469454,305.1790013634937,494.58460027543725,7.128073081863728,1.2344572665657354,1.3523006050015882,224.37419417469454,1.3227978584740478,1.4145279900767096,1036.340011247822,0.5895499094000696,0.6304325661334201,125.11450006797656,dasymetric_v2 preferred=M3_folk ages=M6_scaled
1822,216506.3509460888,15.849011162686292,27.838195117044904,25.0,43.91156462585034,19.85927042608177,34.88206546948513,34.94598077720845,77.19530308280443,51.12825533569475,1.110187852990808,0.19226506892367404,0.210619011340488,34.94598077720845,0.20602399801099808,0.2203108433742469,161.40857127054986,0.5895499094000693,0.6304325661334199,19.486416120212926,dasymetric_v2 preferred=M3_folk ages=M6_scaled
1823,216506.3509460888,57.06773917272636,71.59750129078569,4.217718120805369,6.274512167283021,2.1241958279154756,3.671151396634404,3.6778781419706297,82.03759924059402,11.253858777139433,0.38942008459780625,0.06359206273454829,0.07070447093877523,3.6778781419706297,0.06814285652449385,0.07395800371349046,16.98739148250871,1.8527763534868638,2.0108878233215006,2.0843144252277543,dasymetric_v2 preferred=M3_folk ages=M6_scaled
1824,216506.3509460888,279.03191934501325,307.2427768411737,176.924966442953,193.9856375838926,7.867762290080979,8.626441563813879,8.642248015057161,310.021297521303,107.72063513860805,18.050000578572412,2.9475541055790626,3.277221159947688,8.642248015057161,3.158487834450077,3.428025576023625,39.91683374317794,36.54706308991742,39.665901395690874,7.720046438266175,dasymetric_v2 preferred=M3_folk ages=M6_scaled
1825,216506.3509460888,124.93085593719468,132.6687968999355,21.393305093791987,21.22013934519281,13.941437688163639,13.709487466064326,13.734607713341225,310.0212975212872,35.5594620682917,5.958452715029944,0.9730117008380885,1.081837489879366,13.734607713341225,1.042642648716002,1.1316192601621258,63.43743568409785,7.591353684628521,8.239181517087802,13.679689650068184,dasymetric_v2 preferred=M3_folk ages=M6_scaled
1826,216506.3509460888,198.6648482576987,195.2509278428205,647.5056803837415,636.355970714466,448.44477023297,440.722785480899,441.5303332013553,310.021297521303,667.8714529127674,187.35228064478915,30.59451336858768,34.0163345602575,441.5303332013553,32.78392688117272,35.58162820998031,2039.3412538336977,7.42506786418725,8.058705265387436,440.0252986240768,dasymetric_v2 preferred=M3_folk ages=M6_scaled
1827,216506.3509460888,198.76904000856507,195.34634094278593,513.353951022469,504.5142640747286,265.6754266766932,261.1006345730155,261.5790559961989,310.0212975212872,394.43161951840193,110.99448673088003,18.12533210933125,20.152546753034088,261.5790559961989,19.42242242621813,21.07988515871643,1208.1819071503057,7.4250678641872465,8.058705265387434,260.6874173150879,dasymetric_v2 preferred=M3_folk ages=M6_scaled
1828,216506.3509460888,198.76904000856507,195.34634094278593,289.7677354203484,284.7780863418329,1045.4822916162775,1027.4796325369286,1029.3623099532213,310.021297521303,682.3472440649839,436.7839803467718,71.32655807505334,79.30402530944566,1029.3623099532213,76.43085008239217,82.953274672114,4754.420853961637,7.425067864187248,8.058705265387438,1025.8535456565667,dasymetric_v2 preferred=M3_folk ages=M6_scaled
1829,216506.3509460888,198.30057558420702,194.88345360514393,118.0535218379197,116.02070184296895,39.52260803792486,38.842049367405906,38.91322065570286,310.0212975212872,25.79493013817273,16.511845481191664,2.6963743146108468,2.9979483471588764,38.91322065570286,2.8893330418268675,3.1359017619129577,179.73246736486016,7.425067864187249,8.058705265387436,38.78057803027899,dasymetric_v2 preferred=M3_folk ages=M6_scaled
1830,216506.3509460888,165.8627180177545,162.83176996166804,13.45664739884393,12.977404098791382,7.255903809259147,6.997492989435484,7.010314676216124,310.021297521303,59.33084135827791,1.2409375397768534,0.20264434475856058,0.2253089547464035,7.010314676216124,0.21714603861844284,0.2356767583516242,32.37925652334203,3.097521989350259,3.361857052597141,7.1196754926992725,dasymetric_v2 preferred=M3_folk ages=M6_scaled
1831,216506.3509460888,85.95530657402401,83.87565927782616,0.0,0.0,0.0,0.0,0.0,303.7024556642464,0.02326893733437902,0.0,0.0,0.0,0.0,0.0,0.0,0.0,,,0.0,dasymetric_v2 preferred=M3_folk ages=M6_scaled
1832,216506.3509460888,19.70484065493062,18.95799094210401,0.0,0.0,0.0,0.0,0.0,6.20042595042606,0.02326893733437902,0.0,0.0,0.0,0.0,0.0,0.0,0.0,,,0.0,dasymetric_v2 preferred=M3_folk ages=M6_scaled
1833,216506.3509460888,7.300593362900013,6.9730026350775764,0.0,0.0,0.0,0.0,0.0,6.516368043277784,0.02326893733437902,0.0,0.0,0.0,0.0,0.0,0.0,0.0,,,0.0,dasymetric_v2 preferred=M3_folk ages=M6_scaled
1834,216506.3509460888,7.300593362900013,6.9730026350775764,9.38345864661654,8.962406015037594,8.133370031062006,7.7684111194117875,7.782645379354129,21.391469528969907,64.09624867378274,0.7191797105524946,0.11744160889416579,0.1305767805916657,7.782645379354129,0.12584599965387028,0.1365853940446913,35.946499238223495,1.6170080161652447,1.7549995841648685,7.980667440672616,dasymetric_v2 preferred=M3_folk ages=M6_scaled
1835,216506.3509460888,7.300593362900013,6.9730026350775764,0.0,0.0,0.0,0.0,0.0,21.907293354033374,0.02326893733437902,0.0,0.0,0.0,0.0,0.0,0.0,0.0,,,0.0,dasymetric_v2 preferred=M3_folk ages=M6_scaled
1836,216506.3509460888,7.300593362900013,6.9730026350775764,9.38345864661654,8.962406015037594,8.538198403648803,8.155074116305588,8.170016868824245,46.19317333067414,59.80530060669986,0.7549759857383653,0.12328711883912426,0.13707607736319655,8.170016868824245,0.13210982769094073,0.14338376207406506,37.73569150799933,1.6170080161652443,1.754999584164868,8.377895231837316,dasymetric_v2 preferred=M3_folk ages=M6_scaled
1837,216506.3509460888,7.300593362900013,6.9730026350775764,9.38345864661654,8.962406015037594,9.396925254590492,8.975268352140919,8.991713967700246,46.1931733306718,65.8202015297875,0.8309074785568791,0.13568668538903617,0.15086246445432264,8.991713967700246,0.14539673564836292,0.1578045427424337,41.530947837826844,1.6170080161652443,1.7549995841648682,9.220499637338197,dasymetric_v2 preferred=M3_folk ages=M6_scaled
1838,216506.3509460888,35.058617338235074,34.83497059197253,0.0,0.0,0.0,0.0,0.0,46.19317333067414,0.02326893733437902,0.0,0.0,0.0,0.0,0.0,0.0,0.0,,,0.0,dasymetric_v2 preferred=M3_folk ages=M6_scaled
1839,216506.3509460888,100.06643054516121,100.09373697802258,6.793585171387683,6.584353633328034,3.8400928948010797,3.688444127005746,3.69520255825759,45.677349505607246,51.80556473728984,0.4121995324433604,0.06731193269952186,0.07484038706611307,3.69520255825759,0.07212892891172051,0.07828423791400105,17.067409533763353,1.9519614357955979,2.1185371215729685,3.7679958267797633,dasymetric_v2 preferred=M3_folk ages=M6_scaled
1840,216506.3509460888,102.87000902564316,102.93337864105936,0.0,0.0,0.0,0.0,0.0,21.391469528969907,0.02326893733437902,0.0,0.0,0.0,0.0,0.0,0.0,0.0,,,0.0,dasymetric_v2 preferred=M3_folk ages=M6_scaled
1841,216506.3509460888,10.10343922774471,10.109663112279256,0.0,0.0,0.0,0.0,0.0,20.94657147985064,0.02326893733437902,0.0,0.0,0.0,0.0,0.0,0.0,0.0,,,0.0,dasymetric_v2 preferred=M3_folk ages=M6_scaled
1842,216506.3509460888,0.0,0.0,0.0,0.0,0.0,0.0,0.0,0.0,0.02326893733437902,0.0,0.0,0.0,0.0,0.0,0.0,0.0,,,0.0,dasymetric_v2 preferred=M3_folk ages=M6_scaled
1843,216506.3509460888,0.0,0.0,0.0,0.0,0.0,0.0,0.0,0.0,0.02326893733437902,0.0,0.0,0.0,0.0,0.0,0.0,0.0,,,0.0,dasymetric_v2 preferred=M3_folk ages=M6_scaled
1844,216506.3509460888,0.0,0.0,0.0,0.0,0.0,0.0,0.0,0.0,0.02326893733437902,0.0,0.0,0.0,0.0,0.0,0.0,0.0,,,0.0,dasymetric_v2 preferred=M3_folk ages=M6_scaled
1845,216506.3509460888,0.0,0.0,0.0,0.0,0.0,0.0,0.0,0.0,0.02326893733437902,0.0,0.0,0.0,0.0,0.0,0.0,0.0,,,0.0,dasymetric_v2 preferred=M3_folk ages=M6_scaled
1846,216506.3509460888,0.0,0.0,0.0,0.0,0.0,0.0,0.0,0.0,0.02326893733437902,0.0,0.0,0.0,0.0,0.0,0.0,0.0,,,0.0,dasymetric_v2 preferred=M3_folk ages=M6_scaled
1847,216506.3509460888,0.0,0.0,0.0,0.0,0.0,0.0,0.0,0.0,0.02326893733437902,0.0,0.0,0.0,0.0,0.0,0.0,0.0,,,0.0,dasymetric_v2 preferred=M3_folk ages=M6_scaled
1848,216506.3509460888,0.0,0.0,0.0,0.0,0.0,0.0,0.0,0.0,0.02326893733437902,0.0,0.0,0.0,0.0,0.0,0.0,0.0,,,0.0,dasymetric_v2 preferred=M3_folk ages=M6_scaled
1849,216506.3509460888,0.0,0.0,0.0,0.0,0.0,0.0,0.0,0.0,0.02326893733437902,0.0,0.0,0.0,0.0,0.0,0.0,0.0,,,0.0,dasymetric_v2 preferred=M3_folk ages=M6_scaled
1850,216506.3509460888,0.0,0.0,0.0,0.0,0.0,0.0,0.0,0.0,0.02326893733437902,0.0,0.0,0.0,0.0,0.0,0.0,0.0,,,0.0,dasymetric_v2 preferred=M3_folk ages=M6_scaled
1851,216506.3509460888,0.0,0.0,0.0,0.0,0.0,0.0,0.0,0.0,0.02326893733437902,0.0,0.0,0.0,0.0,0.0,0.0,0.0,,,0.0,dasymetric_v2 preferred=M3_folk ages=M6_scaled
1852,216506.3509460888,0.0,0.0,0.0,0.0,0.0,0.0,0.0,0.0,0.02326893733437902,0.0,0.0,0.0,0.0,0.0,0.0,0.0,,,0.0,dasymetric_v2 preferred=M3_folk ages=M6_scaled
1853,216506.3509460888,0.0,0.0,0.0,0.0,0.0,0.0,0.0,0.0,0.02326893733437902,0.0,0.0,0.0,0.0,0.0,0.0,0.0,,,0.0,dasymetric_v2 preferred=M3_folk ages=M6_scaled
1854,216506.3509460888,0.0,0.0,0.0,0.0,0.0,0.0,0.0,0.0,0.02326893733437902,0.0,0.0,0.0,0.0,0.0,0.0,0.0,,,0.0,dasymetric_v2 preferred=M3_folk ages=M6_scaled
1855,216506.3509460888,0.0,0.0,0.0,0.0,0.0,0.0,0.0,0.0,0.02326893733437902,0.0,0.0,0.0,0.0,0.0,0.0,0.0,,,0.0,dasymetric_v2 preferred=M3_folk ages=M6_scaled
1856,216506.3509460888,0.0,0.0,0.0,0.0,0.0,0.0,0.0,18.60515752007627,0.02326893733437902,0.0,0.0,0.0,0.0,0.0,0.0,0.0,,,0.0,dasymetric_v2 preferred=M3_folk ages=M6_scaled
1857,216506.3509460888,53.10582613228929,58.13972292869453,2.3876404494382024,2.613964686998395,2.552384540659301,2.7943248567823,2.799444970247381,34.48128533770365,30.31454624133349,0.12864837781438548,0.02227964317999656,0.02440649487636556,2.799444970247381,0.02387402552058776,0.025529582708603716,12.930082457232201,0.8528128173377906,0.9119515825434398,2.504463970275807,dasymetric_v2 preferred=M3_folk ages=M6_scaled
1858,216506.3509460888,76.44708848176994,82.90954050285117,4.775280898876405,5.22792937399679,4.875189519460358,5.3373083243302135,5.347088011953993,183.213868542448,18.409379226281615,0.2457252084179532,0.0425552972908929,0.04661769656279348,5.347088011953993,0.04560065192027609,0.04876285374500498,24.69714162466045,0.8528128173377904,0.9119515825434397,4.78365869454797,dasymetric_v2 preferred=M3_folk ages=M6_scaled
1859,216506.3509460888,84.51987348845898,91.04887883795486,409.48998552172765,446.67391434805535,301.8148212873812,330.02280408729405,330.6275133783022,310.021297521303,287.69061389563075,15.758405263390678,2.729079466984658,2.9896019200144925,330.6275133783022,2.92437864987898,3.1271712660681725,1527.1030708038222,0.8844934349226169,0.9458291096573322,296.14830115458506,dasymetric_v2 preferred=M3_folk ages=M6_scaled
1860,216506.3509460888,78.94903887074258,85.43211737026641,472.8572585085341,515.5457373577299,513.7786810807808,561.77901428531,562.8083764543009,270.2270114220843,561.6109537288479,26.35590047075664,4.564379809150618,5.000103077316797,562.8083764543009,4.891017291836815,5.230187526334053,2599.5005411847856,0.8690377571581785,0.9293016495746373,504.1325767982691,dasymetric_v2 preferred=M3_folk ages=M6_scaled
1861,216506.3509460888,29.770987061961016,40.24711124483294,22.162921348314608,34.18883283650539,17.191502949687642,25.290544636304208,25.336885153161898,236.2274608995665,9.861055741279591,0.920278342883858,0.15937607184844102,0.1745903760468055,25.336885153161898,0.17078138890917807,0.18262431651868902,117.02605970884852,0.6740425584155341,0.720784403507858,16.86873550850664,dasymetric_v2 preferred=M3_folk ages=M6_scaled
1862,216506.3509460888,15.849011162686292,27.838195117044904,17.5,30.738095238095237,14.854880392286793,26.092041614207144,26.13985073463783,152.1110444053573,62.629068727184915,0.8304286821880967,0.14381568613542756,0.15754457010140732,26.13985073463783,0.15410746632337075,0.1647941317698229,120.73479886576995,0.5895499094000696,0.63043256613342,14.575982628240203,dasymetric_v2 preferred=M3_folk ages=M6_scaled
1863,216506.3509460888,15.849011162686292,27.838195117044904,2.5,4.391156462585034,1.8264197203631305,3.2080379033861246,3.2139160739308807,80.37283135176001,10.42978873751004,0.10210188715427418,0.017682256492060764,0.019370234028861556,3.2139160739308807,0.01894763930205378,0.020261573578256916,14.844442483496305,0.5895499094000696,0.63043256613342,1.7921290116688775,dasymetric_v2 preferred=M3_folk ages=M6_scaled
1864,216506.3509460888,15.849011162686292,27.838195117044904,2.5,4.391156462585034,2.374345636472069,4.170449274401961,4.178090896110144,129.19498079566696,15.629090927579607,0.13273245330055644,0.022986933439678992,0.025181304237520023,4.178090896110144,0.024631931092669913,0.026340045651733993,19.297775228545195,0.5895499094000697,0.6304325661334201,2.3297677151695404,dasymetric_v2 preferred=M3_folk ages=M6_scaled
1865,216506.3509460888,15.849011162686292,27.838195117044904,67.5,118.56122448979592,45.477851037041944,79.88014379431449,80.02651024087892,170.7783818558978,190.57421652095053,2.5423369901414272,0.440288186652313,0.4823188273186527,80.02651024087892,0.4717962186211391,0.5045131820985972,369.62661783905793,0.5895499094000696,0.6304325661334201,44.624012390555045,dasymetric_v2 preferred=M3_folk ages=M6_scaled
1866,216506.3509460888,15.849011162686292,27.838195117044904,22.5,39.5204081632653,16.74218076999536,29.407014114372807,29.460897344366405,111.37272495854143,69.39514508396707,0.9359339655808467,0.16208735117722367,0.17756047859789761,29.460897344366405,0.17368669360215963,0.18573109113402175,136.0740560987161,0.5895499094000696,0.6304325661334201,16.427849273631377,dasymetric_v2 preferred=M3_folk ages=M6_scaled
1867,216506.3509460888,15.849011162686292,27.838195117044904,5.0,8.782312925170068,4.602577695315088,8.084255516533032,8.099068506305818,60.83303332188726,11.849466901834834,0.25729675562877097,0.04455928635999312,0.04881298975273112,8.099068506305818,0.04774805104117552,0.05105916541720743,37.407995058410684,0.5895499094000697,0.6304325661334202,4.516165109405571,dasymetric_v2 preferred=M3_folk ages=M6_scaled
1868,216506.3509460888,15.849011162686292,27.838195117044904,15.0,26.346938775510203,14.562653237028693,25.578755549665363,25.625624162808887,113.17983680919205,94.98269192245623,1.2973437915848922,0.21185545133849515,0.23555027087124003,25.625624162808887,0.22701631310109932,0.246389338276698,118.35968806841053,0.8858957411487124,0.9614959491768754,14.289241986373183,dasymetric_v2 preferred=M3_folk ages=M6_scaled
1869,216506.3509460888,20.387911222480838,32.656857094196994,5.0,8.782312925170068,2.4474024252865947,4.298770790537406,4.30664753906738,157.68856604716404,1.4003240777738781,0.21803185795030378,0.03560446966474709,0.03958662579023349,4.30664753906738,0.03815240713488374,0.04140824163345845,19.891552927885048,0.8858957411487123,0.9614959491768753,2.401452875636296,dasymetric_v2 preferred=M3_folk ages=M6_scaled
1870,216506.3509460888,84.26463714890139,90.4894789964816,0.0,0.0,0.0,0.0,0.0,239.8359726067895,0.02326893733437902,0.0,0.0,0.0,0.0,0.0,0.0,0.0,,,0.0,dasymetric_v2 preferred=M3_folk ages=M6_scaled
1871,216506.3509460888,198.76904000856507,195.34634094278593,202.1219389043171,198.64150467053773,52.67344299470383,51.76643381399051,51.86128678506398,310.021297521303,260.4965356270138,22.00603135441698,3.593571522829474,3.995491927395357,51.86128678506398,3.850735739031774,4.1793482488456295,239.53702308703967,7.425067864187248,8.058705265387436,51.68450837605241,dasymetric_v2 preferred=M3_folk ages=M6_scaled
1872,216506.3509460888,198.76904000856507,195.34634094278593,347.0058066144913,341.03054784145417,93.43713674029708,91.82819804131101,91.99645721566014,310.0212975213188,479.4534524903036,39.03638045799792,6.374617163309719,7.087581603547923,91.99645721566014,6.8307993809107534,7.413723341608304,424.9134347036672,7.425067864187249,8.058705265387436,91.68287094834123,dasymetric_v2 preferred=M3_folk ages=M6_scaled
1873,216506.3509460888,161.9217354557023,158.93770494628941,196.7718287989983,190.6194707382794,153.9019595429536,148.62040629223324,148.89272729370725,310.021297521303,150.33684460578382,28.99715237177871,4.735217328746365,5.264824281714038,148.89272729370725,5.074080335968718,5.507090126097569,687.7060494672617,3.4078765485701243,3.6986965221170465,151.01247734818574,dasymetric_v2 preferred=M3_folk ages=M6_scaled
1874,216506.3509460888,74.09582691781978,72.15736717613026,307.26011560693644,296.31739358906987,255.1934351097393,246.10500911707754,246.5559536691921,310.0212975213188,392.0473049057088,43.64433733647002,7.127093716224374,7.924218351592261,246.5559536691921,7.637124880955461,8.288858717025875,1138.7931697698134,3.0975219893502586,3.3618570525971414,250.40222329436645,dasymetric_v2 preferred=M3_folk ages=M6_scaled
1875,216506.3509460888,44.554960808615874,42.9681861968751,80.73988439306359,77.86442459274829,39.666453167051316,38.25377723420412,38.323870616307374,310.021297521303,183.03121732365219,6.7839365155283575,1.107812702902131,1.2317152123986082,38.323870616307374,1.1870903195102636,1.288393747142533,177.0103761337247,3.097521989350259,3.3618570525971414,38.921722492431165,dasymetric_v2 preferred=M3_folk ages=M6_scaled
1876,216506.3509460888,27.556571719425236,26.54433639156496,0.0,0.0,0.0,0.0,0.0,146.03031161099625,0.02326893733437902,0.0,0.0,0.0,0.0,0.0,0.0,0.0,,,0.0,dasymetric_v2 preferred=M3_folk ages=M6_scaled
1877,216506.3509460888,7.300593362900013,6.9730026350775764,2.345864661654135,2.2406015037593985,1.472103173042897,1.4060472614319977,1.4086235980731454,6.200425950426059,28.638540732553373,0.13016827340316645,0.02125639979984901,0.02363380644193044,1.4086235980731454,0.022777556498438056,0.02472133828863191,6.506153708275745,1.6170080161652445,1.7549995841648685,1.444464695144365,dasymetric_v2 preferred=M3_folk ages=M6_scaled
1878,216506.3509460888,7.300593362900013,6.9730026350775764,9.38345864661654,8.962406015037594,10.86902842763339,10.381315613572916,10.400337565773391,30.282395418585967,45.31886653569164,0.9610757519600455,0.1569430851888852,0.17449627089625308,10.400337565773391,0.168174292146801,0.1825258810310656,48.03710154610259,1.6170080161652445,1.7549995841648685,10.664964332482562,dasymetric_v2 preferred=M3_folk ages=M6_scaled
1879,216506.3509460888,7.300593362900013,6.9730026350775764,72.7218045112782,69.45864661654136,80.35229819525813,76.74674635316322,76.88737139482588,50.843555098620826,219.05399725474254,7.105018256589501,1.1602451557417586,1.2900119349553698,76.88737139482588,1.2432749588730774,1.3493730482544917,355.1275565767179,1.6170080161652443,1.7549995841648678,78.84369794329659,dasymetric_v2 preferred=M3_folk ages=M6_scaled
1880,216506.3509460888,7.300593362900013,6.9730026350775764,4.69172932330827,4.481203007518797,3.091416663390084,2.9526992490071953,2.9581095559536057,36.96575306023757,21.653643323115467,0.2733533741466495,0.044638439579682915,0.049630993528053925,2.9581095559536057,0.047832868646719914,0.05191481040612701,13.662922787379067,1.6170080161652443,1.7549995841648682,3.033375859803167,dasymetric_v2 preferred=M3_folk ages=M6_scaled
1881,216506.3509460888,7.300593362900013,6.9730026350775764,0.0,0.0,0.0,0.0,0.0,25.085845339090984,0.02326893733437902,0.0,0.0,0.0,0.0,0.0,0.0,0.0,,,0.0,dasymetric_v2 preferred=M3_folk ages=M6_scaled
1882,216506.3509460888,7.300593362900013,6.9730026350775764,0.0,0.0,0.0,0.0,0.0,29.409393052756368,0.02326893733437902,0.0,0.0,0.0,0.0,0.0,0.0,0.0,,,0.0,dasymetric_v2 preferred=M3_folk ages=M6_scaled
1883,216506.3509460888,7.181856125540695,6.85959335067669,9.38345864661654,8.962406015037594,8.979829355561671,8.576888294735186,8.592603948246188,33.1033575219404,76.19114746332156,0.7940264677593152,0.12966403877907895,0.14416621929577567,8.592603948246188,0.13894309464047214,0.15080016356065462,39.68753762048205,1.6170080161652443,1.754999584164868,8.811234640380626,dasymetric_v2 preferred=M3_folk ages=M6_scaled
1884,216506.3509460888,10.064041992846095,10.063825871881814,10.753288053971787,10.653204006996344,5.598727408471919,5.484991501667618,5.495041792984098,20.686930607840377,110.32573145963183,0.9784315217471344,0.15977727182886506,0.1776474450885105,5.495041792984098,0.17121129967992607,0.18582205946954988,25.38051086710335,3.115741538099373,3.381631413737414,5.493612287077878,dasymetric_v2 preferred=M3_folk ages=M6_scaled
1885,216506.3509460888,0.0,0.0,0.0,0.0,0.0,0.0,0.0,10.101503393937051,0.02326893733437902,0.0,0.0,0.0,0.0,0.0,0.0,0.0,,,0.0,dasymetric_v2 preferred=M3_folk ages=M6_scaled
1886,216506.3509460888,0.0,0.0,0.0,0.0,0.0,0.0,0.0,4.643460350105087,0.02326893733437902,0.0,0.0,0.0,0.0,0.0,0.0,0.0,,,0.0,dasymetric_v2 preferred=M3_folk ages=M6_scaled
1887,216506.3509460888,0.0,0.0,0.0,0.0,0.0,0.0,0.0,0.0,0.02326893733437902,0.0,0.0,0.0,0.0,0.0,0.0,0.0,,,0.0,dasymetric_v2 preferred=M3_folk ages=M6_scaled
1888,216506.3509460888,0.0,0.0,0.0,0.0,0.0,0.0,0.0,0.0,0.02326893733437902,0.0,0.0,0.0,0.0,0.0,0.0,0.0,,,0.0,dasymetric_v2 preferred=M3_folk ages=M6_scaled
1889,216506.3509460888,0.0,0.0,0.0,0.0,0.0,0.0,0.0,0.0,0.02326893733437902,0.0,0.0,0.0,0.0,0.0,0.0,0.0,,,0.0,dasymetric_v2 preferred=M3_folk ages=M6_scaled
1890,216506.3509460888,0.0,0.0,0.0,0.0,0.0,0.0,0.0,0.0,0.02326893733437902,0.0,0.0,0.0,0.0,0.0,0.0,0.0,,,0.0,dasymetric_v2 preferred=M3_folk ages=M6_scaled
1891,216506.3509460888,0.0,0.0,0.0,0.0,0.0,0.0,0.0,0.0,0.02326893733437902,0.0,0.0,0.0,0.0,0.0,0.0,0.0,,,0.0,dasymetric_v2 preferred=M3_folk ages=M6_scaled
1892,216506.3509460888,0.0,0.0,0.0,0.0,0.0,0.0,0.0,0.0,0.02326893733437902,0.0,0.0,0.0,0.0,0.0,0.0,0.0,,,0.0,dasymetric_v2 preferred=M3_folk ages=M6_scaled
1893,216506.3509460888,0.0,0.0,0.0,0.0,0.0,0.0,0.0,0.0,0.02326893733437902,0.0,0.0,0.0,0.0,0.0,0.0,0.0,,,0.0,dasymetric_v2 preferred=M3_folk ages=M6_scaled
1894,216506.3509460888,0.0,0.0,0.0,0.0,0.0,0.0,0.0,0.0,0.02326893733437902,0.0,0.0,0.0,0.0,0.0,0.0,0.0,,,0.0,dasymetric_v2 preferred=M3_folk ages=M6_scaled
1895,216506.3509460888,0.0,0.0,0.0,0.0,0.0,0.0,0.0,0.0,0.02326893733437902,0.0,0.0,0.0,0.0,0.0,0.0,0.0,,,0.0,dasymetric_v2 preferred=M3_folk ages=M6_scaled
1896,216506.3509460888,0.0,0.0,0.0,0.0,0.0,0.0,0.0,0.0,0.02326893733437902,0.0,0.0,0.0,0.0,0.0,0.0,0.0,,,0.0,dasymetric_v2 preferred=M3_folk ages=M6_scaled
1897,216506.3509460888,0.0,0.0,0.0,0.0,0.0,0.0,0.0,0.0,0.02326893733437902,0.0,0.0,0.0,0.0,0.0,0.0,0.0,,,0.0,dasymetric_v2 preferred=M3_folk ages=M6_scaled
1898,216506.3509460888,0.0,0.0,0.0,0.0,0.0,0.0,0.0,0.0,0.02326893733437902,0.0,0.0,0.0,0.0,0.0,0.0,0.0,,,0.0,dasymetric_v2 preferred=M3_folk ages=M6_scaled
1899,216506.3509460888,1.1044725313451076,1.2091653897784926,0.0,0.0,0.0,0.0,0.0,0.9607218741827332,0.02326893733437902,0.0,0.0,0.0,0.0,0.0,0.0,0.0,,,0.0,dasymetric_v2 preferred=M3_folk ages=M6_scaled
1900,216506.3509460888,41.27750433420509,45.19019550134655,2.3876404494382024,2.613964686998395,3.17359982568749,3.4744250864753465,3.480791365122405,46.19317333067414,21.39945590589749,0.0,0.0,0.0,3.480791365122405,0.0,0.0,16.077086653172316,0.0,0.0,3.1140160476974317,dasymetric_v2 preferred=M3_folk ages=M6_scaled
1901,216506.3509460888,67.38874633600146,73.77651993827118,0.0,0.0,0.0,0.0,0.0,51.680249269796,0.02326893733437902,0.0,0.0,0.0,0.0,0.0,0.0,0.0,,,0.0,dasymetric_v2 preferred=M3_folk ages=M6_scaled
1902,216506.3509460888,67.38874633600146,73.77651993827118,260.25280898876406,284.922150882825,260.1406529456091,284.79936357776427,285.32120879299106,310.021297521303,248.08168750165294,5.559788095174077,0.9628578068476821,1.0547738103182747,285.32120879299106,1.0317621187945016,1.1033102199146834,1317.8422136172696,0.3616142393196839,0.38669057396121137,255.2565579863644,dasymetric_v2 preferred=M3_folk ages=M6_scaled
1903,216506.3509460888,67.38874633600146,73.77651993827118,339.0449438202247,371.1829855537721,309.8243710677549,339.19259716560595,339.8141085048435,307.11334070748575,305.29869182401023,2.436831706748677,0.4220165216105169,0.46230291882216246,339.8141085048435,0.45221699134235016,0.4835762227343984,1569.5341361577841,0.13307775634510025,0.14230610520031006,304.0074730479765,dasymetric_v2 preferred=M3_folk ages=M6_scaled
1904,216506.3509460888,67.38874633600146,73.77651993827118,150.42134831460675,164.67977528089887,137.01848438904375,150.00645501012283,150.28131570439115,170.20169233919535,387.8837772105118,1.4668637787830723,0.2540350849359396,0.27828569554797766,150.28131570439115,0.2722144179728393,0.29109127374095767,694.1196646088779,0.18113656823999003,0.19369758135039547,134.4459864678219,dasymetric_v2 preferred=M3_folk ages=M6_scaled
1905,216506.3509460888,25.418473954138186,36.36763533632448,4.887640449438202,7.005121149583429,5.547507074745361,7.483262150595568,7.496973924731993,166.6618513396812,16.36253268737424,0.291330718013529,0.05045337185734672,0.05526973442901831,7.496973924731993,0.05406393080852679,0.05781302327662641,34.62703930841631,0.7211433753313942,0.7711514519999233,5.443353606099294,dasymetric_v2 preferred=M3_folk ages=M6_scaled
1906,216506.3509460888,15.849011162686292,27.838195117044904,0.0,0.0,0.0,0.0,0.0,0.0,0.02326893733437902,0.0,0.0,0.0,0.0,0.0,0.0,0.0,,,0.0,dasymetric_v2 preferred=M3_folk ages=M6_scaled
1907,216506.3509460888,15.849011162686292,27.838195117044904,0.0,0.0,0.0,0.0,0.0,0.9607218741827332,0.02326893733437902,0.0,0.0,0.0,0.0,0.0,0.0,0.0,,,0.0,dasymetric_v2 preferred=M3_folk ages=M6_scaled
1908,216506.3509460888,15.849011162686292,27.838195117044904,12.5,21.95578231292517,8.705934000397589,15.291647339473858,15.31966661907053,46.19317333067414,57.30666673445856,0.4866856621020403,0.08428542261215631,0.09233144887090675,15.31966661907053,0.09031708067312301,0.0965801673896913,70.75850917133238,0.5895499094000696,0.63043256613342,8.542481622288316,dasymetric_v2 preferred=M3_folk ages=M6_scaled
1909,216506.3509460888,15.849011162686292,27.838195117044904,0.0,0.0,0.0,0.0,0.0,46.1931733306718,0.02326893733437902,0.0,0.0,0.0,0.0,0.0,0.0,0.0,,,0.0,dasymetric_v2 preferred=M3_folk ages=M6_scaled
1910,216506.3509460888,15.849011162686292,27.838195117044904,0.0,0.0,0.0,0.0,0.0,46.19317333067414,0.02326893733437902,0.0,0.0,0.0,0.0,0.0,0.0,0.0,,,0.0,dasymetric_v2 preferred=M3_folk ages=M6_scaled
1911,216506.3509460888,15.849011162686292,27.838195117044904,5.0,8.782312925170068,2.934447684050096,5.154247564773706,5.1636918254489474,45.677349505607246,32.27813431152728,0.2614212824180259,0.04268993626469676,0.04746456127087697,5.1636918254489474,0.045744925967696436,0.049648687729669086,23.85007092348406,0.8858957411487125,0.9614959491768754,2.879353945414663,dasymetric_v2 preferred=M3_folk ages=M6_scaled
1912,216506.3509460888,15.849011162686292,27.838195117044904,12.5,21.95578231292517,40.16905771651978,70.55544695513882,70.68472751931982,21.391469528969907,22.983428520278725,3.578542782975384,0.584373857830849,0.649732728766071,70.68472751931982,0.6261929907362263,0.6796307917849722,326.47877168702865,0.8858957411487125,0.9614959491768755,39.41489072997084,dasymetric_v2 preferred=M3_folk ages=M6_scaled
1913,216506.3509460888,15.849011162686292,27.838195117044904,32.5,57.08503401360544,129.16440262408057,226.87244052746672,227.2881447483919,27.394369293157574,73.90367073146913,11.506875368839914,1.8790657423066526,2.089228489466651,227.2881447483919,2.0135359944619244,2.185366304715061,1049.7989724328588,0.8858957411487124,0.9614959491768754,126.739363705223,dasymetric_v2 preferred=M3_folk ages=M6_scaled
1914,216506.3509460888,67.95275738923198,72.96246190141326,2.2427745664739884,2.162900683131897,1.363653250866011,1.3150882803571933,1.3174979505126458,310.021297521303,6.124946539768995,0.23321815651400654,0.03808438297472948,0.042343903208458704,1.3174979505126458,0.04080978872636819,0.04429239776713217,6.085262371082638,3.097521989350258,3.36185705259714,1.3380509011628878,dasymetric_v2 preferred=M3_folk ages=M6_scaled
1915,216506.3509460888,140.39529420570085,137.6675367947258,194.96718000504922,191.60994698308508,74.6754519628667,73.38957967783216,73.5240532964571,310.0212975212872,819.3469182804469,31.198080927903916,5.094627622028812,5.664432558969678,73.5240532964571,5.459210853763142,5.925086754327853,339.5930557010079,7.425067864187249,8.058705265387436,73.27343349946486,dasymetric_v2 preferred=M3_folk ages=M6_scaled
1916,216506.3509460888,67.98025082104853,66.11459724443068,7.154758899267861,7.031557687452663,1.5941979592225637,1.5667467029028528,1.5696174932729967,310.021297521303,3.566139645534589,0.666027665579535,0.10876191230922744,0.12092630962787741,1.5696174932729967,0.11654516408367473,0.12649084757683327,7.249752658127981,7.425067864187248,8.058705265387436,1.5642671732092563,dasymetric_v2 preferred=M3_folk ages=M6_scaled
1917,216506.3509460888,44.554960808615874,42.9681861968751,601.0635838150289,579.6573830793484,1309.4813326537012,1262.8456338337942,1265.1595784413503,310.0212975212872,1299.9081911988674,223.95342965453617,36.57145871897522,40.66176703495431,1265.1595784413503,39.188596142591855,42.5328565144388,5843.52178544814,3.097521989350258,3.3618570525971414,1284.8960511776215,dasymetric_v2 preferred=M3_folk ages=M6_scaled
1918,216506.3509460888,44.554960808615874,42.9681861968751,419.39884393063585,404.46242774566474,443.7835084178787,427.9786599456393,428.7628562763689,310.021297521303,886.7200887317581,75.89786601455127,12.39407531329696,13.780281691128591,428.7628562763689,13.28102375532677,14.41439432264405,1980.3708039175863,3.0975219893502577,3.361857052597141,435.45155117891204,dasymetric_v2 preferred=M3_folk ages=M6_scaled
1919,216506.3509460888,41.88652339124976,40.38994098035868,98.68208092485548,95.16763005780346,43.97306041048397,42.40700952426242,42.48471298094964,303.7024556642464,87.86220147747258,7.520471995867942,1.2280884984362765,1.3654431671825311,42.48471298094964,1.3159733266972589,1.4282753196257085,196.228483807981,3.097521989350259,3.361857052597141,43.14747394308046,dasymetric_v2 preferred=M3_folk ages=M6_scaled
1920,216506.3509460888,11.16193849237671,10.7038357228623,0.0,0.0,0.0,0.0,0.0,6.20042595042606,0.02326893733437902,0.0,0.0,0.0,0.0,0.0,0.0,0.0,,,0.0,dasymetric_v2 preferred=M3_folk ages=M6_scaled
1921,216506.3509460888,7.300593362900013,6.9730026350775764,0.0,0.0,0.0,0.0,0.0,7.676971649673032,0.02326893733437902,0.0,0.0,0.0,0.0,0.0,0.0,0.0,,,0.0,dasymetric_v2 preferred=M3_folk ages=M6_scaled
1922,216506.3509460888,7.300593362900013,6.9730026350775764,4.69172932330827,4.481203007518797,10.550072740140763,10.07667204026265,10.095135786190877,77.19530308280443,27.066189039054542,0.9328726260560262,0.1523375318989179,0.16937561283383482,10.095135786190877,0.16323915490547275,0.17716959106852867,46.627434909309514,1.6170080161652445,1.7549995841648678,10.35199698186795,dasymetric_v2 preferred=M3_folk ages=M6_scaled
1923,216506.3509460888,7.300593362900013,6.9730026350775764,25.804511278195488,24.64661654135338,28.693744347894466,27.406204537412023,27.456421632442396,75.71875738355322,73.61373972366114,2.5371965957500526,0.414322659432057,0.4606622772306275,27.456421632442396,0.44397253874872183,0.481860085475917,126.81577936380809,1.6170080161652445,1.7549995841648685,28.155024349522247,dasymetric_v2 preferred=M3_folk ages=M6_scaled
1924,216506.3509460888,7.300593362900013,6.9730026350775764,0.0,0.0,0.0,0.0,0.0,6.20042595042606,0.02326893733437902,0.0,0.0,0.0,0.0,0.0,0.0,0.0,,,0.0,dasymetric_v2 preferred=M3_folk ages=M6_scaled
1925,216506.3509460888,7.300593362900013,6.9730026350775764,4.69172932330827,4.481203007518797,4.121888884520112,3.9369323320095937,3.9441460746048076,6.516368043277784,28.638540732553373,0.36447116552886605,0.05951791943957723,0.06617465803740523,3.9441460746048076,0.06377715819562657,0.06921974720816934,18.21723038317209,1.6170080161652447,1.754999584164868,4.0445011464042215,dasymetric_v2 preferred=M3_folk ages=M6_scaled
1926,216506.3509460888,7.300593362900013,6.9730026350775764,0.0,0.0,0.0,0.0,0.0,21.391469528969907,0.02326893733437902,0.0,0.0,0.0,0.0,0.0,0.0,0.0,,,0.0,dasymetric_v2 preferred=M3_folk ages=M6_scaled
1927,216506.3509460888,1.3317379616801137,1.2719804890406212,2.345864661654135,2.2406015037593985,1.9505367042818385,1.863012621397397,1.8664262674469179,20.94657147985064,12.102982680155742,0.17247296225919553,0.02816472973479994,0.031314793535557835,1.8664262674469179,0.030180262360430428,0.03275577323243728,8.620653663465363,1.6170080161652445,1.7549995841648682,1.9139157210662836,dasymetric_v2 preferred=M3_folk ages=M6_scaled
1928,216506.3509460888,0.0,0.0,0.0,0.0,0.0,0.0,0.0,0.0,0.02326893733437902,0.0,0.0,0.0,0.0,0.0,0.0,0.0,,,0.0,dasymetric_v2 preferred=M3_folk ages=M6_scaled
1929,216506.3509460888,0.0,0.0,0.0,0.0,0.0,0.0,0.0,0.0,0.02326893733437902,0.0,0.0,0.0,0.0,0.0,0.0,0.0,,,0.0,dasymetric_v2 preferred=M3_folk ages=M6_scaled
1930,216506.3509460888,0.0,0.0,0.0,0.0,0.0,0.0,0.0,0.0,0.02326893733437902,0.0,0.0,0.0,0.0,0.0,0.0,0.0,,,0.0,dasymetric_v2 preferred=M3_folk ages=M6_scaled
1931,216506.3509460888,0.0,0.0,0.0,0.0,0.0,0.0,0.0,0.0,0.02326893733437902,0.0,0.0,0.0,0.0,0.0,0.0,0.0,,,0.0,dasymetric_v2 preferred=M3_folk ages=M6_scaled
1932,216506.3509460888,0.0,0.0,0.0,0.0,0.0,0.0,0.0,0.0,0.02326893733437902,0.0,0.0,0.0,0.0,0.0,0.0,0.0,,,0.0,dasymetric_v2 preferred=M3_folk ages=M6_scaled
1933,216506.3509460888,0.0,0.0,0.0,0.0,0.0,0.0,0.0,0.0,0.02326893733437902,0.0,0.0,0.0,0.0,0.0,0.0,0.0,,,0.0,dasymetric_v2 preferred=M3_folk ages=M6_scaled
1934,216506.3509460888,0.0,0.0,0.0,0.0,0.0,0.0,0.0,0.0,0.02326893733437902,0.0,0.0,0.0,0.0,0.0,0.0,0.0,,,0.0,dasymetric_v2 preferred=M3_folk ages=M6_scaled
1935,216506.3509460888,0.0,0.0,0.0,0.0,0.0,0.0,0.0,0.0,0.02326893733437902,0.0,0.0,0.0,0.0,0.0,0.0,0.0,,,0.0,dasymetric_v2 preferred=M3_folk ages=M6_scaled
1936,216506.3509460888,0.0,0.0,0.0,0.0,0.0,0.0,0.0,0.0,0.02326893733437902,0.0,0.0,0.0,0.0,0.0,0.0,0.0,,,0.0,dasymetric_v2 preferred=M3_folk ages=M6_scaled
1937,216506.3509460888,0.0,0.0,0.0,0.0,0.0,0.0,0.0,0.0,0.02326893733437902,0.0,0.0,0.0,0.0,0.0,0.0,0.0,,,0.0,dasymetric_v2 preferred=M3_folk ages=M6_scaled
1938,216506.3509460888,0.0,0.0,0.0,0.0,0.0,0.0,0.0,0.0,0.02326893733437902,0.0,0.0,0.0,0.0,0.0,0.0,0.0,,,0.0,dasymetric_v2 preferred=M3_folk ages=M6_scaled
1939,216506.3509460888,0.0,0.0,0.0,0.0,0.0,0.0,0.0,0.0,0.02326893733437902,0.0,0.0,0.0,0.0,0.0,0.0,0.0,,,0.0,dasymetric_v2 preferred=M3_folk ages=M6_scaled
1940,216506.3509460888,0.0,0.0,0.0,0.0,0.0,0.0,0.0,0.0,0.02326893733437902,0.0,0.0,0.0,0.0,0.0,0.0,0.0,,,0.0,dasymetric_v2 preferred=M3_folk ages=M6_scaled
1941,216506.3509460888,0.0,0.0,0.0,0.0,0.0,0.0,0.0,0.0,0.02326893733437902,0.0,0.0,0.0,0.0,0.0,0.0,0.0,,,0.0,dasymetric_v2 preferred=M3_folk ages=M6_scaled
1942,216506.3509460888,0.0,0.0,0.0,0.0,0.0,0.0,0.0,2.578579709921059,0.02326893733437902,0.0,0.0,0.0,0.0,0.0,0.0,0.0,,,0.0,dasymetric_v2 preferred=M3_folk ages=M6_scaled
1943,216506.3509460888,11.2227009566546,12.286499837251778,0.0,0.0,0.0,0.0,0.0,4.671422429323845,0.02326893733437902,0.0,0.0,0.0,0.0,0.0,0.0,0.0,,,0.0,dasymetric_v2 preferred=M3_folk ages=M6_scaled
1944,216506.3509460888,67.38874633600146,73.77651993827118,2.3876404494382024,2.613964686998395,2.3228049788010567,2.5429834675479133,2.5476430417066114,41.97445426085675,15.662580492827098,0.0,0.0,0.0,2.5476430417066114,0.0,0.0,11.767059167428247,0.0,0.0,2.2791947242721626,dasymetric_v2 preferred=M3_folk ages=M6_scaled
1945,216506.3509460888,67.38874633600146,73.77651993827118,0.0,0.0,0.0,0.0,0.0,73.27388306588483,0.02326893733437902,0.0,0.0,0.0,0.0,0.0,0.0,0.0,,,0.0,dasymetric_v2 preferred=M3_folk ages=M6_scaled
1946,216506.3509460888,67.38874633600146,73.77651993827118,238.76404494382024,261.3964686998395,196.31753474901723,214.92645737060474,215.32027265865705,200.7300122492558,591.4615272446529,0.0,0.0,0.0,215.32027265865705,0.0,0.0,994.52173905177,0.0,0.0,192.63170759735135,dasymetric_v2 preferred=M3_folk ages=M6_scaled
1947,216506.3509460888,67.38874633600146,73.77651993827118,183.84831460674158,201.2752808988764,390.3257691993427,427.3247160612636,428.10771415375694,310.021297521303,406.8328363050868,0.0,0.0,0.0,428.10771415375694,0.0,0.0,1977.3448320708062,0.0,0.0,382.9974716025484,dasymetric_v2 preferred=M3_folk ages=M6_scaled
1948,216506.3509460888,66.81838418197476,73.15209320359388,47.752808988764045,52.2792937399679,40.3384794865044,44.16216056724196,44.24308003242819,214.03545093635785,85.59710457259554,0.0,0.0,0.0,44.24308003242819,0.0,0.0,204.35003333202428,0.0,0.0,39.581131636052035,dasymetric_v2 preferred=M3_folk ages=M6_scaled
1949,216506.3509460888,18.81606595606324,21.018153533548972,5.0,8.782312925170068,4.566049300907826,8.02009475846531,8.034790184827202,133.03341822761865,14.336331209732105,0.25525471788568543,0.04420564123015191,0.04842558507215389,8.034790184827202,0.04736909825513445,0.05065393394564229,37.111106208740765,0.5895499094000696,0.6304325661334201,4.480322529172194,dasymetric_v2 preferred=M3_folk ages=M6_scaled
1950,216506.3509460888,10.32692364724572,18.1388550048901,2.5,4.391156462585034,5.783662447816579,10.15878669405606,10.177400900781121,61.68152408776497,18.15935286566067,0.3233226426552016,0.05599381222485909,0.06133907442472826,10.177400900781121,0.060000857789836964,0.06416164966448024,47.0074011977383,0.5895499094000696,0.6304325661334201,5.675075203618111,dasymetric_v2 preferred=M3_folk ages=M6_scaled
1951,216506.3509460888,15.849011162686292,27.838195117044904,0.0,0.0,0.0,0.0,0.0,0.0,0.02326893733437902,0.0,0.0,0.0,0.0,0.0,0.0,0.0,,,0.0,dasymetric_v2 preferred=M3_folk ages=M6_scaled
1952,216506.3509460888,15.849011162686292,27.838195117044904,12.5,21.95578231292517,9.132098601815652,16.04018951693062,16.069580369654403,21.94366573330693,60.111888182998484,0.5105094357713709,0.08841128246030382,0.09685117014430777,16.069580369654403,0.0947381965102689,0.10130786789128458,74.22221241748153,0.5895499094000696,0.6304325661334201,8.960645058344388,dasymetric_v2 preferred=M3_folk ages=M6_scaled
1953,216506.3509460888,15.849011162686292,27.838195117044904,7.5,13.173469387755102,5.1870320058312895,9.110827645616592,9.1275216499637,40.77703138363201,27.55408187767369,0.2899693595181387,0.05021760843745257,0.055011464641966816,9.1275216499637,0.05381129561783273,0.05754286896224964,42.1582166531295,0.5895499094000696,0.63043256613342,5.089646393139611,dasymetric_v2 preferred=M3_folk ages=M6_scaled
1954,216506.3509460888,15.849011162686292,27.838195117044904,7.5,13.173469387755102,8.279769398979525,14.543105162017095,14.569752868486658,47.50376106168866,68.29429065470393,0.4628618884327096,0.08015956276400879,0.08781172759750572,14.569752868486658,0.08589596483597713,0.09185246688809802,67.29480592518324,0.5895499094000696,0.63043256613342,8.124318186232244,dasymetric_v2 preferred=M3_folk ages=M6_scaled
1955,216506.3509460888,15.849011162686292,27.838195117044904,2.5,4.391156462585034,3.104913524617322,5.453664435756411,5.4636573256824965,52.963350764476814,34.15321265327575,0.1735732081622661,0.0300598360365033,0.032929397849064644,5.4636573256824965,0.032210986813491424,0.03444467508303676,25.235552221943717,0.5895499094000696,0.6304325661334201,3.0466193198370917,dasymetric_v2 preferred=M3_folk ages=M6_scaled
1956,216506.3509460888,18.522000179028623,29.247042428234924,9.485549132947977,13.10811429143386,6.411423267378688,10.166236043375228,10.18486389973507,38.82891709782167,68.82634302480348,0.6844681709783169,0.11177323561420605,0.1242744322071509,10.18486389973507,0.11977198458762012,0.12999303716772279,47.04187131337849,1.175980216983907,1.2763355352358137,6.291049924315175,dasymetric_v2 preferred=M3_folk ages=M6_scaled
1957,216506.3509460888,26.615192547180303,33.51270616163424,0.0,0.0,0.0,0.0,0.0,26.807611476012042,0.02326893733437902,0.0,0.0,0.0,0.0,0.0,0.0,0.0,,,0.0,dasymetric_v2 preferred=M3_folk ages=M6_scaled
1958,216506.3509460888,39.0846487398521,40.084959067125,0.0,0.0,0.0,0.0,0.0,142.9860844311633,0.02326893733437902,0.0,0.0,0.0,0.0,0.0,0.0,0.0,,,0.0,dasymetric_v2 preferred=M3_folk ages=M6_scaled
1959,216506.3509460888,44.554960808615874,42.9681861968751,0.0,0.0,0.0,0.0,0.0,243.67355867003675,0.02326893733437902,0.0,0.0,0.0,0.0,0.0,0.0,0.0,,,0.0,dasymetric_v2 preferred=M3_folk ages=M6_scaled
1960,216506.3509460888,44.554960808615874,42.9681861968751,0.0,0.0,0.0,0.0,0.0,242.92614426137203,0.02326893733437902,0.0,0.0,0.0,0.0,0.0,0.0,0.0,,,0.0,dasymetric_v2 preferred=M3_folk ages=M6_scaled
1961,216506.3509460888,44.554960808615874,42.9681861968751,2.2427745664739884,2.162900683131897,0.8181919505196065,0.7890529682143159,0.7904987703075874,242.31952318327623,0.7492378082637817,0.13993089390840394,0.022850629784837685,0.025406341925075224,0.7904987703075874,0.02448587323582091,0.026575438660279303,3.651157422649582,3.0975219893502577,3.361857052597141,0.8028305406977325,dasymetric_v2 preferred=M3_folk ages=M6_scaled
1962,216506.3509460888,44.554960808615874,42.9681861968751,0.0,0.0,0.0,0.0,0.0,279.69024361692266,0.02326893733437902,0.0,0.0,0.0,0.0,0.0,0.0,0.0,,,0.0,dasymetric_v2 preferred=M3_folk ages=M6_scaled
1963,216506.3509460888,44.554960808615874,42.9681861968751,47.09826589595376,45.42091434576984,18.65350795719506,17.989184337351187,18.022146383524145,310.021297521303,115.94116764910754,3.1902074339892708,0.5209589317612995,0.5792252062143118,18.022146383524145,0.5582399471825528,0.605878799223887,83.24072852722807,3.0975219893502586,3.3618570525971405,18.30329162939559,dasymetric_v2 preferred=M3_folk ages=M6_scaled
1964,216506.3509460888,43.17950194733933,41.639217337975744,0.0,0.0,0.0,0.0,0.0,146.03031161099622,0.02326893733437902,0.0,0.0,0.0,0.0,0.0,0.0,0.0,,,0.0,dasymetric_v2 preferred=M3_folk ages=M6_scaled
1965,216506.3509460888,7.300593362900013,6.9730026350775764,0.0,0.0,0.0,0.0,0.0,6.200425950426059,0.02326893733437902,0.0,0.0,0.0,0.0,0.0,0.0,0.0,,,0.0,dasymetric_v2 preferred=M3_folk ages=M6_scaled
1966,216506.3509460888,7.300593362900013,6.9730026350775764,0.0,0.0,0.0,0.0,0.0,40.78369653304604,0.02326893733437902,0.0,0.0,0.0,0.0,0.0,0.0,0.0,,,0.0,dasymetric_v2 preferred=M3_folk ages=M6_scaled
1967,216506.3509460888,7.300593362900013,6.9730026350775764,11.729323308270676,11.203007518796992,15.30987299964613,14.622891518892777,14.649685419960715,70.42512564900177,39.2774464194652,1.3537500433929308,0.22106655791842972,0.2457915869960766,14.649685419960715,0.2368865875837558,0.25710191820177186,67.66399856606776,1.6170080161652445,1.7549995841648682,15.022432829501396,dasymetric_v2 preferred=M3_folk ages=M6_scaled
1968,216506.3509460888,7.300593362900013,6.9730026350775764,0.0,0.0,0.0,0.0,0.0,40.662678002324604,0.02326893733437902,0.0,0.0,0.0,0.0,0.0,0.0,0.0,,,0.0,dasymetric_v2 preferred=M3_folk ages=M6_scaled
1969,216506.3509460888,7.300593362900013,6.9730026350775764,0.0,0.0,0.0,0.0,0.0,14.933954840031507,0.02326893733437902,0.0,0.0,0.0,0.0,0.0,0.0,0.0,,,0.0,dasymetric_v2 preferred=M3_folk ages=M6_scaled
1970,216506.3509460888,7.300593362900013,6.9730026350775764,9.38345864661654,8.962406015037594,10.709550583887076,10.228993826917783,10.247736675982134,18.312681199609592,79.02831736268615,0.9469741890080359,0.15464030854390154,0.17193594186504396,10.247736675982134,0.16570672352613686,0.17984773604979715,47.33226822770605,1.6170080161652443,1.7549995841648682,10.508480657175255,dasymetric_v2 preferred=M3_folk ages=M6_scaled
1971,216506.3509460888,3.255842063072367,3.1097465858832223,0.0,0.0,0.0,0.0,0.0,21.391469528969903,0.02326893733437902,0.0,0.0,0.0,0.0,0.0,0.0,0.0,,,0.0,dasymetric_v2 preferred=M3_folk ages=M6_scaled
1972,216506.3509460888,0.0,0.0,0.0,0.0,0.0,0.0,0.0,9.84516541895849,0.02326893733437902,0.0,0.0,0.0,0.0,0.0,0.0,0.0,,,0.0,dasymetric_v2 preferred=M3_folk ages=M6_scaled
1973,216506.3509460888,0.0,0.0,0.0,0.0,0.0,0.0,0.0,0.0,0.02326893733437902,0.0,0.0,0.0,0.0,0.0,0.0,0.0,,,0.0,dasymetric_v2 preferred=M3_folk ages=M6_scaled
1974,216506.3509460888,0.0,0.0,0.0,0.0,0.0,0.0,0.0,0.0,0.02326893733437902,0.0,0.0,0.0,0.0,0.0,0.0,0.0,,,0.0,dasymetric_v2 preferred=M3_folk ages=M6_scaled
1975,216506.3509460888,0.0,0.0,0.0,0.0,0.0,0.0,0.0,0.0,0.02326893733437902,0.0,0.0,0.0,0.0,0.0,0.0,0.0,,,0.0,dasymetric_v2 preferred=M3_folk ages=M6_scaled
1976,216506.3509460888,0.0,0.0,0.0,0.0,0.0,0.0,0.0,0.0,0.02326893733437902,0.0,0.0,0.0,0.0,0.0,0.0,0.0,,,0.0,dasymetric_v2 preferred=M3_folk ages=M6_scaled
1977,216506.3509460888,0.0,0.0,0.0,0.0,0.0,0.0,0.0,0.0,0.02326893733437902,0.0,0.0,0.0,0.0,0.0,0.0,0.0,,,0.0,dasymetric_v2 preferred=M3_folk ages=M6_scaled
1978,216506.3509460888,0.0,0.0,0.0,0.0,0.0,0.0,0.0,0.0,0.02326893733437902,0.0,0.0,0.0,0.0,0.0,0.0,0.0,,,0.0,dasymetric_v2 preferred=M3_folk ages=M6_scaled
1979,216506.3509460888,0.0,0.0,0.0,0.0,0.0,0.0,0.0,0.0,0.02326893733437902,0.0,0.0,0.0,0.0,0.0,0.0,0.0,,,0.0,dasymetric_v2 preferred=M3_folk ages=M6_scaled
1980,216506.3509460888,0.0,0.0,0.0,0.0,0.0,0.0,0.0,0.0,0.02326893733437902,0.0,0.0,0.0,0.0,0.0,0.0,0.0,,,0.0,dasymetric_v2 preferred=M3_folk ages=M6_scaled
1981,216506.3509460888,0.0,0.0,0.0,0.0,0.0,0.0,0.0,0.0,0.02326893733437902,0.0,0.0,0.0,0.0,0.0,0.0,0.0,,,0.0,dasymetric_v2 preferred=M3_folk ages=M6_scaled
1982,216506.3509460888,0.0,0.0,0.0,0.0,0.0,0.0,0.0,0.0,0.02326893733437902,0.0,0.0,0.0,0.0,0.0,0.0,0.0,,,0.0,dasymetric_v2 preferred=M3_folk ages=M6_scaled
1983,216506.3509460888,0.0,0.0,0.0,0.0,0.0,0.0,0.0,0.0,0.02326893733437902,0.0,0.0,0.0,0.0,0.0,0.0,0.0,,,0.0,dasymetric_v2 preferred=M3_folk ages=M6_scaled
1984,216506.3509460888,0.0,0.0,0.0,0.0,0.0,0.0,0.0,0.0,0.02326893733437902,0.0,0.0,0.0,0.0,0.0,0.0,0.0,,,0.0,dasymetric_v2 preferred=M3_folk ages=M6_scaled
1985,216506.3509460888,0.0,0.0,0.0,0.0,0.0,0.0,0.0,0.4448980491181785,0.02326893733437902,0.0,0.0,0.0,0.0,0.0,0.0,0.0,,,0.0,dasymetric_v2 preferred=M3_folk ages=M6_scaled
1986,216506.3509460888,16.95269839550829,18.559643251822017,0.0,0.0,0.0,0.0,0.0,21.391469528969907,0.02326893733437902,0.0,0.0,0.0,0.0,0.0,0.0,0.0,,,0.0,dasymetric_v2 preferred=M3_folk ages=M6_scaled
1987,216506.3509460888,67.05429209824953,73.41036281142814,0.0,0.0,0.0,0.0,0.0,24.486412479356147,0.02326893733437902,0.0,0.0,0.0,0.0,0.0,0.0,0.0,,,0.0,dasymetric_v2 preferred=M3_folk ages=M6_scaled
1988,216506.3509460888,67.38874633600146,73.77651993827118,0.0,0.0,0.0,0.0,0.0,170.20169233919535,0.02326893733437902,0.0,0.0,0.0,0.0,0.0,0.0,0.0,,,0.0,dasymetric_v2 preferred=M3_folk ages=M6_scaled
1989,216506.3509460888,67.38874633600146,73.77651993827118,145.64606741573036,159.4518459069021,118.40903519841666,129.63301769453548,129.87054761443935,173.10964915298814,583.4374105766174,0.0,0.0,0.0,129.87054761443935,0.0,0.0,599.8463650000632,0.0,0.0,116.18592640940885,dasymetric_v2 preferred=M3_folk ages=M6_scaled
1990,216506.3509460888,67.38874633600146,73.77651993827118,355.7584269662922,389.4807383627608,301.07333835692305,329.61205479949524,330.21601146399536,310.021297521303,965.5611080569006,0.0,0.0,0.0,330.21601146399536,0.0,0.0,1525.2024248758453,0.0,0.0,295.42073943560234,dasymetric_v2 preferred=M3_folk ages=M6_scaled
1991,216506.3509460888,67.38874633600146,73.77651993827118,31.03932584269663,33.98154093097913,32.64081182419857,35.73483163408899,35.800309487237676,303.57349970798026,104.68113385545567,0.0,0.0,0.0,35.800309487237676,0.0,0.0,165.35454655624463,0.0,0.0,32.02798632887103,dasymetric_v2 preferred=M3_folk ages=M6_scaled
1992,216506.3509460888,31.17264320368773,34.12749543341545,2.3876404494382024,2.613964686998395,3.17359982568749,3.4744250864753465,3.480791365122405,0.0,10.17793399091108,0.0,0.0,0.0,3.480791365122405,0.0,0.0,16.077086653172316,0.0,0.0,3.1140160476974317,dasymetric_v2 preferred=M3_folk ages=M6_scaled
1993,216506.3509460888,0.0,0.0,15.0,26.346938775510203,13.113693592207277,23.03371214631237,23.07591741082372,0.0,39.162312955158015,0.7330915497676886,0.12695860161299627,0.13907828032722597,23.07591741082372,0.13604405018874613,0.14547809829188466,106.58309703150346,0.5895499094000697,0.6304325661334201,12.86748630378254,dasymetric_v2 preferred=M3_folk ages=M6_scaled
1994,216506.3509460888,4.212156250662581,7.398494856605975,0.0,0.0,0.0,0.0,0.0,0.0,0.02326893733437902,0.0,0.0,0.0,0.0,0.0,0.0,0.0,,,0.0,dasymetric_v2 preferred=M3_folk ages=M6_scaled
1995,216506.3509460888,15.440215372259829,27.120160606241413,2.5,4.391156462585034,2.7396295805446957,4.812056855079186,4.8208741108963205,0.4448980491181785,11.137608839501281,0.15315283073141128,0.026523384738091144,0.029055351043292335,4.8208741108963205,0.028421458953080667,0.030392360367385376,22.266663725244456,0.5895499094000696,0.6304325661334201,2.6881935175033163,dasymetric_v2 preferred=M3_folk ages=M6_scaled
1996,216506.3509460888,15.849011162686292,27.838195117044904,5.0,8.782312925170068,4.164236962427937,7.314326419720363,7.327728648562407,21.391469528969907,16.92916543604195,0.2327923027117451,0.04031554480189854,0.044164133585804344,7.327728648562407,0.043200617608682615,0.046196387758425765,33.845328862371574,0.5895499094000697,0.63043256613342,4.086054146605041,dasymetric_v2 preferred=M3_folk ages=M6_scaled
1997,216506.3509460888,15.849011162686292,27.838195117044904,0.0,0.0,0.0,0.0,0.0,22.552073135364065,0.02326893733437902,0.0,0.0,0.0,0.0,0.0,0.0,0.0,,,0.0,dasymetric_v2 preferred=M3_folk ages=M6_scaled
1998,216506.3509460888,15.849011162686292,27.838195117044904,5.0,8.782312925170068,4.444287986216951,7.806225564906235,7.820529113231808,77.19530308280443,32.04646361091004,0.24844792540873384,0.04302682413068119,0.047134236136896455,7.820529113231808,0.046105922301664194,0.0493031623737585,36.121476709841005,0.5895499094000697,0.6304325661334201,4.360847261727602,dasymetric_v2 preferred=M3_folk ages=M6_scaled
1999,216506.3509460888,24.15889229559162,32.21806859157295,2.2427745664739884,2.162900683131897,1.014811721574706,0.978670348172795,0.9804635910791782,76.55052330146982,14.047764870535907,0.1735576978708886,0.02834186639979868,0.03151174192257392,0.9804635910791782,0.030370075331250745,0.03296178438484255,4.528567345921963,3.0975219893502586,3.3618570525971414,0.9957588101677305,dasymetric_v2 preferred=M3_folk ages=M6_scaled
2000,216506.3509460888,43.4085363114875,42.36394238577346,11.213872832369942,10.814503415659484,5.7210010803774045,5.517254087824132,5.527363494708868,46.19317333067414,58.352980554483146,0.9784315217471344,0.15977727182886506,0.17764744508851046,5.527363494708868,0.17121129967992607,0.18582205946954986,25.529798412635067,3.097521989350258,3.3618570525971405,5.6135902923205805,dasymetric_v2 preferred=M3_folk ages=M6_scaled
2001,216506.3509460888,44.554960808615874,42.9681861968751,0.0,0.0,0.0,0.0,0.0,45.361407412755206,0.02326893733437902,0.0,0.0,0.0,0.0,0.0,0.0,0.0,,,0.0,dasymetric_v2 preferred=M3_folk ages=M6_scaled
2002,216506.3509460888,44.554960808615874,42.9681861968751,0.0,0.0,0.0,0.0,0.0,6.20042595042606,0.02326893733437902,0.0,0.0,0.0,0.0,0.0,0.0,0.0,,,0.0,dasymetric_v2 preferred=M3_folk ages=M6_scaled
2003,216506.3509460888,44.554960808615874,42.9681861968751,4.485549132947977,4.325801366263794,2.074021455968305,2.00015752407815,2.0038224642680706,6.071469994159606,28.638540732553377,0.3547085450236286,0.05792368945458855,0.06440212255426045,2.0038224642680706,0.0620688414582437,0.06736564683652195,9.255259513228012,3.0975219893502577,3.3618570525971405,2.035082068280299,dasymetric_v2 preferred=M3_folk ages=M6_scaled
2004,216506.3509460888,44.554960808615874,42.9681861968751,0.0,0.0,0.0,0.0,0.0,0.0,0.02326893733437902,0.0,0.0,0.0,0.0,0.0,0.0,0.0,,,0.0,dasymetric_v2 preferred=M3_folk ages=M6_scaled
2005,216506.3509460888,44.554960808615874,42.9681861968751,0.0,0.0,0.0,0.0,0.0,6.447797813306934,0.02326893733437902,0.0,0.0,0.0,0.0,0.0,0.0,0.0,,,0.0,dasymetric_v2 preferred=M3_folk ages=M6_scaled
2006,216506.3509460888,44.554960808615874,42.9681861968751,17.942196531791907,17.303205465055175,6.67238706935369,6.434757539236126,6.446548111345596,310.021297521303,52.68561984234427,1.1411418635010924,0.18634777157867632,0.20718970314092353,6.446548111345596,0.19968324530297363,0.21672373233033973,29.7753302994369,3.0975219893502586,3.3618570525971414,6.547114176852827,dasymetric_v2 preferred=M3_folk ages=M6_scaled
2007,216506.3509460888,44.554960808615874,42.9681861968751,145.78034682080926,140.5885444035733,69.52728807438703,67.05115222918862,67.1740117838122,303.7024556642464,548.9921717792566,11.890871775379255,1.941772121716207,2.158948218470346,67.1740117838122,2.0807297861323164,2.2582942526665253,310.26347028747847,3.0975219893502577,3.361857052597141,68.22192548161662,dasymetric_v2 preferred=M3_folk ages=M6_scaled
2008,216506.3509460888,33.093263656730635,31.893890182776893,0.0,0.0,0.0,0.0,0.0,6.20042595042606,0.02326893733437902,0.0,0.0,0.0,0.0,0.0,0.0,0.0,,,0.0,dasymetric_v2 preferred=M3_folk ages=M6_scaled
2009,216506.3509460888,7.300593362900013,6.9730026350775764,2.345864661654135,2.2406015037593985,1.6070459639051626,1.5349349270632642,1.5377474278965173,7.0321918683423394,7.370626396786822,0.14210036513179003,0.023204903114835168,0.025800238699107397,1.5377474278965173,0.024865499177461545,0.026987460965089836,7.102551131534356,1.6170080161652443,1.7549995841648685,1.5768739588659317,dasymetric_v2 preferred=M3_folk ages=M6_scaled
2010,216506.3509460888,7.300593362900013,6.9730026350775764,35.18796992481203,33.609022556390975,28.951362403176976,27.652262808162625,27.7029307621052,46.19317333067414,102.82271250964946,2.5599760435956065,0.4180425293970305,0.46479819335796535,27.7029307621052,0.4479586111359484,0.48618631967642756,127.95435626275636,1.6170080161652443,1.754999584164868,28.40780567117251,dasymetric_v2 preferred=M3_folk ages=M6_scaled
2011,216506.3509460888,7.300593362900013,6.9730026350775764,4.69172932330827,4.481203007518797,5.520386898910864,5.272677230369991,5.282338492774296,46.1931733306718,19.606025690399264,0.48813102526187413,0.07971149924943378,0.08862677415723916,5.282338492774296,0.08541583686914271,0.09270501858236967,24.39807640603405,1.617008016165244,1.7549995841648682,5.416742606791369,dasymetric_v2 preferred=M3_folk ages=M6_scaled
2012,216506.3509460888,8.19341234423801,7.835644664030166,11.729323308270676,11.203007518796992,11.862698069437347,11.330397515039515,11.351158494472765,46.19317333067414,109.80114061651112,1.0489393365071829,0.17129115505378328,0.19044909024455614,11.351158494472765,0.1835491427832467,0.19921278437589215,52.42875529918872,1.6170080161652443,1.7549995841648685,11.639978001705009,dasymetric_v2 preferred=M3_folk ages=M6_scaled
2013,216506.3509460888,13.086945669043956,12.563778366711517,2.345864661654135,2.2406015037593985,3.5821177210710498,3.421381669484528,3.4276507553113214,45.677349505607246,33.15608382628878,0.3167427986143717,0.051723906179632594,0.057508929008697404,3.4276507553113214,0.05542538747953261,0.06015525650233765,15.83164069013765,1.6170080161652443,1.754999584164868,3.514864091517955,dasymetric_v2 preferred=M3_folk ages=M6_scaled
2014,216506.3509460888,5.901997129603286,5.6475064613825,2.345864661654135,2.2406015037593985,1.3984980143907522,1.335744898360398,1.3381924181694884,21.391469528969907,8.677610223507891,0.12365985973300812,0.02019357980985656,0.022452116119833918,1.3381924181694884,0.021638678673516154,0.023485271374200315,6.180846022861959,1.617008016165244,1.7549995841648682,1.3722414603871467,dasymetric_v2 preferred=M3_folk ages=M6_scaled
2015,216506.3509460888,0.0,0.0,0.0,0.0,0.0,0.0,0.0,20.94657147985064,0.02326893733437902,0.0,0.0,0.0,0.0,0.0,0.0,0.0,,,0.0,dasymetric_v2 preferred=M3_folk ages=M6_scaled
2016,216506.3509460888,0.0,0.0,0.0,0.0,0.0,0.0,0.0,0.0,0.02326893733437902,0.0,0.0,0.0,0.0,0.0,0.0,0.0,,,0.0,dasymetric_v2 preferred=M3_folk ages=M6_scaled
2017,216506.3509460888,0.0,0.0,0.0,0.0,0.0,0.0,0.0,0.0,0.02326893733437902,0.0,0.0,0.0,0.0,0.0,0.0,0.0,,,0.0,dasymetric_v2 preferred=M3_folk ages=M6_scaled
2018,216506.3509460888,0.0,0.0,0.0,0.0,0.0,0.0,0.0,0.0,0.02326893733437902,0.0,0.0,0.0,0.0,0.0,0.0,0.0,,,0.0,dasymetric_v2 preferred=M3_folk ages=M6_scaled
2019,216506.3509460888,0.0,0.0,0.0,0.0,0.0,0.0,0.0,0.0,0.02326893733437902,0.0,0.0,0.0,0.0,0.0,0.0,0.0,,,0.0,dasymetric_v2 preferred=M3_folk ages=M6_scaled
2020,216506.3509460888,0.0,0.0,0.0,0.0,0.0,0.0,0.0,0.0,0.02326893733437902,0.0,0.0,0.0,0.0,0.0,0.0,0.0,,,0.0,dasymetric_v2 preferred=M3_folk ages=M6_scaled
2021,216506.3509460888,0.0,0.0,0.0,0.0,0.0,0.0,0.0,0.0,0.02326893733437902,0.0,0.0,0.0,0.0,0.0,0.0,0.0,,,0.0,dasymetric_v2 preferred=M3_folk ages=M6_scaled
2022,216506.3509460888,0.0,0.0,0.0,0.0,0.0,0.0,0.0,0.0,0.02326893733437902,0.0,0.0,0.0,0.0,0.0,0.0,0.0,,,0.0,dasymetric_v2 preferred=M3_folk ages=M6_scaled
2023,216506.3509460888,0.0,0.0,0.0,0.0,0.0,0.0,0.0,0.0,0.02326893733437902,0.0,0.0,0.0,0.0,0.0,0.0,0.0,,,0.0,dasymetric_v2 preferred=M3_folk ages=M6_scaled
2024,216506.3509460888,0.0,0.0,0.0,0.0,0.0,0.0,0.0,0.0,0.02326893733437902,0.0,0.0,0.0,0.0,0.0,0.0,0.0,,,0.0,dasymetric_v2 preferred=M3_folk ages=M6_scaled
2025,216506.3509460888,0.0,0.0,0.0,0.0,0.0,0.0,0.0,0.0,0.02326893733437902,0.0,0.0,0.0,0.0,0.0,0.0,0.0,,,0.0,dasymetric_v2 preferred=M3_folk ages=M6_scaled
2026,216506.3509460888,0.0,0.0,0.0,0.0,0.0,0.0,0.0,0.0,0.02326893733437902,0.0,0.0,0.0,0.0,0.0,0.0,0.0,,,0.0,dasymetric_v2 preferred=M3_folk ages=M6_scaled
2027,216506.3509460888,0.0,0.0,0.0,0.0,0.0,0.0,0.0,0.0,0.02326893733437902,0.0,0.0,0.0,0.0,0.0,0.0,0.0,,,0.0,dasymetric_v2 preferred=M3_folk ages=M6_scaled
2028,216506.3509460888,0.0,0.0,0.0,0.0,0.0,0.0,0.0,0.0,0.02326893733437902,0.0,0.0,0.0,0.0,0.0,0.0,0.0,,,0.0,dasymetric_v2 preferred=M3_folk ages=M6_scaled
2029,216506.3509460888,0.0,0.0,0.0,0.0,0.0,0.0,0.0,0.0,0.02326893733437902,0.0,0.0,0.0,0.0,0.0,0.0,0.0,,,0.0,dasymetric_v2 preferred=M3_folk ages=M6_scaled
2030,216506.3509460888,37.29911130564444,40.83469093192737,0.0,0.0,0.0,0.0,0.0,11.412044828539615,0.02326893733437902,0.0,0.0,0.0,0.0,0.0,0.0,0.0,,,0.0,dasymetric_v2 preferred=M3_folk ages=M6_scaled
2031,216506.3509460888,67.38874633600146,73.77651993827118,11.938202247191011,13.069823434991974,17.27248585980553,18.9097433429871,18.944392153155558,21.20786894973354,76.49454776599782,0.0,0.0,0.0,18.944392153155558,0.0,0.0,87.500399274074,0.0,0.0,16.948197978744744,dasymetric_v2 preferred=M3_folk ages=M6_scaled
2032,216506.3509460888,67.38874633600146,73.77651993827118,2.3876404494382024,2.613964686998395,2.0527113766148877,2.247287715507458,2.2514054787174707,100.88592910391877,9.090829757960648,0.0,0.0,0.0,2.2514054787174707,0.0,0.0,10.398796473541243,0.0,0.0,2.0141720819149347,dasymetric_v2 preferred=M3_folk ages=M6_scaled
2033,216506.3509460888,67.38874633600146,73.77651993827118,0.0,0.0,0.0,0.0,0.0,169.13734115522416,0.02326893733437902,0.0,0.0,0.0,0.0,0.0,0.0,0.0,,,0.0,dasymetric_v2 preferred=M3_folk ages=M6_scaled
2034,216506.3509460888,67.38874633600146,73.77651993827118,47.752808988764045,52.2792937399679,38.09670258835919,41.707885825306185,41.78430825961832,243.72911242582805,134.79773123176713,0.0,0.0,0.0,41.78430825961832,0.0,0.0,192.99345297276216,0.0,0.0,37.38144370448704,dasymetric_v2 preferred=M3_folk ages=M6_scaled
2035,216506.3509460888,67.38874633600146,73.77651993827118,2.3876404494382024,2.613964686998395,3.8758431913715308,4.243234041780529,4.251009028894171,307.7568903773955,12.430072576133957,0.0,0.0,0.0,4.251009028894171,0.0,0.0,19.63456965727853,0.0,0.0,3.8030749178262253,dasymetric_v2 preferred=M3_folk ages=M6_scaled
2036,216506.3509460888,67.38874633600146,73.77651993827118,2.3876404494382024,2.613964686998395,2.7684594224082364,3.030881458414664,3.036435020638694,142.20927340555434,8.878623268667113,0.0,0.0,0.0,3.036435020638694,0.0,0.0,14.024692612341807,0.0,0.0,2.7164820841615893,dasymetric_v2 preferred=M3_folk ages=M6_scaled
2037,216506.3509460888,5.995146082551958,6.56342547592327,11.938202247191011,13.069823434991974,14.504026437397297,15.878861884572435,15.907957132516865,0.18360057923995132,22.43433086180339,0.0,0.0,0.0,15.907957132516865,0.0,0.0,73.4757066617322,0.0,0.0,14.231715894583157,dasymetric_v2 preferred=M3_folk ages=M6_scaled
2038,216506.3509460888,0.0,0.0,5.0,8.782312925170068,4.517344775031476,7.934547081041681,7.949085756189045,0.04934129776528474,15.875317928278001,0.25253200089490485,0.04373411439036362,0.04790904549805092,7.949085756189045,0.04686382787374634,0.050113625316888774,36.71525440918086,0.5895499094000695,0.63043256613342,4.432532422194357,dasymetric_v2 preferred=M3_folk ages=M6_scaled
2039,216506.3509460888,0.7936428932576037,1.3940040478851243,0.0,0.0,0.0,0.0,0.0,0.0,0.02326893733437902,0.0,0.0,0.0,0.0,0.0,0.0,0.0,,,0.0,dasymetric_v2 preferred=M3_folk ages=M6_scaled
2040,216506.3509460888,14.997441150964297,26.34244425291824,0.0,0.0,0.0,0.0,0.0,11.412044828539615,0.02326893733437902,0.0,0.0,0.0,0.0,0.0,0.0,0.0,,,0.0,dasymetric_v2 preferred=M3_folk ages=M6_scaled
2041,216506.3509460888,13.855080544647217,24.33593058930552,5.0,8.782312925170068,3.725896229540786,6.5443973229076935,6.556388790818996,21.20786894973354,15.147148021721742,0.20828784979471934,0.036071803243803956,0.03951527741887757,6.556388790818996,0.03865318417618971,0.04133361009964411,30.28266266633246,0.5895499094000696,0.6304325661334201,3.65594318380451,dasymetric_v2 preferred=M3_folk ages=M6_scaled
2042,216506.3509460888,15.826919026489952,27.79939110639255,32.5,57.08503401360544,36.50404214432443,64.11798422901067,64.23546926429853,50.978420676359164,228.44536784922934,2.0406763845900935,0.35340936642132115,0.38714641079017964,64.23546926429853,0.37870015085038156,0.40496131725076157,296.6909237701461,0.5895499094000696,0.63043256613342,35.818685179888625,dasymetric_v2 preferred=M3_folk ages=M6_scaled
2043,216506.3509460888,15.849011162686292,27.838195117044904,0.0,0.0,0.0,0.0,0.0,76.53274447077754,0.02326893733437902,0.0,0.0,0.0,0.0,0.0,0.0,0.0,,,0.0,dasymetric_v2 preferred=M3_folk ages=M6_scaled
2044,216506.3509460888,33.38003421892951,37.07823858304502,23.45664739884393,30.542029949131518,13.450226014323215,18.06346889133968,18.096567051015764,60.127808348573595,117.97264566236144,1.7735427251181428,0.2896184472729427,0.3220106127713023,18.096567051015764,0.3103442072912185,0.3368282341826098,83.58446286650457,1.714934144229299,1.8612824920498032,13.197700388922433,dasymetric_v2 preferred=M3_folk ages=M6_scaled
2045,216506.3509460888,44.554960808615874,42.9681861968751,8.971098265895954,8.651602732527587,3.9070251280626174,3.767880840465261,3.7747848256548364,45.98030309388194,39.85081598842751,0.668197136802921,0.10911618563922493,0.1213202064019096,3.7747848256548364,0.11692479002531538,0.12690286988164381,17.434984281799558,3.0975219893502586,3.361857052597141,3.833671419145762,dasymetric_v2 preferred=M3_folk ages=M6_scaled
2046,216506.3509460888,44.554960808615874,42.9681861968751,8.971098265895954,8.651602732527587,4.268551803873606,4.1165321520018185,4.124074979976793,24.80040395817827,43.53831032501902,0.7300270666694251,0.1192129755441532,0.13254626446182655,4.124074979976793,0.12774412936207344,0.13864550556874394,19.048286398784253,3.0975219893502586,3.361857052597141,4.188410495268016,dasymetric_v2 preferred=M3_folk ages=M6_scaled
2047,216506.3509460888,44.554960808615874,42.9681861968751,0.0,0.0,0.0,0.0,0.0,6.543679207267007,0.02326893733437902,0.0,0.0,0.0,0.0,0.0,0.0,0.0,,,0.0,dasymetric_v2 preferred=M3_folk ages=M6_scaled
2048,216506.3509460888,44.554960808615874,42.9681861968751,0.0,0.0,0.0,0.0,0.0,3.080177191487969,0.02326893733437902,0.0,0.0,0.0,0.0,0.0,0.0,0.0,,,0.0,dasymetric_v2 preferred=M3_folk ages=M6_scaled
2049,216506.3509460888,44.554960808615874,42.9681861968751,0.0,0.0,0.0,0.0,0.0,0.18360057923995132,0.02326893733437902,0.0,0.0,0.0,0.0,0.0,0.0,0.0,,,0.0,dasymetric_v2 preferred=M3_folk ages=M6_scaled
2050,216506.3509460888,44.554960808615874,42.9681861968751,6.728323699421965,6.488702049395691,3.133231190361904,3.0216446999835043,3.0271813374569625,167.38708202261017,24.74020551532136,0.5358593921763685,0.08750551250937844,0.09729250318594698,3.0271813374569625,0.09376760758523668,0.10176950928820136,13.981951680534058,3.097521989350259,3.361857052597141,3.0744053263928675,dasymetric_v2 preferred=M3_folk ages=M6_scaled
2051,216506.3509460888,44.554960808615874,42.9681861968751,190.635838150289,183.84655806621123,78.48934409054365,75.69403474148962,75.83273087253019,310.02129752135494,600.4925184630587,13.423603194701538,2.1920662293594293,2.4372362893240767,75.83273087253019,2.348935513901425,2.5493880110151657,350.2563806611518,3.0975219893502586,3.361857052597141,77.01572047391039,dasymetric_v2 preferred=M3_folk ages=M6_scaled
2052,216506.3509460888,44.554960808615874,42.9681861968751,13.45664739884393,12.977404098791382,14.727455109352919,14.202953427857688,14.228977865536574,146.125655158729,71.56407742524345,2.5187560903512707,0.4113113361270784,0.457314154651354,14.228977865536574,0.44074571824477643,0.4783578958850274,65.72083360769248,3.0975219893502586,3.3618570525971405,14.450949732559188,dasymetric_v2 preferred=M3_folk ages=M6_scaled
2053,216506.3509460888,25.024471228269338,24.097819963420495,0.0,0.0,0.0,0.0,0.0,6.330808970467063,0.02326893733437902,0.0,0.0,0.0,0.0,0.0,0.0,0.0,,,0.0,dasymetric_v2 preferred=M3_folk ages=M6_scaled
2054,216506.3509460888,9.008034686947944,8.622733071909119,23.45864661654135,22.406015037593985,18.806118035623008,17.962253764793772,17.995166465384436,28.600348651473865,66.79119418529349,1.6628996927254514,0.2715505074430711,0.3019218772956614,17.995166465384436,0.29098328426754616,0.31581509663727264,83.11611362322266,1.6170080161652443,1.754999584164868,18.45303648046926,dasymetric_v2 preferred=M3_folk ages=M6_scaled
2055,216506.3509460888,23.534164260172297,22.65788482136648,7.037593984962406,6.7218045112781954,6.796209648881375,6.491251523611057,6.503145611104356,47.257524514681606,24.137196072180426,0.6009435288779518,0.09813371240930294,0.10910940640691219,6.503145611104356,0.1051563858344557,0.11413017843251731,30.036742953206364,1.6170080161652443,1.754999584164868,6.668612009249818,dasymetric_v2 preferred=M3_folk ages=M6_scaled
2056,216506.3509460888,34.59669657119252,33.34650761904817,0.0,0.0,0.0,0.0,0.0,46.47920983946735,0.02326893733437902,0.0,0.0,0.0,0.0,0.0,0.0,0.0,,,0.0,dasymetric_v2 preferred=M3_folk ages=M6_scaled
2057,216506.3509460888,44.08431116927014,42.51344434180995,0.0,0.0,0.0,0.0,0.0,46.19317333068189,0.02326893733437902,0.0,0.0,0.0,0.0,0.0,0.0,0.0,,,0.0,dasymetric_v2 preferred=M3_folk ages=M6_scaled
2058,216506.3509460888,42.62963024250236,41.11126323634901,11.213872832369942,10.814503415659484,5.353131831306573,5.162486086611493,5.171945442942665,32.96181700773862,74.87455520631866,0.9155168562689373,0.14950334525893805,0.16622443864157743,5.171945442942665,0.16020214737234767,0.17387341263004444,23.88819274973835,3.0975219893502586,3.3618570525971414,5.252627723634777,dasymetric_v2 preferred=M3_folk ages=M6_scaled
2059,216506.3509460888,0.0,0.0,2.2427745664739884,2.162900683131897,1.8964294046927315,1.8288902131479106,1.8322413358292142,21.604339765773435,22.759696989726837,0.324335947896223,0.05296386283462378,0.058887567717810015,1.8322413358292142,0.05675407827527482,0.06159733456917451,8.462760227691668,3.097521989350258,3.361857052597141,1.8608242765009462,dasymetric_v2 preferred=M3_folk ages=M6_scaled
2060,216506.3509460888,0.0,0.0,0.0,0.0,0.0,0.0,0.0,9.902372720716608,24.73880107579004,0.0,0.0,0.0,0.0,0.0,0.0,0.0,,,0.0,dasymetric_v2 preferred=M3_folk ages=M6_scaled
2061,216506.3509460888,0.0,0.0,0.0,0.0,0.0,0.0,0.0,0.0,0.02326893733437902,0.0,0.0,0.0,0.0,0.0,0.0,0.0,,,0.0,dasymetric_v2 preferred=M3_folk ages=M6_scaled
2062,216506.3509460888,0.0,0.0,0.0,0.0,0.0,0.0,0.0,0.0,0.02326893733437902,0.0,0.0,0.0,0.0,0.0,0.0,0.0,,,0.0,dasymetric_v2 preferred=M3_folk ages=M6_scaled
2063,216506.3509460888,0.0,0.0,0.0,0.0,0.0,0.0,0.0,0.0,0.02326893733437902,0.0,0.0,0.0,0.0,0.0,0.0,0.0,,,0.0,dasymetric_v2 preferred=M3_folk ages=M6_scaled
2064,216506.3509460888,0.0,0.0,0.0,0.0,0.0,0.0,0.0,0.0,0.02326893733437902,0.0,0.0,0.0,0.0,0.0,0.0,0.0,,,0.0,dasymetric_v2 preferred=M3_folk ages=M6_scaled
2065,216506.3509460888,0.0,0.0,0.0,0.0,0.0,0.0,0.0,0.0,0.02326893733437902,0.0,0.0,0.0,0.0,0.0,0.0,0.0,,,0.0,dasymetric_v2 preferred=M3_folk ages=M6_scaled
2066,216506.3509460888,0.0,0.0,0.0,0.0,0.0,0.0,0.0,0.0,0.02326893733437902,0.0,0.0,0.0,0.0,0.0,0.0,0.0,,,0.0,dasymetric_v2 preferred=M3_folk ages=M6_scaled
2067,216506.3509460888,0.0,0.0,0.0,0.0,0.0,0.0,0.0,0.0,0.02326893733437902,0.0,0.0,0.0,0.0,0.0,0.0,0.0,,,0.0,dasymetric_v2 preferred=M3_folk ages=M6_scaled
2068,216506.3509460888,0.0,0.0,0.0,0.0,0.0,0.0,0.0,0.0,0.02326893733437902,0.0,0.0,0.0,0.0,0.0,0.0,0.0,,,0.0,dasymetric_v2 preferred=M3_folk ages=M6_scaled
2069,216506.3509460888,0.0,0.0,0.0,0.0,0.0,0.0,0.0,0.0,0.02326893733437902,0.0,0.0,0.0,0.0,0.0,0.0,0.0,,,0.0,dasymetric_v2 preferred=M3_folk ages=M6_scaled
2070,216506.3509460888,0.0,0.0,0.0,0.0,0.0,0.0,0.0,0.0,0.02326893733437902,0.0,0.0,0.0,0.0,0.0,0.0,0.0,,,0.0,dasymetric_v2 preferred=M3_folk ages=M6_scaled
2071,216506.3509460888,0.0,0.0,0.0,0.0,0.0,0.0,0.0,0.0,0.02326893733437902,0.0,0.0,0.0,0.0,0.0,0.0,0.0,,,0.0,dasymetric_v2 preferred=M3_folk ages=M6_scaled
2072,216506.3509460888,0.0,0.0,2.3876404494382024,2.613964686998395,2.2822909384731314,2.498629104741845,2.5032074072582406,0.0,0.02326893733437902,0.0,0.0,0.0,2.5032074072582406,0.0,0.0,11.561819763345198,0.0,0.0,2.2394413279185788,dasymetric_v2 preferred=M3_folk ages=M6_scaled
2073,216506.3509460888,0.0,0.0,0.0,0.0,0.0,0.0,0.0,0.0,0.02326893733437902,0.0,0.0,0.0,0.0,0.0,0.0,0.0,,,0.0,dasymetric_v2 preferred=M3_folk ages=M6_scaled
2074,216506.3509460888,30.085243762396995,32.93702149046286,0.0,0.0,0.0,0.0,0.0,2.1307218556215295,0.02326893733437902,0.0,0.0,0.0,0.0,0.0,0.0,0.0,,,0.0,dasymetric_v2 preferred=M3_folk ages=M6_scaled
2075,216506.3509460888,48.84881794284092,53.47919329070012,0.0,0.0,0.0,0.0,0.0,3.0914437298042627,0.02326893733437902,0.0,0.0,0.0,0.0,0.0,0.0,0.0,,,0.0,dasymetric_v2 preferred=M3_folk ages=M6_scaled
2076,216506.3509460888,67.38874633600146,73.77651993827118,11.938202247191011,13.069823434991974,8.588976549520186,9.403124914886469,9.420354503054678,58.545184087892665,17.405738032193998,0.0,0.0,0.0,9.420354503054678,0.0,0.0,43.51075366560677,0.0,0.0,8.427720026959857,dasymetric_v2 preferred=M3_folk ages=M6_scaled
2077,216506.3509460888,67.38874633600146,73.77651993827118,0.0,0.0,0.0,0.0,0.0,58.54518408789146,0.02326893733437902,0.0,0.0,0.0,0.0,0.0,0.0,0.0,,,0.0,dasymetric_v2 preferred=M3_folk ages=M6_scaled
2078,216506.3509460888,67.38874633600146,73.77651993827118,9.55056179775281,10.45585874799358,8.372901667771252,9.166568313254105,9.183364452663366,72.47207621666527,49.35873867300897,0.0,0.0,0.0,9.183364452663366,0.0,0.0,42.416143510497164,0.0,0.0,8.215701913074076,dasymetric_v2 preferred=M3_folk ages=M6_scaled
2079,216506.3509460888,67.38874633600146,73.77651993827118,11.938202247191011,13.069823434991974,11.6410342542239,12.74448691294361,12.76783896483197,71.9562523915995,61.5778938165261,0.0,0.0,0.0,12.76783896483197,0.0,0.0,58.97212210652994,0.0,0.0,11.422475885596537,dasymetric_v2 preferred=M3_folk ages=M6_scaled
2080,216506.3509460888,51.75501404757719,56.66086747998619,0.0,0.0,0.0,0.0,0.0,19.26074767334479,0.02326893733437902,0.0,0.0,0.0,0.0,0.0,0.0,0.0,,,0.0,dasymetric_v2 preferred=M3_folk ages=M6_scaled
2081,216506.3509460888,0.15801016886201832,0.17298793949028357,0.0,0.0,0.0,0.0,0.0,18.815849624226058,0.02326893733437902,0.0,0.0,0.0,0.0,0.0,0.0,0.0,,,0.0,dasymetric_v2 preferred=M3_folk ages=M6_scaled
2082,216506.3509460888,0.0,0.0,0.0,0.0,0.0,0.0,0.0,0.0,0.02326893733437902,0.0,0.0,0.0,0.0,0.0,0.0,0.0,,,0.0,dasymetric_v2 preferred=M3_folk ages=M6_scaled
2083,216506.3509460888,0.0,0.0,0.0,0.0,0.0,0.0,0.0,0.0,0.02326893733437902,0.0,0.0,0.0,0.0,0.0,0.0,0.0,,,0.0,dasymetric_v2 preferred=M3_folk ages=M6_scaled
2084,216506.3509460888,1.329840915145143,2.335815811499836,0.0,0.0,0.0,0.0,0.0,2.1307218556215295,0.02326893733437902,0.0,0.0,0.0,0.0,0.0,0.0,0.0,,,0.0,dasymetric_v2 preferred=M3_folk ages=M6_scaled
2085,216506.3509460888,0.45949736728628054,0.8070899335599839,2.5,4.391156462585034,2.47175468822477,4.3415446292492215,4.349499753386458,2.1307218556215295,17.82310167949243,0.13817788728211772,0.023929987119255567,0.026214383385725973,4.349499753386458,0.025642471855446113,0.027420662909241028,20.089478827664998,0.5895499094000696,0.6304325661334201,2.425347929125214,dasymetric_v2 preferred=M3_folk ages=M6_scaled
2086,216506.3509460888,7.836832938616886,13.765103841842722,2.5,4.391156462585034,2.130823007090319,3.7427108872838115,3.7495687529193606,7.689126696373345,15.364742827148646,0.11911886834665321,0.02062929924073756,0.02259860636700515,3.7495687529193606,0.02210557918572941,0.023638502507966404,17.31851623074569,0.5895499094000696,0.6304325661334201,2.0908171802803572,dasymetric_v2 preferred=M3_folk ages=M6_scaled
2087,216506.3509460888,11.618828882969742,20.408038214848894,0.0,0.0,0.0,0.0,0.0,8.134024745491523,0.02326893733437902,0.0,0.0,0.0,0.0,0.0,0.0,0.0,,,0.0,dasymetric_v2 preferred=M3_folk ages=M6_scaled
2088,216506.3509460888,43.621086765328435,42.475970955126954,11.213872832369942,10.814503415659484,4.274894377133448,4.122648841677899,4.130202877421038,23.86187168041157,7.082875852521417,0.7311118022811182,0.11939011220915194,0.13274321284884263,4.130202877421038,0.12793394233289376,0.13885151672114923,19.076589944696266,3.097521989350259,3.3618570525971414,4.194633987831564,dasymetric_v2 preferred=M3_folk ages=M6_scaled
2089,216506.3509460888,44.554960808615874,42.9681861968751,4.485549132947977,4.325801366263794,2.4672609980785034,2.3793922839951076,2.3837521058112516,24.37769550547557,4.08789125612883,0.42196215294859785,0.06890616268451054,0.07661292254925785,2.3837521058112516,0.07383724564910336,0.08013833828564844,11.010079359772769,3.0975219893502586,3.3618570525971414,2.4209386072202945,dasymetric_v2 preferred=M3_folk ages=M6_scaled
2090,216506.3509460888,44.554960808615874,42.9681861968751,26.91329479768786,25.954808197582764,12.107972353038209,11.67676059163666,11.698156221063444,42.20964986146094,51.96462850541091,2.0707602827220395,0.338153893482598,0.3759744708137101,11.698156221063444,0.36235296129598543,0.3932752899416527,54.03146914603141,3.097521989350259,3.361857052597142,11.880647303813733,dasymetric_v2 preferred=M3_folk ages=M6_scaled
2091,216506.3509460888,44.554960808615874,42.9681861968751,8.971098265895954,8.651602732527587,4.268551803873606,4.1165321520018185,4.124074979976793,41.69382603639518,18.319641165082004,0.7300270666694251,0.1192129755441532,0.13254626446182655,4.124074979976793,0.12774412936207344,0.13864550556874394,19.048286398784253,3.0975219893502586,3.361857052597141,4.188410495268016,dasymetric_v2 preferred=M3_folk ages=M6_scaled
2092,216506.3509460888,44.554960808615874,42.9681861968751,0.0,0.0,0.0,0.0,0.0,19.26074767334479,0.02326893733437902,0.0,0.0,0.0,0.0,0.0,0.0,0.0,,,0.0,dasymetric_v2 preferred=M3_folk ages=M6_scaled
2093,216506.3509460888,44.554960808615874,42.9681861968751,0.0,0.0,0.0,0.0,0.0,25.263647437532992,0.02326893733437902,0.0,0.0,0.0,0.0,0.0,0.0,0.0,,,0.0,dasymetric_v2 preferred=M3_folk ages=M6_scaled
2094,216506.3509460888,44.554960808615874,42.9681861968751,715.4450867052024,689.9653179190751,983.2320493139529,948.2153502755929,949.9527897042831,310.02129752125103,983.5201667977792,168.15679926026888,27.459902944769944,30.53113590362082,949.9527897042831,29.424996549536385,31.936054857016725,4387.643990826054,3.0975219893502586,3.3618570525971405,964.7720406938232,dasymetric_v2 preferred=M3_folk ages=M6_scaled
2095,216506.3509460888,44.554960808615874,42.9681861968751,186.15028901734104,179.52075669994744,83.84247592185022,80.85652082810111,81.00467631547286,304.0183977570542,93.89450038831973,14.339120050970477,2.3415695746183673,2.603460727965654,81.00467631547286,2.5091376612737726,2.72326142364521,374.1445734108902,3.097521989350258,3.3618570525971405,82.26834819754517,dasymetric_v2 preferred=M3_folk ages=M6_scaled
2096,216506.3509460888,44.554960808615874,42.9681861968751,0.0,0.0,0.0,0.0,0.0,19.878348211206106,0.02326893733437902,0.0,0.0,0.0,0.0,0.0,0.0,0.0,,,0.0,dasymetric_v2 preferred=M3_folk ages=M6_scaled
2097,216506.3509460888,42.08511695207143,40.58182215204635,0.0,0.0,0.0,0.0,0.0,22.97329116159288,0.02326893733437902,0.0,0.0,0.0,0.0,0.0,0.0,0.0,,,0.0,dasymetric_v2 preferred=M3_folk ages=M6_scaled
2098,216506.3509460888,44.554960808615874,42.9681861968751,8.971098265895954,8.651602732527587,4.3383201097318675,4.183815738438699,4.191481851863487,157.84968158194056,42.979099439395384,0.7419591583980487,0.12116147885913936,0.13471269671900352,4.191481851863487,0.12983207204109692,0.1409116282452019,19.359625403816388,3.0975219893502586,3.3618570525971414,4.256868913467048,dasymetric_v2 preferred=M3_folk ages=M6_scaled
2099,216506.3509460888,44.554960808615874,42.9681861968751,78.4971098265896,75.70152390961638,32.600826555587425,31.43978493505104,31.4973928634186,155.27056245661333,320.71080602030185,5.575541044102296,0.9104824580935326,1.0123147092626872,31.4973928634186,0.9756386700164301,1.0588973233630667,145.48022598774304,3.0975219893502586,3.361857052597141,31.98875177663834,dasymetric_v2 preferred=M3_folk ages=M6_scaled
2100,216506.3509460888,44.554960808615874,42.9681861968751,11.213872832369942,10.814503415659484,4.782300237920801,4.611984015764296,4.620434672960627,46.193173330666404,44.24402498816614,0.8178906512165625,0.13356104540905128,0.1484990838101296,4.620434672960627,0.14311897999851914,0.1553324089135705,21.340873617657248,3.0975219893502586,3.361857052597141,4.692513392915429,dasymetric_v2 preferred=M3_folk ages=M6_scaled
2101,216506.3509460888,44.554960808615874,42.9681861968751,0.0,0.0,0.0,0.0,0.0,46.1931733306652,0.02326893733437902,0.0,0.0,0.0,0.0,0.0,0.0,0.0,,,0.0,dasymetric_v2 preferred=M3_folk ages=M6_scaled
2102,216506.3509460888,24.33015603748987,23.46366500710129,0.0,0.0,0.0,0.0,0.0,43.722771179221155,0.02326893733437902,0.0,0.0,0.0,0.0,0.0,0.0,0.0,,,0.0,dasymetric_v2 preferred=M3_folk ages=M6_scaled
2103,216506.3509460888,0.0,0.0,0.0,0.0,0.0,0.0,0.0,42.762049305037216,0.02326893733437902,0.0,0.0,0.0,0.0,0.0,0.0,0.0,,,0.0,dasymetric_v2 preferred=M3_folk ages=M6_scaled
2104,216506.3509460888,0.0,0.0,0.0,0.0,0.0,0.0,0.0,0.0,0.02326893733437902,0.0,0.0,0.0,0.0,0.0,0.0,0.0,,,0.0,dasymetric_v2 preferred=M3_folk ages=M6_scaled
2105,216506.3509460888,0.0,0.0,0.0,0.0,0.0,0.0,0.0,0.0,0.02326893733437902,0.0,0.0,0.0,0.0,0.0,0.0,0.0,,,0.0,dasymetric_v2 preferred=M3_folk ages=M6_scaled
2106,216506.3509460888,0.0,0.0,0.0,0.0,0.0,0.0,0.0,0.0,0.02326893733437902,0.0,0.0,0.0,0.0,0.0,0.0,0.0,,,0.0,dasymetric_v2 preferred=M3_folk ages=M6_scaled
2107,216506.3509460888,0.0,0.0,0.0,0.0,0.0,0.0,0.0,0.0,0.02326893733437902,0.0,0.0,0.0,0.0,0.0,0.0,0.0,,,0.0,dasymetric_v2 preferred=M3_folk ages=M6_scaled
2108,216506.3509460888,0.0,0.0,0.0,0.0,0.0,0.0,0.0,0.0,0.02326893733437902,0.0,0.0,0.0,0.0,0.0,0.0,0.0,,,0.0,dasymetric_v2 preferred=M3_folk ages=M6_scaled
2109,216506.3509460888,0.0,0.0,0.0,0.0,0.0,0.0,0.0,0.0,0.02326893733437902,0.0,0.0,0.0,0.0,0.0,0.0,0.0,,,0.0,dasymetric_v2 preferred=M3_folk ages=M6_scaled
2110,216506.3509460888,0.0,0.0,0.0,0.0,0.0,0.0,0.0,0.0,0.02326893733437902,0.0,0.0,0.0,0.0,0.0,0.0,0.0,,,0.0,dasymetric_v2 preferred=M3_folk ages=M6_scaled
2111,216506.3509460888,0.0,0.0,0.0,0.0,0.0,0.0,0.0,0.0,0.02326893733437902,0.0,0.0,0.0,0.0,0.0,0.0,0.0,,,0.0,dasymetric_v2 preferred=M3_folk ages=M6_scaled
2112,216506.3509460888,0.0,0.0,0.0,0.0,0.0,0.0,0.0,0.0,0.02326893733437902,0.0,0.0,0.0,0.0,0.0,0.0,0.0,,,0.0,dasymetric_v2 preferred=M3_folk ages=M6_scaled
2113,216506.3509460888,0.0,0.0,0.0,0.0,0.0,0.0,0.0,0.0,0.02326893733437902,0.0,0.0,0.0,0.0,0.0,0.0,0.0,,,0.0,dasymetric_v2 preferred=M3_folk ages=M6_scaled
2114,216506.3509460888,0.0,0.0,0.0,0.0,0.0,0.0,0.0,0.0,0.02326893733437902,0.0,0.0,0.0,0.0,0.0,0.0,0.0,,,0.0,dasymetric_v2 preferred=M3_folk ages=M6_scaled
2115,216506.3509460888,0.0,0.0,0.0,0.0,0.0,0.0,0.0,0.0,0.02326893733437902,0.0,0.0,0.0,0.0,0.0,0.0,0.0,,,0.0,dasymetric_v2 preferred=M3_folk ages=M6_scaled
2116,216506.3509460888,0.0,0.0,0.0,0.0,0.0,0.0,0.0,0.0,0.02326893733437902,0.0,0.0,0.0,0.0,0.0,0.0,0.0,,,0.0,dasymetric_v2 preferred=M3_folk ages=M6_scaled
2117,216506.3509460888,0.0,0.0,0.0,0.0,0.0,0.0,0.0,0.0,0.02326893733437902,0.0,0.0,0.0,0.0,0.0,0.0,0.0,,,0.0,dasymetric_v2 preferred=M3_folk ages=M6_scaled
2118,216506.3509460888,0.0,0.0,2.3876404494382024,2.613964686998395,2.984534304157172,3.267438060047028,3.273425071030007,0.0,13.217588003350679,0.0,0.0,0.0,3.273425071030007,0.0,0.0,15.119302767451412,0.0,0.0,2.928500198047372,dasymetric_v2 preferred=M3_folk ages=M6_scaled
2119,216506.3509460888,0.0,0.0,0.0,0.0,0.0,0.0,0.0,0.0,0.02326893733437902,0.0,0.0,0.0,0.0,0.0,0.0,0.0,,,0.0,dasymetric_v2 preferred=M3_folk ages=M6_scaled
2120,216506.3509460888,4.7363511484628615,5.1853094758129545,0.0,0.0,0.0,0.0,0.0,24.933323367998018,0.02326893733437902,0.0,0.0,0.0,0.0,0.0,0.0,0.0,,,0.0,dasymetric_v2 preferred=M3_folk ages=M6_scaled
2121,216506.3509460888,62.6762426419206,68.61731841503712,16.713483146067418,18.297752808988765,16.381176972591174,17.933947361253598,17.966808195291392,46.19317333067414,33.19679281926308,0.0,0.0,0.0,17.966808195291392,0.0,0.0,82.98513238424688,0.0,0.0,16.073623258965892,dasymetric_v2 preferred=M3_folk ages=M6_scaled
2122,216506.3509460888,67.38874633600146,73.77651993827118,52.528089887640455,57.507223113964685,49.94030704422272,54.67414455228013,54.77432539669214,46.1931733306765,127.22225308961674,0.0,0.0,0.0,54.77432539669214,0.0,0.0,252.9917720997073,0.0,0.0,49.0026865718515,dasymetric_v2 preferred=M3_folk ages=M6_scaled
2123,216506.3509460888,67.38874633600146,73.77651993827118,0.0,0.0,0.0,0.0,0.0,46.19317333067414,0.02326893733437902,0.0,0.0,0.0,0.0,0.0,0.0,0.0,,,0.0,dasymetric_v2 preferred=M3_folk ages=M6_scaled
2124,216506.3509460888,64.2692503657548,70.36132720714737,26.264044943820227,28.753611556982342,25.159219043641677,27.544059302568385,27.59452899243847,32.80615407269099,76.79129623138245,0.0,0.0,0.0,27.59452899243847,0.0,0.0,127.45366993557455,0.0,0.0,24.68685913557581,dasymetric_v2 preferred=M3_folk ages=M6_scaled
2125,216506.3509460888,1.6546917741044185,1.8115398683220474,0.0,0.0,0.0,0.0,0.0,21.391469528969907,0.02326893733437902,0.0,0.0,0.0,0.0,0.0,0.0,0.0,,,0.0,dasymetric_v2 preferred=M3_folk ages=M6_scaled
2126,216506.3509460888,0.0,0.0,0.0,0.0,0.0,0.0,0.0,9.845165418958493,9.170084961202688,0.0,0.0,0.0,0.0,0.0,0.0,0.0,,,0.0,dasymetric_v2 preferred=M3_folk ages=M6_scaled
2127,216506.3509460888,0.0,0.0,0.0,0.0,0.0,0.0,0.0,0.0,0.02326893733437902,0.0,0.0,0.0,0.0,0.0,0.0,0.0,,,0.0,dasymetric_v2 preferred=M3_folk ages=M6_scaled
2128,216506.3509460888,0.0,0.0,0.0,0.0,0.0,0.0,0.0,0.0,0.02326893733437902,0.0,0.0,0.0,0.0,0.0,0.0,0.0,,,0.0,dasymetric_v2 preferred=M3_folk ages=M6_scaled
2129,216506.3509460888,0.0,0.0,0.0,0.0,0.0,0.0,0.0,0.0,0.02326893733437902,0.0,0.0,0.0,0.0,0.0,0.0,0.0,,,0.0,dasymetric_v2 preferred=M3_folk ages=M6_scaled
2130,216506.3509460888,0.0,0.0,2.5,4.391156462585034,2.276936584719369,3.9993539195547014,4.006682038833831,0.0,0.02326893733437902,0.12728701931899514,0.022043879760102417,0.024148225089314072,4.006682038833831,0.02362139032989371,0.025259428394226957,18.506071629425392,0.5895499094000695,0.63043256613342,2.2341875012138668,dasymetric_v2 preferred=M3_folk ages=M6_scaled
2131,216506.3509460888,0.0,0.0,0.0,0.0,0.0,0.0,0.0,0.0,2.616670752637734,0.0,0.0,0.0,0.0,0.0,0.0,0.0,,,0.0,dasymetric_v2 preferred=M3_folk ages=M6_scaled
2132,216506.3509460888,4.805932751253515,4.9525929060150755,6.728323699421965,6.488702049395691,3.9387379943618273,3.798464288845661,3.8054243128760605,11.546304110012505,6.525913804771216,0.6736208148613864,0.11000186896421862,0.12230494833699003,3.8054243128760605,0.11787385487941694,0.12793292564367015,17.57650201135962,3.097521989350258,3.3618570525971414,3.864788881963504,dasymetric_v2 preferred=M3_folk ages=M6_scaled
2133,216506.3509460888,32.6527813972939,31.489889463744543,0.0,0.0,0.0,0.0,0.0,21.391469528969907,0.02326893733437902,0.0,0.0,0.0,0.0,0.0,0.0,0.0,,,0.0,dasymetric_v2 preferred=M3_folk ages=M6_scaled
2134,216506.3509460888,44.554960808615874,42.9681861968751,0.0,0.0,0.0,0.0,0.0,34.77848878695651,0.02326893733437902,0.0,0.0,0.0,0.0,0.0,0.0,0.0,,,0.0,dasymetric_v2 preferred=M3_folk ages=M6_scaled
2135,216506.3509460888,44.554960808615874,42.9681861968751,33.641618497109825,32.443510246978455,20.543594788627953,19.811957860823018,19.848259821909114,46.19317333067414,88.16837701887162,3.5134586462738007,0.5737456579309246,0.6379158255451058,19.848259821909114,0.6148042124870073,0.6672701226406563,91.67518520900772,3.097521989350259,3.3618570525971414,20.157892413332995,dasymetric_v2 preferred=M3_folk ages=M6_scaled
2136,216506.3509460888,44.554960808615874,42.9681861968751,6.728323699421965,6.488702049395691,4.217811217794871,4.067598634593179,4.075051800422835,32.80615407269099,45.12179815570396,0.7213491817758807,0.11779588222416326,0.13097067736569784,4.075051800422835,0.1262256255955109,0.13699741634950183,18.82185803148816,3.097521989350258,3.3618570525971405,4.138622554759629,dasymetric_v2 preferred=M3_folk ages=M6_scaled
2137,216506.3509460888,44.554960808615874,42.9681861968751,0.0,0.0,0.0,0.0,0.0,21.391469528969907,0.02326893733437902,0.0,0.0,0.0,0.0,0.0,0.0,0.0,,,0.0,dasymetric_v2 preferred=M3_folk ages=M6_scaled
2138,216506.3509460888,44.554960808615874,42.9681861968751,103.16763005780346,99.49343142406725,55.38334970493957,53.410934251530286,53.50880048314615,177.18290614377742,101.54089591111055,9.471911361303745,1.5467573587690129,1.7197533154244717,53.50880048314615,1.6574468612030093,1.798889382802782,247.14656290369112,3.0975219893502586,3.3618570525971414,54.343537064903884,dasymetric_v2 preferred=M3_folk ages=M6_scaled
2139,216506.3509460888,44.554960808615874,42.9681861968751,394.72832369942194,380.67052023121386,330.270474786488,318.50826481283616,319.09187571671856,310.021297521303,317.54334151548665,56.48435277208069,9.22386041981448,10.255496408701683,319.09187571671856,9.883941016555553,10.727412728047007,1473.8222427303028,3.097521989350258,3.361857052597141,324.0697047690879,dasymetric_v2 preferred=M3_folk ages=M6_scaled
2140,216506.3509460888,43.68319529102618,42.131788988719975,2.2427745664739884,2.162900683131897,0.8245345237794485,0.795169657890396,0.7966266677518323,154.22986090651239,8.068081355873234,0.14101562952009697,0.023027766449836427,0.025603290312091312,0.7966266677518323,0.024675686206641227,0.02678144981268457,3.6794609685615947,3.097521989350258,3.3618570525971414,0.8090540332612809,dasymetric_v2 preferred=M3_folk ages=M6_scaled
2141,216506.3509460888,44.554960808615874,42.9681861968751,0.0,0.0,0.0,0.0,0.0,21.391469528969907,0.02326893733437902,0.0,0.0,0.0,0.0,0.0,0.0,0.0,,,0.0,dasymetric_v2 preferred=M3_folk ages=M6_scaled
2142,216506.3509460888,44.554960808615874,42.9681861968751,11.213872832369942,10.814503415659484,6.348915833101753,6.122806365756048,6.134025341689108,101.71358507688406,62.897775641571315,1.0858203473047467,0.1773138016637405,0.19714533540310308,6.134025341689108,0.19000278379113747,0.20621716355767117,28.331849457924275,3.097521989350259,3.361857052597141,6.2297160561118625,dasymetric_v2 preferred=M3_folk ages=M6_scaled
2143,216506.3509460888,44.554960808615874,42.9681861968751,4.485549132947977,4.325801366263794,1.9915680035903602,1.9206405582891102,1.9241597974928872,170.20169233919535,19.730171380073322,0.3406069820716189,0.055620912809604905,0.06184179352305132,1.9241597974928872,0.05960127283757958,0.0646875018552535,8.887313416371851,3.097521989350258,3.361857052597141,1.954176664954171,dasymetric_v2 preferred=M3_folk ages=M6_scaled
2144,216506.3509460888,44.554960808615874,42.9681861968751,76.25433526011561,73.53862322648449,39.53960170185447,38.131443440682524,38.20131266742248,103.26659604927646,388.01845859586035,6.762241803294496,1.104269969602156,1.2277762446582863,38.20131266742248,1.183294060093857,1.2842735240944276,176.44430521548443,3.0975219893502586,3.361857052597141,38.79725264116019,dasymetric_v2 preferred=M3_folk ages=M6_scaled
2145,216506.3509460888,44.554960808615874,42.9681861968751,2.2427745664739884,2.162900683131897,1.3002275182675918,1.2539213835963936,1.2562189760701972,46.19317333067414,12.029211037896628,0.22237080039707602,0.036313016324742056,0.040374419338297836,1.2562189760701972,0.03891165901816501,0.042232286243079516,5.8022269119625145,3.097521989350258,3.3618570525971414,1.2758159755274046,dasymetric_v2 preferred=M3_folk ages=M6_scaled
2146,216506.3509460888,44.554960808615874,42.9681861968751,22.427745664739884,21.629006831318968,11.131216071022553,10.734790381520344,10.754460014649736,46.1931733306765,119.56758816102335,1.9037109985213092,0.3108748470727918,0.3456444192132327,10.754460014649736,0.3331217637896566,0.3615495724712417,49.67272307558152,3.0975219893502586,3.361857052597142,10.922229449027292,dasymetric_v2 preferred=M3_folk ages=M6_scaled
2147,216506.3509460888,5.334721695591985,5.144731607089177,4.485549132947977,4.325801366263794,3.069805457763485,2.9604778032227053,2.9659023630145147,46.19317333067414,35.498401572169456,0.5250120360594379,0.08573414585939101,0.09532301931578611,2.9659023630145147,0.0918694778770335,0.09970939776414871,13.698916221413938,3.097521989350258,3.361857052597141,3.0121704007573844,dasymetric_v2 preferred=M3_folk ages=M6_scaled
2148,216506.3509460888,0.0,0.0,2.2427745664739884,2.162900683131897,0.9196731226770771,0.8869200030315955,0.8885451294155052,21.25984996267848,24.716862251696504,0.1572866636954928,0.025684816424817555,0.028557516117332614,0.8885451294155052,0.027522880768945986,0.029871617098763556,4.104014157241778,3.0975219893502586,3.361857052597141,0.9024064217145057,dasymetric_v2 preferred=M3_folk ages=M6_scaled
2149,216506.3509460888,0.0,0.0,0.0,0.0,0.0,0.0,0.0,0.0,0.02326893733437902,0.0,0.0,0.0,0.0,0.0,0.0,0.0,,,0.0,dasymetric_v2 preferred=M3_folk ages=M6_scaled
2150,216506.3509460888,0.0,0.0,0.0,0.0,0.0,0.0,0.0,0.0,0.02326893733437902,0.0,0.0,0.0,0.0,0.0,0.0,0.0,,,0.0,dasymetric_v2 preferred=M3_folk ages=M6_scaled
2151,216506.3509460888,0.0,0.0,0.0,0.0,0.0,0.0,0.0,0.0,0.02326893733437902,0.0,0.0,0.0,0.0,0.0,0.0,0.0,,,0.0,dasymetric_v2 preferred=M3_folk ages=M6_scaled
2152,216506.3509460888,0.0,0.0,0.0,0.0,0.0,0.0,0.0,0.0,0.02326893733437902,0.0,0.0,0.0,0.0,0.0,0.0,0.0,,,0.0,dasymetric_v2 preferred=M3_folk ages=M6_scaled
2153,216506.3509460888,0.0,0.0,0.0,0.0,0.0,0.0,0.0,0.0,0.02326893733437902,0.0,0.0,0.0,0.0,0.0,0.0,0.0,,,0.0,dasymetric_v2 preferred=M3_folk ages=M6_scaled
2154,216506.3509460888,0.0,0.0,0.0,0.0,0.0,0.0,0.0,0.0,0.02326893733437902,0.0,0.0,0.0,0.0,0.0,0.0,0.0,,,0.0,dasymetric_v2 preferred=M3_folk ages=M6_scaled
2155,216506.3509460888,0.0,0.0,0.0,0.0,0.0,0.0,0.0,0.0,0.02326893733437902,0.0,0.0,0.0,0.0,0.0,0.0,0.0,,,0.0,dasymetric_v2 preferred=M3_folk ages=M6_scaled
2156,216506.3509460888,0.0,0.0,0.0,0.0,0.0,0.0,0.0,0.0,0.02326893733437902,0.0,0.0,0.0,0.0,0.0,0.0,0.0,,,0.0,dasymetric_v2 preferred=M3_folk ages=M6_scaled
2157,216506.3509460888,0.0,0.0,0.0,0.0,0.0,0.0,0.0,0.0,0.02326893733437902,0.0,0.0,0.0,0.0,0.0,0.0,0.0,,,0.0,dasymetric_v2 preferred=M3_folk ages=M6_scaled
2158,216506.3509460888,0.0,0.0,0.0,0.0,0.0,0.0,0.0,0.0,0.02326893733437902,0.0,0.0,0.0,0.0,0.0,0.0,0.0,,,0.0,dasymetric_v2 preferred=M3_folk ages=M6_scaled
2159,216506.3509460888,0.0,0.0,0.0,0.0,0.0,0.0,0.0,0.0,0.02326893733437902,0.0,0.0,0.0,0.0,0.0,0.0,0.0,,,0.0,dasymetric_v2 preferred=M3_folk ages=M6_scaled
2160,216506.3509460888,0.0,0.0,0.0,0.0,0.0,0.0,0.0,0.0,0.02326893733437902,0.0,0.0,0.0,0.0,0.0,0.0,0.0,,,0.0,dasymetric_v2 preferred=M3_folk ages=M6_scaled
2161,216506.3509460888,0.0,0.0,0.0,0.0,0.0,0.0,0.0,0.0,0.02326893733437902,0.0,0.0,0.0,0.0,0.0,0.0,0.0,,,0.0,dasymetric_v2 preferred=M3_folk ages=M6_scaled
2162,216506.3509460888,0.0,0.0,0.0,0.0,0.0,0.0,0.0,0.0,0.02326893733437902,0.0,0.0,0.0,0.0,0.0,0.0,0.0,,,0.0,dasymetric_v2 preferred=M3_folk ages=M6_scaled
2163,216506.3509460888,0.0,0.0,9.55056179775281,10.45585874799358,8.778042071050505,9.610111941314788,9.627720797147077,0.34108153943346353,17.7888832090033,0.0,0.0,0.0,9.627720797147077,0.0,0.0,44.46853755132768,0.0,0.0,8.613235876609917,dasymetric_v2 preferred=M3_folk ages=M6_scaled
2164,216506.3509460888,1.050400434691127,1.1499678036265548,33.426966292134836,36.59550561797753,28.31931418921986,31.00369960144171,31.06050847941142,18.496870758435243,57.38967398350756,0.0,0.0,0.0,31.06050847941142,0.0,0.0,143.46234345405253,0.0,0.0,27.78762405115538,dasymetric_v2 preferred=M3_folk ages=M6_scaled
2165,216506.3509460888,57.13215796660012,62.54771041923246,0.0,0.0,0.0,0.0,0.0,19.116511093183338,0.02326893733437902,0.0,0.0,0.0,0.0,0.0,0.0,0.0,,,0.0,dasymetric_v2 preferred=M3_folk ages=M6_scaled
2166,216506.3509460888,67.38874633600146,73.77651993827118,0.0,0.0,0.0,0.0,0.0,46.19317333067414,0.02326893733437902,0.0,0.0,0.0,0.0,0.0,0.0,0.0,,,0.0,dasymetric_v2 preferred=M3_folk ages=M6_scaled
2167,216506.3509460888,67.38874633600146,73.77651993827118,2.3876404494382024,2.613964686998395,2.363319019128982,2.587337830353982,2.592078676154983,45.39040196803878,13.931902044800918,0.0,0.0,0.0,2.592078676154983,0.0,0.0,11.9722985715113,0.0,0.0,2.318948120625747,dasymetric_v2 preferred=M3_folk ages=M6_scaled
2168,216506.3509460888,54.49078706436678,59.65596419114037,2.3876404494382024,2.613964686998395,2.4578517798941415,2.690831343568141,2.695761823201182,8.565664982094173,3.8017208722981533,0.0,0.0,0.0,2.695761823201182,0.0,0.0,12.451190514371751,0.0,0.0,2.411706045450777,dasymetric_v2 preferred=M3_folk ages=M6_scaled
2169,216506.3509460888,0.0,0.0,2.3876404494382024,2.613964686998395,2.619907941205843,2.8682487947924136,2.873504360994666,8.407714470543905,4.052383786955174,0.0,0.0,0.0,2.873504360994666,0.0,0.0,13.272148130703954,0.0,0.0,2.570719630865114,dasymetric_v2 preferred=M3_folk ages=M6_scaled
2170,216506.3509460888,0.0,0.0,0.0,0.0,0.0,0.0,0.0,0.0,0.02326893733437902,0.0,0.0,0.0,0.0,0.0,0.0,0.0,,,0.0,dasymetric_v2 preferred=M3_folk ages=M6_scaled
2171,216506.3509460888,0.0,0.0,0.0,0.0,0.0,0.0,0.0,0.0,0.02326893733437902,0.0,0.0,0.0,0.0,0.0,0.0,0.0,,,0.0,dasymetric_v2 preferred=M3_folk ages=M6_scaled
2172,216506.3509460888,0.0,0.0,0.0,0.0,0.0,0.0,0.0,0.0,0.02326893733437902,0.0,0.0,0.0,0.0,0.0,0.0,0.0,,,0.0,dasymetric_v2 preferred=M3_folk ages=M6_scaled
2173,216506.3509460888,0.0,0.0,0.0,0.0,0.0,0.0,0.0,0.0,0.02326893733437902,0.0,0.0,0.0,0.0,0.0,0.0,0.0,,,0.0,dasymetric_v2 preferred=M3_folk ages=M6_scaled
2174,216506.3509460888,0.0,0.0,0.0,0.0,0.0,0.0,0.0,0.0,0.02326893733437902,0.0,0.0,0.0,0.0,0.0,0.0,0.0,,,0.0,dasymetric_v2 preferred=M3_folk ages=M6_scaled
2175,216506.3509460888,0.0,0.0,0.0,0.0,0.0,0.0,0.0,0.15795051154972473,1.9230953724205033,0.0,0.0,0.0,0.0,0.0,0.0,0.0,,,0.0,dasymetric_v2 preferred=M3_folk ages=M6_scaled
2176,216506.3509460888,0.0,0.0,6.728323699421965,6.488702049395691,3.3235083881571614,3.205145390265904,3.211018260784309,8.565664982094173,13.451158889061444,0.5684014605271601,0.09281961245934067,0.10320095479642959,3.211018260784309,0.09946199670984618,0.10794984386035934,14.831058057894428,3.0975219893502577,3.361857052597141,3.261110103299317,dasymetric_v2 preferred=M3_folk ages=M6_scaled
2177,216506.3509460888,11.83343644854817,11.412001973342143,22.427745664739884,21.629006831318968,9.310897545447926,8.979300444485395,8.995753448151461,8.748796009977369,15.426797850892344,1.5923918779654027,0.2600366242181529,0.2891202321396157,8.995753448151461,0.27864544116422557,0.30242437173093034,41.54960539883401,3.097521989350258,3.3618570525971405,9.136087083288926,dasymetric_v2 preferred=M3_folk ages=M6_scaled
2178,216506.3509460888,28.57616330342199,27.55845551942008,2.2427745664739884,2.162900683131897,1.8076333790549446,1.743256557682791,1.7464507716097861,18.496870758435243,7.757946110027296,0.3091496493325203,0.0504839495246414,0.056130290299584794,1.7464507716097861,0.054096696683790385,0.058713178435500786,8.066510584923495,3.097521989350258,3.3618570525971414,1.7736953806112696,dasymetric_v2 preferred=M3_folk ages=M6_scaled
2179,216506.3509460888,44.554960808615874,42.9681861968751,6.728323699421965,6.488702049395691,5.213595219590051,5.027918913737734,5.037131699169278,18.39691292984553,31.974733323556194,0.8916526728116901,0.14560633862896571,0.16189157412722352,5.037131699169278,0.1560262620143007,0.16934116727712858,23.26551473967408,3.0975219893502586,3.3618570525971414,5.115710887236714,dasymetric_v2 preferred=M3_folk ages=M6_scaled
2180,216506.3509460888,44.554960808615874,42.9681861968751,2.2427745664739884,2.162900683131897,0.7801365109605551,0.7523528301578362,0.7537313856421183,12.283289488434965,9.009055013053874,0.1334224802382456,0.021787809794845236,0.0242246516029787,0.7537313856421183,0.02334699541089901,0.02533937174584771,3.4813361471775086,3.097521989350258,3.3618570525971414,0.7654895853164427,dasymetric_v2 preferred=M3_folk ages=M6_scaled
2181,216506.3509460888,44.554960808615874,42.9681861968751,2.2427745664739884,2.162900683131897,0.4566652747086176,0.4404016566777577,0.44120861598563016,14.618251163704523,0.4390674563895191,0.07810096404189985,0.012753839879909407,0.014180283865158265,0.44120861598563016,0.013666533899062836,0.014832802973179146,2.0378553056648827,3.097521989350259,3.3618570525971414,0.44809146457547866,dasymetric_v2 preferred=M3_folk ages=M6_scaled
2182,216506.3509460888,44.101360809518674,42.53298915683496,65.04046242774567,62.72411981082501,39.74256404616941,38.327177510317085,38.39740538563832,136.96587675113912,79.26955568083784,6.796953342868674,1.1099383428821157,1.234078593042801,38.39740538563832,1.189368075160107,1.2908658809713962,177.35001868466887,3.0975219893502572,3.3618570525971405,38.996404403193736,dasymetric_v2 preferred=M3_folk ages=M6_scaled
2183,216506.3509460888,21.658620140841894,21.000770618837855,0.0,0.0,0.0,0.0,0.0,134.6309150758604,0.02326893733437902,0.0,0.0,0.0,0.0,0.0,0.0,0.0,,,0.0,dasymetric_v2 preferred=M3_folk ages=M6_scaled
2184,216506.3509460888,41.56126208888629,40.0959445209684,8.971098265895954,8.651602732527587,5.365816977826257,5.174719465963653,5.184201237831155,12.283289488434965,51.2955937527291,0.9176863274923235,0.1498576185889355,0.1666183354156096,5.184201237831155,0.1605817733139883,0.17428543493485496,23.944799841562375,3.0975219893502586,3.361857052597141,5.265074708761874,dasymetric_v2 preferred=M3_folk ages=M6_scaled
2185,216506.3509460888,44.554960808615874,42.9681861968751,11.213872832369942,10.814503415659484,5.2897060987081534,5.1013191898506935,5.1106664685002166,13.918542791190761,51.84485041288207,0.9046695001520069,0.14773197860895063,0.16425495477141655,5.1106664685002166,0.1583040176641445,0.17181330110599177,23.60515729061823,3.0975219893502586,3.361857052597141,5.190392797999294,dasymetric_v2 preferred=M3_folk ages=M6_scaled
2186,216506.3509460888,44.554960808615874,42.9681861968751,8.971098265895954,8.651602732527587,3.2664252288185844,3.150095183181184,3.1558671837861048,95.84920221237948,46.11019466961335,0.5586388400219227,0.091225382474352,0.1014284193132848,3.1558671837861048,0.09775367997246333,0.10609574348871195,14.576326144686316,3.0975219893502586,3.3618570525971414,3.205098670227382,dasymetric_v2 preferred=M3_folk ages=M6_scaled
2187,216506.3509460888,44.554960808615874,42.9681861968751,4.485549132947977,4.325801366263794,2.7399916482517055,2.6424099400665466,2.6472516959137815,94.93354707295529,41.472634096006864,0.4686057842513992,0.07652303927945645,0.0850817031909496,2.6472516959137815,0.08199920339437701,0.08899681783907488,12.2271318339893,3.097521989350258,3.3618570525971414,2.6885487874528717,dasymetric_v2 preferred=M3_folk ages=M6_scaled
2188,216506.3509460888,44.554960808615874,42.9681861968751,8.971098265895954,8.651602732527587,3.875312261763408,3.737297392084861,3.744145338433612,46.19317333067414,43.22731827170855,0.6627734587444558,0.1082305023142312,0.12033546446682916,3.744145338433612,0.11597572517121377,0.12587281411961748,17.293466552239494,3.097521989350258,3.361857052597141,3.8025539563280204,dasymetric_v2 preferred=M3_folk ages=M6_scaled
2189,216506.3509460888,44.554960808615874,42.9681861968751,22.427745664739884,21.629006831318968,9.88807171209354,9.535919205008671,9.553392115577743,46.1931733306718,122.33478410391521,1.6911028186294708,0.2761560607330384,0.3070425353580796,9.553392115577743,0.29591842150887443,0.32117138659980954,44.12522807682713,3.097521989350258,3.3618570525971405,9.702424906571823,dasymetric_v2 preferred=M3_folk ages=M6_scaled
2190,216506.3509460888,39.04050070342445,37.65011736065957,15.699421965317919,15.140304781923279,8.467335301888951,8.165780717566758,8.180743088066892,46.19317333067414,67.38355544759428,1.4481220416102265,0.23647744777332025,0.26292609666647615,8.180743088066892,0.2534003160451234,0.27502488846103,37.78523379253637,3.097521989350259,3.361857052597142,8.308362572337,dasymetric_v2 preferred=M3_folk ages=M6_scaled
2191,216506.3509460888,0.0,0.0,6.728323699421965,6.488702049395691,4.021191446739771,3.8779812546347,3.8850869796512435,45.23245145648906,23.575743834271947,0.6877223778133961,0.11230464560920228,0.12486527736819916,3.8850869796512435,0.12034142350008108,0.1306110706249386,17.944448108215774,3.0975219893502586,3.3618570525971414,3.945694285289631,dasymetric_v2 preferred=M3_folk ages=M6_scaled
2192,216506.3509460888,0.0,0.0,0.0,0.0,0.0,0.0,0.0,0.0,0.02326893733437902,0.0,0.0,0.0,0.0,0.0,0.0,0.0,,,0.0,dasymetric_v2 preferred=M3_folk ages=M6_scaled
2193,216506.3509460888,0.0,0.0,0.0,0.0,0.0,0.0,0.0,0.0,0.02326893733437902,0.0,0.0,0.0,0.0,0.0,0.0,0.0,,,0.0,dasymetric_v2 preferred=M3_folk ages=M6_scaled
2194,216506.3509460888,0.0,0.0,0.0,0.0,0.0,0.0,0.0,0.0,0.02326893733437902,0.0,0.0,0.0,0.0,0.0,0.0,0.0,,,0.0,dasymetric_v2 preferred=M3_folk ages=M6_scaled
2195,216506.3509460888,0.0,0.0,0.0,0.0,0.0,0.0,0.0,0.0,0.02326893733437902,0.0,0.0,0.0,0.0,0.0,0.0,0.0,,,0.0,dasymetric_v2 preferred=M3_folk ages=M6_scaled
2196,216506.3509460888,0.0,0.0,0.0,0.0,0.0,0.0,0.0,0.0,0.02326893733437902,0.0,0.0,0.0,0.0,0.0,0.0,0.0,,,0.0,dasymetric_v2 preferred=M3_folk ages=M6_scaled
2197,216506.3509460888,0.0,0.0,0.0,0.0,0.0,0.0,0.0,0.0,0.02326893733437902,0.0,0.0,0.0,0.0,0.0,0.0,0.0,,,0.0,dasymetric_v2 preferred=M3_folk ages=M6_scaled
2198,216506.3509460888,0.0,0.0,0.0,0.0,0.0,0.0,0.0,0.0,0.02326893733437902,0.0,0.0,0.0,0.0,0.0,0.0,0.0,,,0.0,dasymetric_v2 preferred=M3_folk ages=M6_scaled
2199,216506.3509460888,0.0,0.0,0.0,0.0,0.0,0.0,0.0,0.0,0.02326893733437902,0.0,0.0,0.0,0.0,0.0,0.0,0.0,,,0.0,dasymetric_v2 preferred=M3_folk ages=M6_scaled
2200,216506.3509460888,0.0,0.0,0.0,0.0,0.0,0.0,0.0,0.0,0.02326893733437902,0.0,0.0,0.0,0.0,0.0,0.0,0.0,,,0.0,dasymetric_v2 preferred=M3_folk ages=M6_scaled
2201,216506.3509460888,0.0,0.0,0.0,0.0,0.0,0.0,0.0,0.0,0.02326893733437902,0.0,0.0,0.0,0.0,0.0,0.0,0.0,,,0.0,dasymetric_v2 preferred=M3_folk ages=M6_scaled
2202,216506.3509460888,0.0,0.0,0.0,0.0,0.0,0.0,0.0,0.0,0.02326893733437902,0.0,0.0,0.0,0.0,0.0,0.0,0.0,,,0.0,dasymetric_v2 preferred=M3_folk ages=M6_scaled
2203,216506.3509460888,0.0,0.0,0.0,0.0,0.0,0.0,0.0,0.0,0.02326893733437902,0.0,0.0,0.0,0.0,0.0,0.0,0.0,,,0.0,dasymetric_v2 preferred=M3_folk ages=M6_scaled
2204,216506.3509460888,0.0,0.0,0.0,0.0,0.0,0.0,0.0,0.0,0.02326893733437902,0.0,0.0,0.0,0.0,0.0,0.0,0.0,,,0.0,dasymetric_v2 preferred=M3_folk ages=M6_scaled
2205,216506.3509460888,0.0,0.0,0.0,0.0,0.0,0.0,0.0,0.0,0.02326893733437902,0.0,0.0,0.0,0.0,0.0,0.0,0.0,,,0.0,dasymetric_v2 preferred=M3_folk ages=M6_scaled
2206,216506.3509460888,0.0,0.0,0.0,0.0,0.0,0.0,0.0,0.0,0.02326893733437902,0.0,0.0,0.0,0.0,0.0,0.0,0.0,,,0.0,dasymetric_v2 preferred=M3_folk ages=M6_scaled
2207,216506.3509460888,0.0,0.0,0.0,0.0,0.0,0.0,0.0,0.0,0.02326893733437902,0.0,0.0,0.0,0.0,0.0,0.0,0.0,,,0.0,dasymetric_v2 preferred=M3_folk ages=M6_scaled
2208,216506.3509460888,0.0,0.0,0.0,0.0,0.0,0.0,0.0,0.0,0.02326893733437902,0.0,0.0,0.0,0.0,0.0,0.0,0.0,,,0.0,dasymetric_v2 preferred=M3_folk ages=M6_scaled
2209,216506.3509460888,0.0,0.0,0.0,0.0,0.0,0.0,0.0,0.0,0.02326893733437902,0.0,0.0,0.0,0.0,0.0,0.0,0.0,,,0.0,dasymetric_v2 preferred=M3_folk ages=M6_scaled
2210,216506.3509460888,44.37672382022417,48.58318974200677,0.0,0.0,0.0,0.0,0.0,24.933323367998018,0.02326893733437902,0.0,0.0,0.0,0.0,0.0,0.0,0.0,,,0.0,dasymetric_v2 preferred=M3_folk ages=M6_scaled
2211,216506.3509460888,67.38874633600146,73.77651993827118,21.48876404494382,23.525682182985552,20.02744060210446,21.92584001379974,21.966015295644794,46.19317333067414,63.49761619556614,0.0,0.0,0.0,21.966015295644794,0.0,0.0,101.45667875172146,0.0,0.0,19.651428930788473,dasymetric_v2 preferred=M3_folk ages=M6_scaled
2212,216506.3509460888,60.29113206916428,66.00612341151867,16.713483146067418,18.297752808988765,17.09692501838452,18.7175411041608,18.751837737212615,21.25984996267848,54.20632643532483,0.0,0.0,0.0,18.751837737212615,0.0,0.0,86.61102852304744,0.0,0.0,16.775933261212547,dasymetric_v2 preferred=M3_folk ages=M6_scaled
2213,216506.3509460888,9.587579399492451,10.4963852450914,9.55056179775281,10.45585874799358,6.711826014326309,7.348039438205308,7.361503440280151,0.0,10.381622382044956,0.0,0.0,0.0,7.361503440280151,0.0,0.0,34.00132794309209,0.0,0.0,6.585812662577122,dasymetric_v2 preferred=M3_folk ages=M6_scaled
2214,216506.3509460888,0.0,0.0,2.3876404494382024,2.613964686998395,1.755608414210101,1.9220223882629577,1.9255441594294156,0.0,2.715514908784395,0.0,0.0,0.0,1.9255441594294156,0.0,0.0,8.893707510265536,0.0,0.0,1.7226471753219834,dasymetric_v2 preferred=M3_folk ages=M6_scaled
2215,216506.3509460888,0.0,0.0,0.0,0.0,0.0,0.0,0.0,0.0,0.02326893733437902,0.0,0.0,0.0,0.0,0.0,0.0,0.0,,,0.0,dasymetric_v2 preferred=M3_folk ages=M6_scaled
2216,216506.3509460888,0.0,0.0,0.0,0.0,0.0,0.0,0.0,0.0,0.02326893733437902,0.0,0.0,0.0,0.0,0.0,0.0,0.0,,,0.0,dasymetric_v2 preferred=M3_folk ages=M6_scaled
2217,216506.3509460888,0.0,0.0,0.0,0.0,0.0,0.0,0.0,0.0,0.02326893733437902,0.0,0.0,0.0,0.0,0.0,0.0,0.0,,,0.0,dasymetric_v2 preferred=M3_folk ages=M6_scaled
2218,216506.3509460888,0.0,0.0,0.0,0.0,0.0,0.0,0.0,0.0,0.02326893733437902,0.0,0.0,0.0,0.0,0.0,0.0,0.0,,,0.0,dasymetric_v2 preferred=M3_folk ages=M6_scaled
2219,216506.3509460888,0.0,0.0,0.0,0.0,0.0,0.0,0.0,0.0,0.02326893733437902,0.0,0.0,0.0,0.0,0.0,0.0,0.0,,,0.0,dasymetric_v2 preferred=M3_folk ages=M6_scaled
2220,216506.3509460888,0.0,0.0,0.0,0.0,0.0,0.0,0.0,0.0,21.94220293778148,0.0,0.0,0.0,0.0,0.0,0.0,0.0,,,0.0,dasymetric_v2 preferred=M3_folk ages=M6_scaled
2221,216506.3509460888,0.0,0.0,15.699421965317919,15.140304781923279,6.9704880125662605,6.722241954011886,6.734559291225105,0.0,11.549080952405099,1.192124437250666,0.1946731948336172,0.21644627733067962,6.734559291225105,0.20860445493152854,0.22640625649338725,31.10559695730148,3.0975219893502586,3.361857052597141,6.839618327339598,dasymetric_v2 preferred=M3_folk ages=M6_scaled
2222,216506.3509460888,0.0,0.0,24.67052023121387,23.791907514450866,10.896540860408402,10.508472863505386,10.527727809212676,0.0,20.430855610254866,1.8635757808886662,0.30432079046783833,0.33835732889363745,10.527727809212676,0.32609868386930485,0.3539271598322468,48.625491876837074,3.0975219893502586,3.361857052597141,10.691960224176004,dasymetric_v2 preferred=M3_folk ages=M6_scaled
2223,216506.3509460888,13.957725647751582,13.46063701174918,2.2427745664739884,2.162900683131897,2.714621355212338,2.6179431813622265,2.6227401061368014,0.0,11.650529596812923,0.464266841804627,0.07581449261946147,0.08429390964288523,2.6227401061368014,0.08123995151109574,0.0881727732294538,12.113917650341248,3.0975219893502586,3.361857052597141,2.6636548171986787,dasymetric_v2 preferred=M3_folk ages=M6_scaled
2224,216506.3509460888,44.554960808615874,42.9681861968751,0.0,0.0,0.0,0.0,0.0,3.346754814496378,0.02326893733437902,0.0,0.0,0.0,0.0,0.0,0.0,0.0,,,0.0,dasymetric_v2 preferred=M3_folk ages=M6_scaled
2225,216506.3509460888,44.554960808615874,42.9681861968751,0.0,0.0,0.0,0.0,0.0,6.20042595042606,0.02326893733437902,0.0,0.0,0.0,0.0,0.0,0.0,0.0,,,0.0,dasymetric_v2 preferred=M3_folk ages=M6_scaled
2226,216506.3509460888,34.402207611150864,33.22733930845206,0.0,0.0,0.0,0.0,0.0,14.399975245942503,0.02326893733437902,0.0,0.0,0.0,0.0,0.0,0.0,0.0,,,0.0,dasymetric_v2 preferred=M3_folk ages=M6_scaled
2227,216506.3509460888,11.25637282432718,11.020551811689199,2.2427745664739884,2.162900683131897,1.7568927929762093,1.6943230402741514,1.6974275920558273,21.391469528969907,25.99090356226461,0.30047176443897583,0.04906685620465147,0.0545547032034561,1.6974275920558273,0.05257819291722785,0.05706508921625866,7.840082217627398,3.0975219893502586,3.3618570525971414,1.723907440102883,dasymetric_v2 preferred=M3_folk ages=M6_scaled
2228,216506.3509460888,15.685485250766515,15.269971171979522,0.0,0.0,0.0,0.0,0.0,13.191920233454871,0.02326893733437902,0.0,0.0,0.0,0.0,0.0,0.0,0.0,,,0.0,dasymetric_v2 preferred=M3_folk ages=M6_scaled
2229,216506.3509460888,35.621178508485045,34.39685546248807,4.485549132947977,4.325801366263794,1.769577939495893,1.706556419626311,1.7096833869443167,6.20042595042606,14.1921010024554,0.30264123566236195,0.049421129534648944,0.05494859997748827,1.7096833869443167,0.05295781885886848,0.057477111521069185,7.89668930945142,3.097521989350259,3.361857052597142,1.7363544252299796,dasymetric_v2 preferred=M3_folk ages=M6_scaled
2230,216506.3509460888,44.554960808615874,42.9681861968751,0.0,0.0,0.0,0.0,0.0,27.786994503928014,0.02326893733437902,0.0,0.0,0.0,0.0,0.0,0.0,0.0,,,0.0,dasymetric_v2 preferred=M3_folk ages=M6_scaled
2231,216506.3509460888,44.554960808615874,42.9681861968751,8.971098265895954,8.651602732527587,3.4059618405351064,3.284662356054943,3.2906809275594915,46.19317333067414,64.7669745515487,0.5825030234791698,0.09512238910432431,0.10576128382763872,3.2906809275594915,0.1019295653305103,0.11062798884162779,15.199004154750584,3.0975219893502586,3.3618570525971414,3.342015506625445,dasymetric_v2 preferred=M3_folk ages=M6_scaled
2232,216506.3509460888,44.554960808615874,42.9681861968751,8.971098265895954,8.651602732527587,4.109987472377559,3.9636149100998193,3.9708775438706714,46.1931733306765,61.45927571155573,0.7029086763770988,0.11478455891918465,0.12762255478642437,3.9708775438706714,0.12299880509156551,0.1334952267586123,18.340697750983946,3.0975219893502586,3.361857052597141,4.0328231811793085,dasymetric_v2 preferred=M3_folk ages=M6_scaled
2233,216506.3509460888,44.554960808615874,42.9681861968751,0.0,0.0,0.0,0.0,0.0,46.19317333067414,0.02326893733437902,0.0,0.0,0.0,0.0,0.0,0.0,0.0,,,0.0,dasymetric_v2 preferred=M3_folk ages=M6_scaled
2234,216506.3509460888,44.54585306683373,42.95940281703084,15.699421965317919,15.140304781923279,6.551878177416694,6.318540435390608,6.330118059904945,46.1931733306765,30.93730311482809,1.1205318868789245,0.18298217494370023,0.20344768378761788,6.330118059904945,0.1960767988573876,0.2128095204346397,29.237562927108673,3.097521989350258,3.361857052597141,6.428867818145409,dasymetric_v2 preferred=M3_folk ages=M6_scaled
2235,216506.3509460888,7.593115008281179,7.322694792428617,11.213872832369942,10.814503415659484,4.687161639023172,4.520233670623097,4.528516211296954,46.19317333067414,15.166498454223666,0.8016196170411667,0.13090399543407016,0.1455448580048883,4.528516211296954,0.14027178543621438,0.15224224162749153,20.916320428977063,3.097521989350259,3.361857052597142,4.599161004462204,dasymetric_v2 preferred=M3_folk ages=M6_scaled
2236,216506.3509460888,0.0,0.0,0.0,0.0,0.0,0.0,0.0,21.25984996267848,0.02326893733437902,0.0,0.0,0.0,0.0,0.0,0.0,0.0,,,0.0,dasymetric_v2 preferred=M3_folk ages=M6_scaled
2237,216506.3509460888,0.0,0.0,0.0,0.0,0.0,0.0,0.0,0.0,0.02326893733437902,0.0,0.0,0.0,0.0,0.0,0.0,0.0,,,0.0,dasymetric_v2 preferred=M3_folk ages=M6_scaled
2238,216506.3509460888,0.0,0.0,0.0,0.0,0.0,0.0,0.0,0.0,0.02326893733437902,0.0,0.0,0.0,0.0,0.0,0.0,0.0,,,0.0,dasymetric_v2 preferred=M3_folk ages=M6_scaled
2239,216506.3509460888,0.0,0.0,0.0,0.0,0.0,0.0,0.0,0.0,0.02326893733437902,0.0,0.0,0.0,0.0,0.0,0.0,0.0,,,0.0,dasymetric_v2 preferred=M3_folk ages=M6_scaled
2240,216506.3509460888,0.0,0.0,0.0,0.0,0.0,0.0,0.0,0.0,0.02326893733437902,0.0,0.0,0.0,0.0,0.0,0.0,0.0,,,0.0,dasymetric_v2 preferred=M3_folk ages=M6_scaled
2241,216506.3509460888,0.0,0.0,0.0,0.0,0.0,0.0,0.0,0.0,0.02326893733437902,0.0,0.0,0.0,0.0,0.0,0.0,0.0,,,0.0,dasymetric_v2 preferred=M3_folk ages=M6_scaled
2242,216506.3509460888,0.0,0.0,0.0,0.0,0.0,0.0,0.0,0.0,0.02326893733437902,0.0,0.0,0.0,0.0,0.0,0.0,0.0,,,0.0,dasymetric_v2 preferred=M3_folk ages=M6_scaled
2243,216506.3509460888,0.0,0.0,0.0,0.0,0.0,0.0,0.0,0.0,0.02326893733437902,0.0,0.0,0.0,0.0,0.0,0.0,0.0,,,0.0,dasymetric_v2 preferred=M3_folk ages=M6_scaled
2244,216506.3509460888,0.0,0.0,0.0,0.0,0.0,0.0,0.0,0.0,0.02326893733437902,0.0,0.0,0.0,0.0,0.0,0.0,0.0,,,0.0,dasymetric_v2 preferred=M3_folk ages=M6_scaled
2245,216506.3509460888,0.0,0.0,0.0,0.0,0.0,0.0,0.0,0.0,0.02326893733437902,0.0,0.0,0.0,0.0,0.0,0.0,0.0,,,0.0,dasymetric_v2 preferred=M3_folk ages=M6_scaled
2246,216506.3509460888,0.0,0.0,0.0,0.0,0.0,0.0,0.0,0.0,0.02326893733437902,0.0,0.0,0.0,0.0,0.0,0.0,0.0,,,0.0,dasymetric_v2 preferred=M3_folk ages=M6_scaled
2247,216506.3509460888,0.0,0.0,0.0,0.0,0.0,0.0,0.0,0.0,0.02326893733437902,0.0,0.0,0.0,0.0,0.0,0.0,0.0,,,0.0,dasymetric_v2 preferred=M3_folk ages=M6_scaled
2248,216506.3509460888,0.0,0.0,0.0,0.0,0.0,0.0,0.0,0.0,0.02326893733437902,0.0,0.0,0.0,0.0,0.0,0.0,0.0,,,0.0,dasymetric_v2 preferred=M3_folk ages=M6_scaled
2249,216506.3509460888,0.0,0.0,0.0,0.0,0.0,0.0,0.0,0.0,0.02326893733437902,0.0,0.0,0.0,0.0,0.0,0.0,0.0,,,0.0,dasymetric_v2 preferred=M3_folk ages=M6_scaled
2250,216506.3509460888,0.0,0.0,0.0,0.0,0.0,0.0,0.0,0.0,0.02326893733437902,0.0,0.0,0.0,0.0,0.0,0.0,0.0,,,0.0,dasymetric_v2 preferred=M3_folk ages=M6_scaled
2251,216506.3509460888,0.0,0.0,0.0,0.0,0.0,0.0,0.0,0.0,0.02326893733437902,0.0,0.0,0.0,0.0,0.0,0.0,0.0,,,0.0,dasymetric_v2 preferred=M3_folk ages=M6_scaled
2252,216506.3509460888,0.0,0.0,0.0,0.0,0.0,0.0,0.0,0.0,0.02326893733437902,0.0,0.0,0.0,0.0,0.0,0.0,0.0,,,0.0,dasymetric_v2 preferred=M3_folk ages=M6_scaled
2253,216506.3509460888,0.0,0.0,4.775280898876405,5.22792937399679,4.416030395743869,4.8346255458614396,4.843484154872453,0.7738498873651466,20.466527674632918,0.0,0.0,0.0,4.843484154872453,0.0,0.0,22.371095045052538,0.0,0.0,4.333120202540681,dasymetric_v2 preferred=M3_folk ages=M6_scaled
2254,216506.3509460888,4.662301389027899,5.104240545903821,0.0,0.0,0.0,0.0,0.0,32.789088325848276,0.02326893733437902,0.0,0.0,0.0,0.0,0.0,0.0,0.0,,,0.0,dasymetric_v2 preferred=M3_folk ages=M6_scaled
2255,216506.3509460888,16.740472790212515,18.327300799234337,9.55056179775281,10.45585874799358,12.005660617175229,13.143676178198227,13.167759674867312,32.01523843848195,38.06431611453695,0.0,0.0,0.0,13.167759674867312,0.0,0.0,60.8192767432774,0.0,0.0,11.780256452778794,dasymetric_v2 preferred=M3_folk ages=M6_scaled
2256,216506.3509460888,0.0,0.0,7.162921348314607,7.841894060995184,11.708557654770443,12.818410850953725,12.841898355579257,0.0,37.1223420374618,0.0,0.0,0.0,12.841898355579257,0.0,0.0,59.314187780001696,0.0,0.0,11.488731546185845,dasymetric_v2 preferred=M3_folk ages=M6_scaled
2257,216506.3509460888,0.0,0.0,2.3876404494382024,2.613964686998395,2.309300298691748,2.5281986799458904,2.5328311635571543,0.0,0.02326893733437902,0.0,0.0,0.0,2.5328311635571543,0.0,0.0,11.698646032733897,0.0,0.0,2.265943592154301,dasymetric_v2 preferred=M3_folk ages=M6_scaled
2258,216506.3509460888,0.0,0.0,0.0,0.0,0.0,0.0,0.0,0.0,0.02326893733437902,0.0,0.0,0.0,0.0,0.0,0.0,0.0,,,0.0,dasymetric_v2 preferred=M3_folk ages=M6_scaled
2259,216506.3509460888,0.0,0.0,0.0,0.0,0.0,0.0,0.0,0.0,0.02326893733437902,0.0,0.0,0.0,0.0,0.0,0.0,0.0,,,0.0,dasymetric_v2 preferred=M3_folk ages=M6_scaled
2260,216506.3509460888,0.0,0.0,0.0,0.0,0.0,0.0,0.0,0.0,0.02326893733437902,0.0,0.0,0.0,0.0,0.0,0.0,0.0,,,0.0,dasymetric_v2 preferred=M3_folk ages=M6_scaled
2261,216506.3509460888,0.0,0.0,0.0,0.0,0.0,0.0,0.0,0.0,0.02326893733437902,0.0,0.0,0.0,0.0,0.0,0.0,0.0,,,0.0,dasymetric_v2 preferred=M3_folk ages=M6_scaled
2262,216506.3509460888,0.0,0.0,0.0,0.0,0.0,0.0,0.0,0.0,0.02326893733437902,0.0,0.0,0.0,0.0,0.0,0.0,0.0,,,0.0,dasymetric_v2 preferred=M3_folk ages=M6_scaled
2263,216506.3509460888,0.0,0.0,0.0,0.0,0.0,0.0,0.0,0.0,0.02326893733437902,0.0,0.0,0.0,0.0,0.0,0.0,0.0,,,0.0,dasymetric_v2 preferred=M3_folk ages=M6_scaled
2264,216506.3509460888,0.0,0.0,0.0,0.0,0.0,0.0,0.0,0.0,0.02326893733437902,0.0,0.0,0.0,0.0,0.0,0.0,0.0,,,0.0,dasymetric_v2 preferred=M3_folk ages=M6_scaled
2265,216506.3509460888,0.0,0.0,0.0,0.0,0.0,0.0,0.0,0.0,0.02326893733437902,0.0,0.0,0.0,0.0,0.0,0.0,0.0,,,0.0,dasymetric_v2 preferred=M3_folk ages=M6_scaled
2266,216506.3509460888,0.0,0.0,0.0,0.0,0.0,0.0,0.0,0.0,0.02326893733437902,0.0,0.0,0.0,0.0,0.0,0.0,0.0,,,0.0,dasymetric_v2 preferred=M3_folk ages=M6_scaled
2267,216506.3509460888,9.024999240944247,8.703584085221772,0.0,0.0,0.0,0.0,0.0,0.10387246810270423,0.02326893733437902,0.0,0.0,0.0,0.0,0.0,0.0,0.0,,,0.0,dasymetric_v2 preferred=M3_folk ages=M6_scaled
2268,216506.3509460888,44.44877375528732,42.86578087553013,0.0,0.0,0.0,0.0,0.0,4.401219909509836,0.02326893733437902,0.0,0.0,0.0,0.0,0.0,0.0,0.0,,,0.0,dasymetric_v2 preferred=M3_folk ages=M6_scaled
2269,216506.3509460888,39.656551733837595,38.26850997444998,4.224837346743047,4.109089023939072,2.5359202296747076,2.476690915668638,2.481229020275688,4.742245490525152,19.6294857194995,0.29070914393373837,0.04747262621966279,0.052782167720311315,2.481229020275688,0.050869876179845,0.055210988844611265,11.460305942219344,2.0501886671546696,2.225146828182624,2.488308773831278,dasymetric_v2 preferred=M3_folk ages=M6_scaled
2270,216506.3509460888,9.828521006171664,9.65062922325453,0.0,0.0,0.0,0.0,0.0,21.391469528969907,0.02326893733437902,0.0,0.0,0.0,0.0,0.0,0.0,0.0,,,0.0,dasymetric_v2 preferred=M3_folk ages=M6_scaled
2271,216506.3509460888,9.828521006171664,9.65062922325453,3.9641255605381165,3.89237668161435,3.693526507135493,3.6266753486353034,3.6333205993623103,21.23731593477093,28.899632841796027,0.3340985684014605,0.054558092819612464,0.0606601032009548,3.6333205993623103,0.05846239501265769,0.06345143494082191,16.781589008753958,1.609062382849411,1.7463758896464674,3.624181197238432,dasymetric_v2 preferred=M3_folk ages=M6_scaled
2272,216506.3509460888,9.828521006171664,9.65062922325453,0.0,0.0,0.0,0.0,0.0,17.805304914335704,0.02326893733437902,0.0,0.0,0.0,0.0,0.0,0.0,0.0,,,0.0,dasymetric_v2 preferred=M3_folk ages=M6_scaled
2273,216506.3509460888,36.639250536017656,35.37362339417161,2.2427745664739884,2.162900683131897,1.1162928937321763,1.0765373829900744,1.078509950187096,18.9769520968655,8.952723213018462,0.19091346765797743,0.031176053039778547,0.03466291611483131,1.078509950187096,0.03340708286437582,0.0362579628233268,4.9814240805141585,3.0975219893502586,3.361857052597141,1.0953346911845034,dasymetric_v2 preferred=M3_folk ages=M6_scaled
2274,216506.3509460888,41.25150249893725,39.79875215558445,4.485549132947977,4.325801366263794,1.9598551372911506,1.8900571099087105,1.8935203102716631,82.17729414899861,37.268147367650926,0.33518330401315355,0.0547352294846112,0.06085705158797089,1.8935203102716631,0.058652207983478,0.06365744609322717,8.74579568681179,3.097521989350258,3.361857052597141,1.9230592021364292,dasymetric_v2 preferred=M3_folk ages=M6_scaled
2275,216506.3509460888,43.22360899907497,41.690848525099376,2.2427745664739884,2.162900683131897,1.503189862582533,1.4496554532309527,1.4523116942860328,81.67562438572442,28.584307204314786,0.25708233997125374,0.041981389604701796,0.046676767722812616,1.4523116942860328,0.044985674084415166,0.04882464312004802,6.707940381146908,3.0975219893502586,3.361857052597141,1.4749677375609507,dasymetric_v2 preferred=M3_folk ages=M6_scaled
2276,216506.3509460888,44.36306053231938,42.784071487013286,4.485549132947977,4.325801366263794,2.1945303479053013,2.116374627923669,2.1202525157087226,46.19317333067414,26.57812806262496,0.3753185216457966,0.061289286089564646,0.0681441419075661,2.1202525157087226,0.06567528790382973,0.071279858732222,9.793026885556243,3.097521989350259,3.3618570525971414,2.153328426987717,dasymetric_v2 preferred=M3_folk ages=M6_scaled
2277,216506.3509460888,44.554960808615874,42.9681861968751,8.971098265895954,8.651602732527587,4.376375549290919,4.2205158764951785,4.228249236528956,46.006301343854204,46.732293420940195,0.748467572068207,0.1222242988491318,0.13589438704110002,4.228249236528956,0.13097094986601882,0.14214769515963346,19.529446679288466,3.0975219893502577,3.3618570525971405,4.294209868848338,dasymetric_v2 preferred=M3_folk ages=M6_scaled
2278,216506.3509460888,10.03030187574211,9.67308400200434,42.61271676300578,41.09511297950604,18.75498912935253,18.087051372168467,18.120192742632064,32.789088325848276,60.686516818862486,3.2075632037763597,0.5237931184012794,0.5823763804065692,18.120192742632064,0.5612769547156778,0.6091749776623713,83.69358526182027,3.097521989350258,3.3618570525971405,18.402867510412367,dasymetric_v2 preferred=M3_folk ages=M6_scaled
2279,216506.3509460888,0.0,0.0,4.485549132947977,4.325801366263794,1.3636532508660109,1.3150882803571933,1.3174979505126458,32.01523843848195,27.049316593595115,0.2332181565140065,0.03808438297472948,0.042343903208458704,1.3174979505126458,0.04080978872636819,0.04429239776713217,6.085262371082638,3.097521989350258,3.36185705259714,1.3380509011628876,dasymetric_v2 preferred=M3_folk ages=M6_scaled
2280,216506.3509460888,0.0,0.0,0.0,0.0,0.0,0.0,0.0,0.0,0.02326893733437902,0.0,0.0,0.0,0.0,0.0,0.0,0.0,,,0.0,dasymetric_v2 preferred=M3_folk ages=M6_scaled
2281,216506.3509460888,0.0,0.0,0.0,0.0,0.0,0.0,0.0,0.0,0.02326893733437902,0.0,0.0,0.0,0.0,0.0,0.0,0.0,,,0.0,dasymetric_v2 preferred=M3_folk ages=M6_scaled
2282,216506.3509460888,0.0,0.0,0.0,0.0,0.0,0.0,0.0,0.0,0.02326893733437902,0.0,0.0,0.0,0.0,0.0,0.0,0.0,,,0.0,dasymetric_v2 preferred=M3_folk ages=M6_scaled
2283,216506.3509460888,0.0,0.0,0.0,0.0,0.0,0.0,0.0,0.0,0.02326893733437902,0.0,0.0,0.0,0.0,0.0,0.0,0.0,,,0.0,dasymetric_v2 preferred=M3_folk ages=M6_scaled
2284,216506.3509460888,0.0,0.0,0.0,0.0,0.0,0.0,0.0,0.0,0.02326893733437902,0.0,0.0,0.0,0.0,0.0,0.0,0.0,,,0.0,dasymetric_v2 preferred=M3_folk ages=M6_scaled
2285,216506.3509460888,0.0,0.0,0.0,0.0,0.0,0.0,0.0,0.0,0.02326893733437902,0.0,0.0,0.0,0.0,0.0,0.0,0.0,,,0.0,dasymetric_v2 preferred=M3_folk ages=M6_scaled
2286,216506.3509460888,0.0,0.0,0.0,0.0,0.0,0.0,0.0,0.0,0.02326893733437902,0.0,0.0,0.0,0.0,0.0,0.0,0.0,,,0.0,dasymetric_v2 preferred=M3_folk ages=M6_scaled
2287,216506.3509460888,0.0,0.0,0.0,0.0,0.0,0.0,0.0,0.0,0.02326893733437902,0.0,0.0,0.0,0.0,0.0,0.0,0.0,,,0.0,dasymetric_v2 preferred=M3_folk ages=M6_scaled
2288,216506.3509460888,0.0,0.0,0.0,0.0,0.0,0.0,0.0,0.0,0.02326893733437902,0.0,0.0,0.0,0.0,0.0,0.0,0.0,,,0.0,dasymetric_v2 preferred=M3_folk ages=M6_scaled
2289,216506.3509460888,0.0,0.0,0.0,0.0,0.0,0.0,0.0,0.0,0.02326893733437902,0.0,0.0,0.0,0.0,0.0,0.0,0.0,,,0.0,dasymetric_v2 preferred=M3_folk ages=M6_scaled
2290,216506.3509460888,0.0,0.0,0.0,0.0,0.0,0.0,0.0,0.0,0.02326893733437902,0.0,0.0,0.0,0.0,0.0,0.0,0.0,,,0.0,dasymetric_v2 preferred=M3_folk ages=M6_scaled
2291,216506.3509460888,0.0,0.0,0.0,0.0,0.0,0.0,0.0,0.0,0.02326893733437902,0.0,0.0,0.0,0.0,0.0,0.0,0.0,,,0.0,dasymetric_v2 preferred=M3_folk ages=M6_scaled
2292,216506.3509460888,0.0,0.0,0.0,0.0,0.0,0.0,0.0,0.0,0.02326893733437902,0.0,0.0,0.0,0.0,0.0,0.0,0.0,,,0.0,dasymetric_v2 preferred=M3_folk ages=M6_scaled
2293,216506.3509460888,0.0,0.0,0.0,0.0,0.0,0.0,0.0,0.0,0.02326893733437902,0.0,0.0,0.0,0.0,0.0,0.0,0.0,,,0.0,dasymetric_v2 preferred=M3_folk ages=M6_scaled
2294,216506.3509460888,0.0,0.0,0.0,0.0,0.0,0.0,0.0,0.0,0.02326893733437902,0.0,0.0,0.0,0.0,0.0,0.0,0.0,,,0.0,dasymetric_v2 preferred=M3_folk ages=M6_scaled
2295,216506.3509460888,0.0,0.0,0.0,0.0,0.0,0.0,0.0,0.0,0.02326893733437902,0.0,0.0,0.0,0.0,0.0,0.0,0.0,,,0.0,dasymetric_v2 preferred=M3_folk ages=M6_scaled
2296,216506.3509460888,0.0,0.0,0.0,0.0,0.0,0.0,0.0,0.0,0.02326893733437902,0.0,0.0,0.0,0.0,0.0,0.0,0.0,,,0.0,dasymetric_v2 preferred=M3_folk ages=M6_scaled
2297,216506.3509460888,0.0,0.0,0.0,0.0,0.0,0.0,0.0,0.0,0.02326893733437902,0.0,0.0,0.0,0.0,0.0,0.0,0.0,,,0.0,dasymetric_v2 preferred=M3_folk ages=M6_scaled
2298,216506.3509460888,0.0,0.0,0.0,0.0,0.0,0.0,0.0,0.0,0.02326893733437902,0.0,0.0,0.0,0.0,0.0,0.0,0.0,,,0.0,dasymetric_v2 preferred=M3_folk ages=M6_scaled
2299,216506.3509460888,0.0,0.0,0.0,0.0,0.0,0.0,0.0,0.0,0.02326893733437902,0.0,0.0,0.0,0.0,0.0,0.0,0.0,,,0.0,dasymetric_v2 preferred=M3_folk ages=M6_scaled
2300,216506.3509460888,0.0,0.0,0.0,0.0,0.0,0.0,0.0,0.0,0.02326893733437902,0.0,0.0,0.0,0.0,0.0,0.0,0.0,,,0.0,dasymetric_v2 preferred=M3_folk ages=M6_scaled
2301,216506.3509460888,0.0,0.0,0.0,0.0,0.0,0.0,0.0,0.0,0.02326893733437902,0.0,0.0,0.0,0.0,0.0,0.0,0.0,,,0.0,dasymetric_v2 preferred=M3_folk ages=M6_scaled
2302,216506.3509460888,0.0,0.0,0.0,0.0,0.0,0.0,0.0,0.0,0.02326893733437902,0.0,0.0,0.0,0.0,0.0,0.0,0.0,,,0.0,dasymetric_v2 preferred=M3_folk ages=M6_scaled
2303,216506.3509460888,0.0,0.0,0.0,0.0,0.0,0.0,0.0,0.0,0.02326893733437902,0.0,0.0,0.0,0.0,0.0,0.0,0.0,,,0.0,dasymetric_v2 preferred=M3_folk ages=M6_scaled
2304,216506.3509460888,0.0,0.0,0.0,0.0,0.0,0.0,0.0,0.0,0.02326893733437902,0.0,0.0,0.0,0.0,0.0,0.0,0.0,,,0.0,dasymetric_v2 preferred=M3_folk ages=M6_scaled
2305,216506.3509460888,0.0,0.0,0.0,0.0,0.0,0.0,0.0,0.0,0.02326893733437902,0.0,0.0,0.0,0.0,0.0,0.0,0.0,,,0.0,dasymetric_v2 preferred=M3_folk ages=M6_scaled
2306,216506.3509460888,0.0,0.0,0.0,0.0,0.0,0.0,0.0,0.0,0.02326893733437902,0.0,0.0,0.0,0.0,0.0,0.0,0.0,,,0.0,dasymetric_v2 preferred=M3_folk ages=M6_scaled
2307,216506.3509460888,0.0,0.0,0.0,0.0,0.0,0.0,0.0,0.0,0.02326893733437902,0.0,0.0,0.0,0.0,0.0,0.0,0.0,,,0.0,dasymetric_v2 preferred=M3_folk ages=M6_scaled
2308,216506.3509460888,0.0,0.0,0.0,0.0,0.0,0.0,0.0,0.0,0.02326893733437902,0.0,0.0,0.0,0.0,0.0,0.0,0.0,,,0.0,dasymetric_v2 preferred=M3_folk ages=M6_scaled
2309,216506.3509460888,0.0,0.0,0.0,0.0,0.0,0.0,0.0,0.0,0.02326893733437902,0.0,0.0,0.0,0.0,0.0,0.0,0.0,,,0.0,dasymetric_v2 preferred=M3_folk ages=M6_scaled
2310,216506.3509460888,0.0,0.0,0.0,0.0,0.0,0.0,0.0,0.0,0.02326893733437902,0.0,0.0,0.0,0.0,0.0,0.0,0.0,,,0.0,dasymetric_v2 preferred=M3_folk ages=M6_scaled
2311,216506.3509460888,0.0,0.0,0.0,0.0,0.0,0.0,0.0,0.0,0.02326893733437902,0.0,0.0,0.0,0.0,0.0,0.0,0.0,,,0.0,dasymetric_v2 preferred=M3_folk ages=M6_scaled
2312,216506.3509460888,2.236300887352818,2.1566575567816773,0.0,0.0,0.0,0.0,0.0,0.0,0.02326893733437902,0.0,0.0,0.0,0.0,0.0,0.0,0.0,,,0.0,dasymetric_v2 preferred=M3_folk ages=M6_scaled
2313,216506.3509460888,19.942672041322403,19.232436298519918,0.0,0.0,0.0,0.0,0.0,0.0,0.02326893733437902,0.0,0.0,0.0,0.0,0.0,0.0,0.0,,,0.0,dasymetric_v2 preferred=M3_folk ages=M6_scaled
2314,216506.3509460888,12.832977443376725,12.51238045709116,0.0,0.0,0.0,0.0,0.0,11.546304110012505,0.02326893733437902,0.0,0.0,0.0,0.0,0.0,0.0,0.0,,,0.0,dasymetric_v2 preferred=M3_folk ages=M6_scaled
2315,216506.3509460888,9.828521006171664,9.65062922325453,0.0,0.0,0.0,0.0,0.0,21.391469528969907,0.02326893733437902,0.0,0.0,0.0,0.0,0.0,0.0,0.0,,,0.0,dasymetric_v2 preferred=M3_folk ages=M6_scaled
2316,216506.3509460888,9.828521006171664,9.65062922325453,3.9641255605381165,3.89237668161435,10.72082044603614,10.52677844701286,10.546066934512679,34.77848878695651,86.17546456723353,0.96975363685359,0.15836017850887513,0.17607185799238176,10.546066934512679,0.16969279591336353,0.1841739702503077,48.71019666826635,1.6090623828494108,1.7463758896464672,10.519538929646618,dasymetric_v2 preferred=M3_folk ages=M6_scaled
2317,216506.3509460888,9.828521006171664,9.65062922325453,0.0,0.0,0.0,0.0,0.0,46.19317333067414,0.02326893733437902,0.0,0.0,0.0,0.0,0.0,0.0,0.0,,,0.0,dasymetric_v2 preferred=M3_folk ages=M6_scaled
2318,216506.3509460888,10.253390924301506,10.058261787496628,0.0,0.0,0.0,0.0,0.0,113.12826962060404,0.02326893733437902,0.0,0.0,0.0,0.0,0.0,0.0,0.0,,,0.0,dasymetric_v2 preferred=M3_folk ages=M6_scaled
2319,216506.3509460888,10.246869788972537,10.052005220480444,21.80269058295964,21.408071748878925,21.093873785880948,20.712084215095775,20.750035500903582,170.20169233919535,124.99313494784506,1.9080499409680813,0.31158339373278676,0.34643221276129704,20.750035500903582,0.3338810156729379,0.36237361708086274,95.84030865713704,1.6090623828494108,1.7463758896464674,20.697840019293512,dasymetric_v2 preferred=M3_folk ages=M6_scaled
2320,216506.3509460888,12.489823540124695,12.2039603249582,0.0,0.0,0.0,0.0,0.0,103.26659604927646,0.02326893733437902,0.0,0.0,0.0,0.0,0.0,0.0,0.0,,,0.0,dasymetric_v2 preferred=M3_folk ages=M6_scaled
2321,216506.3509460888,20.20420277026598,19.605360266286386,7.928251121076233,7.7847533632287,5.732161267567421,5.628411742362581,5.638724826283066,46.19317333067414,29.933873613940655,0.5185036223892796,0.08467132586939856,0.09414132899368959,5.638724826283066,0.0907306000521116,0.0984733308497171,26.044154370728542,1.6090623828494106,1.7463758896464672,5.624540948960943,dasymetric_v2 preferred=M3_folk ages=M6_scaled
2322,216506.3509460888,24.903008024440535,24.051942113856867,13.45664739884393,12.977404098791382,6.742155375211952,6.502041125673006,6.51395498323229,21.25984996267848,60.04290053818906,1.153073955229716,0.1882962748936625,0.2093561353981005,6.51395498323229,0.20177118798199714,0.21898985500679768,30.086669304469037,3.0975219893502586,3.361857052597141,6.615572595051859,dasymetric_v2 preferred=M3_folk ages=M6_scaled
2323,216506.3509460888,0.0,0.0,6.728323699421965,6.488702049395691,2.98735200538554,2.8809608374336655,2.8862396962393313,0.0,27.61480451045208,0.5109104731074283,0.08343136921440736,0.09276269028457698,2.8862396962393313,0.08940190925636937,0.09703125278288025,13.330970124557778,3.0975219893502577,3.36185705259714,2.931264997431256,dasymetric_v2 preferred=M3_folk ages=M6_scaled
2324,216506.3509460888,0.0,0.0,0.0,0.0,0.0,0.0,0.0,0.0,52.51836203566761,0.0,0.0,0.0,0.0,0.0,0.0,0.0,,,0.0,dasymetric_v2 preferred=M3_folk ages=M6_scaled
2325,216506.3509460888,0.0,0.0,0.0,0.0,0.0,0.0,0.0,0.0,0.02326893733437902,0.0,0.0,0.0,0.0,0.0,0.0,0.0,,,0.0,dasymetric_v2 preferred=M3_folk ages=M6_scaled
2326,216506.3509460888,0.0,0.0,0.0,0.0,0.0,0.0,0.0,0.0,0.02326893733437902,0.0,0.0,0.0,0.0,0.0,0.0,0.0,,,0.0,dasymetric_v2 preferred=M3_folk ages=M6_scaled
2327,216506.3509460888,0.0,0.0,0.0,0.0,0.0,0.0,0.0,0.0,0.02326893733437902,0.0,0.0,0.0,0.0,0.0,0.0,0.0,,,0.0,dasymetric_v2 preferred=M3_folk ages=M6_scaled
2328,216506.3509460888,0.0,0.0,0.0,0.0,0.0,0.0,0.0,0.0,0.02326893733437902,0.0,0.0,0.0,0.0,0.0,0.0,0.0,,,0.0,dasymetric_v2 preferred=M3_folk ages=M6_scaled
2329,216506.3509460888,0.0,0.0,0.0,0.0,0.0,0.0,0.0,0.0,0.02326893733437902,0.0,0.0,0.0,0.0,0.0,0.0,0.0,,,0.0,dasymetric_v2 preferred=M3_folk ages=M6_scaled
2330,216506.3509460888,0.0,0.0,0.0,0.0,0.0,0.0,0.0,0.0,0.02326893733437902,0.0,0.0,0.0,0.0,0.0,0.0,0.0,,,0.0,dasymetric_v2 preferred=M3_folk ages=M6_scaled
2331,216506.3509460888,0.0,0.0,0.0,0.0,0.0,0.0,0.0,0.0,0.02326893733437902,0.0,0.0,0.0,0.0,0.0,0.0,0.0,,,0.0,dasymetric_v2 preferred=M3_folk ages=M6_scaled
2332,216506.3509460888,0.0,0.0,0.0,0.0,0.0,0.0,0.0,0.0,0.02326893733437902,0.0,0.0,0.0,0.0,0.0,0.0,0.0,,,0.0,dasymetric_v2 preferred=M3_folk ages=M6_scaled
2333,216506.3509460888,0.0,0.0,0.0,0.0,0.0,0.0,0.0,0.0,0.02326893733437902,0.0,0.0,0.0,0.0,0.0,0.0,0.0,,,0.0,dasymetric_v2 preferred=M3_folk ages=M6_scaled
2334,216506.3509460888,0.0,0.0,0.0,0.0,0.0,0.0,0.0,0.0,0.02326893733437902,0.0,0.0,0.0,0.0,0.0,0.0,0.0,,,0.0,dasymetric_v2 preferred=M3_folk ages=M6_scaled
2335,216506.3509460888,0.0,0.0,0.0,0.0,0.0,0.0,0.0,0.0,0.02326893733437902,0.0,0.0,0.0,0.0,0.0,0.0,0.0,,,0.0,dasymetric_v2 preferred=M3_folk ages=M6_scaled
2336,216506.3509460888,0.0,0.0,0.0,0.0,0.0,0.0,0.0,0.0,0.02326893733437902,0.0,0.0,0.0,0.0,0.0,0.0,0.0,,,0.0,dasymetric_v2 preferred=M3_folk ages=M6_scaled
2337,216506.3509460888,0.0,0.0,0.0,0.0,0.0,0.0,0.0,0.0,0.02326893733437902,0.0,0.0,0.0,0.0,0.0,0.0,0.0,,,0.0,dasymetric_v2 preferred=M3_folk ages=M6_scaled
2338,216506.3509460888,0.0,0.0,0.0,0.0,0.0,0.0,0.0,0.0,0.02326893733437902,0.0,0.0,0.0,0.0,0.0,0.0,0.0,,,0.0,dasymetric_v2 preferred=M3_folk ages=M6_scaled
2339,216506.3509460888,0.0,0.0,0.0,0.0,0.0,0.0,0.0,0.0,0.02326893733437902,0.0,0.0,0.0,0.0,0.0,0.0,0.0,,,0.0,dasymetric_v2 preferred=M3_folk ages=M6_scaled
2340,216506.3509460888,0.0,0.0,0.0,0.0,0.0,0.0,0.0,0.0,0.02326893733437902,0.0,0.0,0.0,0.0,0.0,0.0,0.0,,,0.0,dasymetric_v2 preferred=M3_folk ages=M6_scaled
2341,216506.3509460888,0.0,0.0,0.0,0.0,0.0,0.0,0.0,0.0,0.02326893733437902,0.0,0.0,0.0,0.0,0.0,0.0,0.0,,,0.0,dasymetric_v2 preferred=M3_folk ages=M6_scaled
2342,216506.3509460888,0.0,0.0,0.0,0.0,0.0,0.0,0.0,0.0,0.02326893733437902,0.0,0.0,0.0,0.0,0.0,0.0,0.0,,,0.0,dasymetric_v2 preferred=M3_folk ages=M6_scaled
2343,216506.3509460888,0.0,0.0,0.0,0.0,0.0,0.0,0.0,0.0,0.02326893733437902,0.0,0.0,0.0,0.0,0.0,0.0,0.0,,,0.0,dasymetric_v2 preferred=M3_folk ages=M6_scaled
2344,216506.3509460888,0.0,0.0,0.0,0.0,0.0,0.0,0.0,0.0,0.02326893733437902,0.0,0.0,0.0,0.0,0.0,0.0,0.0,,,0.0,dasymetric_v2 preferred=M3_folk ages=M6_scaled
2345,216506.3509460888,0.0,0.0,0.0,0.0,0.0,0.0,0.0,0.0,0.02326893733437902,0.0,0.0,0.0,0.0,0.0,0.0,0.0,,,0.0,dasymetric_v2 preferred=M3_folk ages=M6_scaled
2346,216506.3509460888,0.0,0.0,0.0,0.0,0.0,0.0,0.0,0.0,0.02326893733437902,0.0,0.0,0.0,0.0,0.0,0.0,0.0,,,0.0,dasymetric_v2 preferred=M3_folk ages=M6_scaled
2347,216506.3509460888,0.0,0.0,0.0,0.0,0.0,0.0,0.0,0.0,0.02326893733437902,0.0,0.0,0.0,0.0,0.0,0.0,0.0,,,0.0,dasymetric_v2 preferred=M3_folk ages=M6_scaled
2348,216506.3509460888,0.0,0.0,0.0,0.0,0.0,0.0,0.0,0.0,0.02326893733437902,0.0,0.0,0.0,0.0,0.0,0.0,0.0,,,0.0,dasymetric_v2 preferred=M3_folk ages=M6_scaled
2349,216506.3509460888,0.0,0.0,0.0,0.0,0.0,0.0,0.0,0.0,0.02326893733437902,0.0,0.0,0.0,0.0,0.0,0.0,0.0,,,0.0,dasymetric_v2 preferred=M3_folk ages=M6_scaled
2350,216506.3509460888,0.0,0.0,0.0,0.0,0.0,0.0,0.0,0.0,0.02326893733437902,0.0,0.0,0.0,0.0,0.0,0.0,0.0,,,0.0,dasymetric_v2 preferred=M3_folk ages=M6_scaled
2351,216506.3509460888,0.0,0.0,0.0,0.0,0.0,0.0,0.0,0.0,0.02326893733437902,0.0,0.0,0.0,0.0,0.0,0.0,0.0,,,0.0,dasymetric_v2 preferred=M3_folk ages=M6_scaled
2352,216506.3509460888,0.0,0.0,0.0,0.0,0.0,0.0,0.0,0.0,0.02326893733437902,0.0,0.0,0.0,0.0,0.0,0.0,0.0,,,0.0,dasymetric_v2 preferred=M3_folk ages=M6_scaled
2353,216506.3509460888,0.0,0.0,0.0,0.0,0.0,0.0,0.0,0.0,0.02326893733437902,0.0,0.0,0.0,0.0,0.0,0.0,0.0,,,0.0,dasymetric_v2 preferred=M3_folk ages=M6_scaled
2354,216506.3509460888,0.0,0.0,0.0,0.0,0.0,0.0,0.0,0.0,0.02326893733437902,0.0,0.0,0.0,0.0,0.0,0.0,0.0,,,0.0,dasymetric_v2 preferred=M3_folk ages=M6_scaled
2355,216506.3509460888,0.0,0.0,0.0,0.0,0.0,0.0,0.0,0.0,0.02326893733437902,0.0,0.0,0.0,0.0,0.0,0.0,0.0,,,0.0,dasymetric_v2 preferred=M3_folk ages=M6_scaled
2356,216506.3509460888,0.0,0.0,0.0,0.0,0.0,0.0,0.0,0.0,0.02326893733437902,0.0,0.0,0.0,0.0,0.0,0.0,0.0,,,0.0,dasymetric_v2 preferred=M3_folk ages=M6_scaled
2357,216506.3509460888,0.5090366012592197,0.4998232691097315,0.0,0.0,0.0,0.0,0.0,0.4448980491181785,0.02326893733437902,0.0,0.0,0.0,0.0,0.0,0.0,0.0,,,0.0,dasymetric_v2 preferred=M3_folk ages=M6_scaled
2358,216506.3509460888,9.712213787231079,9.536427112349068,0.0,0.0,0.0,0.0,0.0,20.896121366009957,0.02326893733437902,0.0,0.0,0.0,0.0,0.0,0.0,0.0,,,0.0,dasymetric_v2 preferred=M3_folk ages=M6_scaled
2359,216506.3509460888,9.828521006171664,9.65062922325453,1.9820627802690582,1.946188340807175,1.5709479624504856,1.542514515166314,1.5453409042742292,21.4119451910735,12.627500960075608,0.14210036513179003,0.023204903114835168,0.025800238699107397,1.5453409042742292,0.024865499177461545,0.026987460965089836,7.137623896580416,1.6090623828494106,1.7463758896464676,1.541453691033229,dasymetric_v2 preferred=M3_folk ages=M6_scaled
2360,216506.3509460888,9.828521006171664,9.65062922325453,13.874439461883409,13.623318385650224,17.112540018449184,16.80281078734603,16.83359901068187,45.38444163604855,99.01158449069425,1.5479177178859875,0.25277402095320445,0.28104534827195615,16.83359901068187,0.27086310936059255,0.2939779144823145,77.75106336198667,1.609062382849411,1.7463758896464676,16.79125509240014,dasymetric_v2 preferred=M3_folk ages=M6_scaled
2361,216506.3509460888,9.828521006171664,9.65062922325453,17.838565022421523,17.515695067264573,15.02593738130121,14.753974713766347,14.781008801951215,47.96356076136912,86.93869331943931,1.3591737214513961,0.22195224124342341,0.24677632893115703,14.781008801951215,0.2378356524378574,0.2581319739637982,68.27055528561267,1.609062382849411,1.7463758896464678,14.743828052401803,dasymetric_v2 preferred=M3_folk ages=M6_scaled
2362,216506.3509460888,9.828521006171664,9.65062922325453,51.53363228699551,50.60089686098655,54.88724293233491,53.893808671116176,53.99255968597822,166.1580338660518,322.6629875121455,4.9648348947191066,0.810754515699241,0.9014327673726302,53.99255968597822,0.8687739674445916,0.9429130445589021,249.38095095151576,1.609062382849411,1.7463758896464674,53.856744609611376,dasymetric_v2 preferred=M3_folk ages=M6_scaled
2363,216506.3509460888,9.828521006171664,9.65062922325453,53.51569506726457,52.54708520179372,52.165065928699335,51.22090183949211,51.31475521826639,163.57891474072093,309.10752531161233,4.718599910864784,0.7705444927445266,0.8567254835199785,51.31475521826639,0.8256864230683796,0.8961485129629068,237.0127019093497,1.6090623828494108,1.7463758896464676,51.18567599995838,dasymetric_v2 preferred=M3_folk ages=M6_scaled
2364,216506.3509460888,9.828521006171664,9.65062922325453,5.946188340807175,5.838565022421525,4.185197243474958,4.1094470671224705,4.1169769129137865,46.19317333068599,21.855485128170063,0.3785727284808757,0.06182069608456087,0.06873498706861436,4.1169769129137865,0.06624472681629068,0.0718978921894378,19.015501831347827,1.6090623828494106,1.7463758896464674,4.106620902065626,dasymetric_v2 preferred=M3_folk ages=M6_scaled
2365,216506.3509460888,9.828521006171664,9.65062922325453,11.89237668161435,11.67713004484305,11.524282381029899,11.315698084540669,11.336432129828506,45.23245145650105,56.48787091500975,1.0424309228370245,0.17022833506379081,0.1892673999224596,11.336432129828506,0.18241026495832477,0.19797671746146053,52.360737134456336,1.6090623828494106,1.7463758896464674,11.307916008266666,dasymetric_v2 preferred=M3_folk ages=M6_scaled
2366,216506.3509460888,1.620250664799414,1.5909248609116418,0.0,0.0,0.0,0.0,0.0,0.0,0.02326893733437902,0.0,0.0,0.0,0.0,0.0,0.0,0.0,,,0.0,dasymetric_v2 preferred=M3_folk ages=M6_scaled
2367,216506.3509460888,0.0,0.0,0.0,0.0,0.0,0.0,0.0,0.0,0.02326893733437902,0.0,0.0,0.0,0.0,0.0,0.0,0.0,,,0.0,dasymetric_v2 preferred=M3_folk ages=M6_scaled
2368,216506.3509460888,0.0,0.0,0.0,0.0,0.0,0.0,0.0,0.0,0.02326893733437902,0.0,0.0,0.0,0.0,0.0,0.0,0.0,,,0.0,dasymetric_v2 preferred=M3_folk ages=M6_scaled
2369,216506.3509460888,0.0,0.0,0.0,0.0,0.0,0.0,0.0,0.0,0.02326893733437902,0.0,0.0,0.0,0.0,0.0,0.0,0.0,,,0.0,dasymetric_v2 preferred=M3_folk ages=M6_scaled
2370,216506.3509460888,0.0,0.0,0.0,0.0,0.0,0.0,0.0,0.0,0.02326893733437902,0.0,0.0,0.0,0.0,0.0,0.0,0.0,,,0.0,dasymetric_v2 preferred=M3_folk ages=M6_scaled
2371,216506.3509460888,0.0,0.0,0.0,0.0,0.0,0.0,0.0,0.0,0.02326893733437902,0.0,0.0,0.0,0.0,0.0,0.0,0.0,,,0.0,dasymetric_v2 preferred=M3_folk ages=M6_scaled
2372,216506.3509460888,0.0,0.0,0.0,0.0,0.0,0.0,0.0,0.0,0.02326893733437902,0.0,0.0,0.0,0.0,0.0,0.0,0.0,,,0.0,dasymetric_v2 preferred=M3_folk ages=M6_scaled
2373,216506.3509460888,0.0,0.0,0.0,0.0,0.0,0.0,0.0,0.0,0.02326893733437902,0.0,0.0,0.0,0.0,0.0,0.0,0.0,,,0.0,dasymetric_v2 preferred=M3_folk ages=M6_scaled
2374,216506.3509460888,0.0,0.0,0.0,0.0,0.0,0.0,0.0,0.0,0.02326893733437902,0.0,0.0,0.0,0.0,0.0,0.0,0.0,,,0.0,dasymetric_v2 preferred=M3_folk ages=M6_scaled
2375,216506.3509460888,0.0,0.0,0.0,0.0,0.0,0.0,0.0,0.0,0.02326893733437902,0.0,0.0,0.0,0.0,0.0,0.0,0.0,,,0.0,dasymetric_v2 preferred=M3_folk ages=M6_scaled
2376,216506.3509460888,0.0,0.0,0.0,0.0,0.0,0.0,0.0,0.0,0.02326893733437902,0.0,0.0,0.0,0.0,0.0,0.0,0.0,,,0.0,dasymetric_v2 preferred=M3_folk ages=M6_scaled
2377,216506.3509460888,0.0,0.0,0.0,0.0,0.0,0.0,0.0,0.0,0.02326893733437902,0.0,0.0,0.0,0.0,0.0,0.0,0.0,,,0.0,dasymetric_v2 preferred=M3_folk ages=M6_scaled
2378,216506.3509460888,0.0,0.0,0.0,0.0,0.0,0.0,0.0,0.0,0.02326893733437902,0.0,0.0,0.0,0.0,0.0,0.0,0.0,,,0.0,dasymetric_v2 preferred=M3_folk ages=M6_scaled
2379,216506.3509460888,0.0,0.0,0.0,0.0,0.0,0.0,0.0,0.0,0.02326893733437902,0.0,0.0,0.0,0.0,0.0,0.0,0.0,,,0.0,dasymetric_v2 preferred=M3_folk ages=M6_scaled
2380,216506.3509460888,0.0,0.0,0.0,0.0,0.0,0.0,0.0,0.0,0.02326893733437902,0.0,0.0,0.0,0.0,0.0,0.0,0.0,,,0.0,dasymetric_v2 preferred=M3_folk ages=M6_scaled
2381,216506.3509460888,0.0,0.0,0.0,0.0,0.0,0.0,0.0,0.0,0.02326893733437902,0.0,0.0,0.0,0.0,0.0,0.0,0.0,,,0.0,dasymetric_v2 preferred=M3_folk ages=M6_scaled
2382,216506.3509460888,0.0,0.0,0.0,0.0,0.0,0.0,0.0,0.0,0.02326893733437902,0.0,0.0,0.0,0.0,0.0,0.0,0.0,,,0.0,dasymetric_v2 preferred=M3_folk ages=M6_scaled
2383,216506.3509460888,0.0,0.0,0.0,0.0,0.0,0.0,0.0,0.0,0.02326893733437902,0.0,0.0,0.0,0.0,0.0,0.0,0.0,,,0.0,dasymetric_v2 preferred=M3_folk ages=M6_scaled
2384,216506.3509460888,0.0,0.0,0.0,0.0,0.0,0.0,0.0,0.0,0.02326893733437902,0.0,0.0,0.0,0.0,0.0,0.0,0.0,,,0.0,dasymetric_v2 preferred=M3_folk ages=M6_scaled
2385,216506.3509460888,0.0,0.0,0.0,0.0,0.0,0.0,0.0,0.0,0.02326893733437902,0.0,0.0,0.0,0.0,0.0,0.0,0.0,,,0.0,dasymetric_v2 preferred=M3_folk ages=M6_scaled
2386,216506.3509460888,0.0,0.0,0.0,0.0,0.0,0.0,0.0,0.0,0.02326893733437902,0.0,0.0,0.0,0.0,0.0,0.0,0.0,,,0.0,dasymetric_v2 preferred=M3_folk ages=M6_scaled
2387,216506.3509460888,0.0,0.0,0.0,0.0,0.0,0.0,0.0,0.0,0.02326893733437902,0.0,0.0,0.0,0.0,0.0,0.0,0.0,,,0.0,dasymetric_v2 preferred=M3_folk ages=M6_scaled
2388,216506.3509460888,0.0,0.0,0.0,0.0,0.0,0.0,0.0,0.0,0.02326893733437902,0.0,0.0,0.0,0.0,0.0,0.0,0.0,,,0.0,dasymetric_v2 preferred=M3_folk ages=M6_scaled
2389,216506.3509460888,0.0,0.0,0.0,0.0,0.0,0.0,0.0,0.0,0.02326893733437902,0.0,0.0,0.0,0.0,0.0,0.0,0.0,,,0.0,dasymetric_v2 preferred=M3_folk ages=M6_scaled
2390,216506.3509460888,0.0,0.0,0.0,0.0,0.0,0.0,0.0,0.0,0.02326893733437902,0.0,0.0,0.0,0.0,0.0,0.0,0.0,,,0.0,dasymetric_v2 preferred=M3_folk ages=M6_scaled
2391,216506.3509460888,0.0,0.0,0.0,0.0,0.0,0.0,0.0,0.0,0.02326893733437902,0.0,0.0,0.0,0.0,0.0,0.0,0.0,,,0.0,dasymetric_v2 preferred=M3_folk ages=M6_scaled
2392,216506.3509460888,0.0,0.0,0.0,0.0,0.0,0.0,0.0,0.0,0.02326893733437902,0.0,0.0,0.0,0.0,0.0,0.0,0.0,,,0.0,dasymetric_v2 preferred=M3_folk ages=M6_scaled
2393,216506.3509460888,0.0,0.0,0.0,0.0,0.0,0.0,0.0,0.0,0.02326893733437902,0.0,0.0,0.0,0.0,0.0,0.0,0.0,,,0.0,dasymetric_v2 preferred=M3_folk ages=M6_scaled
2394,216506.3509460888,0.0,0.0,0.0,0.0,0.0,0.0,0.0,0.0,0.02326893733437902,0.0,0.0,0.0,0.0,0.0,0.0,0.0,,,0.0,dasymetric_v2 preferred=M3_folk ages=M6_scaled
2395,216506.3509460888,0.0,0.0,0.0,0.0,0.0,0.0,0.0,0.0,0.02326893733437902,0.0,0.0,0.0,0.0,0.0,0.0,0.0,,,0.0,dasymetric_v2 preferred=M3_folk ages=M6_scaled
2396,216506.3509460888,0.0,0.0,0.0,0.0,0.0,0.0,0.0,0.0,0.02326893733437902,0.0,0.0,0.0,0.0,0.0,0.0,0.0,,,0.0,dasymetric_v2 preferred=M3_folk ages=M6_scaled
2397,216506.3509460888,0.0,0.0,0.0,0.0,0.0,0.0,0.0,0.0,0.02326893733437902,0.0,0.0,0.0,0.0,0.0,0.0,0.0,,,0.0,dasymetric_v2 preferred=M3_folk ages=M6_scaled
2398,216506.3509460888,0.0,0.0,0.0,0.0,0.0,0.0,0.0,0.0,0.02326893733437902,0.0,0.0,0.0,0.0,0.0,0.0,0.0,,,0.0,dasymetric_v2 preferred=M3_folk ages=M6_scaled
2399,216506.3509460888,0.0,0.0,0.0,0.0,0.0,0.0,0.0,0.0,0.02326893733437902,0.0,0.0,0.0,0.0,0.0,0.0,0.0,,,0.0,dasymetric_v2 preferred=M3_folk ages=M6_scaled
2400,216506.3509460888,0.0,0.0,0.0,0.0,0.0,0.0,0.0,0.0,0.02326893733437902,0.0,0.0,0.0,0.0,0.0,0.0,0.0,,,0.0,dasymetric_v2 preferred=M3_folk ages=M6_scaled
2401,216506.3509460888,0.0,0.0,0.0,0.0,0.0,0.0,0.0,0.0,0.02326893733437902,0.0,0.0,0.0,0.0,0.0,0.0,0.0,,,0.0,dasymetric_v2 preferred=M3_folk ages=M6_scaled
2402,216506.3509460888,4.6881921785926,4.603338021514001,0.0,0.0,0.0,0.0,0.0,3.821329362269328,0.02326893733437902,0.0,0.0,0.0,0.0,0.0,0.0,0.0,,,0.0,dasymetric_v2 preferred=M3_folk ages=M6_scaled
2403,216506.3509460888,9.828521006171664,9.65062922325453,0.0,0.0,0.0,0.0,0.0,6.987844553427364,0.02326893733437902,0.0,0.0,0.0,0.0,0.0,0.0,0.0,,,0.0,dasymetric_v2 preferred=M3_folk ages=M6_scaled
2404,216506.3509460888,9.828521006171664,9.65062922325453,1.9820627802690582,1.946188340807175,1.2591567637961907,1.2363665961256713,1.2386320225098781,15.487634889370458,8.716077614255376,0.11389723922777063,0.018599349824867883,0.020679580636689135,1.2386320225098781,0.0199303619361333,0.02163117100255292,5.7209962529843015,1.6090623828494113,1.7463758896464678,1.2355163172403745,dasymetric_v2 preferred=M3_folk ages=M6_scaled
2405,216506.3509460888,9.828521006171664,9.65062922325453,15.856502242152466,15.5695067264574,14.282435292202507,14.023929676054046,14.049626083897763,22.677050921622207,77.40504553597019,1.2919201135264269,0.21096976801350142,0.23456552893615962,14.049626083897763,0.22606724824699773,0.2453592825146717,64.89244321242195,1.6090623828494108,1.7463758896464674,14.014285084126534,dasymetric_v2 preferred=M3_folk ages=M6_scaled
2406,216506.3509460888,9.828521006171664,9.65062922325453,57.47982062780269,56.43946188340807,51.6014433772858,50.66748060122632,50.76031993200006,39.16333253241423,261.18775230443737,4.66761733711521,0.7622190694895857,0.8474689093302223,50.76031993200006,0.8167652134398247,0.8864659887998592,234.4518750151567,1.609062382849411,1.7463758896464674,50.632635362717444,dasymetric_v2 preferred=M3_folk ages=M6_scaled
2407,216506.3509460888,9.828521006171664,9.65062922325453,1.9820627802690582,1.946188340807175,2.6862010960985403,2.6375820717347658,2.642414981354407,52.62108029395124,13.018795089753493,0.242980777019244,0.039678612959718154,0.04411643869160349,2.642414981354407,0.042518105463751045,0.046146498138779565,12.204792006366512,1.609062382849411,1.7463758896464674,2.6357681434461324,dasymetric_v2 preferred=M3_folk ages=M6_scaled
2408,216506.3509460888,9.828521006171664,9.65062922325453,0.0,0.0,0.0,0.0,0.0,48.74700235294599,0.02326893733437902,0.0,0.0,0.0,0.0,0.0,0.0,0.0,,,0.0,dasymetric_v2 preferred=M3_folk ages=M6_scaled
2409,216506.3509460888,9.828521006171664,9.65062922325453,9.91031390134529,9.730941704035875,11.188507244017583,10.986000325573825,11.006130257159205,46.1931733306623,25.297013705790903,1.0120583257096192,0.16526850844382607,0.18375284508600917,11.006130257159205,0.1770955017753559,0.19220840519411309,50.83513813366052,1.6090623828494108,1.7463758896464672,10.978444990335902,dasymetric_v2 preferred=M3_folk ages=M6_scaled
2410,216506.3509460888,8.398634851754291,8.2466233612248,11.89237668161435,11.67713004484305,11.776113733789137,11.562971403765804,11.58415853433048,21.2598499626724,26.62558141381208,1.0652103706825786,0.1739482050287644,0.19340331604979744,11.58415853433048,0.18639633734555144,0.20230295166197113,53.50493638505319,1.609062382849411,1.7463758896464676,11.555019271714741,dasymetric_v2 preferred=M3_folk ages=M6_scaled
2411,216506.3509460888,0.0,0.0,3.9641255605381165,3.89237668161435,2.86608063378371,2.81420587118129,2.8193624131415325,0.0,0.02326893733437902,0.2592518111946398,0.04233566293469928,0.04707066449684479,2.8193624131415325,0.0453653000260558,0.04923666542485855,13.02207718536427,1.609062382849411,1.7463758896464674,2.812270474480471,dasymetric_v2 preferred=M3_folk ages=M6_scaled
2412,216506.3509460888,0.0,0.0,0.0,0.0,0.0,0.0,0.0,0.0,0.02326893733437902,0.0,0.0,0.0,0.0,0.0,0.0,0.0,,,0.0,dasymetric_v2 preferred=M3_folk ages=M6_scaled
2413,216506.3509460888,0.0,0.0,0.0,0.0,0.0,0.0,0.0,0.0,0.02326893733437902,0.0,0.0,0.0,0.0,0.0,0.0,0.0,,,0.0,dasymetric_v2 preferred=M3_folk ages=M6_scaled
2414,216506.3509460888,0.0,0.0,0.0,0.0,0.0,0.0,0.0,0.0,0.02326893733437902,0.0,0.0,0.0,0.0,0.0,0.0,0.0,,,0.0,dasymetric_v2 preferred=M3_folk ages=M6_scaled
2415,216506.3509460888,0.0,0.0,0.0,0.0,0.0,0.0,0.0,0.0,0.02326893733437902,0.0,0.0,0.0,0.0,0.0,0.0,0.0,,,0.0,dasymetric_v2 preferred=M3_folk ages=M6_scaled
2416,216506.3509460888,0.0,0.0,0.0,0.0,0.0,0.0,0.0,0.0,0.02326893733437902,0.0,0.0,0.0,0.0,0.0,0.0,0.0,,,0.0,dasymetric_v2 preferred=M3_folk ages=M6_scaled
2417,216506.3509460888,0.0,0.0,0.0,0.0,0.0,0.0,0.0,0.0,0.02326893733437902,0.0,0.0,0.0,0.0,0.0,0.0,0.0,,,0.0,dasymetric_v2 preferred=M3_folk ages=M6_scaled
2418,216506.3509460888,0.0,0.0,0.0,0.0,0.0,0.0,0.0,0.0,0.02326893733437902,0.0,0.0,0.0,0.0,0.0,0.0,0.0,,,0.0,dasymetric_v2 preferred=M3_folk ages=M6_scaled
2419,216506.3509460888,0.0,0.0,0.0,0.0,0.0,0.0,0.0,0.0,0.02326893733437902,0.0,0.0,0.0,0.0,0.0,0.0,0.0,,,0.0,dasymetric_v2 preferred=M3_folk ages=M6_scaled
2420,216506.3509460888,0.0,0.0,0.0,0.0,0.0,0.0,0.0,0.0,0.02326893733437902,0.0,0.0,0.0,0.0,0.0,0.0,0.0,,,0.0,dasymetric_v2 preferred=M3_folk ages=M6_scaled
2421,216506.3509460888,0.0,0.0,0.0,0.0,0.0,0.0,0.0,0.0,0.02326893733437902,0.0,0.0,0.0,0.0,0.0,0.0,0.0,,,0.0,dasymetric_v2 preferred=M3_folk ages=M6_scaled
2422,216506.3509460888,0.0,0.0,0.0,0.0,0.0,0.0,0.0,0.0,0.02326893733437902,0.0,0.0,0.0,0.0,0.0,0.0,0.0,,,0.0,dasymetric_v2 preferred=M3_folk ages=M6_scaled
2423,216506.3509460888,0.0,0.0,0.0,0.0,0.0,0.0,0.0,0.0,0.02326893733437902,0.0,0.0,0.0,0.0,0.0,0.0,0.0,,,0.0,dasymetric_v2 preferred=M3_folk ages=M6_scaled
2424,216506.3509460888,0.0,0.0,0.0,0.0,0.0,0.0,0.0,0.0,0.02326893733437902,0.0,0.0,0.0,0.0,0.0,0.0,0.0,,,0.0,dasymetric_v2 preferred=M3_folk ages=M6_scaled
2425,216506.3509460888,0.0,0.0,0.0,0.0,0.0,0.0,0.0,0.0,0.02326893733437902,0.0,0.0,0.0,0.0,0.0,0.0,0.0,,,0.0,dasymetric_v2 preferred=M3_folk ages=M6_scaled
2426,216506.3509460888,0.0,0.0,0.0,0.0,0.0,0.0,0.0,0.0,0.02326893733437902,0.0,0.0,0.0,0.0,0.0,0.0,0.0,,,0.0,dasymetric_v2 preferred=M3_folk ages=M6_scaled
2427,216506.3509460888,0.0,0.0,0.0,0.0,0.0,0.0,0.0,0.0,0.02326893733437902,0.0,0.0,0.0,0.0,0.0,0.0,0.0,,,0.0,dasymetric_v2 preferred=M3_folk ages=M6_scaled
2428,216506.3509460888,0.0,0.0,0.0,0.0,0.0,0.0,0.0,0.0,0.02326893733437902,0.0,0.0,0.0,0.0,0.0,0.0,0.0,,,0.0,dasymetric_v2 preferred=M3_folk ages=M6_scaled
2429,216506.3509460888,0.0,0.0,0.0,0.0,0.0,0.0,0.0,0.0,0.02326893733437902,0.0,0.0,0.0,0.0,0.0,0.0,0.0,,,0.0,dasymetric_v2 preferred=M3_folk ages=M6_scaled
2430,216506.3509460888,0.0,0.0,0.0,0.0,0.0,0.0,0.0,0.0,0.02326893733437902,0.0,0.0,0.0,0.0,0.0,0.0,0.0,,,0.0,dasymetric_v2 preferred=M3_folk ages=M6_scaled
2431,216506.3509460888,0.0,0.0,0.0,0.0,0.0,0.0,0.0,0.0,0.02326893733437902,0.0,0.0,0.0,0.0,0.0,0.0,0.0,,,0.0,dasymetric_v2 preferred=M3_folk ages=M6_scaled
2432,216506.3509460888,0.0,0.0,0.0,0.0,0.0,0.0,0.0,0.0,0.02326893733437902,0.0,0.0,0.0,0.0,0.0,0.0,0.0,,,0.0,dasymetric_v2 preferred=M3_folk ages=M6_scaled
2433,216506.3509460888,0.0,0.0,0.0,0.0,0.0,0.0,0.0,0.0,0.02326893733437902,0.0,0.0,0.0,0.0,0.0,0.0,0.0,,,0.0,dasymetric_v2 preferred=M3_folk ages=M6_scaled
2434,216506.3509460888,0.0,0.0,0.0,0.0,0.0,0.0,0.0,0.0,0.02326893733437902,0.0,0.0,0.0,0.0,0.0,0.0,0.0,,,0.0,dasymetric_v2 preferred=M3_folk ages=M6_scaled
2435,216506.3509460888,0.0,0.0,0.0,0.0,0.0,0.0,0.0,0.0,0.02326893733437902,0.0,0.0,0.0,0.0,0.0,0.0,0.0,,,0.0,dasymetric_v2 preferred=M3_folk ages=M6_scaled
2436,216506.3509460888,0.0,0.0,0.0,0.0,0.0,0.0,0.0,0.0,0.02326893733437902,0.0,0.0,0.0,0.0,0.0,0.0,0.0,,,0.0,dasymetric_v2 preferred=M3_folk ages=M6_scaled
2437,216506.3509460888,0.0,0.0,0.0,0.0,0.0,0.0,0.0,0.0,0.02326893733437902,0.0,0.0,0.0,0.0,0.0,0.0,0.0,,,0.0,dasymetric_v2 preferred=M3_folk ages=M6_scaled
2438,216506.3509460888,0.0,0.0,0.0,0.0,0.0,0.0,0.0,0.0,0.02326893733437902,0.0,0.0,0.0,0.0,0.0,0.0,0.0,,,0.0,dasymetric_v2 preferred=M3_folk ages=M6_scaled
2439,216506.3509460888,0.0,0.0,0.0,0.0,0.0,0.0,0.0,0.0,0.02326893733437902,0.0,0.0,0.0,0.0,0.0,0.0,0.0,,,0.0,dasymetric_v2 preferred=M3_folk ages=M6_scaled
2440,216506.3509460888,0.0,0.0,0.0,0.0,0.0,0.0,0.0,0.0,0.02326893733437902,0.0,0.0,0.0,0.0,0.0,0.0,0.0,,,0.0,dasymetric_v2 preferred=M3_folk ages=M6_scaled
2441,216506.3509460888,0.0,0.0,0.0,0.0,0.0,0.0,0.0,0.0,0.02326893733437902,0.0,0.0,0.0,0.0,0.0,0.0,0.0,,,0.0,dasymetric_v2 preferred=M3_folk ages=M6_scaled
2442,216506.3509460888,0.0,0.0,0.0,0.0,0.0,0.0,0.0,0.0,0.02326893733437902,0.0,0.0,0.0,0.0,0.0,0.0,0.0,,,0.0,dasymetric_v2 preferred=M3_folk ages=M6_scaled
2443,216506.3509460888,0.0,0.0,0.0,0.0,0.0,0.0,0.0,0.0,0.02326893733437902,0.0,0.0,0.0,0.0,0.0,0.0,0.0,,,0.0,dasymetric_v2 preferred=M3_folk ages=M6_scaled
2444,216506.3509460888,0.0,0.0,0.0,0.0,0.0,0.0,0.0,0.0,0.02326893733437902,0.0,0.0,0.0,0.0,0.0,0.0,0.0,,,0.0,dasymetric_v2 preferred=M3_folk ages=M6_scaled
2445,216506.3509460888,0.0,0.0,0.0,0.0,0.0,0.0,0.0,0.12895595626613868,0.02326893733437902,0.0,0.0,0.0,0.0,0.0,0.0,0.0,,,0.0,dasymetric_v2 preferred=M3_folk ages=M6_scaled
2446,216506.3509460888,3.559121826793848,3.494703332191244,1.9820627802690582,1.946188340807175,1.2831407021542134,1.2599164360518746,1.2622250134148283,6.20042595042606,8.882098140241192,0.11606671045115675,0.018953623154865366,0.021073477410721308,1.2622250134148283,0.020309987877773935,0.02204319330736345,5.829967610184003,1.609062382849411,1.7463758896464674,1.2590499613782864,dasymetric_v2 preferred=M3_folk ages=M6_scaled
2447,216506.3509460888,3.834147950124773,3.764751607136089,0.0,0.0,0.0,0.0,0.0,6.516368043277784,0.02326893733437902,0.0,0.0,0.0,0.0,0.0,0.0,0.0,,,0.0,dasymetric_v2 preferred=M3_folk ages=M6_scaled
2448,216506.3509460888,9.652528742469844,9.477822339891203,0.0,0.0,0.0,0.0,0.0,21.391469528969907,0.02326893733437902,0.0,0.0,0.0,0.0,0.0,0.0,0.0,,,0.0,dasymetric_v2 preferred=M3_folk ages=M6_scaled
2449,216506.3509460888,9.828521006171664,9.65062922325453,0.0,0.0,0.0,0.0,0.0,21.907293354033374,0.02326893733437902,0.0,0.0,0.0,0.0,0.0,0.0,0.0,,,0.0,dasymetric_v2 preferred=M3_folk ages=M6_scaled
2450,216506.3509460888,9.828521006171664,9.65062922325453,0.0,0.0,0.0,0.0,0.0,46.19317333067414,0.02326893733437902,0.0,0.0,0.0,0.0,0.0,0.0,0.0,,,0.0,dasymetric_v2 preferred=M3_folk ages=M6_scaled
2451,216506.3509460888,9.828521006171664,9.65062922325453,0.0,0.0,0.0,0.0,0.0,46.1931733306718,0.02326893733437902,0.0,0.0,0.0,0.0,0.0,0.0,0.0,,,0.0,dasymetric_v2 preferred=M3_folk ages=M6_scaled
2452,216506.3509460888,9.828521006171664,9.65062922325453,1.9820627802690582,1.946188340807175,1.5109881165554289,1.4836399153508057,1.486358427011854,46.19317333067414,3.4163169634830157,0.13667668707332475,0.02231921978984146,0.024815496764026963,1.486358427011854,0.02391643432335996,0.025957405203063506,6.865195503581163,1.609062382849411,1.7463758896464676,1.4826195806884495,dasymetric_v2 preferred=M3_folk ages=M6_scaled
2453,216506.3509460888,7.988648253484451,7.844057334869348,29.730941704035875,29.192825112107624,36.86331325628086,36.19610396657442,36.26242702090825,45.232451456489066,83.34728845830786,3.334477270344447,0.5445181082061321,0.6054193416874515,36.26242702090825,0.5834850723016549,0.6332782824937875,167.48897601594044,1.609062382849411,1.7463758896464676,36.171211039970586,dasymetric_v2 preferred=M3_folk ages=M6_scaled
2454,216506.3509460888,0.8574624116232598,0.8419427299649203,31.713004484304932,31.1390134529148,24.127841988170818,23.691138965760487,23.734548850379763,0.0,54.552616908951016,2.182488050726424,0.3563989699774684,0.39626015467636705,23.734548850379763,0.3819036972904781,0.414494438639395,109.6251853428992,1.609062382849411,1.7463758896464674,23.67484600273937,dasymetric_v2 preferred=M3_folk ages=M6_scaled
2455,216506.3509460888,0.0,0.0,0.0,0.0,0.0,0.0,0.0,0.0,0.02326893733437902,0.0,0.0,0.0,0.0,0.0,0.0,0.0,,,0.0,dasymetric_v2 preferred=M3_folk ages=M6_scaled
2456,216506.3509460888,0.0,0.0,0.0,0.0,0.0,0.0,0.0,0.0,0.02326893733437902,0.0,0.0,0.0,0.0,0.0,0.0,0.0,,,0.0,dasymetric_v2 preferred=M3_folk ages=M6_scaled
2457,216506.3509460888,0.0,0.0,0.0,0.0,0.0,0.0,0.0,0.0,0.02326893733437902,0.0,0.0,0.0,0.0,0.0,0.0,0.0,,,0.0,dasymetric_v2 preferred=M3_folk ages=M6_scaled
2458,216506.3509460888,0.0,0.0,0.0,0.0,0.0,0.0,0.0,0.0,0.02326893733437902,0.0,0.0,0.0,0.0,0.0,0.0,0.0,,,0.0,dasymetric_v2 preferred=M3_folk ages=M6_scaled
2459,216506.3509460888,0.0,0.0,0.0,0.0,0.0,0.0,0.0,0.0,0.02326893733437902,0.0,0.0,0.0,0.0,0.0,0.0,0.0,,,0.0,dasymetric_v2 preferred=M3_folk ages=M6_scaled
2460,216506.3509460888,0.0,0.0,0.0,0.0,0.0,0.0,0.0,0.0,0.02326893733437902,0.0,0.0,0.0,0.0,0.0,0.0,0.0,,,0.0,dasymetric_v2 preferred=M3_folk ages=M6_scaled
2461,216506.3509460888,0.0,0.0,0.0,0.0,0.0,0.0,0.0,0.0,0.02326893733437902,0.0,0.0,0.0,0.0,0.0,0.0,0.0,,,0.0,dasymetric_v2 preferred=M3_folk ages=M6_scaled
2462,216506.3509460888,0.0,0.0,0.0,0.0,0.0,0.0,0.0,0.0,0.02326893733437902,0.0,0.0,0.0,0.0,0.0,0.0,0.0,,,0.0,dasymetric_v2 preferred=M3_folk ages=M6_scaled
2463,216506.3509460888,0.0,0.0,0.0,0.0,0.0,0.0,0.0,0.0,0.02326893733437902,0.0,0.0,0.0,0.0,0.0,0.0,0.0,,,0.0,dasymetric_v2 preferred=M3_folk ages=M6_scaled
2464,216506.3509460888,0.0,0.0,0.0,0.0,0.0,0.0,0.0,0.0,0.02326893733437902,0.0,0.0,0.0,0.0,0.0,0.0,0.0,,,0.0,dasymetric_v2 preferred=M3_folk ages=M6_scaled
2465,216506.3509460888,0.0,0.0,0.0,0.0,0.0,0.0,0.0,0.0,0.02326893733437902,0.0,0.0,0.0,0.0,0.0,0.0,0.0,,,0.0,dasymetric_v2 preferred=M3_folk ages=M6_scaled
2466,216506.3509460888,0.0,0.0,0.0,0.0,0.0,0.0,0.0,0.0,0.02326893733437902,0.0,0.0,0.0,0.0,0.0,0.0,0.0,,,0.0,dasymetric_v2 preferred=M3_folk ages=M6_scaled
2467,216506.3509460888,0.0,0.0,0.0,0.0,0.0,0.0,0.0,0.0,0.02326893733437902,0.0,0.0,0.0,0.0,0.0,0.0,0.0,,,0.0,dasymetric_v2 preferred=M3_folk ages=M6_scaled
2468,216506.3509460888,0.0,0.0,0.0,0.0,0.0,0.0,0.0,0.0,0.02326893733437902,0.0,0.0,0.0,0.0,0.0,0.0,0.0,,,0.0,dasymetric_v2 preferred=M3_folk ages=M6_scaled
2469,216506.3509460888,0.0,0.0,0.0,0.0,0.0,0.0,0.0,0.0,0.02326893733437902,0.0,0.0,0.0,0.0,0.0,0.0,0.0,,,0.0,dasymetric_v2 preferred=M3_folk ages=M6_scaled
2470,216506.3509460888,0.0,0.0,0.0,0.0,0.0,0.0,0.0,0.0,0.02326893733437902,0.0,0.0,0.0,0.0,0.0,0.0,0.0,,,0.0,dasymetric_v2 preferred=M3_folk ages=M6_scaled
2471,216506.3509460888,0.0,0.0,0.0,0.0,0.0,0.0,0.0,0.0,0.02326893733437902,0.0,0.0,0.0,0.0,0.0,0.0,0.0,,,0.0,dasymetric_v2 preferred=M3_folk ages=M6_scaled
2472,216506.3509460888,0.0,0.0,0.0,0.0,0.0,0.0,0.0,0.0,0.02326893733437902,0.0,0.0,0.0,0.0,0.0,0.0,0.0,,,0.0,dasymetric_v2 preferred=M3_folk ages=M6_scaled
2473,216506.3509460888,0.0,0.0,0.0,0.0,0.0,0.0,0.0,0.0,0.02326893733437902,0.0,0.0,0.0,0.0,0.0,0.0,0.0,,,0.0,dasymetric_v2 preferred=M3_folk ages=M6_scaled
2474,216506.3509460888,0.0,0.0,0.0,0.0,0.0,0.0,0.0,0.0,0.02326893733437902,0.0,0.0,0.0,0.0,0.0,0.0,0.0,,,0.0,dasymetric_v2 preferred=M3_folk ages=M6_scaled
2475,216506.3509460888,0.0,0.0,0.0,0.0,0.0,0.0,0.0,0.0,0.02326893733437902,0.0,0.0,0.0,0.0,0.0,0.0,0.0,,,0.0,dasymetric_v2 preferred=M3_folk ages=M6_scaled
2476,216506.3509460888,0.0,0.0,0.0,0.0,0.0,0.0,0.0,0.0,0.02326893733437902,0.0,0.0,0.0,0.0,0.0,0.0,0.0,,,0.0,dasymetric_v2 preferred=M3_folk ages=M6_scaled
2477,216506.3509460888,0.0,0.0,0.0,0.0,0.0,0.0,0.0,0.0,0.02326893733437902,0.0,0.0,0.0,0.0,0.0,0.0,0.0,,,0.0,dasymetric_v2 preferred=M3_folk ages=M6_scaled
2478,216506.3509460888,0.0,0.0,0.0,0.0,0.0,0.0,0.0,0.0,0.02326893733437902,0.0,0.0,0.0,0.0,0.0,0.0,0.0,,,0.0,dasymetric_v2 preferred=M3_folk ages=M6_scaled
2479,216506.3509460888,0.0,0.0,0.0,0.0,0.0,0.0,0.0,0.0,0.02326893733437902,0.0,0.0,0.0,0.0,0.0,0.0,0.0,,,0.0,dasymetric_v2 preferred=M3_folk ages=M6_scaled
2480,216506.3509460888,0.0,0.0,0.0,0.0,0.0,0.0,0.0,0.0,0.02326893733437902,0.0,0.0,0.0,0.0,0.0,0.0,0.0,,,0.0,dasymetric_v2 preferred=M3_folk ages=M6_scaled
2481,216506.3509460888,0.0,0.0,0.0,0.0,0.0,0.0,0.0,0.0,0.02326893733437902,0.0,0.0,0.0,0.0,0.0,0.0,0.0,,,0.0,dasymetric_v2 preferred=M3_folk ages=M6_scaled
2482,216506.3509460888,0.0,0.0,0.0,0.0,0.0,0.0,0.0,0.0,0.02326893733437902,0.0,0.0,0.0,0.0,0.0,0.0,0.0,,,0.0,dasymetric_v2 preferred=M3_folk ages=M6_scaled
2483,216506.3509460888,0.0,0.0,0.0,0.0,0.0,0.0,0.0,0.0,0.02326893733437902,0.0,0.0,0.0,0.0,0.0,0.0,0.0,,,0.0,dasymetric_v2 preferred=M3_folk ages=M6_scaled
2484,216506.3509460888,0.0,0.0,0.0,0.0,0.0,0.0,0.0,0.0,0.02326893733437902,0.0,0.0,0.0,0.0,0.0,0.0,0.0,,,0.0,dasymetric_v2 preferred=M3_folk ages=M6_scaled
2485,216506.3509460888,0.0,0.0,0.0,0.0,0.0,0.0,0.0,0.0,0.02326893733437902,0.0,0.0,0.0,0.0,0.0,0.0,0.0,,,0.0,dasymetric_v2 preferred=M3_folk ages=M6_scaled
2486,216506.3509460888,0.0,0.0,0.0,0.0,0.0,0.0,0.0,0.0,0.02326893733437902,0.0,0.0,0.0,0.0,0.0,0.0,0.0,,,0.0,dasymetric_v2 preferred=M3_folk ages=M6_scaled
2487,216506.3509460888,0.0,0.0,0.0,0.0,0.0,0.0,0.0,0.0,0.02326893733437902,0.0,0.0,0.0,0.0,0.0,0.0,0.0,,,0.0,dasymetric_v2 preferred=M3_folk ages=M6_scaled
2488,216506.3509460888,0.0,0.0,0.0,0.0,0.0,0.0,0.0,0.0,0.02326893733437902,0.0,0.0,0.0,0.0,0.0,0.0,0.0,,,0.0,dasymetric_v2 preferred=M3_folk ages=M6_scaled
2489,216506.3509460888,0.0,0.0,0.0,0.0,0.0,0.0,0.0,0.0,0.02326893733437902,0.0,0.0,0.0,0.0,0.0,0.0,0.0,,,0.0,dasymetric_v2 preferred=M3_folk ages=M6_scaled
2490,216506.3509460888,0.0,0.0,1.9820627802690582,1.946188340807175,1.5949319008085083,1.5660643550925173,1.5689338951791794,1.1099113790647928,11.040364978056807,0.14426983635517615,0.023559176444832654,0.02619413547313957,1.5689338951791794,0.025245125119102183,0.027399483269900365,7.246595253780117,1.609062382849411,1.7463758896464672,1.564987335171141,dasymetric_v2 preferred=M3_folk ages=M6_scaled
2491,216506.3509460888,0.0,0.0,0.0,0.0,0.0,0.0,0.0,2.0376308899295785,0.02326893733437902,0.0,0.0,0.0,0.0,0.0,0.0,0.0,,,0.0,dasymetric_v2 preferred=M3_folk ages=M6_scaled
2492,216506.3509460888,0.49075255758498226,0.4818701583526749,0.0,0.0,0.0,0.0,0.0,12.474023620877448,0.02326893733437902,0.0,0.0,0.0,0.0,0.0,0.0,0.0,,,0.0,dasymetric_v2 preferred=M3_folk ages=M6_scaled
2493,216506.3509460888,8.77681593999526,8.617959542891274,0.0,0.0,0.0,0.0,0.0,21.391469528969903,0.02326893733437902,0.0,0.0,0.0,0.0,0.0,0.0,0.0,,,0.0,dasymetric_v2 preferred=M3_folk ages=M6_scaled
2494,216506.3509460888,9.828521006171664,9.65062922325453,1.9820627802690582,1.946188340807175,1.9187150686418146,1.8839871940962614,1.8874392723960052,25.831115045230167,9.299139349823923,0.1735576978708886,0.02834186639979868,0.03151174192257392,1.8874392723960052,0.030370075331250745,0.03296178438484255,8.717708575976081,1.609062382849411,1.7463758896464676,1.8826915310329517,dasymetric_v2 preferred=M3_folk ages=M6_scaled
2495,216506.3509460888,9.828521006171664,9.65062922325453,1.9820627802690582,1.946188340807175,1.6548917467035649,1.6249389549080253,1.6279163724415544,29.541993088688216,8.020507689223134,0.1496935144136414,0.02444485976982636,0.027178877408220007,1.6279163724415544,0.026194189973203767,0.028429539031926698,7.519023646779369,1.6090623828494108,1.7463758896464674,1.6238214455159206,dasymetric_v2 preferred=M3_folk ages=M6_scaled
2496,216506.3509460888,9.811272356864775,9.633692766695278,11.89237668161435,11.67713004484305,17.004612295838083,16.696836507678118,16.727430551609597,21.824883236450972,27.53420988196877,1.53815509738075,0.2511797909682158,0.2792728127888114,16.727430551609597,0.2691547926232097,0.29212381411066707,77.26069225458802,1.6090623828494106,1.7463758896464674,16.685353693779536,dasymetric_v2 preferred=M3_folk ages=M6_scaled
2497,216506.3509460888,3.5498159585664157,3.485565895967929,0.0,0.0,0.0,0.0,0.0,15.18035012997536,0.02326893733437902,0.0,0.0,0.0,0.0,0.0,0.0,0.0,,,0.0,dasymetric_v2 preferred=M3_folk ages=M6_scaled
2498,216506.3509460888,0.0,0.0,0.0,0.0,0.0,0.0,0.0,6.911510355943829,0.02326893733437902,0.0,0.0,0.0,0.0,0.0,0.0,0.0,,,0.0,dasymetric_v2 preferred=M3_folk ages=M6_scaled
2499,216506.3509460888,0.0,0.0,0.0,0.0,0.0,0.0,0.0,0.0,0.02326893733437902,0.0,0.0,0.0,0.0,0.0,0.0,0.0,,,0.0,dasymetric_v2 preferred=M3_folk ages=M6_scaled
2500,216506.3509460888,0.0,0.0,0.0,0.0,0.0,0.0,0.0,0.0,0.02326893733437902,0.0,0.0,0.0,0.0,0.0,0.0,0.0,,,0.0,dasymetric_v2 preferred=M3_folk ages=M6_scaled
2501,216506.3509460888,0.0,0.0,0.0,0.0,0.0,0.0,0.0,0.0,0.02326893733437902,0.0,0.0,0.0,0.0,0.0,0.0,0.0,,,0.0,dasymetric_v2 preferred=M3_folk ages=M6_scaled
2502,216506.3509460888,0.0,0.0,0.0,0.0,0.0,0.0,0.0,0.0,0.02326893733437902,0.0,0.0,0.0,0.0,0.0,0.0,0.0,,,0.0,dasymetric_v2 preferred=M3_folk ages=M6_scaled
2503,216506.3509460888,0.0,0.0,0.0,0.0,0.0,0.0,0.0,0.0,0.02326893733437902,0.0,0.0,0.0,0.0,0.0,0.0,0.0,,,0.0,dasymetric_v2 preferred=M3_folk ages=M6_scaled
2504,216506.3509460888,0.0,0.0,0.0,0.0,0.0,0.0,0.0,0.0,0.02326893733437902,0.0,0.0,0.0,0.0,0.0,0.0,0.0,,,0.0,dasymetric_v2 preferred=M3_folk ages=M6_scaled
2505,216506.3509460888,0.0,0.0,0.0,0.0,0.0,0.0,0.0,0.0,0.02326893733437902,0.0,0.0,0.0,0.0,0.0,0.0,0.0,,,0.0,dasymetric_v2 preferred=M3_folk ages=M6_scaled
2506,216506.3509460888,0.0,0.0,0.0,0.0,0.0,0.0,0.0,0.0,0.02326893733437902,0.0,0.0,0.0,0.0,0.0,0.0,0.0,,,0.0,dasymetric_v2 preferred=M3_folk ages=M6_scaled
2507,216506.3509460888,0.0,0.0,0.0,0.0,0.0,0.0,0.0,0.0,0.02326893733437902,0.0,0.0,0.0,0.0,0.0,0.0,0.0,,,0.0,dasymetric_v2 preferred=M3_folk ages=M6_scaled
2508,216506.3509460888,0.0,0.0,0.0,0.0,0.0,0.0,0.0,0.0,0.02326893733437902,0.0,0.0,0.0,0.0,0.0,0.0,0.0,,,0.0,dasymetric_v2 preferred=M3_folk ages=M6_scaled
2509,216506.3509460888,0.0,0.0,0.0,0.0,0.0,0.0,0.0,0.0,0.02326893733437902,0.0,0.0,0.0,0.0,0.0,0.0,0.0,,,0.0,dasymetric_v2 preferred=M3_folk ages=M6_scaled
2510,216506.3509460888,0.0,0.0,0.0,0.0,0.0,0.0,0.0,0.0,0.02326893733437902,0.0,0.0,0.0,0.0,0.0,0.0,0.0,,,0.0,dasymetric_v2 preferred=M3_folk ages=M6_scaled
2511,216506.3509460888,0.0,0.0,0.0,0.0,0.0,0.0,0.0,0.0,0.02326893733437902,0.0,0.0,0.0,0.0,0.0,0.0,0.0,,,0.0,dasymetric_v2 preferred=M3_folk ages=M6_scaled
2512,216506.3509460888,0.0,0.0,0.0,0.0,0.0,0.0,0.0,0.0,0.02326893733437902,0.0,0.0,0.0,0.0,0.0,0.0,0.0,,,0.0,dasymetric_v2 preferred=M3_folk ages=M6_scaled
2513,216506.3509460888,0.0,0.0,0.0,0.0,0.0,0.0,0.0,0.0,0.02326893733437902,0.0,0.0,0.0,0.0,0.0,0.0,0.0,,,0.0,dasymetric_v2 preferred=M3_folk ages=M6_scaled
2514,216506.3509460888,0.0,0.0,0.0,0.0,0.0,0.0,0.0,0.0,0.02326893733437902,0.0,0.0,0.0,0.0,0.0,0.0,0.0,,,0.0,dasymetric_v2 preferred=M3_folk ages=M6_scaled
2515,216506.3509460888,0.0,0.0,0.0,0.0,0.0,0.0,0.0,0.0,0.02326893733437902,0.0,0.0,0.0,0.0,0.0,0.0,0.0,,,0.0,dasymetric_v2 preferred=M3_folk ages=M6_scaled
2516,216506.3509460888,0.0,0.0,0.0,0.0,0.0,0.0,0.0,0.0,0.02326893733437902,0.0,0.0,0.0,0.0,0.0,0.0,0.0,,,0.0,dasymetric_v2 preferred=M3_folk ages=M6_scaled
2517,216506.3509460888,0.0,0.0,0.0,0.0,0.0,0.0,0.0,0.0,0.02326893733437902,0.0,0.0,0.0,0.0,0.0,0.0,0.0,,,0.0,dasymetric_v2 preferred=M3_folk ages=M6_scaled
2518,216506.3509460888,0.0,0.0,0.0,0.0,0.0,0.0,0.0,0.0,0.02326893733437902,0.0,0.0,0.0,0.0,0.0,0.0,0.0,,,0.0,dasymetric_v2 preferred=M3_folk ages=M6_scaled
2519,216506.3509460888,0.0,0.0,0.0,0.0,0.0,0.0,0.0,0.0,0.02326893733437902,0.0,0.0,0.0,0.0,0.0,0.0,0.0,,,0.0,dasymetric_v2 preferred=M3_folk ages=M6_scaled
2520,216506.3509460888,0.0,0.0,0.0,0.0,0.0,0.0,0.0,0.0,0.02326893733437902,0.0,0.0,0.0,0.0,0.0,0.0,0.0,,,0.0,dasymetric_v2 preferred=M3_folk ages=M6_scaled
2521,216506.3509460888,0.0,0.0,0.0,0.0,0.0,0.0,0.0,0.0,0.02326893733437902,0.0,0.0,0.0,0.0,0.0,0.0,0.0,,,0.0,dasymetric_v2 preferred=M3_folk ages=M6_scaled
2522,216506.3509460888,0.0,0.0,0.0,0.0,0.0,0.0,0.0,0.0,0.02326893733437902,0.0,0.0,0.0,0.0,0.0,0.0,0.0,,,0.0,dasymetric_v2 preferred=M3_folk ages=M6_scaled
2523,216506.3509460888,0.0,0.0,0.0,0.0,0.0,0.0,0.0,0.0,0.02326893733437902,0.0,0.0,0.0,0.0,0.0,0.0,0.0,,,0.0,dasymetric_v2 preferred=M3_folk ages=M6_scaled
2524,216506.3509460888,0.0,0.0,0.0,0.0,0.0,0.0,0.0,0.0,0.02326893733437902,0.0,0.0,0.0,0.0,0.0,0.0,0.0,,,0.0,dasymetric_v2 preferred=M3_folk ages=M6_scaled
2525,216506.3509460888,0.0,0.0,0.0,0.0,0.0,0.0,0.0,0.0,0.02326893733437902,0.0,0.0,0.0,0.0,0.0,0.0,0.0,,,0.0,dasymetric_v2 preferred=M3_folk ages=M6_scaled
2526,216506.3509460888,0.0,0.0,0.0,0.0,0.0,0.0,0.0,0.0,0.02326893733437902,0.0,0.0,0.0,0.0,0.0,0.0,0.0,,,0.0,dasymetric_v2 preferred=M3_folk ages=M6_scaled
2527,216506.3509460888,0.0,0.0,0.0,0.0,0.0,0.0,0.0,0.0,0.02326893733437902,0.0,0.0,0.0,0.0,0.0,0.0,0.0,,,0.0,dasymetric_v2 preferred=M3_folk ages=M6_scaled
2528,216506.3509460888,0.0,0.0,0.0,0.0,0.0,0.0,0.0,0.0,0.02326893733437902,0.0,0.0,0.0,0.0,0.0,0.0,0.0,,,0.0,dasymetric_v2 preferred=M3_folk ages=M6_scaled
2529,216506.3509460888,0.0,0.0,0.0,0.0,0.0,0.0,0.0,0.0,0.02326893733437902,0.0,0.0,0.0,0.0,0.0,0.0,0.0,,,0.0,dasymetric_v2 preferred=M3_folk ages=M6_scaled
2530,216506.3509460888,0.0,0.0,0.0,0.0,0.0,0.0,0.0,0.0,0.02326893733437902,0.0,0.0,0.0,0.0,0.0,0.0,0.0,,,0.0,dasymetric_v2 preferred=M3_folk ages=M6_scaled
2531,216506.3509460888,0.0,0.0,0.0,0.0,0.0,0.0,0.0,0.0,0.02326893733437902,0.0,0.0,0.0,0.0,0.0,0.0,0.0,,,0.0,dasymetric_v2 preferred=M3_folk ages=M6_scaled
2532,216506.3509460888,0.0,0.0,0.0,0.0,0.0,0.0,0.0,0.0,0.02326893733437902,0.0,0.0,0.0,0.0,0.0,0.0,0.0,,,0.0,dasymetric_v2 preferred=M3_folk ages=M6_scaled
2533,216506.3509460888,0.0,0.0,0.0,0.0,0.0,0.0,0.0,0.0,0.02326893733437902,0.0,0.0,0.0,0.0,0.0,0.0,0.0,,,0.0,dasymetric_v2 preferred=M3_folk ages=M6_scaled
2534,216506.3509460888,0.0,0.0,0.0,0.0,0.0,0.0,0.0,0.0,0.02326893733437902,0.0,0.0,0.0,0.0,0.0,0.0,0.0,,,0.0,dasymetric_v2 preferred=M3_folk ages=M6_scaled
2535,216506.3509460888,0.0,0.0,0.0,0.0,0.0,0.0,0.0,0.4448980491181785,0.02326893733437902,0.0,0.0,0.0,0.0,0.0,0.0,0.0,,,0.0,dasymetric_v2 preferred=M3_folk ages=M6_scaled
2536,216506.3509460888,0.14066833086849012,0.1381222977305989,0.0,0.0,0.0,0.0,0.0,21.391469528969907,0.02326893733437902,0.0,0.0,0.0,0.0,0.0,0.0,0.0,,,0.0,dasymetric_v2 preferred=M3_folk ages=M6_scaled
2537,216506.3509460888,9.35498094591528,9.185660023817265,0.0,0.0,0.0,0.0,0.0,21.39146952896882,0.02326893733437902,0.0,0.0,0.0,0.0,0.0,0.0,0.0,,,0.0,dasymetric_v2 preferred=M3_folk ages=M6_scaled
2538,216506.3509460888,9.828521006171664,9.65062922325453,5.946188340807175,5.838565022421525,6.319767757338976,6.20538282055456,6.216753103454341,21.391469528969907,8.353788357595366,0.5716556673622393,0.09335102245433691,0.10379179995747785,6.216753103454341,0.10003143562230714,0.10856787731757514,28.71395262212121,1.609062382849411,1.7463758896464678,6.201115230339784,dasymetric_v2 preferred=M3_folk ages=M6_scaled
2539,216506.3509460888,6.18683915644351,6.074860167186613,1.9820627802690582,1.946188340807175,2.182538390580064,2.1430354332844974,2.146962172350456,20.94657147985064,2.884989527670506,0.19742188132813576,0.032238873029771,0.035844606436927835,2.146962172350456,0.034545960689297724,0.037494029737758394,9.916393505172792,1.609062382849411,1.7463758896464672,2.1415616165499824,dasymetric_v2 preferred=M3_folk ages=M6_scaled
2540,216506.3509460888,0.14989801396784716,0.14718492774218475,13.874439461883409,13.623318385650224,16.824732758152912,16.520212708231593,16.55048311982247,0.0,24.36830669023548,1.5218840632053543,0.24852274099323468,0.2763185869835701,16.55048311982247,0.266307598060905,0.2890336468245881,76.44340707559026,1.609062382849411,1.7463758896464676,16.508851362745197,dasymetric_v2 preferred=M3_folk ages=M6_scaled
2541,216506.3509460888,0.0,0.0,0.0,0.0,0.0,0.0,0.0,0.0,0.02326893733437902,0.0,0.0,0.0,0.0,0.0,0.0,0.0,,,0.0,dasymetric_v2 preferred=M3_folk ages=M6_scaled
2542,216506.3509460888,0.0,0.0,0.0,0.0,0.0,0.0,0.0,0.0,0.02326893733437902,0.0,0.0,0.0,0.0,0.0,0.0,0.0,,,0.0,dasymetric_v2 preferred=M3_folk ages=M6_scaled
2543,216506.3509460888,0.0,0.0,0.0,0.0,0.0,0.0,0.0,0.0,0.02326893733437902,0.0,0.0,0.0,0.0,0.0,0.0,0.0,,,0.0,dasymetric_v2 preferred=M3_folk ages=M6_scaled
2544,216506.3509460888,0.0,0.0,0.0,0.0,0.0,0.0,0.0,0.0,0.02326893733437902,0.0,0.0,0.0,0.0,0.0,0.0,0.0,,,0.0,dasymetric_v2 preferred=M3_folk ages=M6_scaled
2545,216506.3509460888,0.0,0.0,0.0,0.0,0.0,0.0,0.0,0.0,0.02326893733437902,0.0,0.0,0.0,0.0,0.0,0.0,0.0,,,0.0,dasymetric_v2 preferred=M3_folk ages=M6_scaled
2546,216506.3509460888,0.0,0.0,0.0,0.0,0.0,0.0,0.0,0.0,0.02326893733437902,0.0,0.0,0.0,0.0,0.0,0.0,0.0,,,0.0,dasymetric_v2 preferred=M3_folk ages=M6_scaled
2547,216506.3509460888,0.0,0.0,0.0,0.0,0.0,0.0,0.0,0.0,0.02326893733437902,0.0,0.0,0.0,0.0,0.0,0.0,0.0,,,0.0,dasymetric_v2 preferred=M3_folk ages=M6_scaled
2548,216506.3509460888,0.0,0.0,0.0,0.0,0.0,0.0,0.0,0.0,0.02326893733437902,0.0,0.0,0.0,0.0,0.0,0.0,0.0,,,0.0,dasymetric_v2 preferred=M3_folk ages=M6_scaled
2549,216506.3509460888,0.0,0.0,0.0,0.0,0.0,0.0,0.0,0.0,0.02326893733437902,0.0,0.0,0.0,0.0,0.0,0.0,0.0,,,0.0,dasymetric_v2 preferred=M3_folk ages=M6_scaled
2550,216506.3509460888,0.0,0.0,0.0,0.0,0.0,0.0,0.0,0.0,0.02326893733437902,0.0,0.0,0.0,0.0,0.0,0.0,0.0,,,0.0,dasymetric_v2 preferred=M3_folk ages=M6_scaled
2551,216506.3509460888,0.0,0.0,0.0,0.0,0.0,0.0,0.0,0.0,0.02326893733437902,0.0,0.0,0.0,0.0,0.0,0.0,0.0,,,0.0,dasymetric_v2 preferred=M3_folk ages=M6_scaled
2552,216506.3509460888,0.0,0.0,0.0,0.0,0.0,0.0,0.0,0.0,0.02326893733437902,0.0,0.0,0.0,0.0,0.0,0.0,0.0,,,0.0,dasymetric_v2 preferred=M3_folk ages=M6_scaled
2553,216506.3509460888,0.0,0.0,0.0,0.0,0.0,0.0,0.0,0.0,0.02326893733437902,0.0,0.0,0.0,0.0,0.0,0.0,0.0,,,0.0,dasymetric_v2 preferred=M3_folk ages=M6_scaled
2554,216506.3509460888,0.0,0.0,0.0,0.0,0.0,0.0,0.0,0.0,0.02326893733437902,0.0,0.0,0.0,0.0,0.0,0.0,0.0,,,0.0,dasymetric_v2 preferred=M3_folk ages=M6_scaled
2555,216506.3509460888,0.0,0.0,0.0,0.0,0.0,0.0,0.0,0.0,0.02326893733437902,0.0,0.0,0.0,0.0,0.0,0.0,0.0,,,0.0,dasymetric_v2 preferred=M3_folk ages=M6_scaled
2556,216506.3509460888,0.0,0.0,0.0,0.0,0.0,0.0,0.0,0.0,0.02326893733437902,0.0,0.0,0.0,0.0,0.0,0.0,0.0,,,0.0,dasymetric_v2 preferred=M3_folk ages=M6_scaled
2557,216506.3509460888,0.0,0.0,0.0,0.0,0.0,0.0,0.0,0.0,0.02326893733437902,0.0,0.0,0.0,0.0,0.0,0.0,0.0,,,0.0,dasymetric_v2 preferred=M3_folk ages=M6_scaled
2558,216506.3509460888,0.0,0.0,0.0,0.0,0.0,0.0,0.0,0.0,0.02326893733437902,0.0,0.0,0.0,0.0,0.0,0.0,0.0,,,0.0,dasymetric_v2 preferred=M3_folk ages=M6_scaled
2559,216506.3509460888,0.0,0.0,0.0,0.0,0.0,0.0,0.0,0.0,0.02326893733437902,0.0,0.0,0.0,0.0,0.0,0.0,0.0,,,0.0,dasymetric_v2 preferred=M3_folk ages=M6_scaled
2560,216506.3509460888,0.0,0.0,0.0,0.0,0.0,0.0,0.0,0.0,0.02326893733437902,0.0,0.0,0.0,0.0,0.0,0.0,0.0,,,0.0,dasymetric_v2 preferred=M3_folk ages=M6_scaled
2561,216506.3509460888,0.0,0.0,0.0,0.0,0.0,0.0,0.0,0.0,0.02326893733437902,0.0,0.0,0.0,0.0,0.0,0.0,0.0,,,0.0,dasymetric_v2 preferred=M3_folk ages=M6_scaled
2562,216506.3509460888,0.0,0.0,0.0,0.0,0.0,0.0,0.0,0.0,0.02326893733437902,0.0,0.0,0.0,0.0,0.0,0.0,0.0,,,0.0,dasymetric_v2 preferred=M3_folk ages=M6_scaled
2563,216506.3509460888,0.0,0.0,0.0,0.0,0.0,0.0,0.0,0.0,0.02326893733437902,0.0,0.0,0.0,0.0,0.0,0.0,0.0,,,0.0,dasymetric_v2 preferred=M3_folk ages=M6_scaled
2564,216506.3509460888,0.0,0.0,0.0,0.0,0.0,0.0,0.0,0.0,0.02326893733437902,0.0,0.0,0.0,0.0,0.0,0.0,0.0,,,0.0,dasymetric_v2 preferred=M3_folk ages=M6_scaled
2565,216506.3509460888,0.0,0.0,0.0,0.0,0.0,0.0,0.0,0.0,0.02326893733437902,0.0,0.0,0.0,0.0,0.0,0.0,0.0,,,0.0,dasymetric_v2 preferred=M3_folk ages=M6_scaled
2566,216506.3509460888,0.0,0.0,0.0,0.0,0.0,0.0,0.0,0.0,0.02326893733437902,0.0,0.0,0.0,0.0,0.0,0.0,0.0,,,0.0,dasymetric_v2 preferred=M3_folk ages=M6_scaled
2567,216506.3509460888,0.0,0.0,0.0,0.0,0.0,0.0,0.0,0.0,0.02326893733437902,0.0,0.0,0.0,0.0,0.0,0.0,0.0,,,0.0,dasymetric_v2 preferred=M3_folk ages=M6_scaled
2568,216506.3509460888,0.0,0.0,0.0,0.0,0.0,0.0,0.0,0.0,0.02326893733437902,0.0,0.0,0.0,0.0,0.0,0.0,0.0,,,0.0,dasymetric_v2 preferred=M3_folk ages=M6_scaled
2569,216506.3509460888,0.0,0.0,0.0,0.0,0.0,0.0,0.0,0.0,0.02326893733437902,0.0,0.0,0.0,0.0,0.0,0.0,0.0,,,0.0,dasymetric_v2 preferred=M3_folk ages=M6_scaled
2570,216506.3509460888,0.0,0.0,0.0,0.0,0.0,0.0,0.0,0.0,0.02326893733437902,0.0,0.0,0.0,0.0,0.0,0.0,0.0,,,0.0,dasymetric_v2 preferred=M3_folk ages=M6_scaled
2571,216506.3509460888,0.0,0.0,0.0,0.0,0.0,0.0,0.0,0.0,0.02326893733437902,0.0,0.0,0.0,0.0,0.0,0.0,0.0,,,0.0,dasymetric_v2 preferred=M3_folk ages=M6_scaled
2572,216506.3509460888,0.0,0.0,0.0,0.0,0.0,0.0,0.0,0.0,0.02326893733437902,0.0,0.0,0.0,0.0,0.0,0.0,0.0,,,0.0,dasymetric_v2 preferred=M3_folk ages=M6_scaled
2573,216506.3509460888,0.0,0.0,0.0,0.0,0.0,0.0,0.0,0.0,0.02326893733437902,0.0,0.0,0.0,0.0,0.0,0.0,0.0,,,0.0,dasymetric_v2 preferred=M3_folk ages=M6_scaled
2574,216506.3509460888,0.0,0.0,0.0,0.0,0.0,0.0,0.0,0.0,0.02326893733437902,0.0,0.0,0.0,0.0,0.0,0.0,0.0,,,0.0,dasymetric_v2 preferred=M3_folk ages=M6_scaled
2575,216506.3509460888,0.0,0.0,0.0,0.0,0.0,0.0,0.0,0.0,0.02326893733437902,0.0,0.0,0.0,0.0,0.0,0.0,0.0,,,0.0,dasymetric_v2 preferred=M3_folk ages=M6_scaled
2576,216506.3509460888,0.0,0.0,0.0,0.0,0.0,0.0,0.0,0.0,0.02326893733437902,0.0,0.0,0.0,0.0,0.0,0.0,0.0,,,0.0,dasymetric_v2 preferred=M3_folk ages=M6_scaled
2577,216506.3509460888,0.0,0.0,0.0,0.0,0.0,0.0,0.0,0.0,0.02326893733437902,0.0,0.0,0.0,0.0,0.0,0.0,0.0,,,0.0,dasymetric_v2 preferred=M3_folk ages=M6_scaled
2578,216506.3509460888,0.0,0.0,0.0,0.0,0.0,0.0,0.0,0.0,0.02326893733437902,0.0,0.0,0.0,0.0,0.0,0.0,0.0,,,0.0,dasymetric_v2 preferred=M3_folk ages=M6_scaled
2579,216506.3509460888,0.0,0.0,0.0,0.0,0.0,0.0,0.0,0.0,0.02326893733437902,0.0,0.0,0.0,0.0,0.0,0.0,0.0,,,0.0,dasymetric_v2 preferred=M3_folk ages=M6_scaled
2580,216506.3509460888,0.0,0.0,0.0,0.0,0.0,0.0,0.0,7.33887561403247,0.02326893733437902,0.0,0.0,0.0,0.0,0.0,0.0,0.0,,,0.0,dasymetric_v2 preferred=M3_folk ages=M6_scaled
2581,216506.3509460888,0.9589020372349168,0.9415463442532893,7.928251121076233,7.7847533632287,7.111237723153725,6.982527538119268,6.995321803317694,13.648370275966053,98.80296552730914,0.6432482177339808,0.10504204234425386,0.1167903935005396,6.995321803317694,0.11255909169644808,0.1221646133763227,32.310007409711346,1.609062382849411,1.7463758896464676,6.977725486890877,dasymetric_v2 preferred=M3_folk ages=M6_scaled
2582,216506.3509460888,4.256795076352396,4.179749011622035,0.0,0.0,0.0,0.0,0.0,13.648370275966599,0.02326893733437902,0.0,0.0,0.0,0.0,0.0,0.0,0.0,,,0.0,dasymetric_v2 preferred=M3_folk ages=M6_scaled
2583,216506.3509460888,1.219098937843634,1.197033798697143,0.0,0.0,0.0,0.0,0.0,13.648370275966053,0.02326893733437902,0.0,0.0,0.0,0.0,0.0,0.0,0.0,,,0.0,dasymetric_v2 preferred=M3_folk ages=M6_scaled
2584,216506.3509460888,0.0,0.0,29.730941704035875,29.192825112107624,28.456942861793912,27.941885072440176,27.99308370872325,6.309494661934129,44.82829881457248,2.5740776065476165,0.4203453060420142,0.46735852238917447,27.99308370872325,0.4504261797566126,0.488864464657696,129.29451531744525,1.6090623828494108,1.7463758896464674,27.922668769632466,dasymetric_v2 preferred=M3_folk ages=M6_scaled
2585,216506.3509460888,0.0,0.0,0.0,0.0,0.0,0.0,0.0,0.0,8.131866086236096,0.0,0.0,0.0,0.0,0.0,0.0,0.0,,,0.0,dasymetric_v2 preferred=M3_folk ages=M6_scaled
2586,216506.3509460888,0.0,0.0,0.0,0.0,0.0,0.0,0.0,0.0,0.02326893733437902,0.0,0.0,0.0,0.0,0.0,0.0,0.0,,,0.0,dasymetric_v2 preferred=M3_folk ages=M6_scaled
2587,216506.3509460888,0.0,0.0,0.0,0.0,0.0,0.0,0.0,0.0,0.02326893733437902,0.0,0.0,0.0,0.0,0.0,0.0,0.0,,,0.0,dasymetric_v2 preferred=M3_folk ages=M6_scaled
2588,216506.3509460888,0.0,0.0,0.0,0.0,0.0,0.0,0.0,0.0,0.02326893733437902,0.0,0.0,0.0,0.0,0.0,0.0,0.0,,,0.0,dasymetric_v2 preferred=M3_folk ages=M6_scaled
2589,216506.3509460888,0.0,0.0,0.0,0.0,0.0,0.0,0.0,0.0,0.02326893733437902,0.0,0.0,0.0,0.0,0.0,0.0,0.0,,,0.0,dasymetric_v2 preferred=M3_folk ages=M6_scaled
2590,216506.3509460888,0.0,0.0,0.0,0.0,0.0,0.0,0.0,0.0,0.02326893733437902,0.0,0.0,0.0,0.0,0.0,0.0,0.0,,,0.0,dasymetric_v2 preferred=M3_folk ages=M6_scaled
2591,216506.3509460888,0.0,0.0,0.0,0.0,0.0,0.0,0.0,0.0,0.02326893733437902,0.0,0.0,0.0,0.0,0.0,0.0,0.0,,,0.0,dasymetric_v2 preferred=M3_folk ages=M6_scaled
2592,216506.3509460888,0.0,0.0,0.0,0.0,0.0,0.0,0.0,0.0,0.02326893733437902,0.0,0.0,0.0,0.0,0.0,0.0,0.0,,,0.0,dasymetric_v2 preferred=M3_folk ages=M6_scaled
2593,216506.3509460888,0.0,0.0,0.0,0.0,0.0,0.0,0.0,0.0,0.02326893733437902,0.0,0.0,0.0,0.0,0.0,0.0,0.0,,,0.0,dasymetric_v2 preferred=M3_folk ages=M6_scaled
2594,216506.3509460888,0.0,0.0,0.0,0.0,0.0,0.0,0.0,0.0,0.02326893733437902,0.0,0.0,0.0,0.0,0.0,0.0,0.0,,,0.0,dasymetric_v2 preferred=M3_folk ages=M6_scaled
2595,216506.3509460888,0.0,0.0,0.0,0.0,0.0,0.0,0.0,0.0,0.02326893733437902,0.0,0.0,0.0,0.0,0.0,0.0,0.0,,,0.0,dasymetric_v2 preferred=M3_folk ages=M6_scaled
