hex_id,walk_access_15m,bike_access_5m,bike_access_15m,pt_stop_access_10m,pt_stop_access_20m,green_share_pct,env_quality,env_burden,builtup_pct,road_buf_pct,air_pollution_mean,heat_mean,noise_mean,pop_density_km2,age_vulnerability
581795.69_6128062.32,-0.703899525848166,-0.824854318878357,-1.352293862771005,1.0159460102329216,0.8298220220442709,-0.534352890987118,-0.06295562838189822,-0.4257629698474913,-0.2553819379688837,-0.21099436057342846,-2.490170449755173,-0.5436009243493718,-0.24369494921269477,-0.26526393545484794,0.15869967281745542
581558.34_6128281.92,-0.703899525848166,-0.824854318878357,-1.3453222937685232,2.1668288795595014,2.0465539345954484,0.10393791465727528,0.4734469640170208,-0.89409483901888,-0.8389500384221392,-0.21099436057342846,-2.490170691535106,-0.3919746065304861,-0.24369494921269477,-0.32289805922167425,-0.7560784573292363
582657.76_6127713.71,-0.703899525848166,-0.824854318878357,-1.4392334291548954,-0.716214413783959,-1.0013738545989368,-0.31268127655418765,0.07331108505612152,-0.36816427206114133,0.34262188294670887,-0.21099436057342846,-2.4088631224660557,-1.1196868752129832,-0.24369494921269477,-0.32289805922167425,-0.7560784573292363
582957.36_6127888.01,-0.703899525848166,-0.824854318878357,-1.5474977948404949,-0.716214413783959,-1.0013738545989368,-0.5786662552228555,0.21903086972597835,-0.7882193722728326,-0.8389500384221392,-0.21099436057342846,-2.3498818843382505,-1.174382769028219,-0.24369494921269477,-0.32289805922167425,-0.7560784573292363
582222.84_6127879.38,-0.703899525848166,-0.824854318878357,-1.4400536137434228,-0.716214413783959,0.30826300056743955,-0.5759320187888428,0.23811708909494173,-0.7739504936584115,-0.6960895545953244,-0.21099436057342846,-2.4800455524095386,-1.0953661859941135,-0.24369494921269477,-0.32289805922167425,-0.7560784573292363
582619.72_6127984.86,-0.703899525848166,-0.824854318878357,-1.3203066638184415,-0.716214413783959,-0.1480114666392519,0.03814464691011206,0.49679541207528327,-0.9025955812720883,-0.6281966491252264,-0.21099436057342846,-2.414458597927597,-1.0185166848843983,-0.24369494921269477,-0.3148714638640518,0.06268779658858817
583052.74_6128234.86,-0.703899525848166,-0.824854318878357,-1.1152605166866245,-0.716214413783959,-0.34996313726611294,1.3829707591427747,1.247449678198404,-1.3500041781285284,-0.6196457814074894,-0.21099436057342846,-2.3452032128976765,-0.9231822691550152,-0.24369494921269477,-0.3084648998246093,-0.3843032480391138
582186.71_6128234.86,-0.703899525848166,-0.824854318878357,-1.3182562023471232,-0.716214413783959,-0.13330450661136325,-0.7042316281751472,0.13759018217906505,-0.7240391936886421,-0.7521923477734613,-0.21099436057342846,-2.482754376550964,-1.0203009683634265,-0.24369494921269477,-0.3131309666061642,-0.36775118952604613
582619.72_6128484.86,-0.703899525848166,-0.824854318878357,-1.105418301624297,-0.716214413783959,-0.1455005222442465,0.4334598235267996,0.7135749749652565,-1.0234405513983407,-0.6686377252723933,-0.21099436057342846,-2.4122568998383183,-0.9285117861842094,-0.24369494921269477,-0.2929808662995888,-0.3792511805325065
583052.74_6128734.86,-0.703899525848166,-0.824854318878357,-1.0668696259635158,-0.716214413783959,-0.2574169009930577,0.25129886339429486,0.46635356761657515,-0.7738482151015306,-0.3846679031962223,-0.21099436057342846,-2.2444219413873343,-0.7560122350032425,-0.24369494921269477,-0.23891948209509453,-0.39205886688100583
581756.85_6128486.65,-0.703899525848166,-0.824854318878357,-1.1939982371852422,1.1800243561351753,1.003077185299642,-0.6370159448137733,0.06340576592551175,-0.6406456915417446,-0.6965990229331113,-0.21099436057342846,-2.490171400200425,-0.8165904007884717,-0.24369494921269477,-0.3086859242071299,-0.3352887791703195
581428.57_6128696.32,-0.703899525848166,-0.824854318878357,-1.2042505445418332,-0.716214413783959,-1.0013738545989368,-0.7384029318782892,0.09555453328848441,-0.7185994128027987,-0.8389500384221392,-0.21099436057342846,-2.464674863325009,-1.0908075269835669,-0.24369494921269477,-0.32289805922167425,-0.7560784573292363
581784.74_6128959.59,-0.703899525848166,-0.824854318878357,-1.1013173786816608,-0.716214413783959,-0.09779257873914426,-0.21639267823178227,0.4695338897280675,-0.9171640912202085,-0.8145757487420531,-0.21099436057342846,-2.281763866941082,-0.7803262793596093,-0.24369494921269477,-0.32289805922167425,-0.7560784573292363
581832.38_6129497.87,-0.703899525848166,-0.824854318878357,-1.1365853159883335,-0.716214413783959,-0.22154626677869513,0.6154267967894309,1.0321971044312064,-1.2221113619143114,-0.7710543495237998,-0.21099436057342846,-1.7616339299289234,-0.8973616422069466,-0.24369494921269477,-0.3224936661161467,4.2219869693121295
582186.71_6128734.86,-0.703899525848166,-0.824854318878357,-1.0533365802528156,-0.716214413783959,0.08443024306981738,-0.7367056899185146,0.06150019692217581,-0.6674732574650987,-0.8389500384221392,-0.21099436057342846,-2.4152022011830474,-0.823003421279743,-0.24369494921269477,-0.32289805922167425,-0.7560784573292363
582619.72_6128984.86,-0.703899525848166,-0.824854318878357,-0.9791098749910979,0.6057501454772877,0.3961460543926279,0.02335380409595506,0.34298820701042604,-0.6649911512235818,-0.3604304477596855,-0.21099436057342846,-1.9188877727476283,-0.864094802577401,-0.24369494921269477,-0.2549809069009334,-0.36645072022754727
582186.71_6129234.86,-0.703899525848166,-0.824854318878357,-1.003715412646916,-0.716214413783959,0.2892515644338274,0.45159746255458294,0.6230609414620278,-0.8750707168520013,-0.4896862344663915,-0.21099436057342846,-1.907225976248992,-0.8698012374776133,-0.24369494921269477,-0.26747635506492384,-0.3142418262921958
583052.74_6129234.86,-0.703899525848166,-0.824854318878357,-0.9655768292803981,0.662443882882538,0.45640871987275694,1.0751125313843668,1.2271177395898107,-1.2772972842601817,-0.738121157433121,-0.21099436057342846,-1.2053246096931922,-1.1635120370711787,-0.24369494921269477,-0.304481014432325,-0.2037384522674663
582619.72_6129484.86,-0.703899525848166,-0.824854318878357,-0.8675647709513895,0.8391949465577299,0.6429360177874422,0.29344110674646884,0.7174682244112917,-0.9090306605123084,-0.6952015396806318,-0.21099436057342846,-0.895629076615787,-1.0423564277252495,-0.24369494921269477,-0.3070474598510651,-0.35028448780505805
582186.71_6129734.86,-0.703899525848166,-0.824854318878357,-0.838858310352935,0.8425298722874505,0.6465230812088784,-0.5946815018457431,0.1989202912366787,-0.6550960992440503,-0.81201931117161,-0.21099436057342846,-1.3998635878966463,-0.9837185181396427,-0.24369494921269477,-0.32289805922167425,-0.7560784573292363
583052.74_6129734.86,-0.3877806348426093,-0.2418967623101165,-0.5316991819494731,2.1668288795595014,2.0465539345954484,-0.7014096297768396,-0.10475418440553672,-0.1467984699855749,-0.3092232088464572,-0.21099436057342846,0.05026418029246881,-0.5510690246007851,-0.24369494921269477,-0.29894430585119625,-0.19714686844341023
582619.72_6129984.86,-0.703899525848166,-0.824854318878357,-0.838858310352935,0.8425298722874505,0.6465230812088784,-0.7126732569143918,0.0013144599434630688,-0.3622352284669021,-0.7548641757191422,-0.21099436057342846,-0.31644708237315594,-0.5178121961143394,-0.24369494921269477,-0.32289805922167425,-0.7560784573292363
582205.87_6130229.24,-0.3535665475538981,-0.34695020103194363,-0.23561254549112934,-0.716214413783959,-0.1914149340386306,0.36313066428877455,0.8782176621047111,-1.0511013202308168,-0.7385220898155701,-0.21099436057342846,-1.202547911685216,-0.7666188674605021,-0.24369494921269477,-0.30793818146358976,-0.1713019209873018
583052.74_6130234.86,0.0810969275787424,0.24704686943587875,0.09082092074272358,1.460158117431706,1.2993686239102766,-0.7334949054523654,-0.20279542581661417,-0.015219463365111702,-0.4130543819958783,-0.21099436057342846,0.49677482632544256,0.025281928101639383,-0.24369494921269477,-0.2904426345005494,-0.03443785426141776
580508.12_6130473.1,-0.703899525848166,-0.824854318878357,-1.1181311627464698,0.9582517951087554,0.7688419438798547,0.11048495159767316,0.7381128831316509,-0.9180234566421221,-0.5550094095350576,-0.21099436057342846,-1.3547062432257533,-0.3701549482693318,-0.24369494921269477,0.05828810396461046,0.20398932077920687
580198.96_6130589.27,-0.703899525848166,-0.824854318878357,-1.3682874622472867,-0.716214413783959,-0.0009418663603654321,0.3699037384474034,0.6204018499927761,-0.8620865623747135,-0.8389500384221392,-0.21099436057342846,-1.3547064447090307,-0.360355489295473,-0.24369494921269477,-0.25172946194380136,0.9532170257993483
580454.66_6130734.86,-0.703899525848166,-0.824854318878357,-1.397404015140005,0.8725442038549358,0.6780892393175174,-0.7295205210475721,-0.036127369528741696,-0.43733769354532914,-0.8389500384221392,-0.21099436057342846,-1.3547064921168601,-0.13629886596883295,-0.24369494921269477,-0.32289805922167425,-0.7560784573292363
580176.76_6131000.95,-0.703899525848166,-0.824854318878357,-1.3621360778333322,1.6145651787177697,1.462580009585626,-0.7067766091345737,-0.43095366175869054,0.1826851982832718,0.5390970770561097,-0.21099436057342846,-1.3547067546833027,-0.09537217964186251,-0.24369494921269477,0.2185161025495043,0.984712793727201
580454.66_6131234.86,-0.703899525848166,-0.824854318878357,-1.1415064235194972,1.416137097799394,1.2527367994316054,0.07291798634048642,0.1696042042725044,-0.34702306408309463,-0.19784148457480014,-0.21099436057342846,-1.3547064921168601,0.35761976778531884,-0.24369494921269477,-0.3151088310775233,0.22158598459620985
581902.3_6129885.2,-0.703899525848166,-0.824854318878357,-1.1365853159883335,-0.716214413783959,-0.22154626677869513,3.7705101783326977,3.571809973099035,-2.8719016425225408,-0.8389500384221392,-0.21099436057342846,-1.3883928367787937,-0.7664015618506406,-0.24369494921269477,-0.2383394778603414,-0.24385043333849107
581390.14_6130344.84,-0.47644812866124103,-0.48512218145251623,-0.8646941248915441,-0.716214413783959,-0.3854750651383318,0.016571635873711674,0.7313006989673875,-0.9239244460877067,-0.8389500384221392,-0.21099436057342846,-1.3547067133533999,-0.41366451148352645,-0.24369494921269477,-0.27246417882419066,-0.4856673230493509
581680.17_6130544.85,-0.4046467342102837,-0.4470180528313789,-0.4529614614508553,-0.716214413783959,0.05788597375118915,0.24889381659463466,0.9588260681988284,-1.0969498363544181,-0.6972108012742909,-0.21099436057342846,-1.3547064022914983,-0.5375701550794942,-0.24369494921269477,-0.32289805922167425,-0.7560784573292363
580896.02_6130560.75,-0.703899525848166,-0.824854318878357,-0.7289535754902811,1.46082510257765,1.3000860365945637,-0.45387974411758536,0.26527739821809365,-0.6503937239246975,-0.8370380968975115,-0.21099436057342846,-1.3547056387759218,-0.21304916231711823,-0.24369494921269477,-0.32289805922167425,-0.7560784573292363
581320.69_6130734.86,-0.4668103575939984,-0.4794243678269256,-0.5107844749420277,1.445484444220935,1.2839442511981007,-0.7384029318782892,-0.0372107653295158,-0.43602872532849224,-0.7768498265370735,-0.21099436057342846,-1.3547064921168601,-0.315252771106475,-0.24369494921269477,-0.3017791670764423,-0.4912913118986593
581753.7_6130984.86,-0.4263317191115796,-0.4577014533793613,-0.2745713134461746,1.592554668901614,1.439622803688434,-0.06458585246149733,0.5548269212890848,-0.8211099365854441,-0.6615885854920913,-0.21099436057342846,-1.3547061390102655,-0.7118730780941306,-0.24369494921269477,-0.2830042610440345,-0.36937156582638486
580887.67_6130984.86,-0.703899525848166,-0.824854318878357,-0.6842535154155449,1.621902015323155,1.4704715491127858,-0.7384029318782892,-0.33426371189392534,-0.03368053052099587,-0.10407593045999367,-0.21099436057342846,-1.3547057947629748,0.2184826565393666,-0.24369494921269477,-0.27582817219486666,-0.05580154260205635
581320.69_6131234.86,-0.703899525848166,-0.824854318878357,-0.5403111201290095,1.1153267969785956,0.9349229802923531,-0.7384029318782892,-0.11378768341337017,-0.32693937053518873,-0.4951291021595572,-0.21099436057342846,-1.3547064921168601,-0.43906038892626076,-0.24369494921269477,-0.30213172228075885,0.012526874595660823
581753.7_6131484.86,-0.5468038574521119,-0.5307046904572412,-0.16712713234910254,1.598891027788083,1.4460795178470196,0.4647407112930055,0.5920247876681539,-0.7522917613087235,-0.46188099431862306,-0.21099436057342846,-1.3547061390102655,-0.4440428080209898,-0.24369494921269477,-0.28076667282995743,0.04495786726090059
583485.75_6130484.86,0.09651736128633054,0.04156946556301685,0.2335330391464681,1.329095536253686,1.1609079758428373,-0.5575572340434165,-0.911587852389791,1.0375118234606555,1.7617813911689009,-0.21099436057342846,0.5291598306441271,0.637079827399617,-0.24369494921269477,0.43743179133132365,-0.03062276991199052
582619.72_6130484.86,-0.15069146658844165,-0.3448135209223471,-0.20403543883282954,-0.716214413783959,0.11456157580988191,-0.5086129916377615,0.12354785283252319,-0.40664467278014127,-0.6884927992812157,-0.21099436057342846,-0.2679930499309092,-0.34763504124292355,-0.24369494921269477,-0.32289805922167425,-0.7560784573292363
582206.52_6130747.18,-0.08852784320472705,-0.3245150598811805,-0.2298712533714383,-0.716214413783959,-0.04864980986546768,-0.5899539225930064,-0.03680748631235758,-0.30635959078580194,-0.21283917703215177,-0.21099436057342846,-1.1952185285152501,-0.5623523384316866,-0.24369494921269477,-0.276022031590812,-0.13795627616353898
583052.74_6130734.86,-0.07696251792403594,-0.06526453991680731,-0.003090214643648887,1.011610606784285,0.8255175459385474,-0.6710950114116015,-0.030978171056283504,-0.221725013228915,-0.7514886553910937,-0.21099436057342846,0.5000471043773386,-0.13839270599253034,-0.24369494921269477,-0.3162001791768763,-0.03062276991199052
582619.72_6130984.86,-0.703899525848166,-0.824854318878357,-0.7334645907271811,-0.716214413783959,-0.07196572210480327,-0.7384029318782892,-0.07048951203410642,-0.2695915728708025,-0.6256362784238997,-0.21099436057342846,-0.243111393699296,-0.4380347189823126,-0.24369494921269477,-0.32289805922167425,-0.7560784573292363
583485.75_6130984.86,0.17024630995073636,0.031954405069832686,0.3618919272509857,1.7056086511391422,1.5590720156222613,-0.3999962548864055,-0.18170424409722463,0.10201639683832463,0.02770476518549491,-0.21099436057342846,0.5291598306441271,0.18337237768622033,-0.24369494921269477,-0.06984829623420528,-0.03062276991202755
583052.74_6131234.86,-0.48560401117512136,-0.4904638817265074,-0.4496807230967463,-0.716214413783959,0.16406305102570232,-0.7384029318782892,-0.04311594849503317,-0.22885880342917803,-0.7108756214614808,-0.21099436057342846,0.5033136934896454,-0.430840862662736,-0.24369494921269477,-0.31038296473904614,-0.08431805090341495
582186.71_6131234.86,-0.703899525848166,-0.824854318878357,-0.9704979368115616,-0.716214413783959,-1.0013738545989368,0.617162235438225,1.1069605352668146,-1.227588829300931,-0.8389500384221392,-0.21099436057342846,-1.193208306155418,-0.8210316649794668,-0.24369494921269477,-0.32289805922167425,-0.7560784573292363
583485.75_6131484.86,-0.4740386858944304,-0.48369772804611855,-0.05189119766102125,-0.716214413783959,0.2784903741695187,-0.6111837194936101,-0.0678028980682845,-0.09786654887989828,-0.34172553434125286,-0.21099436057342846,0.5291598306441271,-0.27122424153497265,-0.24369494921269477,-0.31759757861068305,-0.03062276991199052
582619.72_6131484.86,-0.48560401117512136,-0.4904638817265074,-0.4496807230967463,-0.716214413783959,0.16406305102570232,0.7309542565763598,1.1550581398328295,-1.1524556860634243,-0.8389500384221392,-0.21099436057342846,-0.21829243350536542,-0.8177007098917548,-0.24369494921269477,-0.32289805922167425,-0.7560784573292363
580122.55_6131518.28,-0.703899525848166,-0.824854318878357,-1.3547544165365866,1.78297892806866,1.6404983552888646,0.9489458301790831,0.9279883506650164,-0.9847784720858755,-0.5826875192395318,-0.21099436057342846,-1.3547064921168601,-0.18573650806195235,-0.24369494921269477,-0.31359546935945526,1.0230261254683575
580454.66_6131734.86,-0.703899525848166,-0.824854318878357,-1.1333045776342243,-0.716214413783959,-0.2638736151516429,-0.7382307916400349,-0.19753117261379974,-0.1956557165539877,-0.3051857807952021,-0.21099436057342846,-1.3547064921168601,-0.1335458016165208,-0.24369494921269477,-0.30294850876571444,0.638416776899953
580043.52_6131976.99,-0.703899525848166,-0.824854318878357,-1.292830480102778,-0.716214413783959,-1.0013738545989368,2.2326054154662733,1.6352594407621543,-1.439007404336888,-0.6098237159102219,-0.21099436057342846,-1.3547051014871834,-0.5008749323179537,-0.24369494921269477,-0.3163439562504559,2.026389109324002
580454.66_6132234.86,-0.703899525848166,-0.824854318878357,-1.1283834701030608,-0.716214413783959,-1.0013738545989368,1.1148759656986351,0.805370222516771,-0.7908886474987719,-0.1686846873249857,-0.21099436057342846,-1.3547064921168601,-0.21524995157143523,-0.24369494921269477,-0.2999818725554062,0.7742589269427469
580142.76_6132424.92,-0.703899525848166,-0.824854318878357,-1.1074687630956153,-0.716214413783959,-1.0013738545989368,-0.007152496968069133,0.45411926232987465,-0.762094596530972,-0.8389500384221392,-0.21099436057342846,-1.3547070203755363,-0.4720032997429925,-0.24369494921269477,-0.32289805922167425,-0.7560784573292363
583459.29_6128139.15,-0.703899525848166,-0.824854318878357,-1.2920102955142507,-0.716214413783959,-1.0013738545989368,1.8748962747927627,1.9944534226681563,-1.875398787857616,-0.837740642159919,-0.21099436057342846,-2.3403297171566972,-1.1488859301517758,-0.24369494921269477,-0.29147072350578296,0.018838981299985427
584354.63_6128173.11,-0.703899525848166,-0.824854318878357,-1.1103394091554608,-0.716214413783959,-1.0013738545989368,0.9428868734950024,1.059531402326115,-1.2960130599918869,-0.8389500384221392,-0.21099436057342846,-2.34032975435361,-0.9970535653782197,-0.24369494921269477,-0.29834787554862735,-0.22232226039294112
584786.17_6128280.74,-0.048531093275670324,-0.4783560277721273,-1.031601688656843,-0.716214413783959,-1.0013738545989368,1.944902386377366,1.6236288133959726,-1.6247689356519184,-0.7423611205068167,-0.21099436057342846,-2.340329871074957,-1.0418537717981446,-0.24369494921269477,-0.3062908357634744,-0.49767063417209445
583916.48_6128280.11,-0.703899525848166,-0.824854318878357,-1.0922953482078608,-0.716214413783959,-1.0013738545989368,-0.05824107963735119,0.718742283948623,-1.0568269529350904,-0.816082730308438,-0.21099436057342846,-2.340329915540232,-0.9823010074374883,-0.24369494921269477,-0.2932171570627684,-0.43713543501664903
585161.0_6128172.15,-0.4769300172146031,-0.4783560277721273,-1.031601688656843,-0.716214413783959,-1.0013738545989368,3.8477674017793095,2.718817407841433,-2.336005159007281,-0.8389500384221392,-0.21099436057342846,-2.3403293916837113,-1.217938183199105,-0.24369494921269477,-0.32289805922167425,-0.7560784573292363
585514.32_6128373.34,-0.703899525848166,-0.824854318878357,-1.2756066037437055,-0.716214413783959,-1.0013738545989368,1.1799149325751592,1.2117534960553051,-1.4120113500355522,-0.8357957159494097,-0.21099436057342846,-2.3403301304557274,-1.3068613944152436,-0.24369494921269477,-0.32289805922167425,-0.7560784573292363
585217.8_6128484.86,-0.49909689066926105,-0.4918883351329051,-1.051696211075761,-0.716214413783959,-1.0013738545989368,0.7373564443325432,0.9535718658646447,-1.2331283914137479,-0.8377085046368123,-0.21099436057342846,-2.340329871074957,-1.1370684525770436,-0.24369494921269477,-0.32289805922167425,-0.7560784573292363
585519.17_6128662.1,-0.703899525848166,-0.824854318878357,-1.2756066037437055,-0.716214413783959,-1.0013738545989368,1.0192026909278766,1.5094133856798355,-1.6459190538969746,-0.8389500384221392,-0.21099436057342846,-2.325386787401988,-1.2738363097248353,-0.24369494921269477,-0.32289805922167425,-0.7560784573292363
583485.75_6128484.86,-0.703899525848166,-0.824854318878357,-1.1189513473349972,-0.716214413783959,-1.0013738545989368,0.2799003475652544,0.5876554828128517,-0.9426578068026941,-0.688746374339717,-0.21099436057342846,-2.3403299571367793,-0.8029265237954959,-0.24369494921269477,-0.32289805922167425,-0.7560784573292363
584351.77_6128484.86,-0.703899525848166,-0.824854318878357,-1.1103394091554608,-0.716214413783959,-1.0013738545989368,0.03891127685042714,0.49464057686862073,-0.8861814983994659,-0.6800585902501066,-0.21099436057342846,-2.340329871074957,-0.8406932833590125,-0.24369494921269477,-0.30169520166145686,-0.5104236160330171
584784.79_6128734.86,-0.36995075836821045,-0.42244623157101935,-0.9479428606270618,-0.716214413783959,-1.0013738545989368,-0.06574105728620744,0.39841593119807506,-0.81259407865362,-0.6434510990086592,-0.21099436057342846,-2.2577829849072963,-0.9057513893847422,-0.24369494921269477,-0.2626955147158878,-0.5032029501634168
583918.76_6128734.86,-0.5265645382109024,-0.5100501160644751,-0.9557346142180708,-0.716214413783959,-1.0013738545989368,0.10455715707999184,0.5315115139881229,-0.9160724004641386,-0.6949323293607174,-0.21099436057342846,-2.25307709407884,-1.001544963988667,-0.24369494921269477,-0.30220582094046616,-0.4435441392079093
583485.75_6128984.86,-0.703899525848166,-0.824854318878357,-0.9938731975845887,-0.716214413783959,-0.041834389364738746,0.5672119156724414,0.7590093835663826,-0.9938230608404888,-0.5695533365239059,-0.21099436057342846,-1.8602317567129851,-1.1251688867770555,-0.24369494921269477,-0.28918612176095954,-0.29049656270796115
584351.77_6128984.86,-0.4942780051356398,-0.48903942832010977,-0.7523288362633083,-0.716214413783959,-0.2297965126479984,-0.6144626221799149,0.0718751207571211,-0.5815421136563927,-0.7215162782971822,-0.21099436057342846,-1.8951739969626453,-0.725455581811226,-0.24369494921269477,-0.31117827750920657,-0.5219341578403391
584784.08_6129233.89,-0.5188543213571084,-0.504708415790484,-1.0705604566118883,-0.716214413783959,-1.0013738545989368,0.011745926097901205,0.6686513674145595,-0.9506928171771145,-0.8315475891085596,-0.21099436057342846,-1.2863328338722166,-0.9121050809827373,-0.24369494921269477,-0.32289805922167425,-0.7560784573292363
583918.76_6129234.86,-0.703899525848166,-0.824854318878357,-0.9672171984574526,-0.716214413783959,-0.335614883580368,0.5648370157412759,0.8061130927658624,-0.9548024197249118,-0.6993650880120227,-0.21099436057342846,-1.24353892359792,-0.8564334447640355,-0.24369494921269477,-0.32289805922167425,-0.7560784573292363
583485.75_6129484.86,-0.49957877922262317,-0.49901060216489335,-0.6375029938694906,0.9832637380816599,0.795386213198483,-0.3696821848287481,0.17280533316550117,-0.44067970234087217,-0.48344710017353276,-0.21099436057342846,-0.5781342332734247,-0.7503472724577688,-0.24369494921269477,-0.2673875713683848,-0.03062276991199052
584351.77_6129484.86,-0.47355679734106815,-0.48334161469451914,-0.6190488406276271,-0.716214413783959,0.25338093021946484,-0.7223491951363518,-0.038572315961708556,-0.3427581596862205,-0.6365554681668332,-0.21099436057342846,-0.6211431557222524,-0.5578558240641536,-0.24369494921269477,-0.2906103831978394,-0.5341308185453213
585166.08_6128935.17,-0.5188543213571084,-0.504708415790484,-1.0705604566118883,-0.716214413783959,-1.0013738545989368,0.4631913201574566,0.9253334533477238,-1.131843091560935,-0.528632564154376,-0.21099436057342846,-1.9877951091073647,-0.9894077515960029,-0.24369494921269477,-0.31166334761650577,0.37999204358404437
585054.05_6129283.41,-0.5188543213571084,-0.504708415790484,-1.0705604566118883,-0.716214413783959,-1.0013738545989368,-0.7384029318782892,0.0752941185444059,-0.5494899650976973,-0.8389500384221392,-0.21099436057342846,-1.0830602430187506,-0.9764138072991903,-0.24369494921269477,-0.17662482573159496,4.2219869693121295
585108.37_6130598.74,-0.703899525848166,-0.824854318878357,-0.5866515493808001,-0.716214413783959,-1.0013738545989368,-0.6676920213867453,-0.10305613987691774,-0.09167767863848172,-0.26750515497534044,-0.21099436057342846,0.5291606997148517,-0.6805531494473781,-0.24369494921269477,-0.32005612941193784,4.2219869693121295
584683.53_6129714.1,-0.703899525848166,-0.824854318878357,-0.8610032942431713,-0.716214413783959,-0.30189648741886715,2.5676937785749265,2.702587452057204,-2.1487908128835853,-0.8389500384221392,-0.21099436057342846,-0.05609551022646498,-1.0153839526522817,-0.24369494921269477,-0.32289805922167425,-0.7560784573292363
583918.76_6129734.86,-0.15695601778214938,-0.10621757535073986,-0.2905649129224563,0.9395762110223199,0.7491130950619551,-0.7384029318782892,-0.29821159196166497,0.07552502129245339,0.00872538903459129,-0.21099436057342846,0.026591364872531057,-0.29408675903111253,-0.24369494921269477,-0.21862098073275393,-0.3315079781989908
583485.75_6129984.86,0.038690734882875076,-0.015764784044488767,-0.11873624162599343,1.5078475553667103,1.3499462181525277,-0.7384029318782892,-0.16900516405026908,-0.06040312734281251,-0.5525935567975002,-0.21099436057342846,0.45810148840151255,0.17754785907536644,-0.24369494921269477,-0.2956969564498136,-0.03062276991202741
584351.77_6129984.86,-0.20418109601163806,-0.1311455099626988,-0.32747321940618335,0.8381944688388137,0.6418598987610113,-0.7046934162500723,-0.05114470681730804,-0.20388854639271567,-0.572015226974007,-0.21099436057342846,0.43963378312998913,-0.5242297166199869,-0.24369494921269477,-0.30360384089157627,-0.429957452811339
583918.76_6130234.86,0.019415192748389893,-0.02359927777967583,-0.146212425341657,1.2974137418213407,1.1271895796813365,-0.7384029318782892,-0.3480715505774656,0.18955246390411293,0.046213600822249,-0.21099436057342846,0.5291608216207005,-0.04962125567797415,-0.24369494921269477,-0.2050637072294359,-0.038305381697832985
584744.82_6130257.56,-0.703899525848166,-0.824854318878357,-0.8610032942431713,-0.716214413783959,-0.30189648741886715,0.01329420684898543,0.7133276036988823,-0.762342150530824,-0.7828398600623006,-0.21099436057342846,0.529160008915045,-0.8090502876153882,-0.24369494921269477,-0.2991324480189763,-0.03351888165020366
584351.77_6130484.86,-0.45187181243977237,-0.47123376074013906,-0.4033402938449557,-0.716214413783959,0.3344485635439244,-0.6637919223174414,0.0018386467069415155,-0.23918694672216212,-0.591190237887902,-0.21099436057342846,0.5291603900459734,-0.6081995960367204,-0.24369494921269477,-0.3147064073683242,-0.03062276991199052
583918.76_6130734.86,-0.34248311082656907,-0.12972105655630117,0.14372282670273234,0.9459125699087892,0.7559285155626843,-0.6716998311116236,-0.009956587124058653,-0.24773850367031355,-0.8204730166060182,-0.21099436057342846,0.5291608216207005,-0.12467932884138754,-0.24369494921269477,-0.32289805922167425,-0.7560784573292363
584784.79_6130734.86,-0.703899525848166,-0.824854318878357,-0.26021808314694733,-0.716214413783959,-0.17563185498431103,-0.48123715792601224,0.1822928749536588,-0.42073059281511344,-0.837706170892176,-0.21099436057342846,0.5291608216207005,-0.6961635437710967,-0.24369494921269477,-0.32289805922167425,-0.7560784573292363
584351.77_6130984.86,-0.703899525848166,-0.824854318878357,-0.26021808314694733,-0.716214413783959,-0.17563185498431103,-0.6282074604892183,0.09048695510296813,-0.33540278582935756,-0.7605341060670545,-0.21099436057342846,0.5291603900459734,-0.529637622788545,-0.24369494921269477,-0.31515279272329993,-0.2189921867249271
585479.76_6130916.81,-0.703899525848166,-0.824854318878357,-0.5522037966626548,-0.716214413783959,-1.0013738545989368,4.34263067311154,2.973704897710814,-2.1738017188053633,-0.8389500384221392,-0.21099436057342846,0.5291604233949294,-1.0273145907737755,-0.24369494921269477,-0.32289805922167425,-0.7560784573292363
585217.66_6130985.07,-0.703899525848166,-0.824854318878357,-0.5891121031463818,-0.716214413783959,-1.0013738545989368,0.28148472910370964,0.4699856977863789,-0.48049881555839374,-0.3016564848745112,-0.21099436057342846,0.5291603900459734,-0.927258504401869,-0.24369494921269477,-0.2991295600303583,-0.19449271982843547
586373.93_6131483.93,-0.703899525848166,-0.824854318878357,-0.7334645907271811,-0.716214413783959,-1.0013738545989368,-0.7384029318782892,0.11667881086376287,-0.43012903211667025,-0.8389500384221392,-0.21099436057342846,0.5291607860648281,-1.2743632228667932,-0.24369494921269477,-0.32289805922167425,-0.7560784573292363
585602.53_6131282.18,-0.703899525848166,-0.824854318878357,-0.6990168380090358,-0.716214413783959,-1.0013738545989368,0.5943825145590728,0.915915417027471,-0.8502287031729977,-0.5206201256343789,-0.21099436057342846,0.5291599026381512,-1.2411447873502457,-0.24369494921269477,-0.2525818386521537,-0.39813948559565937
585217.8_6131484.86,-0.703899525848166,-0.824854318878357,-0.32542275793486514,-0.716214413783959,-0.2394815838858764,-0.6053356695884928,0.028351662573789734,-0.2535920739820236,-0.5447950838170112,-0.21099436057342846,0.5291603900459734,-0.7517357768944021,-0.24369494921269477,-0.29854916819970334,-0.49191539412717805
586064.36_6131540.57,-0.703899525848166,-0.824854318878357,-0.5189863208273006,-0.716214413783959,-1.0013738545989368,0.5106878312526881,0.9808920462271661,-0.9627608110281966,-0.8336636826608946,-0.21099436057342846,0.5291610323221664,-1.0571385146404033,-0.24369494921269477,-0.32289805922167425,-0.7560784573292363
585650.81_6131734.86,-0.703899525848166,-0.824854318878357,-0.2454547605534565,-0.716214413783959,-0.2975920113131436,-0.41062254721435054,0.31675399261854087,-0.4256033858129393,-0.5871852920834222,-0.21099436057342846,0.529159683832783,-0.7207163444459068,-0.24369494921269477,-0.3109662199698934,-0.3092962136712482
586509.57_6131754.53,-0.703899525848166,-0.824854318878357,-0.9389208301532618,-0.716214413783959,-1.0013738545989368,-0.3517777982242794,0.3577722250384828,-0.5321388627729252,-0.838545473421754,-0.21099436057342846,0.5291607860648281,-0.668030342767085,-0.24369494921269477,-0.32289805922167425,-0.7560784573292363
586864.95_6131696.14,-0.703899525848166,-0.824854318878357,-0.8495207100037896,-0.716214413783959,-1.0013738545989368,0.38449963372216966,0.9369857828250472,-0.9460050737998218,-0.8389500384221392,-0.21099436057342846,0.5291604233949294,-0.9813732189791348,-0.24369494921269477,-0.32289805922167425,-0.7560784573292363
587326.54_6131901.67,-0.703899525848166,-0.824854318878357,-0.8101518497544806,-0.716214413783959,-1.0013738545989368,-0.7384029318782892,0.051218310157464114,-0.3492552576654885,-0.8389500384221392,-0.21099436057342846,0.5291606465764058,-0.8030798367853704,-0.24369494921269477,-0.32289805922167425,-0.7560784573292363
586949.58_6131985.36,-0.703899525848166,-0.824854318878357,-0.5050431828223368,-0.716214413783959,-1.0013738545989368,-0.7304979786453244,0.02577604953812898,-0.31175385664934463,-0.7749510853578104,-0.21099436057342846,0.5291603900459734,-0.7408916311334226,-0.24369494921269477,-0.3193974663752247,-0.040611465067352706
587747.26_6132115.11,-0.703899525848166,-0.824854318878357,-0.7363352367870265,0.7941734492065017,0.5952280742823399,-0.7384029318782892,0.053264754293450546,-0.3517646654257021,-0.8385827480245177,-0.21099436057342846,0.5291607457681727,-0.8186934127164763,-0.24369494921269477,-0.32289805922167425,-0.7560784573292363
587382.86_6132234.86,-0.703899525848166,-0.824854318878357,-0.5796799803783182,-0.716214413783959,0.10272426651914233,-0.7384029318782892,0.03637714098900538,-0.3261219828753345,-0.7590225179372011,-0.21099436057342846,0.5291608216207005,-0.8770649782797486,-0.24369494921269477,-0.30696360404784184,-0.49830742982231885
587815.88_6132484.86,-0.703899525848166,-0.824854318878357,-0.7363352367870265,0.7941734492065017,0.5952280742823399,-0.7384029318782892,0.06722318126958954,-0.369028652832858,-0.8389500384221392,-0.21099436057342846,0.5291603900459734,-0.9183070313551389,-0.24369494921269477,-0.32289805922167425,-0.7560784573292363
583052.74_6131734.86,-0.703899525848166,-0.824854318878357,-0.8815079089563531,-0.716214413783959,-0.3765074065847412,-0.4306092899044908,0.3199518655847817,-0.4928732669546697,-0.7927302883860592,-0.21099436057342846,0.5065859715415403,-0.6306179454469601,-0.24369494921269477,-0.32289805922167425,-0.7560784573292363
582186.71_6131734.86,-0.703899525848166,-0.824854318878357,0.047761229845041824,1.776642569182191,1.6340416411302792,0.9646677521060781,1.1758290771300002,-1.1511048604615939,-0.3753557761351125,-0.21099436057342846,-1.1818366848099138,-0.8126679715886235,-0.24369494921269477,-0.28299292919662394,0.048803984724330875
582619.72_6131984.86,-0.703899525848166,-0.824854318878357,0.05924381408442363,0.9835972306546319,0.7957449195406266,1.4438010357785258,1.7279292986421737,-1.5029246056737358,-0.690088937740741,-0.21099436057342846,-0.1933961037330173,-0.8947799006242768,-0.24369494921269477,-0.3133141070470179,0.12060236023761386
583485.75_6131984.86,-0.703899525848166,-0.824854318878357,-1.0061759664124978,-0.716214413783959,-1.0013738545989368,0.300488319088051,0.6851545120316583,-0.7169431344333309,-0.8389500384221392,-0.21099436057342846,0.5291598306441271,-0.35544417730625594,-0.24369494921269477,-0.32289805922167425,-0.7560784573292363
583052.74_6132234.86,-0.703899525848166,-0.824854318878357,-1.0061759664124978,-0.716214413783959,-1.0013738545989368,0.48854185083163393,1.179046304606218,-1.0906762441685467,-0.8079548436883413,-0.21099436057342846,0.5098605251692727,-0.5343976379980313,-0.24369494921269477,-0.32289805922167425,-0.7560784573292363
582186.71_6132234.86,-0.703899525848166,-0.824854318878357,-0.36356134130138307,-0.716214413783959,0.32978538109605715,-0.379932633155893,-0.040045049312717365,-0.2336356755601958,0.04615827383772705,-0.21099436057342846,-1.1704138630081034,-0.7339132199466938,-0.24369494921269477,-0.289498266468855,0.16687076683354848
583485.75_6132484.86,2.0621407704504553,1.9962756524921996,1.7012533603160145,1.221377435183711,1.047198065383308,0.09164344177392979,0.12358731535963552,0.04166283631695266,0.5271050592483497,-0.21099436057342846,0.5291598306441271,0.6299353045710069,-0.24369494921269477,-0.09444520824661472,0.2224164175847213
582619.72_6132484.86,0.48395575818948233,1.0636147846533348,0.9372514161028644,-0.716214413783959,0.19921627255577748,-0.7151763562740809,-0.0830608573659807,-0.2304184851918217,-0.4782470213404218,-0.21099436057342846,-0.16845975521321227,-0.6054795873455835,-0.24369494921269477,-0.28312342709088134,0.22241641758472117
582186.71_6132734.86,0.7220087035503742,0.8620546276480664,1.0332130129605546,0.8465317831631152,0.650827557314602,-0.7384029318782892,-0.07646756024612793,-0.35912479055424273,-0.6268821265623636,-0.21099436057342846,-1.15900867691902,-0.39201012747731795,-0.24369494921269477,-0.30428282388082123,0.170782937545893
583052.74_6132734.86,1.6332599579581606,1.8751971129483986,1.5618219802663786,0.8852169216278742,0.6917200803189753,-0.6136310019415561,-0.5799702112443778,0.5479096851650643,0.6238178681498302,-0.21099436057342846,0.5131328032211677,0.7469191228092013,-0.24369494921269477,0.21390152474134433,0.2224164175847213
580887.67_6131484.86,-0.703899525848166,-0.824854318878357,-0.751508651674781,-0.716214413783959,0.14720385294495195,-0.7384029318782892,-0.03479383393246341,-0.4253313097998865,-0.7887921934509674,-0.21099436057342846,-1.3547057947629748,-0.16062530480924941,-0.24369494921269477,-0.32289805922167425,-0.7560784573292363
581320.69_6131734.86,-0.703899525848166,-0.824854318878357,-0.5624561040192457,0.9655886317141407,0.7763747770648709,-0.5106306406523168,-0.0319905855583485,-0.33823782389455315,-0.3717305767986089,-0.21099436057342846,-1.3547064921168601,-0.3609498615650173,-0.24369494921269477,-0.29693669604250844,0.04489694742225706
581753.7_6131984.86,-0.703899525848166,-0.824854318878357,-0.3893971558399921,1.00594123304376,0.8190608317799623,-0.6663601378824886,-0.46530031783925085,0.21858264615179862,0.5424249176918763,-0.21099436057342846,-1.3547061390102655,0.10009598302503364,-0.24369494921269477,-0.2904505928131839,-0.06931472956182635
580887.67_6131984.86,-0.703899525848166,-0.824854318878357,-0.6842535154155449,-0.716214413783959,0.32870926206962625,-0.3362361680293886,0.1676378600829759,-0.5275094846738889,-0.682713755964504,-0.21099436057342846,-1.3547057947629748,-0.27832843090137394,-0.24369494921269477,-0.29596261932080875,0.2621393744968702
581320.69_6132234.86,-0.703899525848166,-0.824854318878357,-0.6252002250415818,-0.716214413783959,0.13680136902278672,-0.7384029318782892,-0.1516373578428229,-0.2754765692052288,-0.45509800686243984,-0.21099436057342846,-1.3547064921168601,-0.2418106475508846,-0.24369494921269477,-0.27645255650314376,-0.16678686835096307
580887.67_6132484.86,-0.703899525848166,-0.824854318878357,-0.8109720343430079,-0.716214413783959,-1.0013738545989368,2.1829349322182843,1.6385959195424329,-1.478623451107483,-0.8376617192074772,-0.21099436057342846,-1.3547057947629748,-0.23319253668044312,-0.24369494921269477,-0.32289805922167425,-0.7560784573292363
581753.7_6132484.86,-0.703899525848166,-0.824854318878357,-0.5349799203035821,-0.716214413783959,0.3043172308038597,-0.662018405011605,-0.5017155294950549,0.24402467422622207,0.7167255122519157,-0.21099436057342846,-1.3547061390102655,-0.22249963822813434,-0.24369494921269477,-0.2777005473257696,-0.16668031446072473
581320.69_6132734.86,-0.703899525848166,-0.824854318878357,-0.7162407143681084,-0.716214413783959,-0.3370497089489425,-0.5778194970825663,0.02583760174327726,-0.453778068572271,-0.7049370998199684,-0.21099436057342846,-1.3547064921168601,-0.28361755891262563,-0.24369494921269477,-0.32289805922167425,-0.7560784573292363
580887.67_6132984.86,-0.703899525848166,-0.824854318878357,-1.0984467326218155,-0.716214413783959,-1.0013738545989368,-0.15452218998228598,0.16860896548552706,-0.45991026218016434,-0.3358166008693673,-0.21099436057342846,-1.3547057947629748,-0.4405514492461428,-0.24369494921269477,-0.2930046459144556,0.1388254311387934
581753.7_6132984.86,-0.703899525848166,-0.824854318878357,-0.17368860905732053,-0.716214413783959,-1.0013738545989368,-0.28500744775930204,0.1735483307446806,-0.5182093262287891,-0.6621371000754108,-0.21099436057342846,-1.3547061390102655,-0.14461299888385842,-0.24369494921269477,-0.32289805922167425,-0.7560784573292363
580454.66_6132734.86,-0.703899525848166,-0.824854318878357,-1.0804026716742154,-0.716214413783959,-1.0013738545989368,1.9635273981201493,1.4552321249575388,-1.3218212693975386,-0.6156380329508772,-0.21099436057342846,-1.3547064921168601,-0.3770375796361308,-0.24369494921269477,-0.31461664881583495,0.7742589269426697
580136.25_6133074.91,-0.5352385321714207,-0.5221579700188552,-0.7994894501036263,-0.716214413783959,-1.0013738545989368,2.064768238793623,1.7673894315207928,-1.6139837550951308,-0.8389500384221392,-0.21099436057342846,-1.354706010745049,-0.6104845755600459,-0.24369494921269477,-0.315023436565324,0.777711324484327
580454.66_6133234.86,-0.4668103575939984,-0.479780481178525,-0.6087965332710363,-0.716214413783959,-1.0013738545989368,1.9334086435632634,1.4379153182090516,-1.2973894134025807,-0.50141237943946,-0.21099436057342846,-1.3547064921168601,-0.5872678069319831,-0.24369494921269477,-0.2882230611681251,-0.19528285075289883
579810.61_6133282.13,-0.703899525848166,-0.824854318878357,-0.876996893719453,-0.716214413783959,-1.0013738545989368,1.3331229814058445,1.5633801640689853,-1.5391247178123493,-0.8389500384221392,-0.21099436057342846,-1.3547061223357872,-0.8817583902671615,-0.24369494921269477,-0.32289805922167425,-0.7560784573292363
580036.28_6133483.61,-0.703899525848166,-0.824854318878357,-0.876996893719453,-0.716214413783959,-1.0013738545989368,0.31841738614044435,0.7251016866435679,-0.9707914450998466,-0.7747437480507102,-0.21099436057342846,-1.354704947976114,-0.9281325905281355,-0.24369494921269477,-0.3195694240233818,0.2500246320615388
579816.77_6133754.81,-0.49716933645581257,-0.4975861487584957,-0.6387332707522816,-0.716214413783959,-1.0013738545989368,0.5623224231977255,0.980125981994718,-1.1681621472754489,-0.8389500384221392,-0.21099436057342846,-1.3547064447090307,-1.0630587160966718,-0.24369494921269477,-0.32289805922167425,-0.7560784573292363
580454.66_6133734.86,-0.13527103288085351,-0.3394718206483559,-0.10889402656366641,-0.716214413783959,-1.0013738545989368,-0.11522827503184883,0.3601259905405002,-0.7070678508381513,-0.7613232036898426,-0.21099436057342846,-1.3547064921168601,-0.6600374838944875,-0.24369494921269477,-0.3063429140243355,-0.20272890940332106
583485.75_6132984.86,4.0359562850217365,2.6148445442203814,2.4135836754519473,1.7319545644039347,1.5866924039673207,-0.6572577295830242,-1.2945468675267848,1.5017435170255307,2.27044908120211,-0.21099436057342846,0.5291598306441271,1.7667522703304488,-0.24369494921269477,0.5680824186540748,0.2224164175846714
582619.72_6132984.86,1.644343394685489,1.8011255358157205,1.4765227830595429,0.8922202656602873,0.6988942071618477,-0.5101098314126267,-0.7843951268343176,0.8089122732480422,1.4311864080211267,-0.21099436057342846,-0.14359277252233277,0.7079871095223952,-0.24369494921269477,0.2700455000595695,0.22241641758467154
583052.74_6133234.86,1.7705981956663672,2.001261239414591,1.7069946524357054,1.5458657086855252,1.3897626221304702,-0.4660402034159191,-1.2044896335866795,1.467880047723246,2.319723975429655,-0.21099436057342846,0.5164050812730637,1.8619753523707598,-0.24369494921269477,0.8047199412227326,0.22241641758477104
582186.71_6133234.86,1.66024571694644,1.1757904904071501,1.4441254918127162,1.4088002611940085,1.2452039662465892,-0.734397527423724,-1.070488841000437,1.0020199284102131,1.865353134921917,-0.21099436057342846,-1.1473349728813114,0.8283796053188682,-0.24369494921269477,0.04727884198103513,0.22241641758504171
583485.75_6133484.86,1.6289229609779012,1.4061958288919707,1.0217304287211728,1.7392914010093201,1.5945839434944804,-0.007030307799477034,-0.5449453736696911,0.7605667028883617,1.393971080297091,-0.21099436057342846,0.5291598306441271,1.1484806281249549,-0.24369494921269477,0.6319515752308404,0.2224164175847213
582619.72_6133484.86,0.5750326947749248,1.3766384207092195,1.313306049942617,0.7768318354119547,0.5769340508330151,-0.3099337126709501,-1.026409894590166,1.226582120189548,2.319723975429655,-0.21099436057342846,-0.11871778608196233,1.1411484935857674,-0.24369494921269477,0.9137340232216995,0.22241641758472117
583052.74_6133734.86,0.12976767146831752,0.04335003232101394,0.5948243503927299,0.5764027990557463,0.3649386026261326,-0.5781011442883609,-0.905148226007173,1.050315709646223,1.6593502233229882,-0.21099436057342846,0.5196796349007952,1.072608052358992,-0.24369494921269477,1.471181954117599,0.2224164175847213
582186.71_6133734.86,0.654062417526314,0.9386189982419405,1.0725818732098635,0.9652551391411687,0.776016070722727,-0.6203367754793283,-0.8183602849371747,0.7296364553126367,1.5153188684218515,-0.21099436057342846,-1.1324151599138181,0.455271246473879,-0.24369494921269477,0.1198495967785046,0.22241641758501862
583485.75_6133984.86,0.24397525861514216,-0.02680429794407055,0.05924381408442363,0.955583854524979,0.7659722931427058,-0.7074183922074019,-0.07233526476196989,-0.07829330500506164,-0.4847117960161141,-0.21099436057342846,0.5291598306441271,0.05935889809753849,-0.24369494921269477,-0.2829017802681899,0.31816532877687387
582619.72_6133984.86,0.2521673640222983,-0.2394039688489206,0.5218279220138029,-0.716214413783959,0.3333724445174934,-0.7254366523883767,-1.0023126037398493,1.0357798018390398,1.9408174400990301,-0.21099436057342846,-0.09381345256012215,0.18432026960386994,-0.24369494921269477,0.2016658340974187,0.4511609222248177
581320.69_6133234.86,-0.38151608364890155,-0.29353319829203156,0.10927507398458694,-0.716214413783959,-0.31947309818390474,-0.7384029318782892,-0.22208577879858113,-0.16257387706106666,-0.17790273654349992,-0.21099436057342846,-1.3547064921168601,-0.29350120160454785,-0.24369494921269477,-0.32289805922167425,-0.7560784573292363
580887.67_6133484.86,-0.5154811014835734,-0.508981776009677,-0.20608590030414758,-0.716214413783959,-1.0013738545989368,-0.6106095745688439,0.13661082626415472,-0.5445899209937752,-0.6607794908074227,-0.21099436057342846,-1.3547057947629748,-0.846444496180078,-0.24369494921269477,-0.3052322150803,-0.10231238188751506
581753.7_6133484.86,-0.1429812497346476,-0.1656885050678419,0.5066545071260485,-0.716214413783959,0.0030039034032144267,-0.7384029318782892,-0.5676122325228109,0.288418795494761,0.5685218745340725,-0.21099436057342846,-1.3547061390102655,0.2792888603548249,-0.24369494921269477,-0.19751463403532438,0.22241641758442382
581320.69_6133734.86,0.07531426493839696,0.16549691191961288,0.6108179498690116,-0.716214413783959,0.011612855614661381,-0.660833377467088,0.0888794654013096,-0.3692084346222374,-0.2684410800349544,-0.21099436057342846,-1.3547064921168601,-0.6691617908268007,-0.24369494921269477,-0.3043779344338968,0.46534688132164015
580887.67_6133984.86,0.007367978914336665,0.11136768247650199,0.29996799081717673,-0.716214413783959,-0.38906212855976813,-0.17687004375528556,0.410359746161887,-0.7160198625919657,-0.7212191611151366,-0.21099436057342846,-1.3547057947629748,-0.7544154521233283,-0.24369494921269477,-0.3117532608921907,0.13397777341916314
581753.7_6133984.86,0.3899874902838672,0.4393480792995622,0.7408172071505834,-0.716214413783959,0.24871774777159789,-0.6653047432535693,-0.42122549590438657,0.1409327150808852,0.5968049625301125,-0.21099436057342846,-1.3547061390102655,-0.4893129812424059,-0.24369494921269477,-0.32289805922167425,-0.7560784573292363
581320.69_6134234.86,-0.703899525848166,-0.824854318878357,-0.38283567913177396,-0.716214413783959,-1.0013738545989368,-0.7384029318782892,-0.394745754995193,0.07942071412750959,0.43056160378655983,-0.21099436057342846,-1.3547064921168601,-0.5487494616336217,-0.24369494921269477,-0.32289805922167425,-0.7560784573292363
581753.7_6134484.86,-0.5501770773256468,-0.5331974839184371,0.026026338249069168,-0.716214413783959,-1.0013738545989368,-0.7384029318782892,-0.20448713956406908,-0.15506909092001592,-0.07212172900643259,-0.21099436057342846,-1.3547061390102655,-0.5779254405727537,-0.24369494921269477,-0.30870954532714157,0.2282372884199387
580887.67_6134484.86,-0.31983434881854905,-0.4082016975070428,0.02315569218922372,-0.716214413783959,-0.10855376900345305,-0.578354458089532,-0.16775693194101174,-0.15297194506776457,0.08302773997005124,-0.21099436057342846,-1.3547057947629748,-0.6032062189704689,-0.24369494921269477,-0.2722363933464846,0.7742589269426692
581320.69_6134734.86,-0.5313834237445237,-0.5200212899092588,-0.17860971658848404,-0.716214413783959,-1.0013738545989368,-0.7384029318782892,-0.08405186287745753,-0.36305374376388433,-0.48300902994527356,-0.21099436057342846,-1.3547064921168601,-0.6821885546729232,-0.24369494921269477,-0.3002948269920063,0.40756586588113863
580033.67_6133983.38,-0.1969527677112061,-0.3608386217443208,-0.17204823988026605,-0.716214413783959,-1.0013738545989368,-0.2839121003999224,0.3415350658473146,-0.7166453466262223,-0.7497454642175024,-0.21099436057342846,-1.354704947976114,-0.8385836533543057,-0.24369494921269477,-0.3082068384958298,0.6697485985250741
580454.66_6134234.86,-0.13189781300731868,-0.3384034805935577,-0.023184737062566747,-0.716214413783959,-1.0013738545989368,-0.3561059109702513,-0.4367039342337169,0.2910826077336139,1.0860054261134113,-0.21099436057342846,-1.3547064921168601,-0.3087105835358153,-0.24369494921269477,-0.028363716734351542,0.7200544761992259
579670.06_6134357.46,-0.39259952037623047,-0.44096412585418887,-0.4816679220493098,-0.716214413783959,-1.0013738545989368,-0.7340886749054947,0.07036155843157299,-0.5518064410106206,-0.7648183867355223,-0.21099436057342846,-1.3547064921168601,-0.9806427478950895,-0.24369494921269477,-0.32289805922167425,-0.7560784573292363
579397.11_6134500.9,-0.480303237088138,-0.4872588615621127,-0.6104369024480908,-0.716214413783959,-1.0013738545989368,-0.7384029318782892,-0.19770868051602633,-0.1984467582500788,-0.0124543581176327,-0.21099436057342846,-1.3547062432257533,-0.9915663098820464,-0.24369494921269477,-0.32289805922167425,-0.7560784573292363
580021.65_6134484.86,-0.3887444119493335,-0.4391835590961918,-0.47633672222388246,-0.716214413783959,-1.0013738545989368,-0.2502881203608155,0.10674361109776248,-0.4032320179710116,-0.13445869200734883,-0.21099436057342846,-1.3547061390102655,-0.8405072272089582,-0.24369494921269477,-0.27141259014660324,2.026389109324129
579591.52_6134735.4,-0.703899525848166,-0.535690277379633,-0.818763787934017,-0.716214413783959,-1.0013738545989368,-0.6835922733306908,0.09405655017989485,-0.5809182458885944,-0.8153861133378747,-0.21099436057342846,-1.3547064921168601,-0.9434123337953366,-0.24369494921269477,-0.32289805922167425,-0.7560784573292363
580454.66_6134734.86,-0.703899525848166,-0.824854318878357,-0.5850111802037455,-0.716214413783959,-0.1254129670842034,2.028891021123965,1.5491818087005116,-1.3723193923689398,-0.4529134137672614,-0.21099436057342846,-1.3547064921168601,-0.8864102072142607,-0.24369494921269477,-0.31456156182865647,0.7742589269426695
580021.65_6134984.86,-0.5183724328037462,-0.510762342767674,-0.7556095746174174,-0.716214413783959,-1.0013738545989368,-0.7384029318782892,0.010745292708461463,-0.4780517660902864,-0.5991509413800099,-0.21099436057342846,-1.3547061390102655,-1.0185535183354242,-0.24369494921269477,-0.32289805922167425,-0.7560784573292363
579192.96_6135046.53,-0.703899525848166,-0.824854318878357,-1.1132100552153064,-0.716214413783959,-1.0013738545989368,-0.6667129902946732,0.11518129448880307,-0.5661083597557595,-0.6400986328516091,-0.21099436057342846,-1.3547056387759218,-1.04292869542681,-0.24369494921269477,-0.31928624874663686,0.5034367951664946
583052.74_6134234.86,-0.20032598758474102,-0.07309903365199438,0.27495236086709507,-0.716214413783959,0.12137699631061083,-0.7384029318782892,-0.09390810903468605,0.015055833102313669,-0.09455203611719397,-0.21099436057342846,0.5229541885285265,-0.04752363786442786,-0.24369494921269477,-0.2929242850621032,0.5854909818114113
582186.71_6134234.86,-0.3241713457988082,-0.2536485029128972,0.40249106438308524,-0.716214413783959,0.10344167920342956,-0.7384029318782892,-0.07865855975580124,-0.32177534493812676,-0.5910365857243461,-0.21099436057342846,-1.1161595839307052,-0.21807115503035893,-0.24369494921269477,-0.31073664655686944,0.7943561307493144
582619.72_6134484.86,-0.703899525848166,-0.824854318878357,-0.5382606586576912,-0.716214413783959,-1.0013738545989368,-0.7384029318782892,-0.0805314515037453,-0.22134536086784995,-0.6008001021208124,-0.21099436057342846,-0.06898915653319801,-0.2850474523703962,-0.24369494921269477,-0.3156500835075706,0.9071638222235018
583485.75_6134484.86,-0.1993622104780167,-0.16105903149704956,0.18227150236351386,-0.716214413783959,0.3509490552825312,-0.6364090019558898,0.1346421987247528,-0.3322333869245628,-0.7704981487502351,-0.21099436057342846,0.5291598306441271,-0.44516046397314357,-0.24369494921269477,-0.32289805922167425,-0.7560784573292363
582186.71_6134734.86,-0.703899525848166,-0.824854318878357,-0.23684282237392015,-0.716214413783959,-1.0013738545989368,-0.7384029318782892,-0.12300088080232749,-0.28358188235744625,-0.4165323178055978,-0.21099436057342846,-1.0999040079475915,-0.5553138992753759,-0.24369494921269477,-0.30425087222102287,0.8156804702664756
583052.74_6134734.86,-0.703899525848166,-0.824854318878357,-0.5763992420242092,-0.716214413783959,-1.0013738545989368,-0.40603339332933913,0.2812084040166297,-0.46167777072211647,-0.8110045767902676,-0.21099436057342846,0.5262287421562589,-0.5609347227909259,-0.24369494921269477,-0.3181583174653296,0.5956676282577933
582619.72_6134984.86,-0.703899525848166,-0.824854318878357,-0.46608441486729163,-0.716214413783959,-1.0013738545989368,-0.7384029318782892,-0.16595802409711044,-0.11343718974713779,-0.29174129114012737,-0.21099436057342846,-0.04411817196757303,-0.5508640795014881,-0.24369494921269477,-0.2534378431019233,0.2516709485594651
583485.75_6134984.86,-0.45379936665322085,-0.5453053378728171,0.026026338249069168,-0.716214413783959,-0.12290202268919814,-0.6423537392570331,0.03326830082040664,-0.264257963810595,-0.8389500384221392,-0.21099436057342846,0.5291598306441271,-0.4406852830071095,-0.7084455575269469,-0.32289805922167425,-0.7560784573292363
583052.74_6135234.86,-0.5964383784484111,-0.6236502752246882,-0.37422374095223765,-0.716214413783959,-1.0013738545989368,-0.7384029318782892,-0.3504148855944673,0.1953340780795288,-0.1996174105010388,-0.21099436057342846,0.5290003935242762,-0.28528261978848446,-0.7084455575269469,-0.23387078819593157,0.015661089883189306
582186.71_6135234.86,-0.703899525848166,-0.824854318878357,-0.6096167178595635,-0.716214413783959,-1.0013738545989368,-0.7384029318782892,0.04532703143654997,-0.5106134474328367,-0.8202890799445242,-0.21099436057342846,-1.0836165739027768,-0.7905762343331065,-0.24369494921269477,-0.32289805922167425,-0.7560784573292363
581753.7_6134984.86,-0.703899525848166,-0.824854318878357,-0.25980799085268375,-0.716214413783959,-1.0013738545989368,-0.7384029318782892,-0.07608453844582727,-0.3735873126574424,-0.496437853981044,-0.21099436057342846,-1.3547061390102655,-0.7073681446520782,-0.24369494921269477,-0.302775988848831,0.03713600825963633
580887.67_6134984.86,-0.4918685623688291,-0.494381128594101,-0.19911433130166575,-0.716214413783959,0.35238388065110565,-0.5443544190673207,0.11173006352912676,-0.5305391594505549,-0.6431052907879268,-0.21099436057342846,-1.3547057947629748,-0.829081857368595,-0.24369494921269477,-0.3150400708039283,0.37395330811866273
581320.69_6135234.86,-0.5429487490252148,-0.5930245269871387,-0.7211618218992721,1.1806913412811197,1.0037945979839293,-0.7384029318782892,0.06045207948104701,-0.5598794262610584,-0.8389500384221392,-0.21099436057342846,-1.3547064921168601,-0.8695584311462278,-0.24369494921269477,-0.32289805922167425,-0.7560784573292363
581753.7_6135484.86,-0.5260826496575404,-0.5841216931971533,-0.9848511671107888,-0.716214413783959,-0.23984029022801995,-0.5819913400024394,0.13935051671465398,-0.5988154335530431,-0.7721080718824087,-0.21099436057342846,-1.3547061390102655,-0.9562614875501398,-0.24369494921269477,-0.30940647444619823,-0.1104038892327846
580887.67_6135484.86,-0.47355679734106815,-0.5584815318819955,-0.5111945672362914,1.7232837575066615,1.5777247454137302,-0.7384029318782892,-0.15103052691295657,-0.2701507794143492,-0.2854875498101277,-0.21099436057342846,-1.3547057947629748,-0.673321359673261,-0.24369494921269477,-0.21115887171420653,0.10952764680236558
581320.69_6135734.86,-0.3704326469215726,-0.5171723830964634,-0.8536216329464258,-0.716214413783959,0.5629445034894136,-0.7384029318782892,0.027292313648270755,-0.5124493065673117,-0.7260841648473069,-0.21099436057342846,-1.3547064921168601,-0.8974489091524535,-0.24369494921269477,-0.31824248600634236,0.2519162777619175
581753.7_6135984.86,-0.5154811014835734,-0.5784238795715626,-0.9721383059886161,-0.716214413783959,-0.2086328384615245,-0.7353137246658324,-0.15089619232353604,-0.28174941652361896,-0.6176339506042929,-0.21099436057342846,-1.3547061390102655,-0.8701735362862524,-0.7084455575269469,-0.29913548784791677,-0.021711514045564914
580887.67_6135984.86,-0.5940289356816005,-0.824854318878357,-0.9668071061631889,1.3384333282969039,1.170593047080715,0.05406753448191502,0.12804967530150133,-0.2983380076966522,0.25625613343458425,-0.21099436057342846,-1.3547057947629748,-0.6498995348344342,-0.24369494921269477,0.014782459437838126,-0.06271937529353548
581320.69_6136234.86,-0.703899525848166,-0.824854318878357,-1.1267431009260063,-0.716214413783959,-1.0013738545989368,-0.24871435881693651,0.3597458050952017,-0.6081039541212271,-0.32364667199287556,-0.21099436057342846,-1.3547064921168601,-0.8916141127309831,-0.7084455575269469,-0.2221851499758577,0.20736535189667024
581753.7_6136484.86,-0.49716933645581257,-0.5691649324299779,-0.7260829294304356,-0.716214413783959,-0.06909607136765433,-0.5686629398069971,-0.48690655809034067,0.17416776802999775,-0.6747485849559126,-0.21099436057342846,-1.3547061390102655,-0.7176638632638647,-0.5555556377824445,-0.3057354759097261,0.1739165793867619
579588.63_6135234.86,-0.703899525848166,-0.824854318878357,-0.9089840926720165,-0.716214413783959,-1.0013738545989368,-0.7384029318782892,-0.04238273196111011,-0.4147412550488889,-0.5324315805917804,-0.21099436057342846,-1.3547064921168601,-0.8501496746857553,-0.24369494921269477,-0.2892106360460465,-0.21387720289903409
580454.66_6135234.86,-0.703899525848166,-0.824854318878357,-0.5850111802037455,-0.716214413783959,-0.1254129670842034,-0.4710202579676944,0.22401786114269553,-0.6652605318384,-0.787601715775797,-0.21099436057342846,-1.3547064921168601,-1.07387263953886,-0.24369494921269477,-0.32289805922167425,-0.7560784573292363
580021.65_6135484.86,-0.703899525848166,-0.824854318878357,-1.5474977948404949,-0.716214413783959,-1.0013738545989368,-0.7384029318782892,0.09078626392535295,-0.5973560414345072,-0.8389500384221392,-0.21099436057342846,-1.3547061390102655,-1.0879496289629502,-0.24369494921269477,-0.32289805922167425,-0.7560784573292363
579155.62_6135484.86,-0.703899525848166,-0.824854318878357,-1.1476578079334516,-0.716214413783959,-1.0013738545989368,-0.2434278206243177,0.39554648547974375,-0.7613685210287388,-0.728963667293443,-0.21099436057342846,-1.3547061390102655,-1.1190659887052787,-0.24369494921269477,-0.32289805922167425,-0.7560784573292363
579588.63_6135734.86,-0.703899525848166,-0.824854318878357,-1.5474977948404949,-0.716214413783959,-1.0013738545989368,-0.3050045630410898,0.37279734644189827,-0.7744153476612627,-0.8383736906957268,-0.21099436057342846,-1.3547064921168601,-1.0491962273579678,-0.24369494921269477,-0.32289805922167425,-0.7560784573292363
580454.66_6135734.86,-0.5376479749382315,-0.824854318878357,-0.5608157348421912,2.0304304172139287,1.9019952787115673,-0.28791328126857263,0.34623780891677736,-0.6900681879006084,-0.6680058133877381,-0.21099436057342846,-1.3547064921168601,-0.9611046681047283,-0.24369494921269477,-0.23842038363245374,-0.20489584829076313
580021.65_6135984.86,-0.703899525848166,-0.824854318878357,-1.5474977948404949,-0.716214413783959,-1.0013738545989368,-0.5270440384302638,0.08433555401369287,-0.48647127442476495,-0.5545994439186477,-0.21099436057342846,-1.3547061390102655,-0.7754319637209964,-0.24369494921269477,-0.2926347389421323,-0.18410076448839013
579155.62_6135984.86,-0.703899525848166,-0.824854318878357,-1.403965491848223,-0.716214413783959,-1.0013738545989368,0.5681173309329981,0.9550815732227881,-1.1544060849527005,-0.8389500384221392,-0.21099436057342846,-1.3547061390102655,-1.1577199026907856,-0.24369494921269477,-0.32289805922167425,-0.7560784573292363
579588.63_6136234.86,-0.703899525848166,-0.824854318878357,-0.9598355371607071,-0.716214413783959,-1.0013738545989368,-0.5122891122187727,0.17298519055914566,-0.6021889562267035,-0.7416338706892126,-0.21099436057342846,-1.3547064921168601,-0.9032440943362456,-0.24369494921269477,-0.3108139038228185,0.1810598656161211
580454.66_6136234.86,-0.703899525848166,-0.824854318878357,-0.5645065654905639,0.6030822048935113,0.869997132364357,-0.30216520865079866,0.2853340657373147,-0.6129730106604439,-0.4694796197531113,-0.21099436057342846,-1.3547064921168601,-0.9356499201035154,-0.24369494921269477,-0.2878019299161406,0.2255478801719638
582619.72_6135484.86,-0.703899525848166,-0.824854318878357,-0.6760516695302723,-0.716214413783959,-1.0013738545989368,-0.7384029318782892,-0.23067407145450877,-0.05479644928990269,-0.6832276925916809,-0.21099436057342846,-0.022058504410827517,-0.6286950504139214,-0.7084455575269469,-0.3144063319694918,-0.05122550942480388
583485.75_6135484.86,-0.5169267671436599,-0.575218859407168,-0.14170141010475704,-0.716214413783959,-0.2843198766538296,-0.7384029318782892,-1.0685426836088765,1.0308391608093648,0.13696245228163956,-0.21099436057342846,0.5291598306441271,0.08195113695228971,-0.039552158644750826,-0.21814706066808978,0.051654005171109366
583052.74_6135734.86,-0.703899525848166,-0.824854318878357,-0.38119530995471934,-0.716214413783959,-1.0013738545989368,-0.7384029318782892,-0.8676797732267414,0.7432440461601174,-0.46322842424092925,-0.21099436057342846,0.529159683832783,-0.1935219932560647,0.03515541577585946,-0.32289805922167425,-0.7560784573292363
582186.71_6135734.86,-0.5901738272547035,-0.6225819351698899,-0.7392058828468719,-0.716214413783959,-1.0013738545989368,-0.7384029318782892,-0.29121381158742177,-0.07931966079128701,-0.5001407053172385,-0.21099436057342846,-1.0672733882499843,-0.9312034336736118,-0.7084455575269469,-0.2876782388748946,-0.05954487380937094
582619.72_6135984.86,-0.703899525848166,-0.824854318878357,-0.5382606586576912,-0.716214413783959,-1.0013738545989368,-0.7384029318782892,-0.6596612091580878,0.43027815639766126,-0.8389500384221392,-0.21099436057342846,-0.001899727358306989,-0.6154822304177445,-0.23508845646613427,-0.32289805922167425,-0.7560784573292363
583485.75_6135984.86,-0.5554778514126302,-0.593380640338738,-0.10397291903250262,-0.716214413783959,-1.0013738545989368,-0.5787204752509525,-1.883678975610117,2.12305812278485,1.9277708496129917,0.14257446169709634,0.5291598306441271,0.023452033365760072,2.5089930574632904,-0.32289805922167425,-0.7560784573292363
582186.71_6136234.86,-0.5516227429857331,-0.5980101139095304,-0.7297737600788083,-0.716214413783959,-1.0013738545989368,-0.7384029318782892,-0.6512836371502483,0.3431144100540303,-0.6948096654891329,-0.21099436057342846,-1.0509808341595392,-0.5746382110215817,-0.6712655088618056,-0.3135766699592768,-0.21947395622698126
583052.74_6136234.86,-0.703899525848166,-0.824854318878357,-0.6735911157646906,-0.716214413783959,-1.0013738545989368,-0.7138579591473143,-1.7501149845173847,1.8448117485094586,1.12100738908853,0.6340020447506608,0.529159683832783,-0.22358847821519878,2.8515441021602346,-0.32289805922167425,-0.7560784573292363
583485.75_6136484.86,-0.2359857405335385,-0.20165595357938276,0.1105053508673779,-0.716214413783959,-1.0013738545989368,-0.7136464470131284,-1.458146158481343,1.4929498112342918,-0.7008239547044941,3.362382204729916,0.5291598306441271,0.15992030275073632,4.028599633639438,-0.3206081127221891,0.6919317552019043
582619.72_6136484.86,-0.703899525848166,-0.824854318878357,-0.5001220752911734,-0.716214413783959,-1.0013738545989368,-0.6222646511471349,-1.0909461279482804,0.9416956849322237,-0.3790164278934089,0.1295002966277562,0.01818968386528803,-0.4082100125735015,2.2453027530925307,-0.2724908982146795,-0.24264715165946443
584784.79_6131234.86,-0.703899525848166,-0.824854318878357,-0.07854719678815741,-0.716214413783959,-0.34207159773895324,-0.7174677665819266,-0.029244856701470406,-0.21609319634812726,-0.5569124548915318,-0.21099436057342846,0.5291608216207005,-0.710185125610737,-0.24369494921269477,-0.28657585293608845,-0.3509028142133755
583918.76_6131234.86,-0.06443341553662059,0.08038582088735308,0.418484663859367,0.9862651712384083,0.798255863935632,-0.6515404527339969,-0.36256746973577025,0.25008454720434886,0.10019577947838032,-0.21099436057342846,0.5291608216207005,0.38455540940726074,-0.24369494921269477,-0.29157976063106905,-0.16840825562234457
584351.77_6131484.86,-0.2586345025415586,-0.022174824373278206,0.19908528642832302,-0.716214413783959,-0.35498502605612375,-0.6904337567105121,-0.09270581424241084,-0.12374387185857928,-0.5349657492962104,-0.21099436057342846,0.5291603900459734,-0.13353635714189854,-0.24369494921269477,-0.31610553827317267,-0.34436747167933396
583918.76_6131734.86,-0.17044889727628898,0.03622776528902569,0.36886349625346726,-0.716214413783959,0.02990687906398633,0.662279865022187,0.527959294174419,-0.4115940569525272,-0.17184320893660382,-0.21099436057342846,0.5291608216207005,-0.09566779169753152,-0.24369494921269477,-0.28295756544001766,-0.17011490052711437
584784.79_6131734.86,-0.703899525848166,-0.824854318878357,-0.13555002569080257,-0.716214413783959,-0.013496588335392372,-0.7384029318782892,-0.08680803088854237,-0.16996711708762335,-0.6684940857273415,-0.21099436057342846,0.5291608216207005,-0.21784371911845773,-0.24369494921269477,-0.3021826033000513,-0.3544579171695337
584351.77_6131984.86,-0.20996375865198358,0.27055035064144006,0.8314476041828466,1.3317634768374624,1.1637776265799862,-0.5624378821486146,-0.18683324681427993,0.04218592867913209,-0.16407164653292294,-0.21099436057342846,0.5291603900459734,0.020650357747010437,-0.24369494921269477,-0.2875347176323368,-0.2420543323752312
583918.76_6132234.86,0.8747673749661691,1.4738573656958593,1.0996479646312631,-0.716214413783959,0.22683666090083676,1.2293275735959708,1.2305626661042783,-0.874183498929152,-0.0723951960926512,-0.21099436057342846,0.5291608216207005,0.02148713819852033,-0.24369494921269477,-0.2120999771782802,0.1947556091647498
584784.79_6132234.86,-0.20707242733181078,0.14056897730765394,0.5673481666770663,0.9148977606223874,0.7229275320854707,-0.6821563722616165,-0.5387224292082713,0.4683142850022651,0.5023771937243448,-0.21099436057342846,0.5291608216207005,0.4602412253172177,-0.24369494921269477,-0.2929909142898169,0.02295956247388722
584351.77_6132484.86,1.1672737268569815,1.8566792186652292,1.54049718096467,0.9188996714980523,0.727232008191194,1.510645165448573,1.0805902346555771,-0.6527308982653032,0.3217942841767318,-0.21099436057342846,0.5291603900459734,0.05242157037541511,-0.24369494921269477,-0.24259577796515794,-0.03062276991199038
583918.76_6132734.86,1.3465362687076934,1.7405862660438207,1.4068070930347256,0.7037969619310733,0.49981218727213567,-0.6412902193477334,-1.1211155662564718,1.3050642661295233,2.0879286937932338,-0.21099436057342846,0.5291608216207005,1.3528350588683307,-0.24369494921269477,0.7278127463879426,0.2224164175847213
585217.8_6131984.86,-0.703899525848166,-0.6275675220922817,0.02889698430891462,-0.716214413783959,0.28494708832810395,-0.7384029318782892,-0.07409015141396223,-0.16364587413367387,-0.6491712150689588,-0.21099436057342846,0.5291603900459734,-0.1654567924693315,-0.24369494921269477,-0.3107958316065527,-0.3820213538684936
586083.83_6131984.86,-0.703899525848166,-0.824854318878357,-0.4455798001541099,-0.716214413783959,-1.0013738545989368,-0.7384029318782892,0.001995757599485471,-0.26637002593402775,-0.8389500384221392,-0.21099436057342846,0.5291598306441271,-0.3200744809575371,-0.24369494921269477,-0.32289805922167425,-0.7560784573292363
586516.84_6132234.86,-0.5482495231121982,-0.824854318878357,-0.14334177928181152,-0.716214413783959,-0.2308726316744293,-0.7384029318782892,0.17803596943593655,-0.21101178427885164,-0.7548136900338087,-0.21099436057342846,0.5291608216207005,-0.2243109805237819,-0.24369494921269477,-0.31323437551819133,-0.3418916756958733
585650.81_6132234.86,-0.1796047797901694,0.03587165193742634,0.18227150236351386,-0.716214413783959,0.032059117116848036,-0.24942488671278648,0.2019646458932185,-0.35258893448751655,-0.6310927922464892,-0.21099436057342846,0.529159683832783,-0.37796030480670073,-0.24369494921269477,-0.31572177404691165,0.4446662745716329
585217.8_6132484.86,0.7094796011629587,0.6131313948800763,0.776085144457256,1.049962252676072,0.8660513626007772,-0.7384029318782892,-0.04085172084937251,-0.23433620343589845,-0.8384365954330104,-0.21099436057342846,0.5291603900459734,-0.13163423995302878,-0.24369494921269477,-0.32289805922167425,-0.7560784573292363
586083.83_6132484.86,0.1803659695713411,0.37346710925367055,0.4373489093954942,-0.716214413783959,0.343416222097515,-0.7384029318782892,0.011993239303937905,-0.23062535218075186,-0.7905393877575424,-0.21099436057342846,0.5291598306441271,-0.24229048241741516,-0.24369494921269477,-0.31947895357448264,-0.24487834695603367
586516.84_6132734.86,-0.009498120453337838,0.11065545577330319,0.1966247326627411,-0.716214413783959,0.25158739850874684,-0.7384029318782892,-0.18213102799134617,-0.03266451041831438,-0.3388103542395317,-0.21099436057342846,0.5291608216207005,-0.2949207061402348,-0.24369494921269477,-0.24748041796147596,-0.35050589880336563
585650.81_6132734.86,0.8126037515824545,0.880572521931236,0.7998704975245469,1.0412914457787985,0.8563662913628992,-0.7217503315627277,-0.48956954703948297,0.3900733542060131,0.41327189522888724,-0.21099436057342846,0.529159683832783,0.16577037699880118,-0.24369494921269477,-0.04675288882788496,0.48930422119851485
585217.8_6132984.86,1.295456082051308,0.8285799725977215,1.099237872337,1.7643033439822247,1.6207695064709648,-0.47511889549292136,-0.8144575866717743,0.935973618323361,1.5572035347720155,-0.21099436057342846,0.5291603900459734,0.7657835164191817,-0.24369494921269477,4.7358804866423325,0.4893042211987796
586083.83_6132984.86,0.24831225559540132,0.22247504817551916,0.4664654622882123,0.9725919757465539,0.7839076102498871,-0.7384029318782892,-0.04843464999722269,-0.21805369150436504,-0.7919005464158149,-0.21099436057342846,0.5291598306441271,-0.14806051466147366,-0.24369494921269477,-0.31209357677660876,-0.15752738239321126
586949.85_6132484.86,-0.703899525848166,-0.824854318878357,-0.3299337731717651,-0.716214413783959,-0.34637607384467667,-0.332996663253983,0.2508363266685771,-0.45164528047302455,-0.8054320421552084,-0.21099436057342846,0.5291603900459734,-0.6596663160418421,-0.24369494921269477,-0.31211013903648355,-0.427180048455077
587382.86_6132734.86,-0.703899525848166,-0.824854318878357,-0.40908158596464644,-0.716214413783959,-0.38188800171689563,-0.7384029318782892,-0.1775571714018954,-0.024749124752619596,-0.15525033822016446,-0.21099436057342846,0.5291608216207005,-0.7365089226850838,-0.24369494921269477,-0.24838896222407048,-0.5036685307556599
586949.85_6132984.86,-0.2080362044385351,0.005245903699876647,0.08671999780008718,-0.716214413783959,-0.010985643940386983,-0.1817348681350647,0.12821387586374342,-0.2032584771486122,-0.17609384011382015,-0.21099436057342846,0.5291603900459734,-0.5740833203596731,-0.24369494921269477,-0.2843865554317642,-0.3081278448997399
587815.88_6132984.86,-0.703899525848166,-0.824854318878357,-0.3291135885832378,1.223044898048571,1.0486328907518825,-0.7384029318782892,-0.5815051341730311,0.3268831494051444,-0.8117811560892643,-0.21099436057342846,0.5291603900459734,-0.777715637684597,2.007917699426213,-0.3136273727582723,-0.337531161582492
587382.86_6133234.86,-0.703899525848166,-0.6261430686858841,-0.035487505890475946,2.1668288795595014,2.0465539345954484,-0.7384029318782892,-0.06135686529819713,-0.20249025579227037,-0.6938133417280044,-0.21099436057342846,0.5291608216207005,-0.7744509976235925,-0.4295951925383956,-0.32289805922167425,-0.7560784573292363
586949.85_6133484.86,0.0560387228039117,0.5614949588981611,0.4020809720888217,0.9505814659303978,0.7605916980105512,-0.7384029318782892,-0.07887367062662107,-0.17702686117780425,-0.6151351991910133,-0.21099436057342846,0.5291603900459734,-0.402837995408508,-0.24369494921269477,-0.21939385291574287,0.02560809479497098
587815.88_6133484.86,-0.703899525848166,-0.824854318878357,-0.19501340835902964,1.478500208945169,1.3187387663860326,-0.7384029318782892,-0.6839984985545848,0.4859315533768672,-0.8387264908989043,-0.21099436057342846,0.5291603900459734,-0.8023808276074095,1.1572646164686233,-0.32289805922167425,-0.7560784573292363
587382.86_6133734.86,-0.38585308062916074,-0.2675369236252743,0.12567876575513223,1.1730210121027622,0.9959030584567695,-0.6091231004747923,-0.5547543385966315,0.383830344317486,-0.7431412922814454,-0.21099436057342846,0.5291608216207005,-0.2911237125263691,0.5726982880429485,-0.3176210423448667,0.48930422119851513
586949.85_6133984.86,0.40299848122464466,0.49312119539107363,0.7687034831605105,0.92823746354127,0.736917079429072,-0.6297923186603204,-0.7184334108719655,0.6863886520766066,0.24683931591721311,-0.21099436057342846,0.5291603900459734,0.5841832694924584,-0.7084455575269469,-0.1043764823370823,-0.0008590712756608995
587815.88_6133984.86,0.051701725823652546,-0.08556300095797378,0.5353609677245028,-0.716214413783959,0.29068638980240213,-0.24770657778084493,-0.765168075296327,0.8750824557007685,0.3735336055708213,-0.21099436057342846,0.5291603900459734,0.057104140893002524,-0.7084455575269469,-0.3140871541175459,1.433961349678751
584784.79_6132734.86,0.5663587008144064,0.8784358418216395,0.9183871705667371,1.5118494662423752,1.3538919879161075,-0.29222189909003005,-0.12428312869502234,0.10191931581378362,0.2496904275468688,-0.21099436057342846,0.5291608216207005,-0.0009472668185763433,-0.24369494921269477,0.1650996903087311,0.48930422119879924
584351.77_6132984.86,0.31625854161946154,1.257696561275015,0.8507219420132374,-0.716214413783959,0.0026451970610707454,0.12587788485852208,0.5558475032839943,-0.37942606572202875,0.3132571977768003,-0.21099436057342846,0.5291603900459734,-0.07864223729645245,-0.24369494921269477,0.044004973343694624,0.22241641758467126
584784.79_6133234.86,0.48973842082982794,0.5208980368158279,0.6936565933102655,0.780166761141675,0.5805211142544514,0.6672869683384197,0.9547516691638952,-0.7772842628023692,-0.1854535721474102,-0.21099436057342846,0.5291608216207005,-0.6205806726345198,-0.24369494921269477,0.05717346748254752,0.4893042211988379
583918.76_6133234.86,1.7195180090099813,1.8435030246560513,1.5253237660769159,0.6471032245258233,0.43990822813415015,-0.7384029318782892,-1.3111208825433684,1.4962292148806509,2.319723975429655,-0.21099436057342846,0.5291608216207005,1.4355535453976502,-0.24369494921269477,0.610987328692541,0.22241641758477104
584351.77_6133484.86,0.029052963815632528,0.7217459671178974,0.7695236677490379,-0.716214413783959,0.049277021539742075,-0.0491372557504247,0.26863980483296823,-0.25009835790562435,0.012955185845281703,-0.21099436057342846,0.5291603900459734,-0.316642997770832,-0.24369494921269477,-0.18523787542610642,0.21231375621798057
584784.79_6133734.86,0.2719247947101456,0.32539180678774965,0.625991364756766,0.6451022690879908,0.43775599008128835,0.384935925218158,0.6570685421056829,-0.4894950313406848,0.09817668673724048,-0.21099436057342846,0.5291608216207005,-0.24105430254157154,-0.24369494921269477,0.06782901654248222,0.17965492515193426
583918.76_6133734.86,0.48973842082982794,0.506297389400252,0.837598988596801,-0.716214413783959,0.06506010059406164,-0.0483431286881329,0.019240856138000594,0.042347151723581236,0.37594512503222194,-0.21099436057342846,0.5291608216207005,0.0743695849494801,-0.24369494921269477,1.0112289559255225,0.22195536122236484
584351.77_6133984.86,-0.038893322208427686,0.14199343071405157,0.6772529015397202,0.7364792340823354,0.5342479961179237,-0.6505539427576154,-0.12170451929417724,-0.08457483785799869,-0.44674720507743254,-0.21099436057342846,0.5291603900459734,-0.13810276062163468,-0.24369494921269477,-0.239863675662517,0.17965492515167283
583918.76_6134234.86,-0.703899525848166,-0.824854318878357,0.07769796732628728,-0.716214413783959,-0.22441591751584408,-0.6945091613743938,0.035262700465385585,-0.3048386854059166,-0.8112863770509525,-0.21099436057342846,0.5291608216207005,-0.5044048199409492,-0.24369494921269477,-0.32289805922167425,-0.7560784573292363
584784.79_6134234.86,0.6357506524985531,0.34497804112571756,0.9015733865019281,1.3514395386428142,1.2943467351202658,-0.42601573867091413,-1.0429818937213038,1.2648467695915206,2.1268054061609734,-0.21099436057342846,0.5291608216207005,1.2472038046823113,-0.24369494921269477,1.5679435054861566,0.17965492515196355
586516.84_6133234.86,0.4203464691456813,0.3275284868973462,0.5386417060786118,0.9449120921898729,0.7544936901941097,-0.7336734169974055,-0.3999840130633968,0.2585725547481616,0.10889014889716285,-0.21099436057342846,0.5291608216207005,0.1932991316270037,-0.24369494921269477,-0.08237466377249299,-0.12909472972534017
585650.81_6133234.86,0.7860998811475375,0.7156920401407073,0.6026161039837388,1.793317197830794,1.6516182518953166,-0.7214935309837975,-1.0677668576475452,1.1831123120701346,1.8440647798462104,-0.21099436057342846,0.529159683832783,0.9279054788854949,-0.24369494921269477,0.565100376494678,0.48930422119857814
585217.8_6133484.86,0.26180513508954084,0.435786945783568,0.5837518584476116,0.780166761141675,0.5805211142544514,0.6945571188496247,0.3655965461725846,-0.06523577537277542,0.8740838385841639,-0.21099436057342846,0.5291603900459734,-0.04764263824466489,-0.24369494921269477,-0.09651964905443138,0.48930422119883654
586083.83_6133484.86,1.516642928044525,0.8631229677028647,1.0455157817884635,1.653583809755501,1.5038312389321433,-0.6264756411108255,-0.8019193090838309,0.8461690214172062,1.0976282730613496,-0.21099436057342846,0.5291598306441271,1.1714212014260574,-0.24369494921269477,-0.024918231429165678,-0.009497753340493409
586516.84_6133734.86,0.8497091701913385,0.898734302862806,0.8371888963025375,2.1668288795595014,2.0465539345954484,-0.046614915335080956,0.12007178797441104,-0.16715918011001313,-0.42592909246419797,-0.21099436057342846,0.5291608216207005,0.5884087274383404,-0.24369494921269477,-0.26539320837084523,-0.1217394373161591
585650.81_6133734.86,0.17410141837763332,0.44718257303474923,0.659618932886384,-0.716214413783959,0.29104509614454566,-0.5848962773097667,-1.0683415409479906,1.2496395041212895,2.0999555170720647,-0.21099436057342846,0.529159683832783,0.9606456946101177,-0.24369494921269477,0.1392759906989333,0.48930422119851513
585217.8_6133984.86,0.2839720085441988,0.5728905861493424,0.6809437321880931,-0.716214413783959,0.331937619148919,1.6345326178098627,1.6105434947999866,-1.168797638344365,-0.25867311559443473,-0.21099436057342846,0.5291603900459734,0.07744470588640363,-0.24369494921269477,0.09722889412093082,0.1796549251519196
586083.83_6133984.86,0.567804366474493,0.7577134156294381,0.7473786838588017,0.8058456892605238,0.6077827962573669,-0.41392097756313545,-0.9017001548701371,1.0959206335631835,1.750412247838658,-0.21099436057342846,0.5291598306441271,0.808678542368845,-0.7084455575269469,0.32195563217548717,-0.036669379231115996
585650.81_6134234.86,-0.40368295710355945,0.5411964978569945,0.7121107465521291,-0.716214413783959,0.05537502935618377,0.3132988712587193,0.839946292316442,-0.7179181455283352,-0.3409676806300543,-0.21099436057342846,0.529159683832783,-0.06404391287322887,-0.7084455575269469,-0.28078016654268867,0.4893042211985784
586516.84_6134234.86,0.6270766585380348,0.4129956912812055,0.6370638567018843,0.9168987160602198,0.7250797701383325,2.075682964700605,1.1152259303528098,-0.5981591590240549,-0.47975924405658843,-0.21099436057342846,0.5291608216207005,-0.2604776516412659,-0.29111848067333057,-0.21317863225048933,-0.17829183264716694
587382.86_6134234.86,-0.17189456293637542,0.115641042695695,0.48163887717596665,1.4895054638532472,1.3305760756767722,-0.42368623123616467,-1.7761548711720474,2.0634516146910915,1.8602134641153472,-0.21099436057342846,0.5291608216207005,1.2731362856914883,0.9388371541646853,0.00844083442116437,1.6019458640209425
586949.85_6134484.86,-0.07648062937067382,0.17796087922559242,0.6362436721133569,1.5341934686315033,1.3775666064975867,-0.4790387201381121,-1.8432669472296241,2.1443099094269296,2.0021497857329176,-0.21099436057342846,0.5291603900459734,1.3399603510636204,0.648626218750674,0.05197965054643484,0.5020360474841021
587815.88_6134484.86,0.5784059146484597,0.5978185207613015,1.070941504032809,0.9592522728276716,0.7695593565641419,-0.6840251425351066,-2.004995695422042,2.2821044437987537,2.2328874157578573,-0.21099436057342846,0.5291603900459734,1.1145698531045347,0.6858062674158125,0.24930660965220797,1.5021754395471738
587382.86_6134734.86,-0.1458725810548204,0.7110625665699151,0.8683559106665736,0.9595857654006436,0.7702767692484291,0.1055509257777586,-1.8932971367659666,2.3198021983834343,1.2372633456049287,4.089742328344149,0.5291608216207005,1.2165564845339265,3.551768352020379,-0.1665984063772019,1.617331077677261
586949.85_6134984.86,0.34950885180144836,0.8342777862233123,0.6546978253552205,0.6160884152394216,0.40690724465693656,-0.059665644091278676,-1.98931158250158,2.374977421247292,1.0931943812841398,5.400918467386708,0.5291603900459734,0.25445399369937294,4.552531328590401,-0.20862527755493665,0.9771955561945743
587815.88_6134984.86,1.970581945311651,1.574993557550093,1.2161141762021355,1.268066395399799,1.4528949383477483,1.0108996301503133,-1.1902686056799139,1.7590464890576745,0.8893386060726506,3.778165033805375,0.5291603900459734,1.118846311213377,3.2326396009779246,-0.19379707543062974,1.6319960233727762
587382.86_6135234.86,1.9691362796515646,1.902973954373153,1.5938091792189422,1.550534604707134,1.685695354398961,-0.577072619176996,-1.8239501476313182,2.022701138328188,1.4719620796763975,0.09478077703389058,0.5291608216207005,0.9961226042643753,1.753011367989285,-0.048061905773468375,1.8310056130185277
586949.85_6135484.86,1.0930628896392136,1.2277830397406646,1.1541902397683266,1.4404820556263542,1.2785636560659464,1.0737496883790445,0.18991736260385925,0.15605156895018646,-0.25908939494258476,-0.21099436057342846,0.5291603900459734,-0.34783054186759826,1.7082576057071703,-0.32289805922167425,-0.7560784573292363
587815.88_6135484.86,2.531500221425169,2.2227637441094266,1.9620720594676857,2.319901970553677,2.2083304949022233,-0.710786074411359,-1.9378008695063875,2.2303225416482975,2.313699553768292,-0.21099436057342846,0.5291603900459734,1.3647180968377295,-0.2808749978778332,12.517724726290908,1.8152489313796538
587382.86_6135734.86,2.0096149181339835,1.529411048545368,1.5388568117876158,1.326761088242882,1.3567616386532566,-0.4604590725440443,-1.4263138461738636,1.6847122518622923,1.5326992946653626,-0.21099436057342846,0.5291608216207005,1.0900800155938706,-0.5569712851874852,-0.04693537320520483,1.8359620481040302
586083.83_6134484.86,0.4039622583313689,0.7221020804694968,0.7711640369260924,0.590075994547601,0.5285086946436256,1.3406943559949414,1.0894990698496867,-0.6808420758961377,-0.70097480741098,-0.21099436057342846,0.5291598306441271,-0.41460511634085556,-0.4452402625212496,-0.3027167210513219,-0.06581986591859178
585217.8_6134484.86,1.050174808389984,1.138754701840811,0.9593963999931006,1.1009866163407973,1.0730249220176489,-0.7162266778536667,-1.372482806401728,1.582280309895933,2.243741687216877,-0.21099436057342846,0.5291603900459734,1.6055427552240873,-0.7084455575269469,0.7299719182044201,0.1796549251519627
586516.84_6134734.86,-0.2538156170079373,-0.23050113505893524,0.40003051061750367,-0.716214413783959,0.18020483642216528,1.4990988980738087,0.7192179263365341,-0.1559075671831846,-0.3664388052274107,-0.21099436057342846,0.5291608216207005,-0.3696945006175259,2.199443569723702,-0.2574877195644303,0.3429672755587926
585650.81_6134734.86,1.1600453985565495,1.283336722590173,1.1681333777732903,1.0196144285356143,1.031773692671132,-0.5734042231237525,-1.588549987229126,1.8194173921531334,1.6603044943304823,-0.21099436057342846,0.529159683832783,1.3006751144259558,-0.24977579829343954,0.41083759846396206,0.17965492515172063
586083.83_6134984.86,-0.703899525848166,0.9087054767075896,0.8609742493698281,-0.716214413783959,-0.18244727548503997,-0.18905492023849382,-0.9113430343720831,0.9571053518292499,-0.26224428756823476,-0.21099436057342846,0.5291598306441271,0.3047027653683888,2.5089930574632904,-0.13820200350587925,-0.10261621194423565
585217.8_6134984.86,1.8231240479828394,1.633396147212397,1.608572501812433,1.7436268044579573,1.5992471259423475,-0.6771242912424403,-2.004704748797526,2.3181608841373684,2.2473225495785454,-0.21099436057342846,0.5291603900459734,1.942727499283778,-0.23943118216393774,0.7023738717340001,0.1796549251519196
586516.84_6135234.86,0.2699972404966971,0.2890682449246096,0.761731914158029,-0.716214413783959,0.36206895188898336,2.332976208331018,0.3934525988406094,0.30832342021234416,-0.5735785274883742,4.452240048291317,0.5291608216207005,-0.6129794446429145,4.966628384365451,-0.32289805922167425,-0.7560784573292363
585650.81_6135234.86,-0.5000606677759853,-0.0068619502545034195,0.6526473638839021,-0.716214413783959,0.44098434716058105,-0.7297047324132515,-2.287612092109238,2.5830278168811223,2.319723975429655,-0.21099436057342846,0.529159683832783,1.9523098632352598,1.754732666538597,0.6875688261303103,0.17965492515176845
586083.83_6135484.86,1.5465200183529775,1.5522023030477305,1.1898682693692628,-0.716214413783959,0.3025236990931417,1.2484734144919998,-0.9603283143239598,1.5140166058756712,0.42311302929154243,4.181882288251688,0.5291598306441271,0.7031387051415924,4.056740496161216,0.03960723799586529,3.037867868963222
585217.8_6135484.86,1.8342074847101686,1.9207796219531237,1.614313793932124,1.3941265879832379,1.2297795935344134,-0.596716788548084,-2.242243598473491,2.5606397477861518,1.9657746436548225,1.1393050630232036,0.5291603900459734,1.9489835192733909,2.0212181070857604,1.1164046298278938,0.1796549251519627
584351.77_6134484.86,-0.703899525848166,0.07896136748095532,0.3971598645576582,-0.716214413783959,-1.0013738545989368,0.02253175465047245,0.19252576039532263,-0.2248736822246602,-0.22654833402365337,-0.21099436057342846,0.5291603900459734,-0.17056625323983302,-0.24369494921269477,-0.16682945475262617,0.17965492515172077
583918.76_6134734.86,-0.703899525848166,-0.824854318878357,0.07769796732628728,-0.716214413783959,-0.22441591751584408,-0.6674312018916481,0.01132304644580476,-0.24784606576363039,-0.6263867983789256,-0.21099436057342846,0.5291608216207005,-0.35668379237826037,-0.7084455575269469,-0.31532289565564475,0.3234048419744766
584784.79_6134734.86,1.9686543910982022,1.4952241667918245,1.3641574944313073,1.3747840187508584,1.2089746256900828,-0.08059208257464132,-0.7422615592263813,0.9782195928848408,1.3921176197032417,-0.21099436057342846,0.5291608216207005,1.2370642167281354,-0.7084455575269469,0.5025808323781361,0.17965492515193454
584351.77_6134984.86,-0.5757171706538395,-0.6094057411607116,0.1531549494707958,-0.716214413783959,0.3244047859639028,-0.4626782524591542,-0.898150564334198,1.0034439972371398,0.8479519985951806,-0.21099436057342846,0.5291603900459734,1.1954013336043765,-0.7084455575269469,-0.2852998501019401,0.17965492515167297
583918.76_6135234.86,-0.3280264542257052,-0.4972300354068963,0.2962771601688042,-0.716214413783959,0.28422967564381685,-0.5606080522696114,-1.1815862911852344,1.2938645858864253,0.7247487669804833,-0.21099436057342846,0.5291608216207005,0.7963722808249122,-0.5771215324253036,-0.20918640673477107,0.09204145898326893
584784.79_6135234.86,1.6024190905429843,0.16656525197441116,0.7162116694947656,1.7449607747498452,1.6003232449687783,-0.6235545427003282,-1.865232397910663,2.149631397792975,1.877026557898229,-0.21099436057342846,0.5291608216207005,2.017104311011124,-0.12686773207681773,-0.32289805922167425,-0.7560784573292363
584351.77_6135484.86,0.17410141837763332,0.1174216094536921,0.5734995510910208,-0.716214413783959,0.35453611870396723,-0.6637031667205283,-2.177411480431613,2.5089828423459926,2.225892181391922,-0.21099436057342846,0.5291603900459734,2.380478898013441,0.9274765837392255,-0.32289805922167425,-0.7560784573292363
583918.76_6135734.86,-0.2051448731183623,0.08964476802893777,0.41561401779952156,-0.716214413783959,-0.152674649087119,-0.7182717139877498,-1.9070642560380677,2.0690757263606483,1.496003568059345,-0.21099436057342846,0.5291608216207005,1.0742853910518608,1.9180349445058977,-0.3143392380724286,0.08771105993493472
584784.79_6135734.86,-0.703899525848166,-0.824854318878357,-1.5474977948404949,-0.716214413783959,-1.0013738545989368,0.18589507649109163,-1.8118627366530935,2.3460020955281085,1.6940973139425357,3.0336089187370865,0.5291608216207005,1.63433832871492,3.4657823832038233,-0.32289805922167425,-0.7560784573292363
584351.77_6135984.86,0.43046612876628604,0.6829296117935614,0.8121732663524558,-0.716214413783959,-0.152674649087119,0.28483822655939006,-1.806815136618566,2.279899852710404,1.223541049993475,4.156565604522996,0.5291603900459734,1.4261317375147418,3.4464248808024784,-0.234976679476536,1.1797997564484333
585650.81_6135734.86,2.2630882972024633,2.1063146781364184,1.8279718792434776,1.2597290810754975,1.0877318820455377,-0.31487626013801334,-2.281219170111684,2.667592873122128,1.391870981818485,4.472099192005035,0.529159683832783,1.7938693569765982,3.437129868636196,2.895343117239874,2.98464812566663
586516.84_6135734.86,0.639123872372088,1.0255106560321974,0.9971248910653547,-0.716214413783959,0.3441336347818021,-0.5336072567173967,-1.149075697803813,1.1394039085154155,-0.002563558385749292,-0.21099436057342846,0.5291608216207005,0.31167617653914154,1.39273884409933,-0.12525812397142752,3.0378678689632213
586083.83_6135984.86,2.059249439130283,1.9553226170582667,1.6540927464756965,0.9946024855627098,1.022088621433254,-0.6075938910024828,-1.794585405183149,2.0408901195102422,1.7293752670786202,-0.21099436057342846,0.5291598306441271,1.521174652312704,0.17330146815550715,8.447466651048815,3.0378678689630294
585217.8_6135984.86,2.0052779211537244,1.9934267456794044,1.6979726219619056,1.1653506829244047,0.9876528125874663,-0.10457508844307745,-2.0856733982500266,2.527028451811461,1.07131334353923,6.0473834931714725,0.5291603900459734,1.7489438800946748,2.7153593826230127,0.21947974401032577,1.1797997564489435
586516.84_6136234.86,1.4140006661783917,1.5849647313948767,1.2275967604415172,0.6607764200176776,0.6953071437404114,-0.6022294360665178,-1.8498768987097918,2.168144950232154,2.219591215431886,-0.21099436057342846,0.5291608216207005,1.579938784523848,-0.7084455575269469,-0.1205474734385658,3.0378678689634144
585650.81_6136234.86,1.777344635413437,1.3499299193392635,1.3838419245559619,1.1596813091838796,0.9819135111131682,-0.41549901946618606,-1.821315509489603,2.1966736024377695,2.1183141245325827,-0.21099436057342846,0.529159683832783,1.9640625674548728,0.01656539144328879,2.717947448810323,1.7209623912220655
586083.83_6136484.86,2.7661799469125263,2.242706091798994,1.9850372279464494,1.832335828868525,1.8474719147057364,-0.6749008855382714,-1.788918833372685,2.0529702697046575,1.889979327733563,-0.21099436057342846,0.5291598306441271,1.878021292530603,-0.7084455575269469,0.06389100554791212,2.2131622360916365
585217.8_6136484.86,2.113702845660203,2.034379781113337,1.7451332358022238,1.150677009713634,1.1903218958986146,-0.2791578342740323,-1.6956358617272287,2.1045331268592156,2.319723975429655,-0.21099436057342846,0.5291603900459734,1.8112774125998694,-0.5958821074398241,0.15174965355451614,1.1797997564490326
585650.81_6136734.86,2.021662131968037,1.6316155804544,1.7016634526102783,1.0949837500272999,1.0439697083040154,-0.7384022854269909,-1.8679902022772676,2.159521782225546,2.319723975429655,-0.21099436057342846,0.529159683832783,2.005112031951931,-0.7084455575269469,0.13550662500340804,1.1797997564485323
586516.84_6136734.86,2.2071892250124563,2.071415569679676,1.7877828344056412,0.9062269537251139,0.9629020749795559,-0.6087233380893808,-1.5049863937335723,1.7638105965283362,2.121238221803142,-0.21099436057342846,0.5291608216207005,2.019441188848428,-0.7084455575269469,-0.07181149779972239,3.037867868963222
586949.85_6135984.86,0.4434771197070635,1.0173200489454108,0.9175669859782097,-0.716214413783959,0.3269157303589082,-0.39338116920243626,-1.115717139922243,1.2480111384536978,0.6437075331205782,-0.21099436057342846,0.5291603900459734,0.8215040277940523,-0.5411353385338168,-0.21614539774251362,2.898614086191101
587815.88_6135984.86,0.6463522006725199,1.1544236893111852,0.9487340003422459,0.9652551391411687,0.9976965901674876,1.1383665678483772,0.02359237237156911,0.364699664611124,0.20165639172157107,-0.21099436057342846,0.5291603900459734,0.34142343825605365,-0.7084455575269469,-0.26098570566051715,1.415449479781916
587382.86_6136234.86,2.0549124421500236,2.019066906994562,1.7274992671488871,1.6926024407932319,1.54508246827866,1.514619893277746,0.4766001001953378,-0.01094772822553154,0.16982728777232506,-0.21099436057342846,0.5291608216207005,0.5849325311458025,-0.7084455575269469,-0.3192925990556855,2.1432484874031865
586949.85_6136484.86,3.2519236087015524,2.386931999196756,2.1511246071232213,2.2885536686943033,2.17532951142501,-0.712100016556595,-1.477738570673951,1.6852747842022209,1.9518551772048762,-0.21099436057342846,0.5291603900459734,1.8218382241221898,-0.7084455575269469,0.16637840036804596,2.626086705660203
587815.88_6136484.86,1.736865996931018,1.499141413659418,1.4351034613389162,2.014756266284242,1.908093286528009,1.410588196058504,0.8396305240993125,-0.45871274351944236,0.5433791517260992,-0.21099436057342846,0.5291603900459734,-0.5528578080941913,-0.7084455575269469,-0.04311959039371707,1.0849248510243843
587382.86_6136734.86,2.321878700712643,2.085303990392053,1.803776433881923,2.618711315936643,2.5239920759886134,1.2551432309627784,0.7318267531393104,-0.3676415014991029,0.4316373439929722,-0.21099436057342846,0.5291608216207005,0.08818968466385187,-0.7084455575269469,-0.18042272903433323,2.124875454150568
587815.88_6136984.86,1.1152297630938717,1.333192591814091,1.264505066925244,1.353773986653619,1.5206904370128935,1.4904107297014209,1.0623213376110812,-0.6999784417963256,-0.01055284040617919,-0.21099436057342846,0.5291603900459734,-0.21659201141522136,-0.24369494921269477,-0.24673202205228417,-0.522581596662221
586949.85_6136984.86,3.3256525573659586,2.447827382320256,2.221250389442303,1.8580147569873735,2.0261076730932617,-0.365446187919338,-1.0072780157783583,1.235340766955455,1.99672973666698,-0.21099436057342846,0.5291603900459734,1.5500149111315056,-0.24369494921269477,0.635676550413005,2.8027554429548345
587382.86_6137234.86,1.4380950938464983,1.6825397897331158,1.3399620490697528,1.028285235432888,1.147635841183523,0.26048540369937384,0.14179534620095832,0.07471682458578591,0.7744323813631142,-0.21099436057342846,0.5291608216207005,0.2783034958306668,-0.24369494921269477,-0.0769150899606356,-0.4881606751656256
586949.85_6137484.86,2.0192526892012257,2.346691190466023,2.1047841778714305,1.7369569529985158,1.7197724569026056,0.36694603534417225,0.04537511881546424,0.27063862553367996,1.0526586502235833,-0.21099436057342846,0.5291603900459734,0.9311883782641031,-0.24369494921269477,-0.10131196621632672,2.614014422151664
578136.15_6134715.23,-0.703899525848166,-0.824854318878357,-1.5474977948404949,-0.716214413783959,-1.0013738545989368,0.45798914490201265,0.22317759986475674,-0.25362868903649416,0.848453470703016,-0.21099436057342846,-1.3547062432257533,-1.1834065867505539,-0.24369494921269477,-0.32289805922167425,-0.7560784573292363
577994.78_6134815.66,-0.703899525848166,-0.824854318878357,-1.5474977948404949,-0.716214413783959,-1.0013738545989368,-0.7228394566119537,0.036826479396500376,-0.46801445787411633,-0.4617860813335281,-0.21099436057342846,-1.3547066058956518,-1.2240265300339093,-0.24369494921269477,-0.32289805922167425,-0.7560784573292363
578118.15_6134930.52,-0.703899525848166,-0.824854318878357,-1.5474977948404949,-0.716214413783959,-1.0013738545989368,0.11440595215976204,0.6724079762099439,-0.8965738765830948,-0.5807792782171775,-0.21099436057342846,-1.3547064447090307,-1.3588793765984581,-0.24369494921269477,-0.26753705963409097,1.2140268166913006
574847.8_6135636.57,-0.703899525848166,-0.824854318878357,-1.5474977948404949,-0.716214413783959,-1.0013738545989368,1.680672223470432,2.273755414703637,-2.1296134465980043,-0.8389500384221392,-0.21099436057342846,-1.882308740849717,-1.1414734342446986,-0.24369494921269477,-0.32289805922167425,-0.7560784573292363
577561.82_6135176.03,-0.703899525848166,-0.824854318878357,-1.3715682006013958,-0.716214413783959,-1.0013738545989368,-0.7384029318782892,0.11556615364789928,-0.6272630327964678,-0.8251853265237133,-0.21099436057342846,-1.3547062432257533,-1.2993387944857215,-0.24369494921269477,-0.16261841133871738,-0.12610240549388219
577477.18_6135509.98,-0.703899525848166,-0.824854318878357,-1.3301488788807687,-0.716214413783959,-1.0013738545989368,-0.0318658709091206,0.48102721321030545,-0.8199006878407714,-0.7573027762889476,-0.21099436057342846,-1.354705849019342,-1.1244568460403623,-0.24369494921269477,-0.2990313632136917,-0.1872299902050698
577161.27_6135856.74,-0.49572367079572616,-0.5688088190783784,-1.2526414352649418,-0.716214413783959,-1.0013738545989368,1.4465240869519973,1.4513286384237294,-1.4685703362428815,-0.8389500384221392,-0.21099436057342846,-1.3547061760646604,-1.284752080020229,-0.24369494921269477,-0.2483327441980361,-0.7560784573292363
576446.52_6136209.89,-0.4634371377204635,-0.5538520583112031,-1.2354175589058694,-0.716214413783959,-1.0013738545989368,3.502251420273964,2.526408658977826,-2.117014257256061,-0.8389500384221392,-0.21099436057342846,-1.3661063685289934,-1.2499091936881375,-0.24369494921269477,-0.32289805922167425,-0.7560784573292363
577423.57_6135984.86,-0.42006716791787185,-0.535690277379633,-1.214502851898424,-0.716214413783959,-1.0013738545989368,2.012763004379299,1.905253782584062,-1.7642337315026926,-0.7886920377147144,-0.21099436057342846,-1.3547061390102655,-1.5917392734242184,-0.24369494921269477,-0.31964994614883774,0.3512941688595763
578751.08_6135290.98,-0.703899525848166,-0.824854318878357,-1.3420415554144143,-0.716214413783959,-1.0013738545989368,1.0108338258934126,1.1586051417939096,-1.2832854650868097,-0.838275058191287,-0.21099436057342846,-1.3547052668067945,-1.3428362836699337,-0.24369494921269477,-0.32289805922167425,-0.7560784573292363
577839.17_6135234.99,-0.703899525848166,-0.824854318878357,-1.3531140473595322,-0.716214413783959,-1.0013738545989368,0.1264716620229062,0.5480931355893093,-0.7626119621804206,-0.2717648017874419,-0.21099436057342846,-1.3547057947629748,-1.3003919654776055,-0.24369494921269477,-0.27167956590578574,0.22115858395575652
578304.6_6135527.09,-0.703899525848166,-0.824854318878357,-1.3149754639930142,-0.716214413783959,-1.0013738545989368,0.5572040235996077,0.797667711751817,-0.9865839971359213,-0.48877543820391084,-0.21099436057342846,-1.3547061390102655,-1.55070533518645,-0.24369494921269477,-0.29896748910530263,0.6642178324524032
578722.61_6135734.86,-0.703899525848166,-0.824854318878357,-1.403965491848223,-0.716214413783959,-1.0013738545989368,2.0883016799031298,1.7143875155445225,-1.5914563922647114,-0.6560199963693712,-0.21099436057342846,-1.3547064921168601,-1.5609015290562651,-0.24369494921269477,-0.31653623691615634,0.661798195695353
577856.58_6135734.86,-0.703899525848166,-0.824854318878357,-1.2596130042674236,-0.716214413783959,-1.0013738545989368,-0.2278370006980323,0.28883680610823514,-0.6146252259377764,-0.4083392068951156,-0.21099436057342846,-1.3547064921168601,-1.2354043223412983,-0.24369494921269477,-0.29767031110692355,0.19962631616340779
578289.6_6135984.86,-0.703899525848166,-0.824854318878357,-1.2977515876339416,-0.716214413783959,-1.0013738545989368,2.652576518916028,2.1776917327729883,-1.915113684236333,-0.7535694063732651,-0.21099436057342846,-1.3547057947629748,-1.8589821481680975,-0.24369494921269477,-0.3160866292946768,0.5847092553910226
578722.61_6136234.86,-0.703899525848166,-0.824854318878357,-1.1267431009260063,-0.716214413783959,-1.0013738545989368,2.2245574717721253,1.8036728139123879,-1.6654318556521872,-0.7106229399844064,-0.21099436057342846,-1.3547064921168601,-1.5886135064921343,-0.24369494921269477,-0.30444894297443476,0.046615514315475406
577856.58_6136234.86,-0.703899525848166,-0.824854318878357,-1.2337771897288148,-0.716214413783959,-1.0013738545989368,2.6132559728971434,2.534290053611367,-2.2045256409061893,-0.6876429273523201,-0.21099436057342846,-1.3547064921168601,-2.131802075454334,-0.24369494921269477,-0.31467184950935473,0.5283296007434374
578289.6_6136484.86,-0.703899525848166,-0.824854318878357,-1.2776570652150236,-0.716214413783959,-1.0013738545989368,4.223401660263338,3.0863558434344136,-2.5471870636954317,-0.8383445354579239,-0.21099436057342846,-1.3547057947629748,-2.270179045382549,-0.24369494921269477,-0.32289805922167425,-0.7560784573292363
578722.61_6136734.86,-0.703899525848166,-0.824854318878357,-0.9024226159637984,-0.716214413783959,-1.0013738545989368,2.3650953574991314,2.068201670452086,-1.875896118688048,-0.774424166264283,-0.21099436057342846,-1.3547064921168601,-1.7206406505754483,-0.24369494921269477,-0.315318375673933,0.044709679027219604
575216.76_6135821.97,-0.703899525848166,-0.824854318878357,-1.5474977948404949,-0.716214413783959,-1.0013738545989368,-0.4200152444272805,0.2142225230658627,-0.6555291120201074,-0.4949788230964336,-0.21099436057342846,-1.8823097482661024,-1.1776621121988824,-0.24369494921269477,-0.32289805922167425,-0.7560784573292363
575702.72_6136105.41,-0.703899525848166,-0.824854318878357,-1.5474977948404949,-0.716214413783959,-1.0013738545989368,2.5804164200468755,2.0988035961921767,-1.910610854262213,-0.6815641992813555,-0.21099436057342846,-1.8536567053817472,-1.6161885390459851,-0.24369494921269477,-0.3062795916895323,-0.7560784573292363
575283.0_6136241.99,-0.703899525848166,-0.824854318878357,-1.5474977948404949,-0.716214413783959,-1.0013738545989368,-0.11527536634126993,0.5634415583129814,-0.9455752699118551,-0.6783991566256071,-0.21099436057342846,-1.8823084587731291,-1.3246431764481823,-0.24369494921269477,-0.3148277803271342,-0.7560784573292363
575046.29_6136513.4,-0.703899525848166,-0.824854318878357,-1.5474977948404949,-0.716214413783959,-1.0013738545989368,3.6273502055285993,2.8162032363782847,-2.3875705617684573,-0.8389500384221392,-0.21099436057342846,-1.8823088271996935,-1.2995402653675696,-0.24369494921269477,-0.29202416073947995,-0.7560784573292363
575691.52_6136484.86,-0.703899525848166,-0.824854318878357,-1.5474977948404949,-0.716214413783959,-1.0013738545989368,0.3714240115248758,0.7262704224111816,-0.970999520419842,-0.5815309862122977,-0.21099436057342846,-1.8531574318734836,-1.2883021580303196,-0.24369494921269477,-0.3099499000840421,-0.7560784573292363
575283.42_6136720.62,-0.703899525848166,-0.824854318878357,-1.5474977948404949,-0.716214413783959,-1.0013738545989368,0.4885497941670633,0.7212774320278873,-0.9788286795905412,-0.5454295452001385,-0.21099436057342846,-1.8823089163351525,-1.196953221702246,-0.24369494921269477,-0.3078053233495194,-0.7560784573292363
575691.52_6136984.86,-0.703899525848166,-0.824854318878357,-1.4888545967607951,-0.716214413783959,-1.0013738545989368,-0.3254041509081973,0.3760819156216748,-0.7789616015913063,-0.7762417197066719,-0.21099436057342846,-1.8504576079556376,-0.9617523646187316,-0.24369494921269477,-0.3186173424618883,-0.7560784573292363
576113.85_6136264.35,-0.703899525848166,-0.824854318878357,-1.5474977948404949,-0.716214413783959,-1.0013738545989368,2.5790887261937767,2.099996826380229,-1.9136622636633815,-0.8389500384221392,-0.21099436057342846,-1.6264689347475156,-1.571389828001209,-0.24369494921269477,-0.32289805922167425,-0.7560784573292363
577025.69_6136247.52,-0.1709307858296511,-0.45556477326976486,-1.1222320856891064,-0.716214413783959,-1.0013738545989368,3.575420225947113,2.7961714647145666,-2.293042040469601,-0.7956306601968662,-0.21099436057342846,-1.3547061390102655,-1.709582831717934,-0.24369494921269477,-0.31635113763396816,-0.7560784573292363
576554.65_6136490.76,-0.47548435155451674,-0.5591937585851943,-1.2415689433198236,-0.716214413783959,-1.0013738545989368,2.011708559143263,1.7868883596260303,-1.691604285392052,-0.8389500384221392,-0.21099436057342846,-1.3715580335645592,-1.6059601730303616,-0.24369494921269477,-0.32289805922167425,-0.7560784573292363
577423.57_6136484.86,-0.5434306375785769,-0.593380640338738,-1.1980991601278785,-0.716214413783959,-1.0013738545989368,3.8276335649434565,3.0473254589402736,-2.54718082976565,-0.8389500384221392,-0.21099436057342846,-1.3547061390102655,-2.170253866720593,-0.24369494921269477,-0.32289805922167425,-0.7560784573292363
576990.56_6136734.86,-0.4769300172146031,-0.5599059852883931,-1.242389127908351,-0.716214413783959,-1.0013738545989368,4.247627402373056,3.1472581920173206,-2.5744575292865375,-0.8389500384221392,-0.21099436057342846,-1.3547064921168601,-2.1302860983881704,-0.24369494921269477,-0.32289805922167425,-0.7560784573292363
576124.53_6136734.86,-0.703899525848166,-0.824854318878357,-1.5474977948404949,-0.716214413783959,-1.0013738545989368,0.5111355537052898,0.8530489120834749,-1.078240805420446,-0.7380590560394366,-0.21099436057342846,-1.6061877733537628,-1.2399726147159589,-0.24369494921269477,-0.32289805922167425,-0.7560784573292363
576557.55_6136984.86,-0.5969202670017733,-0.6225819351698899,-1.3145653716987507,-0.716214413783959,-1.0013738545989368,1.8105917356645955,1.5937675261321462,-1.405372729142162,-0.3125453307284607,-0.21099436057342846,-1.3695711027533017,-1.5498518270829251,-0.24369494921269477,-0.2308247592256695,-0.7560784573292363
577423.57_6136984.86,-0.5680069538000455,-0.6076251744027145,-1.297341495339678,-0.716214413783959,-1.0013738545989368,4.34263067311154,3.155337023327133,-2.5584530339508564,-0.8389500384221392,-0.21099436057342846,-1.3547061390102655,-1.992936393895113,-0.24369494921269477,-0.32289805922167425,-0.7560784573292363
576124.53_6137234.86,-0.703899525848166,-0.824854318878357,-1.4888545967607951,-0.716214413783959,-1.0013738545989368,0.2717968585299201,0.7436854157131128,-1.0218937447477698,-0.7743997273691797,-0.21099436057342846,-1.5990060560159445,-1.0825823340352672,-0.24369494921269477,-0.3210985871711231,-0.7560784573292363
576990.56_6137234.86,-0.703899525848166,-0.824854318878357,-1.1796450068860151,-0.716214413783959,-1.0013738545989368,0.42050057461151347,0.7975432424022081,-0.9711718485737109,-0.41467750615642324,-0.21099436057342846,-1.3547064921168601,-1.5561080970733363,-0.24369494921269477,-0.2868184079927742,-0.7560784573292363
579155.62_6136484.86,-0.703899525848166,-0.824854318878357,-0.9262079690310892,-0.716214413783959,-1.0013738545989368,-0.19537865890937567,0.3801231358126794,-0.7511303484902051,-0.7211140779391396,-0.21099436057342846,-1.3547061390102655,-1.1712676507412714,-0.24369494921269477,-0.3105857940503973,0.18880301717615702
580021.65_6136484.86,-0.5463219688987497,-0.5303485771056418,-0.5755790574356819,-0.716214413783959,0.02703722832683739,-0.5650283643765152,-0.13286775929977873,-0.19572024843230312,0.017714000512078432,-0.21099436057342846,-1.3547061390102655,-0.6362855746676208,-0.24369494921269477,-0.2139671377156831,0.2319342945560406
579588.63_6136734.86,-0.703899525848166,-0.824854318878357,-0.8618234788316986,-0.716214413783959,-1.0013738545989368,-0.569967277465921,0.08294460473448993,-0.47765448897108265,-0.47753535743854936,-0.21099436057342846,-1.3547064921168601,-0.8982537450574465,-0.24369494921269477,-0.29464823831998904,0.2177488453906466
580454.66_6136734.86,-0.703899525848166,-0.824854318878357,-1.5474977948404949,-0.716214413783959,-1.0013738545989368,-0.7384029318782892,-0.12984277633123523,-0.2750975522465743,-0.3245051979765291,-0.21099436057342846,-1.3547064921168601,-0.8509934273817634,-0.7084455575269469,-0.29656600502403735,0.24385201642939158
580021.65_6136984.86,-0.16996700872292686,-0.3512235612511366,-0.12693808751126623,-0.716214413783959,-1.0013738545989368,-0.4233201574869816,-0.11184402230488054,-0.21024587572078582,-0.4174489006058328,-0.21099436057342846,-1.3547061390102655,-0.8789131832593172,-0.7084455575269469,-0.2726502495895895,0.22706453774487287
579155.62_6136984.86,-0.703899525848166,-0.824854318878357,-0.7998995423978897,-0.716214413783959,-1.0013738545989368,0.36217125447541104,0.7614129581000721,-0.9396836630708506,-0.34398049005888726,-0.21099436057342846,-1.3547061390102655,-1.379919355533018,-0.7084455575269469,-0.2985924335087837,0.20120043826139433
579588.63_6137234.86,-0.703899525848166,-0.824854318878357,-0.7912876042183534,-0.716214413783959,-1.0013738545989368,-0.7384029318782892,-0.3380431532844645,-0.058248528008570895,-0.7486338711934329,-0.21099436057342846,-1.3547064921168601,-1.2028328016001462,-0.7084455575269469,-0.32289805922167425,-0.7560784573292363
580454.66_6137234.86,0.15338021058306175,-0.25578518302249365,0.131830150169087,-0.716214413783959,-1.0013738545989368,0.17115930945073124,-0.09537601180070138,-0.06742151820956209,-0.734456491612431,-0.21099436057342846,-1.3547064921168601,-0.8718591051641467,-0.5583609574107831,-0.3188027613456507,0.21827785206056913
580021.65_6137484.86,-0.09720183716524536,-0.3273639666939758,0.11665673528133234,-0.716214413783959,-0.3198318045260484,-0.4509652475888751,-0.8460837425930146,0.6559339995958341,0.1621634272809116,-0.21099436057342846,-1.3547061390102655,-0.7369665074805198,-0.020614657221852548,-0.1385463310027657,0.0723734242262367
579155.62_6137484.86,-0.5241550954440918,-0.5146795896352675,-0.5107844749420277,-0.716214413783959,-1.0013738545989368,2.151093546491093,1.1723526311955323,-0.912320312039778,-0.8387359653882203,-0.21099436057342846,-1.3547061390102655,-1.506638084241863,-0.026811331999376103,-0.32289805922167425,-0.7560784573292363
580887.67_6136484.86,-0.703899525848166,-0.824854318878357,-0.7888270504527717,-0.716214413783959,-0.3840402397697574,-0.7384029318782892,0.007452696280135161,-0.44325507921544455,-0.506402912175788,-0.21099436057342846,-1.3547057947629748,-0.9188384774976915,-0.7084455575269469,-0.2980366469258524,0.23744478804777044
581320.69_6136734.86,-0.703899525848166,-0.824854318878357,-1.011507166237925,-0.716214413783959,-1.0013738545989368,-0.7142465640634849,-0.5942854609508466,0.24423113101996308,-0.709866465397406,-0.21099436057342846,-1.3547064921168601,-0.7830999326665985,-0.6712655088618056,-0.3068542385665803,0.21774884539064687
581753.7_6136984.86,-0.703899525848166,-0.824854318878357,-0.890529939430153,-0.716214413783959,-1.0013738545989368,-0.5597766391417688,-0.8196087154534337,0.5146084958755773,-0.5487451717655774,-0.21099436057342846,-1.3547061390102655,-0.4839914785245333,0.9767057222495514,-0.28874758823229457,-0.1438814653368608
580887.67_6136984.86,-0.703899525848166,-0.824854318878357,-0.994693382173116,-0.716214413783959,-1.0013738545989368,-0.7384029318782892,-0.5537882821308794,0.1690781834843213,-0.7881910779582817,-0.21099436057342846,-1.3547057947629748,-0.7784633622959933,-0.7084455575269469,-0.31170615764685555,0.10763465713756716
581320.69_6137234.86,-0.703899525848166,-0.824854318878357,-0.6116671793308818,-0.716214413783959,-1.0013738545989368,-0.7384029318782892,-0.8460962689766534,0.4705266295089464,-0.7472696354006219,-0.21099436057342846,-1.3547064921168601,-0.6043764727097345,1.0390167297346466,-0.2857086150810154,-0.3231163504059129
581753.7_6137484.86,-0.703899525848166,-0.824854318878357,-0.9024226159637984,-0.716214413783959,-1.0013738545989368,-0.2069470686815557,-1.3325946792407752,1.2056931393865482,-0.5631575870064686,4.061672330470729,-1.3547061390102655,-0.5049177358655631,4.9150368030755205,-0.2960806948448009,-0.1588043110155286
580887.67_6137484.86,-0.43115060464520083,-0.4601942468405572,-0.3393658959398287,-0.716214413783959,-1.0013738545989368,-0.7384029318782892,-0.9474638156545049,0.5942247330814281,-0.580876511784797,-0.21099436057342846,-1.3547057947629748,-0.5303529861854274,1.3645979815775493,-0.30758671486933,-0.010955982253150262
582186.71_6137734.86,-0.703899525848166,-0.824854318878357,-0.8753565245423984,-0.716214413783959,-1.0013738545989368,2.7979540407044268,1.1991109556602895,-0.790443217577895,-0.7786781363358541,-0.21099436057342846,-1.0020906562211056,-1.0963405446629984,1.4479972650511896,-0.3197071170925046,0.6705505169668843
581320.69_6137734.86,-0.703899525848166,-0.824854318878357,-0.6100268101538272,-0.716214413783959,-1.0013738545989368,-0.7384029318782892,-1.66300043683912,1.3736215858483778,-0.796378672361991,4.02616923596509,-1.3547064921168601,-0.41020846340351663,5.27754227756064,-0.29746675863343275,-0.2931004031084526
581753.7_6137984.86,-0.703899525848166,-0.824854318878357,-0.6506259472859269,-0.716214413783959,-0.32341886794748476,3.0502819402807324,1.2534234610419641,-0.8203700860875495,-0.8217928790714192,-0.21099436057342846,-1.3547061390102655,-0.7348607944030121,1.9896899185196912,-0.32289805922167425,-0.7560784573292363
582186.71_6136734.86,-0.703899525848166,-0.824854318878357,-0.8728959707768167,-0.716214413783959,-1.0013738545989368,-0.6808031508236881,-1.074255286116249,0.8197520129640383,-0.22724490093608024,-0.21099436057342846,-1.0346803155536686,-0.3363591163245192,1.7454376543723116,-0.262820139882698,-0.21210240028448327
583052.74_6136734.86,-0.703899525848166,-0.824854318878357,-0.36684207965549226,-0.716214413783959,-1.0013738545989368,2.1252959514865326,0.16031164591835578,0.38934454926992496,-0.7153793481482434,3.4052581368582686,0.529159683832783,-0.3980930913584154,3.920470501283016,-0.31830704516573816,0.5170424963810903
583485.75_6136984.86,-0.3280264542257052,-0.4623309269501537,-0.025645290828148648,-0.716214413783959,-1.0013738545989368,1.3320220457846026,0.21931675621085947,0.09694477106114353,-0.4696884672664812,-0.21099436057342846,0.5291598306441271,-0.36078011102262003,0.9237244687363207,-0.2948378515892515,0.36052492900516386
582619.72_6136984.86,-0.703899525848166,-0.824854318878357,-0.693275545889345,-0.716214413783959,-1.0013738545989368,1.8032628740655767,-0.043967910670630925,0.4520065679266076,-0.7603599474416203,3.96736777021818,0.03833445435619887,-0.8404930604970258,4.233402577547947,-0.31804423400680304,0.47705597202000793
582186.71_6137234.86,-0.703899525848166,-0.824854318878357,-1.0184787352404068,-0.716214413783959,-1.0013738545989368,1.5625490533115258,-0.19755078267307766,0.4835092191574784,-0.6552292760899764,4.119688955300243,-1.0183632990229885,-0.7196425076813859,4.626891425920684,-0.30461624061768766,-0.04441191452796713
583052.74_6137234.86,-0.703899525848166,-0.824854318878357,-0.7793949276847081,-0.716214413783959,-1.0013738545989368,1.3242084165444814,0.6400030581101158,-0.3101132734363359,-0.8244340092192485,-0.21099436057342846,0.529159683832783,-1.011463551236689,0.31400578076441077,-0.32289805922167425,-0.7560784573292363
583485.75_6137484.86,-0.330917785545878,-0.5235824234252529,-0.2831832516257109,-0.716214413783959,-1.0013738545989368,0.45388512573618905,0.16447749742887915,-0.07601673554119484,-0.8387062435301859,-0.21099436057342846,0.529160008915045,-0.8932507457382283,-0.6857244166760272,-0.32289805922167425,-0.7560784573292363
582619.72_6137484.86,-0.703899525848166,-0.824854318878357,-0.9155455693802346,-0.716214413783959,-1.0013738545989368,1.9126257763736347,1.054529874015111,-0.6140141823171301,-0.7902636033645749,-0.21099436057342846,0.058451878703013264,-1.1326446606640992,0.6737571775706278,-0.3195703512621673,-0.5271541200191416
583052.74_6137734.86,-0.703899525848166,-0.824854318878357,-0.4435293386827917,-0.716214413783959,-0.38977954124405534,-0.053746280495104305,0.15499647122305082,-0.02301768935534356,-0.5124592234962106,-0.21099436057342846,0.529159683832783,-0.8707531571859101,-0.6154954358640965,-0.2888645675356878,-0.5983981667484585
582619.72_6137984.86,-0.703899525848166,-0.824854318878357,-0.7269031140189629,-0.716214413783959,-0.09133586458055902,1.0532458541210954,0.32956401868879825,-0.11120710410280282,-0.46924826898384786,-0.21099436057342846,0.07851861263638249,-0.8204396075321345,-0.7084455575269469,-0.2756383876052482,-0.6050046935897169
579588.63_6137734.86,-0.5169267671436599,-0.5100501160644751,-0.49520096776000966,-0.716214413783959,-1.0013738545989368,-0.40250069754004597,-0.7372141372695976,0.42366638086193564,-0.7737215937974621,0.12200977684469459,-1.3547064921168601,-0.9861046090971574,2.1337815571728833,-0.3188636162271934,-0.7560784573292363
580454.66_6137734.86,-0.4306687160918387,0.02625659144424206,0.03463827642860552,-0.716214413783959,-0.23840546485944547,0.367046182134706,-0.45186029119402926,0.35523738252183135,-0.5950472277603465,0.3905739050276531,-1.3547064921168601,-0.7840443801287987,2.818542545202875,-0.2619257695738082,0.2177488453906466
580021.65_6137984.86,0.3205955385997207,0.5258836237382197,0.3668130347821492,-0.716214413783959,0.1389536070756484,-0.5339239344147778,-1.633747500845119,1.4794499512561736,-0.17617376877337548,4.155949305812623,-1.3547061390102655,-0.4943577878380661,4.245795927102994,-0.27968604052533225,-0.3821588466478953
579155.62_6137984.86,-0.5241550954440918,-0.5146795896352675,-0.5107844749420277,-0.716214413783959,-1.0013738545989368,0.08921156325181334,-0.9861108773500522,0.9815450843464802,-0.7482422577031312,4.326324503923174,-1.3547061390102655,-0.7530043047572021,5.0791918344525735,-0.30994143387726797,0.018189468262249625
579588.63_6138234.86,0.10181813537331394,0.1918492999379696,0.30283863687702217,-0.716214413783959,0.2885341517495403,-0.7384029318782892,-1.2531095531869378,0.9599724814228419,-0.816393437301775,2.401740159786355,-1.3547064921168601,-0.6694594306667253,3.962937621088613,-0.32289805922167425,-0.7560784573292363
580454.66_6138234.86,-0.2721273820356982,0.25951083674185815,0.056373168024578174,-0.716214413783959,0.14541032123423367,1.950383351513119,0.3015258938041555,-0.06495429556025173,-0.8287220501018396,2.0599036693313146,-1.3547064921168601,-1.0561311939614342,3.794092445957929,-0.32289805922167425,-0.7560784573292363
580021.65_6138484.86,0.8492272816379761,0.7331415943690787,0.721132777025929,1.0646359258868425,0.8814757353129531,0.3869090101179583,-0.24266064386155928,0.21713123452835792,-0.3721109068073847,-0.21099436057342846,-1.3547061390102655,-0.569988196163573,1.243506997392918,-0.2576020049275075,-0.7560784573292363
579155.62_6138484.86,0.3307151982203253,0.40409285749122015,0.41233327944541254,1.4364801447506894,1.2742591799602228,0.2720897079520877,-0.28794643398202835,0.19027677751849248,-0.7919052598517037,-0.21099436057342846,-1.3547061390102655,-0.5099177756515157,2.2744858697817842,-0.32289805922167425,-0.7560784573292363
580454.66_6138734.86,0.4796187612092232,0.5127074297290415,0.5169068144826394,1.3174232961996641,1.1483532538678103,0.8325440746678561,0.11571728352967164,-0.06564125300933771,-0.32190776999603377,-0.21099436057342846,-1.3547064921168601,-0.8453881316936079,0.24834376821358908,-0.2407375195235704,-0.7200206409605096
579588.63_6138734.86,0.8463359503178036,0.6266637022408538,0.689965762661893,1.034621594319357,0.8495508708621704,-0.3950148153555753,-0.8722502022638648,0.7142816897803044,0.1495432245503965,-0.21099436057342846,-1.3547064921168601,-0.4064091734860179,0.3421466432861915,-0.2839545140186376,-0.7560784573292363
583485.75_6137984.86,-0.703899525848166,-0.6350459024758695,-0.1716381475860025,-0.716214413783959,0.006232260482507051,3.381982321758043,2.2782112854251957,-1.6472662725204166,-0.8164276018231771,-0.21099436057342846,0.5291598306441271,-1.2514502069454096,-0.7084455575269469,-0.31710850018947384,-0.6376559657993587
583052.74_6138234.86,-0.703899525848166,-0.824854318878357,-0.33526497299719243,-0.716214413783959,-0.003094104413227266,0.8840492965899782,0.5722727787007265,-0.41196890952559967,-0.7216108056591933,-0.21099436057342846,0.529159683832783,-0.9360371435630178,-0.7084455575269469,-0.31731867802367547,-0.6491242818248226
582186.71_6138234.86,-0.703899525848166,-0.824854318878357,-0.9233373229712437,-0.716214413783959,-0.3388432406596606,1.2920286618722703,0.6421060102166171,-0.4951879448246905,-0.8336403099352006,-0.21099436057342846,-0.9858089111158802,-0.8975708262086775,-0.6526754845292378,-0.32289805922167425,-0.7560784573292363
582619.72_6138484.86,-0.703899525848166,-0.824854318878357,-0.4792073682837279,0.7684945210876531,0.568325098621568,2.711805672173585,1.6128315426497144,-1.0756240545006723,-0.8364015257467451,-0.21099436057342846,0.09866671802291473,-1.0682295659522154,-0.7084455575269469,-0.32289805922167425,-0.7560784573292363
583485.75_6138484.86,-0.3444106650400176,-0.26824915032847313,0.20441648625375006,0.7564887884606588,0.5554116703043975,1.1013087147570504,1.3988395529877988,-1.1901844318456642,-0.8389500384221392,-0.21099436057342846,0.5291598306441271,-1.0525640714524391,-0.24369494921269477,-0.32289805922167425,-0.7560784573292363
582186.71_6138734.86,-0.703899525848166,-0.824854318878357,-0.633812163221118,-0.716214413783959,0.25445704924589574,2.2485582461645808,1.265536225245732,-0.9274398426439917,-0.7978632561221359,-0.21099436057342846,-0.9686596027232527,-0.8486188364609945,-0.7084455575269469,-0.32289805922167425,-0.7560784573292363
583052.74_6138734.86,-0.703899525848166,-0.824854318878357,-0.3196814658151742,1.343769209464457,1.1763323485550132,0.7745982612460593,1.1907912899810824,-1.0579153616995265,-0.8164822897568077,-0.21099436057342846,0.529159683832783,-0.8545898833178219,-0.7084455575269469,-0.3203333469953296,-0.6108643879172639
582619.72_6138984.86,-0.703899525848166,-0.824854318878357,-0.26103826773547456,1.539195857226084,1.3829472016297413,1.8115141645955366,1.493912274467401,-1.2177657870051115,-0.658051212531204,-0.21099436057342846,0.11881749132594434,-0.5383869840783638,-0.7084455575269469,-0.2885921173493206,-0.6471463206707334
583485.75_6138984.86,-0.27405493624914673,-0.025023731186073456,0.37460478837315814,0.8195188847523782,0.6221310499431117,-0.35694633426911804,0.11529632828365502,-0.24965758223624449,-0.44921111586674145,-0.21099436057342846,0.5291598306441271,-0.30411617996661183,-0.24369494921269477,-0.32289805922167425,-0.7560784573292363
582186.71_6139234.86,-0.703899525848166,-0.824854318878357,-0.4718257069869825,0.8702097558441314,0.6755782949225121,-0.4419387746155078,0.09840248037364464,-0.42133680432808296,-0.4739221728476185,-0.21099436057342846,-0.9481248063808968,-0.41269202689470263,-0.7084455575269469,-0.22856777455372618,-0.6672445609532685
580887.67_6137984.86,-0.703899525848166,-0.5403197509504253,-0.18353082411964783,-0.716214413783959,0.2788490805116623,0.023091777912741043,-1.2313792669969448,1.1025235216006775,-0.8389500384221392,4.130759717705797,-1.3547057947629748,-0.4594192595337068,5.407501897206679,-0.32289805922167425,-0.7560784573292363
581320.69_6138234.86,-0.703899525848166,-0.824854318878357,-0.2663694675609019,0.6364314621907173,0.4284296251855541,-0.3963211224215247,-0.7236928554109721,0.43140336719694405,-0.8389500384221392,-0.21099436057342846,-1.3547064921168601,-0.3487901004891923,1.894157849032874,-0.32289805922167425,-0.7560784573292363
581753.7_6138484.86,-0.703899525848166,-0.824854318878357,-0.6083864409767727,-0.716214413783959,-0.08631397579054824,-0.40728810681422495,-0.518821390576434,0.2458525547628704,-0.6560965792326199,-0.21099436057342846,-1.3547061390102655,-0.4967048477184852,-0.5759055692299182,-0.3173778034741792,1.3411849090550012
580887.67_6138484.86,-0.703899525848166,-0.824854318878357,-0.29753648192493803,-0.716214413783959,0.20316204231935733,-0.37490415660420534,-1.1963637437406902,1.0769184462490453,0.6118867784980794,-0.21099436057342846,-1.3547057947629748,-0.33096359908443623,1.5991051692590523,-0.06941202678187665,-0.3408102408318261
581320.69_6138734.86,-0.5863187188278065,-0.6197330283570947,-0.18148036264832948,1.1390047696596122,0.960032424242407,-0.5282801675953132,-0.6851270617828987,0.4219754526405655,-0.4766061350802286,-0.21099436057342846,-1.3547064921168601,-0.1924481564915439,-0.4645580823381836,-0.2677720973482531,-0.6449525636227873
581753.7_6138984.86,-0.703899525848166,-0.824854318878357,-0.38365586372030125,-0.716214413783959,0.1744655349478674,-0.0423225881871297,-0.07454969322968903,-0.12741036188278418,-0.3117916191877282,-0.21099436057342846,-1.3541985678966806,-0.1996000793437987,-0.7084455575269469,-0.3066515444025936,-0.46588364408514366
580887.67_6138984.86,0.06326705110434365,0.3104350460205743,0.1679182720642866,2.0797873180137936,1.9543664046645368,0.2539955202740737,-0.33946550883966087,0.30290076282541595,-0.05225716601270804,-0.21099436057342846,-1.3547057947629748,-0.10112611469384851,-0.670924407497906,-0.17310363747756602,-0.7329955195032803
581320.69_6139234.86,-0.703899525848166,-0.824854318878357,-0.37176318718665574,0.6997950510554087,0.495507711166412,-0.26344926560427523,-0.08127603801428203,-0.08026851085749423,-0.02176270155882802,-0.21099436057342846,-1.3547064921168601,-0.26800300902007435,-0.7084455575269469,-0.27915362291772994,-0.7097361818055546
581753.7_6139484.86,-0.703899525848166,-0.824854318878357,-0.42630546232371913,-0.716214413783959,-1.0013738545989368,1.6248326051260886,1.3991877879292034,-1.364586245699314,-0.8377313045466067,-0.21099436057342846,-1.3532441207698227,-0.5902033655182064,-0.24369494921269477,-0.32289805922167425,-0.7560784573292363
580887.67_6139484.86,0.02567974394209761,0.2744675975090336,0.12977968869776865,1.072973240211144,0.8900846875244,-0.2761637631333773,0.19499281783188338,-0.546150640878025,-0.793428273656577,-0.21099436057342846,-1.3547057947629748,-0.42385156255232515,-0.7084455575269469,-0.3027312511828292,-0.6553461599259276
579155.62_6138984.86,0.4015528155645584,0.4721105076467083,0.4574434318144124,1.1566798760271308,0.9786851540338756,-0.10552726475086616,-0.40999442107942446,0.2863793535610936,-0.24552947145410184,-0.21099436057342846,-1.3547061390102655,-0.5564684577263944,-0.2769523321929787,-0.15269572260761757,-0.7560784573292363
580021.65_6138984.86,1.143179299188875,1.345300445768471,1.084474549743509,1.0699718070543955,0.8868563304451075,-0.15630904763787612,-0.7810258730194323,0.7577973912998404,0.7509211834046142,-0.21099436057342846,-1.3547061390102655,-0.364164760726345,-0.7084455575269469,-0.10911148079857806,-0.6323317282402503
580454.66_6139234.86,0.17361952982427128,0.41513237139080206,0.4115130948568855,0.8775465924495167,0.6834698344496718,0.7531867193900527,-0.06116480152480562,0.15170814927926396,0.3573707034495794,-0.21099436057342846,-1.3547064921168601,-0.4210497758221084,-0.7084455575269469,-0.17137755648325756,-0.6538214702802233
579588.63_6139234.86,0.8222415226496972,1.1757904904071501,0.9163367090954189,1.367113689572501,1.2010830861629231,-0.6812404367763301,-0.7553416029444411,0.4635585100982078,-0.3320340741696775,-0.21099436057342846,-1.3547064921168601,-0.44033236521277913,-0.7084455575269469,-0.2870731808676538,-0.6535369571557128
580021.65_6139484.86,0.2193989423936735,0.6911202188803478,0.5989252733353663,-0.716214413783959,0.29786051664527446,1.8581235482291991,1.261117305221646,-1.0863550855233537,-0.4277158654085353,-0.21099436057342846,-1.3547061390102655,-0.6959151540885372,-0.7084455575269469,-0.2644108605888354,-0.6357423122675153
579155.62_6139484.86,0.7730888902067599,0.6907641055287485,0.8613843416640921,1.2310487197999005,1.0572418429633295,-0.5549374293893469,-0.4091714661025117,0.12756914089737628,-0.24727198158378733,-0.21099436057342846,-1.3547061390102655,-0.5155001887268739,-0.7084455575269469,-0.2581082389190722,-0.6709642015033062
580454.66_6139734.86,-0.5540321857525438,-0.5994345673159281,-0.13678030257359353,-0.716214413783959,-0.06837865868336697,1.048762335130724,1.0631091378946906,-1.13389083810844,-0.6930513277243187,-0.21099436057342846,-1.3576141091410667,-0.7520039999736655,-0.24369494921269477,-0.31125126196999275,-0.6546961072684444
579588.63_6139734.86,0.788509323914348,0.8933926025888148,0.8351384348312194,1.6082288198313006,1.456123295427041,-0.5499856437347329,-0.3776373703126163,0.1481117743075716,0.5149876682457891,-0.21099436057342846,-1.3591290737537585,-0.34318555480343343,-0.7084455575269469,-0.1696198482071985,-0.6001031615386092
580021.65_6139984.86,-0.013835117433596993,0.11457270264089671,0.6448556102928932,0.7731634171092618,0.5733469874115787,2.719321020829532,2.034016790039426,-1.7082769471440595,-0.5527477308583879,-0.21099436057342846,-1.3812218940963876,-0.8598277889431828,-0.24369494921269477,-0.2913108204391577,-0.6115097002253846
580454.66_6140234.86,0.10422757814012462,-0.078796847277585,0.20605685543080457,-0.716214413783959,0.06470139425191795,0.6494586173284994,0.6354170474212599,-0.6666925542213834,0.02352456528065613,-0.21099436057342846,-1.427288258975877,-0.34098424221411044,-0.24369494921269477,-0.19590947423534003,-0.5863425765657474
583052.74_6139234.86,-0.703899525848166,-0.824854318878357,-0.17450879364584793,1.803655467592928,1.6623794421596256,-0.4234489977111708,-0.1680261840721759,0.07907408728062917,0.02778699288366856,-0.21099436057342846,0.529159683832783,0.0014157407318476855,-0.24369494921269477,-0.2649335438739963,-0.6096136158986584
583485.75_6139484.86,-0.703899525848166,-0.824854318878357,-1.5474977948404949,-0.716214413783959,-1.0013738545989368,0.3441721139002384,0.5836876564345651,-0.5954473907493665,-0.6624486720369568,-0.21099436057342846,0.5291598306441271,-0.3148705476629488,-0.24369494921269477,-0.32289805922167425,-0.7560784573292363
582619.72_6139484.86,-0.703899525848166,-0.824854318878357,-0.13637021027932997,0.955583854524979,0.7659722931427058,-0.428151565383458,-0.019899368739121362,-0.1685058373278938,-0.35083990356850014,-0.21099436057342846,0.13896092785860592,-0.1897357033801048,-0.24369494921269477,-0.19969530406240327,-0.6727419984356126
582186.71_6139734.86,-0.703899525848166,-0.824854318878357,-0.6100268101538272,-0.716214413783959,-0.3237775742896283,-0.5200351499022057,0.10349871925821381,-0.48120249321854364,-0.7083283215092092,-0.21099436057342846,-0.9310375074297952,-0.5665522685182236,-0.24369494921269477,-0.3058220813803234,-0.6680937008105892
583052.74_6139734.86,-0.3824798607556258,-0.299943238620821,0.26346977662771326,-0.716214413783959,0.02022180782610846,0.4660070679059048,0.7457218926172599,-0.6944713473048139,-0.5908943239859175,-0.21099436057342846,0.5260148380276919,-0.32178929199235945,-0.24369494921269477,-0.3188305207005723,-0.6093710290501987
582619.72_6139984.86,-0.703899525848166,-0.824854318878357,-0.17040787070321153,-0.716214413783959,0.06577751327834887,-0.31022557468902956,0.0016411126455541248,-0.12395256469468137,0.03870800401068494,-0.21099436057342846,0.11600150546319422,-0.621968695588132,-0.24369494921269477,-0.21790178900777624,-0.6435386394201231
583485.75_6139984.86,-0.703899525848166,-0.824854318878357,0.2286119316153046,-0.716214413783959,-0.21293731456724804,0.47417054148999216,0.7678626184674361,-0.7713673196012568,-0.7653986434780711,-0.21099436057342846,0.4908849754113162,-0.8106824652444136,-0.24369494921269477,-0.32289805922167425,-0.7560784573292363
583052.74_6140234.86,-0.3988640715699382,-0.0022324766837109483,0.3282643591213677,-0.716214413783959,-0.05403040499762201,0.04492548933983014,0.5881171110747526,-0.637861861943605,-0.6216818254366145,-0.21099436057342846,0.3923304466134047,-0.777916804994045,-0.24369494921269477,-0.3145296328439225,-0.5229357734103828
582186.71_6140234.86,-0.3410374451664827,0.013436510786663181,0.13757144228877788,-0.716214413783959,-0.26423232149378645,1.7636781438903053,1.7593680270778127,-1.6063098847677364,-0.8306471844178658,-0.21099436057342846,-1.0121378924301687,-0.8122985537415713,-0.24369494921269477,-0.32289805922167425,-0.7560784573292363
583485.75_6140484.86,0.2193989423936735,0.4934773087426732,0.7326153612653109,-0.716214413783959,0.3491555235718129,-0.3380364216531704,0.3874466055275583,-0.5545974193145456,-0.8389500384221392,-0.21099436057342846,0.28564282626412696,-0.8025470225828902,-0.24369494921269477,-0.32289805922167425,-0.7560784573292363
581320.69_6139734.86,-0.5000606677759853,-0.49936671551649275,-0.3873466943686739,-0.716214413783959,-1.0013738545989368,0.30530922467416055,0.5491376606383915,-0.7646626388318315,-0.5848423568466118,-0.21099436057342846,-1.3569052672682125,-0.4512720946125055,-0.24369494921269477,-0.3022373741048682,-0.6573443996758079
580887.67_6139984.86,-0.21767397550577763,-0.20521708709537695,-0.17450879364584793,-0.716214413783959,-0.3352561772382243,0.47451437098623933,0.6899870037200133,-0.9021217933595912,-0.8119111421485061,-0.21099436057342846,-1.3783815097069627,-0.40401666584133333,-0.24369494921269477,-0.32289805922167425,-0.7560784573292363
581753.7_6139984.86,-0.703899525848166,-0.824854318878357,-0.630531424867009,-0.716214413783959,-1.0013738545989368,0.4078081458374529,0.8437505074124795,-0.9657082459839861,-0.5065236177002774,-0.21099436057342846,-1.3743953627592858,-0.4862666524609729,-0.24369494921269477,-0.2935228245143649,-0.6196410997326846
581320.69_6140234.86,-0.0981656142719696,-0.1500195175974678,-0.05189119766102125,-0.716214413783959,-0.22441591751584408,-0.5335758665954071,-0.039751202120585916,-0.3466428883271076,-0.45072842275047176,-0.21099436057342846,-1.4240967638661526,-0.21125021656901918,-0.24369494921269477,-0.29693415644323556,-0.5867186935101806
581753.7_6140484.86,-0.703899525848166,-0.824854318878357,-0.6588277931711997,-0.716214413783959,-1.0013738545989368,1.4189988139696972,1.9252956048830665,-1.7821622739726768,-0.8389500384221392,-0.21099436057342846,-1.470134880218026,-0.48931209076337057,-0.24369494921269477,-0.32289805922167425,-0.7560784573292363
580887.67_6140484.86,0.33842541507411933,0.004177563645078491,0.2511670077998044,-0.716214413783959,0.03708100590685882,-0.1498900807415414,-0.26780761825907523,0.12690960962035583,0.739058795362438,-0.21099436057342846,-1.4763176691229092,0.16779816125587801,-0.24369494921269477,0.0050628072431966546,-0.5839318490222186
581320.69_6140734.86,-0.703899525848166,-0.824854318878357,-0.4976615215255914,-0.716214413783959,-1.0013738545989368,-0.2545124225105598,0.5128175648225898,-0.8217152775550587,-0.7443307946297277,-0.21099436057342846,-1.5253382705892875,-0.2739728614286405,-0.24369494921269477,-0.31572617146279075,-0.10626598226462189
582186.71_6140734.86,-0.289957258510097,-0.5631110054527878,-0.17491888594011148,-0.716214413783959,-0.07196572210480327,1.371980113929547,1.848998918465079,-1.6934310249567595,-0.7482753903244941,-0.21099436057342846,-1.1179726489778874,-0.5842595750976779,-0.24369494921269477,-0.3173666375290411,0.36679471159488103
581753.7_6140984.86,-0.703899525848166,-0.824854318878357,-0.12324725686289367,-0.716214413783959,-0.3130163840253195,-0.7384029318782892,-0.02665599528377282,-0.47141839654229883,-0.8289478024205666,-0.21099436057342846,-1.5615850549284598,-0.2456004453745598,-0.24369494921269477,-0.32289805922167425,-0.7560784573292363
580887.67_6140984.86,-0.5236732068907296,-0.5823411264391563,0.42791678662743077,-0.716214413783959,-1.0013738545989368,0.34679376519699356,0.6218470843585687,-0.8153403011947719,-0.5130430481957875,-0.21099436057342846,-1.5674390661559812,-0.33465777755496445,-0.24369494921269477,-0.30863566786102137,0.7746177713297142
579588.63_6140234.86,-0.5651156224798728,-0.6193769150054952,0.20810731690212292,-0.716214413783959,0.07187552109479056,0.9065538870491231,0.8722651157500135,-0.970274041134909,-0.49632868386889273,-0.21099436057342846,-1.430488856388945,-0.7685202471918194,-0.24369494921269477,-0.28936610974241134,-0.5426514029467154
580021.65_6140484.86,-0.08900973175808917,-0.5524276049048054,0.26470005351050424,0.9552503619520067,0.7656135868005619,0.07662845106342893,-0.3001935877517415,0.3137345227150743,1.4230777800834824,-0.21099436057342846,-1.4795679659728498,0.21728148603464667,-0.24369494921269477,0.26769076395483743,-0.5668949079750563
580454.66_6140734.86,-0.11744115640645478,-0.15286842441026302,0.3979800491461853,1.151343994859578,0.9729458525595774,-0.08036497926808753,-0.2847301957015517,0.2385947754084992,1.1626457860258925,-0.21099436057342846,-1.5285303345929706,0.31861219870153823,-0.24369494921269477,0.10240500373844762,-0.5838766285854455
579588.63_6140734.86,-0.5689707309067698,-0.6215135951150916,0.11337599692722333,0.8982231319737843,0.7053509213204329,-0.30365262891389483,0.16770590429108667,-0.5263227757714367,-0.5136411752819676,-0.21099436057342846,-1.5314004046158862,-0.5146046025319093,-0.24369494921269477,-0.2185247224910959,-0.5409685136477914
580021.65_6140984.86,0.18229352378478958,0.9122666102235838,0.7121107465521291,1.7552990445119792,1.6114431415752308,-0.3558774073560955,-0.5757321306491585,0.4516290205758254,1.310954113294988,-0.21099436057342846,-1.5691779452793704,0.14672087168622955,-0.24369494921269477,2.043400083281366,-0.5409617312335767
579588.63_6141234.86,-0.703899525848166,-0.824854318878357,0.1392118114658324,0.6654453160392865,0.4589196642677623,2.6481767828989624,2.1416819057690972,-1.899467309439905,-0.806705012095933,-0.21099436057342846,-1.5801000030780703,-1.1490435463961404,-0.24369494921269477,-0.32189834377743043,-0.1422369284566641
580454.66_6141234.86,0.6078011164035495,1.1344813416216182,0.982361568471864,-0.716214413783959,0.13967101975993565,1.6849789564703075,1.1802147761707633,-1.029927785796503,-0.08367490637043977,-0.21099436057342846,-1.579997602165459,-0.1013571432098225,-0.24369494921269477,-0.19656077431033522,-0.005536120919739579
580021.65_6141484.86,0.6776749566410584,1.5721446507372978,1.2128334378480266,-0.716214413783959,0.35597094407254193,2.064597159318633,1.5247559328667735,-1.313729319761408,-0.2707774509256706,-0.21099436057342846,-1.5800997284396083,-0.34185218943187295,-0.24369494921269477,-0.24107029980098327,0.373266552322113
579588.63_6141734.86,-0.04660353906222176,0.12347553643088206,0.7498392376243836,0.7835016868713958,0.5841081776758876,2.6252873298561465,1.9788137356203652,-1.7229302460328044,-0.5185301933023573,-0.21099436057342846,-1.5801000030780703,-1.2068285643676466,-0.24369494921269477,-0.3153368634364354,2.0953644459550027
580454.66_6141734.86,2.2495954177083233,1.9816750050766236,1.6844395762512057,1.1730210121027622,0.9959030584567695,-0.5395036902162644,-1.0283701565830037,0.9750616385394713,1.9558324515219312,-0.21099436057342846,-1.5801000030780703,1.0867879865564625,-0.24369494921269477,0.44834958375283995,0.012347848075941647
584784.79_6136234.86,0.6198483302376028,1.3766384207092195,1.3026436502917622,-0.716214413783959,0.1934769710814796,-0.5345740110405027,-1.9389378804705633,2.267765919984473,2.1564312683700573,-0.09922464451980996,0.5291608216207005,1.7394430534407634,0.17330146815550715,0.16526373718382042,1.1797997564490341
583918.76_6136234.86,-0.2518880627944888,-0.21269546747896453,0.4640049085226304,-0.716214413783959,-1.0013738545989368,0.6445058273045551,-1.1346409003559035,1.6481161220600382,0.47753219597427493,3.913363488856597,0.5291608216207005,0.7375369817197063,3.597106408305467,-0.11286871957153265,0.8193399024392795
584351.77_6136484.86,0.7186354836768393,0.7559328488714411,0.8408797269509103,-0.716214413783959,-0.1620010139828533,0.050205842678121206,-1.2659114901755566,1.6189853537321348,1.4787911226705162,-0.21099436057342846,0.5291603900459734,1.3100629222002205,-0.15074482754984142,0.5923871644582674,1.1797997564485323
583918.76_6136734.86,-0.4345238245187358,0.06044347319778582,0.35984146577966736,-0.716214413783959,-1.0013738545989368,-0.7147106622130691,-1.2757850715806047,1.372128681676855,0.506694654579825,-0.21099436057342846,0.5291608216207005,0.4518794023027197,0.5485129684459139,-0.05627540188807126,0.8156695513428498
584784.79_6136734.86,0.5470831586799214,0.804008151337362,0.9327404008659641,-0.716214413783959,0.048200902513311286,-0.6325702304316866,-1.7431141263244756,2.036034882322157,2.1780205520556057,-0.21099436057342846,0.5291608216207005,1.9607876958796968,-0.7084455575269469,2.5998019521567546,1.1797997564489746
584351.77_6136984.86,0.31192154463920224,0.04192557891461632,0.49353155370961227,-0.716214413783959,-1.0013738545989368,-0.08701069494985603,-0.5909227699637696,0.7651125399985443,0.24585551191032845,-0.21099436057342846,0.5291603900459734,0.2942435652818561,-0.7084455575269469,-0.26451605668990175,1.1797997564484335
583918.76_6137234.86,0.19000374063858366,0.08964476802893777,0.37542497296168553,-0.716214413783959,-1.0013738545989368,-0.09390815125653812,-0.10645519269573844,0.058125848561363706,-0.815113420505112,-0.21099436057342846,0.5291608216207005,-0.5336940246386928,-0.6866912737335141,-0.32289805922167425,-0.7560784573292363
584784.79_6137234.86,-0.24032273751379774,0.6647678308619911,0.6977575162529019,-0.716214413783959,0.05896209277761994,0.4572094177245989,-0.35960269422598107,0.6970316065093857,1.4035261124846605,-0.21099436057342846,0.5291608216207005,0.8388464443186983,-0.7084455575269469,-0.020696440447782117,1.1797997564490341
584351.77_6137484.86,-0.703899525848166,0.1316661435176686,0.378295619021531,-0.716214413783959,-1.0013738545989368,0.023451066186773183,0.472706448754212,-0.5829081703383369,-0.7754552482610628,-0.21099436057342846,0.5291603900459734,-0.5126866797369809,-0.7084455575269469,-0.32043039626036124,1.1797997564485323
583918.76_6137734.86,-0.703899525848166,-0.824854318878357,-0.17696934741142953,-0.716214413783959,-1.0013738545989368,0.3988904528582231,0.7176899543309383,-0.7486873278989219,-0.7598747719633977,-0.21099436057342846,0.5291608216207005,-0.7747897394467017,-0.7084455575269469,-0.31760128170192087,-0.5962759615074198
586083.83_6136984.86,1.9098639875880226,1.924696868820717,1.6188248091690238,0.9425776441790685,0.934205567608066,-0.6703471257380098,-1.3720646857868406,1.6067460714643298,2.319723975429655,-0.21099436057342846,0.5291598306441271,2.0698582388329156,-0.7084455575269469,0.10462870721871674,1.6688314912941236
585217.8_6136984.86,1.2371475670944903,1.0450968903701652,1.261634420865399,1.6285718667825964,1.5992471259423475,-0.20857783714626266,-1.0426261518053892,1.3379495928688396,1.9656415032711756,-0.21099436057342846,0.5291603900459734,1.8876624344476751,-0.7084455575269469,4.630224068053649,1.1797997564489435
586516.84_6137234.86,2.0992461890593397,1.9898656121634104,1.6938716990192695,1.2197099723188503,1.3377502025196444,-0.6418353864890106,-1.3351239069218026,1.5598290584706516,2.3197239593814465,-0.21099436057342846,0.5291608216207005,2.0039862505769888,-0.24369494921269477,0.37918144394014314,3.0378678689634144
585650.81_6137234.86,1.817823273895856,1.5806913711756836,1.6147238862263877,1.7613019108254764,1.7409361310890796,-0.723686340377527,-0.9160738383513884,0.9811381512974154,1.2782109206144618,-0.21099436057342846,0.529159683832783,1.5476745703201733,-0.7084455575269469,0.41554282411895904,1.1797997564486307
586083.83_6137484.86,1.6862676988279945,1.8050427826833142,1.4810337982964428,0.9092283868818626,0.9718697335331465,-0.7257037602653319,-1.3378211652434537,1.531568750412199,2.2778750971038995,-0.21099436057342846,0.5291598306441271,1.7807149816116126,-0.24369494921269477,0.10703743203710765,1.9905423706417442
585217.8_6137484.86,0.0054404247008881905,0.2823020912442207,0.8068420665270285,-0.716214413783959,0.1615521066306969,1.2985099050920448,0.8019083189165761,-0.5234086050593426,-0.11361767405722985,-0.21099436057342846,0.5291603900459734,0.39903945568755933,-0.24369494921269477,-0.22329156957152535,1.1797997564490326
585650.81_6137734.86,0.25120358691557404,0.7003791660219325,0.8831192332600647,-0.716214413783959,0.16406305102570232,-0.21334552228184273,0.143547746804114,-0.07073122724156179,0.12052625156192336,-0.21099436057342846,0.529159683832783,0.6117498020191482,-0.24369494921269477,-0.1822122390978776,1.1797997564485323
586516.84_6137734.86,0.9003074682943619,1.1843372108455361,1.0520772584966818,1.5088480330856266,1.4704715491127858,-0.7369807793827193,-1.0454489512784948,1.128894373924778,1.5492086763195871,-0.21099436057342846,0.5291608216207005,1.3751580190848882,-0.24369494921269477,-0.16144774969759826,3.032904990124459
585217.8_6137984.86,-0.013353228880234875,0.13451505033046396,0.7088300081980202,-0.716214413783959,-1.0013738545989368,2.651797567743981,1.9197120086199653,-1.4274928075157582,-0.6000508690064487,-0.21099436057342846,0.5291603900459734,-0.6205718577915383,-0.24369494921269477,-0.11808799128539628,0.31026336761800355
586083.83_6137984.86,0.1712100870574606,0.33500686728093393,0.7576309912153926,-0.716214413783959,0.5518246068829612,-0.734392782135865,-0.7507873735137234,0.7290445589685218,0.8349307405197676,-0.21099436057342846,0.5291598306441271,0.9760587438588214,-0.24369494921269477,-0.07733651787087158,1.2280904938341872
587815.88_6137484.86,1.4318305426527904,1.6953598703906947,1.3547253716632437,0.6537730759852642,0.6996116198461351,-0.7254210160253154,-1.281170580763841,1.4588779287150184,2.224163728635096,-0.21099436057342846,0.5291603900459734,1.502114424743651,-0.24369494921269477,0.31310267354696175,-0.48639483138832096
587382.86_6137734.86,0.8415170647841822,1.1042117067356678,1.19068845395779,1.2353841232485376,1.167005983659279,-0.7384029318782892,-1.2799163688188233,1.462953691429118,2.313301040516152,-0.21099436057342846,0.5291608216207005,1.2794995004680592,-0.24369494921269477,0.3319887018763759,-0.48639483138839484
586949.85_6137984.86,2.273207956823068,2.0831673102824566,1.8013158801163411,2.4879822273315955,2.416021467003383,-0.4514768458063369,-0.9854302191461025,1.2371111391104286,2.023015768977533,-0.21099436057342846,0.5291603900459734,1.6365017430350017,-0.24369494921269477,1.0443067607354315,0.47731177325119767
587815.88_6137984.86,2.2481497520482367,2.0667860961088835,1.7824516345802142,1.5965565797772783,1.7215659886133237,-0.7377814493437567,-1.3020671894961213,1.4812200000122082,2.2410894423987417,-0.21099436057342846,0.5291603900459734,1.561359614047451,-0.24369494921269477,0.2845648055203336,-0.4846485492724625
587382.86_6138234.86,1.0106599470142894,1.550065622938134,1.1874077156036809,0.7544878330228266,0.7957449195406266,-0.7127082471779848,-1.2549421172008637,1.4325614605776362,2.246296963008611,-0.21099436057342846,0.5291608216207005,1.319801592206696,-0.24369494921269477,0.47882697523262563,-0.48639483138838124
586949.85_6138484.86,1.828906710623185,2.1305303860451783,1.8558581552534044,1.6035599238096918,1.6175411493916725,-0.3434823981535672,-0.7261078545206201,0.8891388919763105,1.4183735300149853,-0.21099436057342846,0.5291603900459734,1.361939532403938,-0.24369494921269477,1.130694153709327,0.5175210866624878
587815.88_6138484.86,2.2057435593523698,2.061800509186492,1.7767103424605233,0.9742594386114142,0.9212921392908955,-0.7316862407152898,-1.3272392632448229,1.5185038013551149,2.319723975429655,-0.21099436057342846,0.5291603900459734,1.5791152263368111,-0.24369494921269477,0.9402049033026799,-0.4821983784741581
587382.86_6138734.86,1.627959183871177,1.825341243724481,1.5044090590694703,1.4564896991290133,1.517103373591457,-0.7082162795571294,-0.8894744644188678,0.9806737258489392,1.580413197038754,-0.21099436057342846,0.5291608216207005,0.7857053763710056,-0.24369494921269477,0.618260122429082,-0.17146642266958942
587815.88_6138984.86,2.7719626095528715,2.2587311926209677,2.0034913811883133,1.0479612972382395,1.1695169280542843,-0.5964453573703956,-1.1142423872662088,1.2943642931816182,1.87653235749566,-0.21099436057342846,0.5291603900459734,1.781774762775668,-0.24369494921269477,5.099660122446822,0.1265511790810467
586949.85_6138984.86,2.22839232136039,2.1494043936799474,1.8775930468493771,1.3514395386428142,1.4719063744813605,2.9493256320171195,1.6862765393276136,-1.0413790506194576,-0.22369307802820673,-0.21099436057342846,0.5291603900459734,1.058955119845432,-0.24369494921269477,0.270113692626196,0.6966550774056262
584784.79_6137734.86,-0.16659378884939194,-0.289615951424438,0.3364662050066402,-0.716214413783959,-1.0013738545989368,0.3206871183618457,0.6252298654053159,-0.6611916666451617,-0.8389500384221392,-0.21099436057342846,0.5291608216207005,-0.3799836260865524,-0.24369494921269477,-0.32289805922167425,-0.7560784573292363
584351.77_6137984.86,-0.5154811014835734,-0.10586146199914039,0.26798079186461354,-0.716214413783959,-1.0013738545989368,-0.6548763927889909,0.18122834953866984,-0.4271696238497026,-0.8387203052439668,-0.21099436057342846,0.5291603900459734,-0.5686319696078543,-0.24369494921269477,-0.32289805922167425,-0.7560784573292363
583918.76_6138234.86,-0.35019332768036315,-0.2718102838444673,0.19375408660289567,0.7398141598120558,0.5378350595393597,0.29678220137085015,0.5666457755471646,-0.5972961989840203,-0.5548080743312611,-0.21099436057342846,0.5291608216207005,-0.8347564866116234,-0.24369494921269477,-0.29805691912695736,-0.6240417016853009
584784.79_6138234.86,-0.2928485898302698,-0.24901902934210474,0.58580231991893,-0.716214413783959,0.02667852198469371,1.0478580442460819,0.9503203693456623,-0.7796171947028672,-0.4325029687836317,-0.21099436057342846,0.5291608216207005,-0.440338068934707,-0.24369494921269477,-0.32289805922167425,-0.7560784573292363
584351.77_6138484.86,-0.16659378884939194,-0.2394039688489206,0.49927284582930287,0.7454835335525808,0.5439330673558015,0.6911715666541276,0.9539777910966168,-0.7664763642517649,-0.2635906517238011,-0.21099436057342846,0.5291603900459734,-0.40457577873895567,-0.24369494921269477,-0.29533281237736037,-0.46451858935585494
583918.76_6138734.86,0.49359352925672506,0.8011592445245665,0.8191448353549377,1.58388386200434,1.4302964387927002,1.0765170305962652,0.7858778594136536,-0.5773882702473169,-0.09594968896568166,-0.21099436057342846,0.5291608216207005,-0.40753189929564215,-0.24369494921269477,-0.21988797654757103,-0.13602129724671422
584784.79_6138734.86,0.9316302242629003,1.525849915029374,1.159521439593754,0.7831681942984238,0.7164708179268854,0.33003097701386885,0.07986100831574924,0.10979274754006116,0.7889866212471481,-0.21099436057342846,0.5291608216207005,0.013366936326435166,-0.24369494921269477,-0.288633071021504,0.7425096338220779
584351.77_6138984.86,1.3465362687076934,1.050794703995756,1.24933165203749,1.4561562065560412,1.3962193362890556,0.8916232884461976,0.1254297878346598,0.23311243503659526,1.113611082089436,-0.21099436057342846,0.5291603900459734,0.6723361067192728,-0.24369494921269477,0.7613208791234828,0.8535446871488949
584784.79_6139234.86,1.918537981548541,1.9417903096974891,1.6385092392936784,1.7449607747498452,1.782904773119884,0.07083300911655017,-0.3689122628775985,0.5652698752151668,1.1145085604369305,-0.21099436057342846,0.5291608216207005,0.9539176082973159,-0.24369494921269477,0.08278630353863539,0.8611230245345944
583918.76_6139234.86,0.8506729472980626,0.6658361709167894,0.7108804696693383,1.7969856161334865,1.6552053153167532,-0.2765291270856319,-0.3689860320690138,0.4296371025111482,0.7784324600423193,-0.21099436057342846,0.5291608216207005,0.3644122339334606,-0.24369494921269477,-0.1829141347303165,0.4349045282646092
585650.81_6138234.86,-0.703899525848166,1.6198638398516194,1.2677858052793536,-0.716214413783959,-1.0013738545989368,0.15398693601151833,-0.26008717241162554,0.48402372138298083,1.2831312943930604,-0.21099436057342846,0.529159683832783,0.24602102230939027,-0.24369494921269477,0.22711792700797784,-0.0634964556822027
586516.84_6138234.86,1.6804850361876487,1.2188802059506791,1.3022335579974984,1.5972235649232227,1.4690367237442117,-0.5456995950518463,-0.9096795620244424,1.01648999209407,1.3176077724061468,-0.21099436057342846,0.5291608216207005,1.7363506176336994,-0.24369494921269477,2.438164880830563,0.5175210866625527
586083.83_6138484.86,0.6015365652098419,0.9236622374747651,0.9696487073496914,1.2203769574647947,1.3542506942582513,-0.016010319919156656,-0.1819994770618299,0.2577405806157386,0.42420887231379567,-0.21099436057342846,0.5291598306441271,0.8084365415955878,-0.24369494921269477,-0.32289805922167425,-0.7560784573292363
585217.8_6138484.86,1.0188520524214457,1.2872539694577667,1.312075773059826,-0.716214413783959,0.24620680337659248,0.634995724084505,0.583374089780394,-0.24995404808446509,0.4499513889298329,-0.21099436057342846,0.5291603900459734,-0.15184447119664432,-0.24369494921269477,-0.32289805922167425,-0.7560784573292363
586516.84_6138734.86,1.7705981956663672,1.6433673210571806,1.2948518967007532,1.2007008956594432,1.3467178610732349,2.2109656636753714,1.0294592211195612,-0.4536326387769861,0.47315288380130216,-0.21099436057342846,0.5291608216207005,1.092824894734846,-0.24369494921269477,-0.24477144866854408,0.5175210866624883
585650.81_6138734.86,2.0963548577391666,2.0347358944649363,1.745543328096487,1.3651127341346685,1.1989308481100616,-0.15609577818748127,-0.06469846814428411,0.07984454114920962,0.18743302881691495,-0.21099436057342846,0.529159683832783,0.24795241736958998,-0.24369494921269477,-0.32289805922167425,-0.7560784573292363
585217.8_6138984.86,2.2785087309100516,1.963869337496653,1.663934961538024,1.0139450547950895,1.0199363833803925,-0.5989716445822126,-0.6098463009146009,0.7362486752207116,1.2534369225863276,-0.21099436057342846,0.5291603900459734,1.038303831636968,-0.24369494921269477,-0.20102307817080742,0.07573922877846548
586083.83_6138984.86,0.22277216226720842,0.390204436778843,0.8900908022625462,-0.716214413783959,0.4356037520284267,-0.27487732660266656,-0.30771522743176,0.3124166964405984,0.23658738288015038,-0.21099436057342846,0.5291598306441271,1.102610481557899,-0.24369494921269477,-0.32289805922167425,-0.7560784573292363
585650.81_6139234.86,3.828262318522659,2.736279197115781,2.553425147795846,1.8683530267495074,1.7308923535090581,-0.7333842676202078,-1.180425394871498,1.3332736396030662,1.8319142836692923,-0.21099436057342846,0.529159683832783,1.8113548572917704,-0.24369494921269477,1.847662162496416,0.8017261034228008
586516.84_6139234.86,2.3421180199538525,2.0721277963828744,1.7886030189941684,1.1296669776163943,1.2025179115314977,-0.1047756525552755,-0.8996543795313985,1.1916784832796707,1.951447884036538,-0.21099436057342846,0.5291608216207005,1.9516204165878537,-0.24369494921269477,0.6928325497540807,0.7715978321378032
587382.86_6139234.86,3.5208174214776204,2.564988674996463,2.356170754255038,1.8693535044684237,2.000998229143208,-0.48761271181423366,-0.6532834171836841,0.8597570236970102,1.1781682256305457,-0.21099436057342846,0.5291608216207005,1.9898230016180196,-0.24369494921269477,1.9000140526887672,1.3849837739781026
586949.85_6139484.86,2.5180073419310296,2.170415081424313,1.9017884922109316,2.0160902365761304,1.9676385393238507,-0.7122379219176519,-1.4164906151343652,1.6261863502265923,2.1364658169619797,-0.21099436057342846,0.5291603900459734,2.7405230484482166,-0.24369494921269477,3.1659436775971934,0.9850858752703294
587815.88_6139484.86,3.773327023439376,2.647606972567528,2.4513121665242017,2.00475148909508,1.9938241023003354,-0.7311808029490252,-1.124270983625034,1.2742826919905332,1.5938266660551714,-0.21099436057342846,0.5291603900459734,2.4408215352683182,-0.24369494921269477,3.1965979927246866,0.99544268870462
587382.86_6139734.86,3.7304389421901463,2.5995316701016065,2.3959497067986106,1.8563472941225134,1.8420913195735817,-0.7341948447196444,-1.5138748256741497,1.7482026864231075,2.319723975429655,-0.21099436057342846,0.5291608216207005,2.9125220424742153,-0.24369494921269477,2.4592846374717046,1.111316366567123
587815.88_6139984.86,3.2832463646700907,2.38479531908716,2.1486640533576393,2.052107434457113,1.925311190950903,-0.7308142576434582,-1.3346858674377742,1.509697660319724,1.9025034634476632,-0.21099436057342846,0.5101754962522018,2.6801936334578085,-0.24369494921269477,1.2747997084167506,1.4227424757915175
586949.85_6139984.86,3.0360375367953187,2.363072404639596,2.1236484234075577,1.8293343957117765,1.7933072570420487,-0.7056298665341879,-1.4472430411832151,1.6653952537967427,2.1598102417021865,-0.21099436057342846,0.5073415019530955,2.9330543303024443,-0.24369494921269477,3.1102617296467447,0.755475662425319
587382.86_6140234.86,2.2722441797163433,2.0187107936429625,1.7270891748546233,2.6033706575799282,2.508208996934294,-0.7368079424752989,-1.1585577876695208,1.2662862478629464,1.3930922408234525,-0.21099436057342846,0.42773271767903004,2.6595396693148707,-0.24369494921269477,2.2321674676507457,2.0785985766362014
586949.85_6140484.86,2.1604460353363297,2.0824550835792577,1.800495695527814,1.764970329128169,1.756719210143399,-0.4814902708839536,-0.9410912610088512,1.0624790545411291,1.4581341291115653,-0.21099436057342846,0.3153222139449426,1.888793882507389,-0.24369494921269477,-0.07286927572087866,0.6969377866506795
587815.88_6140484.86,3.3945626204967425,2.266565686356155,2.012513411662113,2.5113267074396397,2.410640871871228,-0.62584931660385,-1.1471834713406386,1.2681752571766585,1.4686723685139778,-0.21099436057342846,0.3274313187581383,2.755884924914362,-0.24369494921269477,0.20399408886445777,1.5592658155817813
587383.85_6140729.49,-0.703899525848166,2.344198397004827,2.1019135318115847,-0.716214413783959,-1.0013738545989368,-0.5377186009041942,-1.2702971672538004,1.4802760008083158,2.117550407341488,-0.21099436057342846,0.20872902366477566,2.5031708085645494,-0.24369494921269477,7.23782336209997,1.6479240678602378
585217.8_6139484.86,3.3786602982357925,2.4902048711605866,2.270051372459675,1.598224042642139,1.445362105162732,-0.5036242901552369,-1.117501310908032,1.3196472356133548,1.9325707217752415,-0.21099436057342846,0.5291603900459734,1.9312260180891083,-0.24369494921269477,0.30819471030959295,0.861123024534593
586083.83_6139484.86,2.034673122908814,2.1793179152142983,1.9120407995675226,1.211039165421577,1.0601114937004785,-0.618271810956022,-1.2340015813058485,1.4186364228546546,1.8422746971694786,-0.21099436057342846,0.5291598306441271,2.5166649998301502,-0.24369494921269477,3.318578455814807,1.077038657377139
586516.84_6139734.86,3.122777476400502,2.3616479512331985,2.1220080542305033,1.7049416659931977,1.5583546029379742,-0.7334636620151685,-1.4328497775316327,1.6368137262158782,2.09517454482004,-0.21099436057342846,0.5291608216207005,2.8702939075443337,-0.24369494921269477,4.453277532197458,0.749559013662971
585650.81_6139734.86,2.7950932601142537,2.297903661296903,2.0486015335573127,1.4985097633234927,1.34026114691465,-0.7047182885677571,-1.0426581563228738,1.122767993855394,1.2776423053096604,-0.21099436057342846,0.5285976166013369,2.1380297899920992,-0.24369494921269477,0.633396445716708,0.8611230245341752
585217.8_6139984.86,1.907454544821212,1.0721615050917208,1.0537176276737363,1.5875522803070328,1.433883502214136,-0.6970254079532329,-0.9889071725396278,1.0721606986456427,1.4591965556111919,-0.21099436057342846,0.4995525197396448,1.4037861105590907,-0.24369494921269477,4.876310024788131,0.8611230245345189
586083.83_6139984.86,2.849546666644174,2.206738643287453,1.943617906225822,2.041769164694979,2.114708139602737,-0.4258169721983614,-1.1196907945635097,1.3547144260663573,1.9823989979687506,-0.21099436057342846,0.5043266917649416,2.1759260777472678,-0.24369494921269477,0.5140042696566572,0.9260192380140286
586516.84_6140234.86,2.548848209346206,2.1707711947759125,1.9021985845051954,1.4861705381235266,1.6089321971802253,-0.7134201935298993,-1.1908214000691282,1.313139280566594,1.7002465434901908,-0.21099436057342846,0.4213315228528944,2.1563407373892307,-0.24369494921269477,1.6251276506359527,0.3924298463504995
585650.81_6140234.86,1.22799168458061,1.248081500781831,1.2735270973990445,0.46668374254793854,0.6895678422661135,-0.19514172186049686,-0.7093139780446659,0.8868058199299262,1.416889014878943,-0.21099436057342846,0.4142795133377164,1.5059375480706352,-0.24369494921269477,-0.2729200611317831,2.7916745550277287
586083.83_6140484.86,2.265979628522636,2.065005529350887,1.7804011731088962,1.1036545569245737,1.0565244302790422,0.6490828737308013,-0.07101549205775887,0.41663209414713703,1.3341198329091475,-0.21099436057342846,0.3077068829738189,1.1142356853701179,-0.24369494921269477,0.09743593001394411,0.34341192369017176
585217.8_6140484.86,2.4013903120173943,2.1568827740635355,1.8862049850289138,1.327428073388826,1.159114444132119,-0.27474523464277883,-0.8847869160022332,1.096601782410584,1.9150484738600102,-0.21099436057342846,0.3001691152202138,1.377273581400216,-0.24369494921269477,0.7743836690382837,4.2219869693121295
584351.77_6139484.86,2.1238225052808075,2.035092007816536,1.7459534203907507,1.593221654047558,1.5841814595723152,-0.3605412731967032,-0.9344887509704713,1.1486930498294912,1.9355387514267306,-0.21099436057342846,0.5291603900459734,1.234344680260731,-0.24369494921269477,2.5554144373959873,0.8611230245341752
583918.76_6139734.86,0.49118408648991435,0.7669723627710231,0.8831192332600647,0.6701142120608953,0.5848255903601748,0.9124517775902999,0.7440067218066213,-0.5106275638073228,-0.0653906968619329,-0.21099436057342846,0.5269000370278222,-0.22556992899089384,-0.24369494921269477,-0.32289805922167425,-0.7560784573292363
584784.79_6139734.86,2.2674252941827224,1.9567470704646646,1.6557331156527513,1.5525355601449666,1.3972954553154866,-0.736211696564936,-1.3098936466642297,1.4952960530940287,2.319723975429655,-0.21099436057342846,0.5273904236204401,1.4356952125169788,-0.24369494921269477,0.2831109493945191,0.8611230245345444
584351.77_6139984.86,0.8776587062863419,0.9895432075206567,0.9306899393946461,0.9579183025357834,0.7684832375377112,0.44452530902004367,0.21192333544735636,-0.05558126451121792,0.44599750333081634,-0.21099436057342846,0.49516379710182146,-0.10914127919327582,-0.24369494921269477,-0.19921954687450494,0.8611230245340923
583918.76_6140234.86,0.14326055096245702,0.2862193381118142,0.800690682113074,-0.716214413783959,0.21284711355723535,0.14723957958121608,0.6357954155007932,-0.7270186313499766,-0.7961806891413264,-0.21099436057342846,0.3995064750116336,-1.033030009036025,-0.24369494921269477,-0.32289805922167425,-0.7560784573292363
584784.79_6140234.86,1.6453071717922139,1.975264964747834,1.67705791495446,1.9790725609762312,1.84783062104788,0.6720243423082236,-0.006357822083734708,0.3007388589830372,1.0287175110455766,-0.21099436057342846,0.40685544717338445,0.9140154900589219,-0.24369494921269477,4.285466419875727,0.8611230245345941
584351.77_6140484.86,-0.5795722790807366,1.7245611652218469,1.388352939792862,-0.716214413783959,-0.11106471339845844,1.0442617872791196,1.0330289058825841,-0.9078330927030359,-0.7177901135055182,-0.21099436057342846,0.29302910369469626,-0.20216746532504218,-0.24369494921269477,-0.3044692804669404,4.2219869693121295
583918.76_6140734.86,0.8853689231401358,1.1846933241971354,1.179615962012672,0.8598714860819975,0.8025603400413555,0.9922863031351375,0.9552969168965214,-0.7682290955900379,-0.39839129059155054,-0.21099436057342846,0.17897473182363352,-0.2294761636945539,-0.24369494921269477,-0.2985888841832501,3.017741069317674
584784.79_6140734.86,2.833644344383224,2.265853459652956,2.011693227073586,2.056776330478722,1.930333079740914,-0.6237815075600444,-1.2882105536685517,1.46441598499673,2.1729384754694583,-0.21099436057342846,0.18632541066726077,2.0919582261147935,-0.24369494921269477,1.901496266412812,4.2219869693121295
584351.77_6140984.86,2.941105491782979,2.3459789637628243,2.1039639932829037,2.140816458867681,2.0192922525925328,-0.5766556250473936,-1.2585907636334897,1.43800397828286,2.2595918717243735,-0.21099436057342846,0.08383843813171397,1.8641192481099524,-0.24369494921269477,6.810790689757063,1.6784101228010424
585650.81_6140734.86,1.5710963345744458,1.785812661696946,1.4588888144062069,1.6976048293878125,1.707217734927579,-0.4659683338029267,-1.1486644236904437,1.3526549036832158,2.2534137455650765,-0.21099436057342846,0.19375232130138798,1.5434850013778558,-0.24369494921269477,0.03780881348682605,1.7182749600267337
586516.84_6140734.86,0.964398645891525,1.7676508807653757,1.4379741073987613,0.6641113457473983,0.5575639083572593,1.6222008502073522,0.6325745744950431,-0.17986489669752573,0.8522316494292285,-0.21099436057342846,0.2011513561315262,0.7166061370624321,-0.24369494921269477,-0.16255685556575952,0.38837275046069103
585217.8_6140984.86,2.7642523926990776,2.302533134867695,2.0539327333827395,1.9183769126953165,1.7839808921463147,-0.7228995435669342,-1.3950281552283434,1.5688722603260226,2.319723975429655,-0.21099436057342846,0.08822982868603471,2.2245071774209713,-0.24369494921269477,0.20729489268880513,4.2219869693121295
586083.83_6140984.86,0.7162260409100286,1.7591041603269901,1.4281318923364343,-0.716214413783959,0.05967950546190718,1.370892462547822,1.1961237084207892,-0.8299492086612936,-0.02809963083517572,-0.21099436057342846,0.09350421353909254,0.3819688455869611,-0.24369494921269477,-0.25230070037376523,1.484183731293903
585650.81_6141234.86,1.6795212590809248,1.8381613243820598,1.519172381662961,0.8692092781252152,0.8409419186507233,-0.0777222380353084,-0.6048357483898281,0.7555709770452235,1.3669519343452758,-0.21099436057342846,0.04371564193096494,1.3406082420226921,-0.24369494921269477,-0.08698220868705919,1.4841837312941304
586516.84_6141234.86,-0.703899525848166,2.2854396939909236,2.0342483032580856,-0.716214413783959,-1.0013738545989368,0.27491836420510335,-0.2763475560546835,0.4993954465329308,1.2220271529833628,-0.21099436057342846,0.04595537744736138,1.2791190455487016,-0.24369494921269477,-0.32289805922167425,-0.7560784573292363
586083.83_6141484.86,-0.703899525848166,-0.824854318878357,-1.5474977948404949,-0.716214413783959,-1.0013738545989368,0.5631874355127898,0.1320873764096511,0.07408178868049844,0.6489825267512985,-0.21099436057342846,0.03818621286696131,1.0005081553143884,-0.24369494921269477,-0.28266356604427606,1.18123715433442
585217.8_6141484.86,2.4081367517644643,2.017998566939764,1.7262689902660961,1.2704008434106038,1.2785636560659464,-0.299298367581936,-1.0700040413907412,1.294264880190819,2.1931409256097774,-0.21099436057342846,0.03818638499060656,1.8019236049342413,-0.24369494921269477,0.08291459501633859,1.4841837312945958
585650.81_6141734.86,1.638560732045144,1.4816918594310464,1.3411923259525438,0.9369082704385435,0.7462434443248063,0.8493775123851764,0.544534867046604,-0.2767713693163474,0.4076222850995582,-0.21099436057342846,0.03818599264994449,0.8981176059277097,-0.24369494921269477,-0.17562452103682388,1.2471197255671045
586516.84_6141734.86,2.401872200570757,1.740230152692221,1.680338653308569,1.6755943195716567,1.5271471511714785,0.5596903384819724,-0.027435765391776765,0.3410699621976151,1.2005239490754798,-0.21099436057342846,0.03818599264994449,1.4137783647091664,-0.24369494921269477,-0.3044988074128248,1.0856828521219102
586938.04_6140982.54,1.3002749675849294,1.8808949265739896,1.5683834569745974,0.8228538104820988,0.7774508960913018,2.4506208319156983,1.511581846086674,-1.0102404796048703,-0.19086846351209924,-0.21099436057342846,0.10260678603646672,0.712492802738703,-0.24369494921269477,-0.31540284841943206,0.5374255831141516
587816.01_6140984.78,3.340109213966822,2.3741119185391777,2.1363612845297304,1.3487715980590378,1.2226054666915407,-0.6611280523640904,-1.3558190325563018,1.545716855825235,2.22652090511481,-0.21099436057342846,0.1034345944722133,2.441314536843585,-0.24369494921269477,2.818689443468183,0.7173964765579421
587485.17_6141250.65,2.5965551761290566,2.0717716830312756,1.7881929266999053,-0.716214413783959,0.6927961993454059,-0.7329992239141644,-1.18738985291541,1.2685914047076026,1.8106050311500368,-0.21099436057342846,0.05159692379400055,1.78695665540154,-0.24369494921269477,9.082902942121828,0.331595353643826
586945.04_6141487.98,1.8313161533899958,1.649065134682771,1.6069321326353787,1.249724303886336,1.1777671739235875,1.7065516926786246,1.208350159989821,-0.8841180584914807,-0.256529423005288,-0.21099436057342846,0.03818648027333808,0.3769129405431397,-0.24369494921269477,-0.32289805922167425,-0.7560784573292363
587815.88_6141484.86,1.251604223695354,1.9350241560171004,1.6307174857026696,-0.716214413783959,0.04246160103901327,-0.7095315727838706,-1.311428530911225,1.44947949446378,2.2154774399540864,-0.21099436057342846,0.03818638499060656,1.8058695064313133,-0.24369494921269477,1.996049952137677,0.31909120891086223
587392.61_6141742.69,0.8935610285472921,1.2975812566541496,1.18617743872089,-0.716214413783959,0.049994434224029306,-0.1513190447784624,-0.8441613060329102,1.0468060610123393,1.795191138729738,-0.21099436057342846,0.03818547547361819,1.7358745339868842,-0.24369494921269477,-0.30192435588688415,0.3883727504606913
586948.81_6141984.82,1.806257948615165,1.4674473253670701,1.3161766960024621,0.9592522728276716,0.7695593565641419,0.0562117897910956,-0.4126818664384973,0.5902237170059965,1.2448589265700016,-0.21099436057342846,0.03818509867372365,1.286513537926031,-0.24369494921269477,9.227455268043096,1.034485930838765
587815.88_6141984.86,1.1190848715207686,1.420796476307547,1.316586788296726,0.828189691649652,0.6310987084967025,-0.5354072802035411,-1.0707353572659255,1.2032025031331994,2.018647755539987,-0.21099436057342846,0.03818638499060656,1.258046533772097,-0.24369494921269477,0.06045551342180095,0.3190912089108065
587406.36_6142235.3,-0.3207981259252733,0.5703977926881465,0.6883253934848385,-0.716214413783959,-0.10424929289772951,-0.7384029318782892,-1.1347116247356457,1.199737360695491,1.80176393874711,-0.21099436057342846,0.0381852049506175,1.4067482126163728,-0.24369494921269477,-0.3209967833358272,0.3883727504607492
587815.88_6142484.86,-0.703899525848166,-0.824854318878357,0.009212554184260311,-0.716214413783959,-1.0013738545989368,-0.26826092146105407,-0.39725491676527874,0.42476040979553914,0.6549862198044095,-0.21099436057342846,0.03818638499060656,1.026264015388843,-0.24369494921269477,-0.10867660082454944,0.3190912089108625
577856.58_6136734.86,-0.703899525848166,-0.824854318878357,-1.2263955284320693,-0.716214413783959,-1.0013738545989368,3.588269841252138,2.719998105929928,-2.3245431650508843,-0.8350481013544323,-0.21099436057342846,-1.3547064921168601,-2.3006041148207865,-0.24369494921269477,-0.32289805922167425,-0.7560784573292363
578289.6_6136984.86,-0.703899525848166,-0.824854318878357,-1.0582576877839793,-0.716214413783959,-1.0013738545989368,0.760608941071303,1.0425585856722919,-1.2170247677122978,-0.7150806170690168,-0.21099436057342846,-1.3547057947629748,-1.6814324141838162,-0.7084455575269469,-0.2986140137299825,0.09674945025939531
578722.61_6137234.86,-0.703899525848166,-0.824854318878357,-0.9549144296295435,-0.716214413783959,-1.0013738545989368,1.5545439543992778,1.0906378712208862,-0.9915153094447245,-0.6690396543043803,-0.21099436057342846,-1.3547064921168601,-1.4303609452784551,-0.7084455575269469,-0.31312963000506217,0.16445631439955669
577856.58_6137234.86,-0.703899525848166,-0.824854318878357,-1.310874541050378,-0.716214413783959,-1.0013738545989368,3.0109500226754857,2.417598163980414,-2.017308951321338,-0.7345675125245624,-0.21099436057342846,-1.3547064921168601,-1.7118185668310388,-0.7084455575269469,-0.2958395726924994,-0.7560784573292363
578289.6_6137484.86,-0.703899525848166,-0.824854318878357,-1.0188888275346704,-0.716214413783959,-1.0013738545989368,1.829053787676073,0.977327411852155,-0.7215605889327444,-0.4763097756772928,-0.21099436057342846,-1.3547057947629748,-1.0218703067112036,-0.34036307574205876,-0.31334268025263007,0.16733603370408462
577856.58_6137734.86,-0.703899525848166,-0.824854318878357,-1.2809378035691326,-0.716214413783959,-1.0013738545989368,0.13719677004259762,-0.12710736506576556,0.02125815826265187,-0.4817222484958822,-0.21099436057342846,-1.3547064921168601,-1.0483678358221518,-0.1831494571203792,-0.28522390991646207,-0.7560784573292363
578722.61_6137734.86,-0.703899525848166,-0.824854318878357,-0.9245675998540347,-0.716214413783959,-1.0013738545989368,0.5787870077890969,-0.12912057803614205,0.04272725401744243,-0.6184702022807443,-0.21099436057342846,-1.3547064921168601,-1.0016035197313233,1.4201122285523335,-0.31446914559267203,0.1673922390047592
578289.6_6137984.86,-0.703899525848166,-0.824854318878357,-1.0352925193052156,-0.716214413783959,-1.0013738545989368,0.039128985441368724,-0.5988571771312821,0.4193715162518611,-0.783732127613406,0.6027577650971895,-1.3547057947629748,-0.7602876375531546,3.071810307898899,-0.3185912842594714,-0.7560784573292363
577856.58_6138234.86,-0.5733077278870289,-0.6104740812155098,-0.22700060731159286,1.6469139582960595,1.4966571120892707,0.5409934878657934,-0.5211134831420645,0.5870907277222882,-0.8389500384221392,3.6883364045779596,-1.3547064921168601,-0.6382509698364589,3.981698196103134,-0.32289805922167425,-0.7560784573292363
578722.61_6138234.86,-0.703899525848166,-0.824854318878357,-0.6157681022735182,-0.716214413783959,-1.0013738545989368,0.44406950330731215,-0.8600999723335061,0.8626486174240112,-0.8389500384221392,4.056602230306697,-1.3547064921168601,-0.601223907080912,5.333312350558346,-0.32289805922167425,-0.7560784573292363
576557.55_6137484.86,-0.703899525848166,-0.824854318878357,-1.3531140473595322,-0.716214413783959,-1.0013738545989368,2.1129482241525466,1.8111175588767663,-1.667908160347386,-0.7437993815404211,-0.21099436057342846,-1.367584171942043,-1.2411514240381172,-0.7084455575269469,-0.3158199152093937,-0.7560784573292363
577423.57_6137484.86,-0.703899525848166,-0.824854318878357,-1.2665845732699053,-0.716214413783959,-1.0013738545989368,1.015081953313099,0.9119632675313912,-0.9013607034586245,-0.598825033662456,-0.21099436057342846,-1.3547061390102655,-1.0399472603051099,-0.7084455575269469,-0.2897124834745889,-0.7560784573292363
576124.53_6137734.86,-0.703899525848166,-0.824854318878357,-1.3584452471849595,-0.716214413783959,-1.0013738545989368,0.23151782049180686,0.6095664784899318,-0.8721305990624629,-0.7532217279653856,-0.21099436057342846,-1.5918448188606482,-0.9969917827734003,-0.7084455575269469,-0.3187170144221022,-0.7560784573292363
576990.56_6137734.86,-0.703899525848166,-0.824854318878357,-1.1402761466367062,-0.716214413783959,-1.0013738545989368,0.4811152744860366,0.45594588584563317,-0.5869749854675409,-0.7316161512074748,-0.21099436057342846,-1.3547064921168601,-0.9397550443315679,-0.7084455575269469,-0.3072468553408748,-0.7560784573292363
577423.57_6137984.86,-0.703899525848166,-0.824854318878357,-0.7925178811011444,-0.716214413783959,-0.08810750750126639,1.7393498730955392,0.8303020614036635,-0.6089100438794436,-0.8337920766651051,-0.21099436057342846,-1.3547061390102655,-0.9704181006413468,0.14669556177128057,-0.32289805922167425,-0.7560784573292363
576557.55_6137984.86,-0.703899525848166,-0.824854318878357,-1.1640614997039969,-0.716214413783959,-1.0013738545989368,1.4655898204073143,0.8936090797734317,-0.6648909446937021,-0.5833552690662852,-0.21099436057342846,-1.3655999090472828,-0.9470178175380185,-0.47911067791019324,-0.30337460926050125,-0.7560784573292363
576990.56_6138234.86,-0.703899525848166,-0.824854318878357,-0.8122023112257989,-0.716214413783959,-0.13079356221635785,-0.44399080208894176,-0.9218183722980143,0.6981774569458721,-0.3755878686830993,0.4481512139544935,-1.3547064921168601,-0.3160548847805475,1.5542013855437418,-0.2774541122558161,-0.7560784573292363
576124.53_6138234.86,-0.703899525848166,0.055101772923794666,-0.1995244235959296,-0.716214413783959,-1.0013738545989368,0.44317861557246985,0.07227815213991971,-0.10553589156959856,-0.621507230133558,-0.21099436057342846,-1.5846682215684604,-0.6498988403877711,0.33294006480684385,-0.3091536289280365,-0.7560784573292363
577423.57_6138484.86,-0.49572367079572616,-0.5677404790235803,-0.12570781062847527,1.8186626333766707,1.678162521213945,1.0426408603811657,-0.48064359864573675,0.623157877255775,-0.7237436912227079,4.37661323415208,-1.3547061390102655,-0.5567523257465224,3.6973902092921738,-0.32289805922167425,-0.7560784573292363
576557.55_6138484.86,0.15868098467004516,-0.17708413231902315,-0.47305598386977343,1.7136124728904716,1.5673222614915647,-0.4717914145160973,-1.4874513272101546,1.3405700304399528,-0.5447030811264433,5.023269131649054,-1.3636870129188214,-0.260668791140894,3.6044400876293263,-0.29076281966494316,-0.7560784573292363
575393.59_6137157.7,-0.703899525848166,-0.824854318878357,-1.5474977948404949,-0.716214413783959,-1.0013738545989368,0.4863945986416279,0.6321507960346021,-0.871286274416103,-0.446758753472332,-0.21099436057342846,-1.882308740849717,-0.9075551914446559,-0.24369494921269477,-0.3203087005383599,-0.7560784573292363
575725.58_6137448.78,-0.703899525848166,-0.824854318878357,-1.5474977948404949,-0.716214413783959,-1.0013738545989368,0.09338516112104105,0.5668235386748341,-0.8676315292186981,-0.6468791404810744,-0.21099436057342846,-1.839095486038162,-0.9271231335989545,-0.24369494921269477,-0.32289805922167425,-0.7560784573292363
575842.29_6137973.58,0.05459305714382534,-0.083070207496778,-0.4181036164384465,0.6004142643097347,0.39076545926047357,2.283734189663414,1.8673862074414076,-1.5507292487075177,-0.7021209586611593,-0.21099436057342846,-1.7920561512066715,-0.6052560231391756,-0.7084455575269469,-0.32289805922167425,-0.7560784573292363
575863.7_6138469.4,0.35240018312162125,0.01913432441225381,-0.2626786369125292,0.9442451070439287,0.7537762775098223,0.0001866116744426476,-0.518042347465683,0.40315765097203093,-0.1479487371901628,-0.21099436057342846,-1.7848950015735232,-0.25505399343824914,0.6937734207012016,-0.32289805922167425,-0.7560784573292363
578289.6_6138484.86,-0.06154208421644779,-0.13577498353349116,0.21835962425871377,0.7748308799741223,0.5747818127801533,-0.10558988800054396,-1.0128163699248596,0.8618860954072457,-0.6912788303244932,2.3208486517468154,-1.3547057947629748,-0.3069679390787245,4.159923658741075,-0.32289805922167425,-0.7560784573292363
577856.58_6138734.86,-0.595956489895049,-0.6229380485214893,-0.3094291584585834,1.8540128461117087,1.7158266871390258,-0.4248289706191791,-1.0972051868393027,0.9323895790062362,0.21246062687992523,-0.21099436057342846,-1.3547064921168601,-0.24234426036702766,1.655386894302614,-0.20946491694821487,-0.7560784573292363
578722.61_6138734.86,1.114265985987147,1.1412474953020069,0.7166217617890291,1.6125642232799373,1.4604277715327643,-0.32422390219696534,-0.7241145179707177,0.5598651863202055,-0.3430849679081836,-0.21099436057342846,-1.3547064921168601,-0.15117769128833172,1.1133768270649262,-0.268273569772283,-0.7560784573292363
578289.6_6138984.86,-0.22682985801965808,-0.20699765385337393,0.02848689201465107,-0.716214413783959,0.27024012830021543,-0.7384029318782892,-0.8274700167154109,0.5426260517757052,-0.4149427879982979,-0.21099436057342846,-1.3547057947629748,-0.3869171112038047,0.060738018068387134,-0.2785826294240788,-0.7560784573292363
578722.61_6139234.86,-0.34007366805975847,-0.20165595357938276,0.05555298343605107,-0.716214413783959,-0.06371547623549988,-0.6391383476625645,-0.6428770605138662,0.36245178139988155,-0.518612756952213,-0.21099436057342846,-1.3547064921168601,-0.4358842121108834,-0.7084455575269469,-0.2886811059206239,-0.7560784573292363
577856.58_6139234.86,-0.703899525848166,-0.824854318878357,-0.439838508034419,-0.716214413783959,0.03923324395972065,0.05114099769950126,-0.314574979981478,0.16127962394605244,-0.5122314012095811,-0.21099436057342846,-1.3547064921168601,-0.37731713608494105,-0.7084455575269469,-0.2749859550278935,-0.7560784573292363
578289.6_6139484.86,-0.703899525848166,-0.824854318878357,-0.3233722964635469,-0.716214413783959,-0.23338357606943472,-0.41575920638448965,-0.4093956451590248,0.15947648626119543,-0.5492727395851139,-0.21099436057342846,-1.3547057947629748,-0.3750755733670104,-0.7084455575269469,-0.29575292893238053,-0.7560784573292363
577856.58_6139734.86,-0.703899525848166,-0.824854318878357,-0.7523288362633083,-0.716214413783959,-1.0013738545989368,-0.7384029318782892,-0.34392855126256283,0.014304587828570097,-0.16524059810385425,-0.21099436057342846,-1.3603942939184686,-0.3000046668292571,-0.7084455575269469,-0.2998798887007742,-0.7560784573292363
578722.61_6139734.86,-0.703899525848166,-0.824854318878357,-0.22289968436895674,-0.716214413783959,-0.18459951353790166,-0.5779934324933572,0.0730262057947395,-0.47474530264816206,-0.7248809693444138,-0.21099436057342846,-1.3594419654311818,-0.5115382316229451,-0.7084455575269469,-0.31774502495484885,-0.6328835104387579
578289.6_6139984.86,-0.703899525848166,-0.824854318878357,-0.2823630670371835,-0.716214413783959,-1.0013738545989368,-0.05676875807952337,0.3589838402947239,-0.6549068503383596,-0.491413496787226,-0.21099436057342846,-1.3862950448930105,-0.7032882054251333,-0.7084455575269469,-0.30734397185788387,-0.6744500379975775
576124.53_6138734.86,-0.5737896164403911,-0.611542421270308,-0.8060509268118444,-0.716214413783959,-0.3768661129268849,-0.5188862657530668,-1.45451575723483,1.208419293605102,-0.653894949173659,3.6436333632646396,-1.5777646933765705,-0.36866316398880444,4.34752940888628,-0.29847454832596954,-0.7560784573292363
575887.98_6138957.48,-0.703899525848166,-0.824854318878357,-0.8999620621982166,-0.716214413783959,-1.0013738545989368,-0.45065443806929806,-1.7420497150078582,1.5979884021969808,-0.5804225311555203,7.158470135536337,-1.7569955315961496,-0.4014731114177182,4.690097508651423,-0.32289805922167425,-0.7560784573292363
576136.68_6139231.31,-0.703899525848166,-0.824854318878357,-0.8999620621982166,-0.716214413783959,-1.0013738545989368,2.496401272547893,0.8545716996145578,-0.5534245818234246,-0.7800871607281318,0.2379104346372359,-1.5543384934878377,-0.9505940893818042,2.563398725005398,-0.3119883419898233,-0.7560784573292363
576203.96_6139708.46,-0.703899525848166,-0.824854318878357,-1.4872142275837406,-0.716214413783959,-1.0013738545989368,1.4696193557075026,0.8742329786098352,-0.7582936149713096,-0.8389500384221392,-0.21099436057342846,-1.4969359078337663,-1.1729793295438653,-0.5979102777116636,-0.32289805922167425,-0.7560784573292363
576990.56_6138734.86,0.04591906318330703,0.03587165193742634,-0.07649673531683936,0.7271414420391177,0.5245629248800457,0.020109651619178232,-1.1161179430051535,1.0721604061118357,-0.7496763221321164,5.471743210566066,-1.3547064921168601,-0.34369063975064496,3.3340240855323997,-0.304174456163737,-0.7560784573292363
577423.57_6138984.86,-0.703899525848166,-0.824854318878357,-0.40046964778511024,0.9002240874116167,0.7075031593732948,0.14615924243525483,-0.198511212034036,0.03915953526571616,-0.7306408378916394,-0.21099436057342846,-1.3547061390102655,-0.6031274999689419,-0.20651490054755342,-0.30833521984974877,-0.7560784573292363
576557.55_6138984.86,-0.5424668604718527,-0.5930245269871387,-0.5739386882586275,-0.716214413783959,-0.27535221810023897,0.11605784513430659,-0.6996813103384685,0.5764483248651958,-0.6161107420352264,1.286534936303966,-1.3626825423576412,-0.7711492555921848,3.10250943064993,-0.3146595436541003,-0.7560784573292363
576990.56_6139234.86,-0.703899525848166,-0.824854318878357,-0.7867765889814535,-0.716214413783959,-0.1856756325643326,1.752934648384726,0.8240389289504126,-0.5860887935062714,-0.5543662784738999,-0.21099436057342846,-1.3547064921168601,-0.8350191263397148,-0.4622998649753226,-0.28564997050178825,-0.7560784573292363
577423.57_6139484.86,-0.703899525848166,-0.824854318878357,-0.6243800404530544,-0.716214413783959,-0.2520363058609032,-0.5723643681495365,-0.4410982762300571,0.10507775322346573,-0.6711233340764641,-0.21099436057342846,-1.3547061390102655,-0.6168739918092281,-0.7084455575269469,-0.3129241315101984,-0.7560784573292363
576557.55_6139484.86,-0.703899525848166,-0.824854318878357,-0.8741262476596076,-0.716214413783959,-0.3460173675025331,1.0086739142519077,0.3933506740567665,-0.37471026870905433,-0.7176203165439713,-0.21099436057342846,-1.3619361927175608,-1.0201607179152898,-0.37382511954068365,-0.32166921477509774,-0.7560784573292363
576990.56_6139734.86,-0.703899525848166,-0.824854318878357,-1.1603706690556244,-0.716214413783959,-1.0013738545989368,-0.5266924635030137,0.13608192403905572,-0.3995509206870979,-0.7860783633186761,-0.21099436057342846,-1.361879107151335,-0.7788566135525344,-0.7084455575269469,-0.3137737373998248,-0.7560784573292363
576557.55_6139984.86,-0.703899525848166,-0.824854318878357,-1.3707480160128684,-0.716214413783959,-1.0013738545989368,-0.7384029318782892,-0.0649785032347923,-0.40499891634370727,-0.8389500384221392,-0.21099436057342846,-1.394923646246663,-0.7147337419966019,-0.7084455575269469,-0.32289805922167425,-0.7560784573292363
577423.57_6139984.86,-0.703899525848166,-0.824854318878357,-1.1722633455892697,-0.716214413783959,-1.0013738545989368,0.2076562290275183,0.5916400953926093,-0.8522970806020729,-0.6356386985437751,-0.21099436057342846,-1.3890028725603463,-0.8548819241815233,-0.7084455575269469,-0.30498196795395144,-0.7560784573292363
576990.56_6140234.86,-0.703899525848166,-0.824854318878357,-1.1103394091554608,-0.716214413783959,-1.0013738545989368,0.2830937219965754,0.6502854332636748,-0.9346172506349676,-0.8255132304387159,-0.21099436057342846,-1.4398414730741267,-0.944606059831824,-0.24369494921269477,-0.32289805922167425,-0.7560784573292363
579155.62_6139984.86,-0.25477939411466155,-0.14859506419107016,0.22041008573003182,0.6224247741258907,0.4137226651576656,1.6388203968322959,1.3663464099166927,-1.326650219155348,-0.7158711172453937,-0.21099436057342846,-1.3837937655996475,-0.7582608025054618,-0.24369494921269477,-0.3061299430139338,-0.602370028407132
578722.61_6140234.86,-0.703899525848166,-0.824854318878357,-0.23930337613950206,-0.716214413783959,-0.24486217901803073,3.676825634637917,2.642759509708779,-2.2065384981466782,-0.8389500384221392,-0.21099436057342846,-1.4336553201644757,-1.3723737599943042,-0.24369494921269477,-0.32289805922167425,-0.7560784573292363
577856.58_6140234.86,-0.703899525848166,-0.824854318878357,-0.5247276129469913,-0.716214413783959,-1.0013738545989368,-0.7384029318782892,0.0377032030142628,-0.5368393824139157,-0.7687201950157062,-0.21099436057342846,-1.4367444143615888,-0.8740785567003158,-0.24369494921269477,-0.3152074379473081,-0.6284077613291429
578289.6_6140484.86,-0.703899525848166,-0.824854318878357,-0.5124248441190824,-0.716214413783959,-1.0013738545989368,1.3440701434038915,1.1970678046861394,-1.2134998978055325,-0.5073941376516107,-0.21099436057342846,-1.4858253919932871,-1.1760266326141242,-0.24369494921269477,-0.27196056876970887,-0.6975860116349446
579155.62_6140484.86,-0.703899525848166,-0.824854318878357,0.004291446653096807,-0.716214413783959,0.035287474196140665,2.6374600855220103,1.950683466024931,-1.7026532984859852,-0.6101248189139156,-0.21099436057342846,-1.482644073694072,-1.1518186981206153,-0.24369494921269477,-0.2923165811193938,-0.6001123942866597
578722.61_6140734.86,-0.703899525848166,-0.824854318878357,-0.3414163574111469,-0.716214413783959,-0.20468706869794465,3.704398046846176,2.885114502202754,-2.3908045271298,-0.8339084711586088,-0.21099436057342846,-1.5342693368508853,-1.4021540773723915,-0.24369494921269477,-0.32289805922167425,-0.7560784573292363
577856.58_6140734.86,-0.703899525848166,-0.824854318878357,-0.7966188040437808,-0.716214413783959,-1.0013738545989368,0.6663167055696247,0.8089494446154296,-0.9915761136774658,-0.620691936549477,-0.21099436057342846,-1.536977840989459,-0.9677554671335395,-0.24369494921269477,-0.3089274996270738,-0.6264218561459416
579155.62_6140984.86,-0.703899525848166,-0.824854318878357,-0.3045080509274199,-0.716214413783959,-0.15984877592999147,2.155250577045602,1.7152266357519208,-1.5792180495650014,-0.6758763558174994,-0.21099436057342846,-1.5703751728074693,-1.1319316298143505,-0.24369494921269477,-0.30792759849226403,-0.5528154297345205
578289.6_6140984.86,-0.703899525848166,-0.824854318878357,-0.8585427404775895,-0.716214413783959,-1.0013738545989368,0.4926367754618477,0.73363237103901,-0.9215017054127066,-0.4879966656147339,-0.21099436057342846,-1.5716931450725211,-0.898532412614529,-0.24369494921269477,-0.2661414448826311,-0.6900118649582576
578722.61_6141234.86,-0.703899525848166,-0.824854318878357,-0.6161781945677817,-0.716214413783959,-1.0013738545989368,2.5769862285383853,2.176353994840878,-1.9188308651100197,-0.7410431773746192,-0.21099436057342846,-1.5801000030780703,-1.2449470194993664,-0.24369494921269477,-0.2878627068420556,-0.6786472188509225
576295.82_6140170.91,-0.703899525848166,-0.824854318878357,-1.390432446137523,-0.716214413783959,-1.0013738545989368,-0.2571403022147552,0.01597343870278425,-0.3529052170458065,-0.7694447222472987,-0.21099436057342846,-1.4723357207627157,-0.6534430974390911,-0.7084455575269469,-0.2899998646626621,-0.7560784573292363
576267.16_6140731.55,-0.703899525848166,-0.824854318878357,-1.5474977948404949,-0.716214413783959,-1.0013738545989368,3.527218177028332,2.5468641894370374,-2.127799312346552,-0.7713788414695986,-0.21099436057342846,-1.5738773342874293,-1.1051364477681986,-0.24369494921269477,-0.3112151593509222,-0.7560784573292363
577423.57_6140484.86,-0.703899525848166,-0.824854318878357,-1.1509385462875605,-0.716214413783959,-1.0013738545989368,-0.590029267899616,0.0460693984211736,-0.4861937046783502,-0.48958307300877923,-0.21099436057342846,-1.488971037667081,-0.9953787845638957,-0.24369494921269477,-0.29453632939468893,-0.7014633192701137
576557.55_6140484.86,-0.703899525848166,-0.824854318878357,-1.3986342920227954,-0.716214413783959,-1.0013738545989368,0.800404105400768,0.9127229120788267,-1.056857801650012,-0.6005225156644979,-0.21099436057342846,-1.4945716613737383,-0.9096543648187271,-0.7084455575269469,-0.3160165303208459,-0.7560784573292363
576990.56_6140734.86,-0.703899525848166,-0.824854318878357,-1.401504938082641,-0.716214413783959,-1.0013738545989368,1.623714730103284,1.4414185961790638,-1.4506662128108663,-0.7504989001291263,-0.21099436057342846,-1.5393785734962386,-1.346563844191571,-0.24369494921269477,-0.315230069875037,-0.7560784573292363
576554.34_6140957.28,-0.703899525848166,-0.824854318878357,-1.3986342920227954,-0.716214413783959,-1.0013738545989368,4.342630673111539,3.076290099318943,-2.5187116404905514,-0.8389500384221392,-0.21099436057342846,-1.5761852279591533,-1.696458828863788,-0.24369494921269477,-0.32289805922167425,-0.7560784573292363
577423.57_6140984.86,-0.703899525848166,-0.824854318878357,-1.199739529304933,-0.716214413783959,-1.0013738545989368,-0.6461474977690423,0.1528201377916226,-0.6462659620416835,-0.828579487824289,-0.21099436057342846,-1.5727556213020575,-0.9044409783689346,-0.24369494921269477,-0.32289805922167425,-0.7560784573292363
577056.17_6141158.2,-0.703899525848166,-0.824854318878357,-1.401504938082641,-0.716214413783959,-1.0013738545989368,2.547765414178889,2.1464467434628474,-1.9322768738354885,-0.8323358937975192,-0.21099436057342846,-1.58010025042327,-1.3043893108822358,-0.24369494921269477,-0.3224060478398249,-0.7560784573292363
577423.57_6141484.86,-0.703899525848166,-0.824854318878357,-1.363366354716123,-0.716214413783959,-1.0013738545989368,0.3575480876703858,0.6871162508162252,-0.9126267314190797,-0.5678616426386004,-0.21099436057342846,-1.5800997284396083,-0.8518139456285333,-0.24369494921269477,-0.32289805922167425,-0.7560784573292363
577217.98_6141671.5,-0.703899525848166,-0.824854318878357,-1.3773094927210867,-0.716214413783959,-1.0013738545989368,-0.7384029318782892,0.22037033227136069,-0.6835707095540999,-0.8389500384221392,-0.21099436057342846,-1.580100490701464,-0.9580799570510999,-0.24369494921269477,-0.32289805922167425,-0.7560784573292363
576276.14_6141107.45,-0.703899525848166,-0.824854318878357,-1.5474977948404949,-0.716214413783959,-1.0013738545989368,4.342630673111539,3.07517783913877,-2.525426156268042,-0.8389500384221392,-0.21099436057342846,-1.6104314378405706,-1.7578698250879066,-0.24369494921269477,-0.3217585884936611,-0.7560784573292363
577856.58_6141234.86,-0.703899525848166,-0.824854318878357,-1.1575000229957788,-0.716214413783959,-1.0013738545989368,-0.22017579566065362,0.35618758483349894,-0.7395486579384785,-0.8054498571885796,-0.21099436057342846,-1.5801000030780703,-0.7300068741315684,-0.24369494921269477,-0.32154292337524737,-0.3188485425570574
579155.62_6141484.86,-0.540057417705042,-0.824854318878357,0.20359630166522297,-0.716214413783959,-0.02425777859970116,2.48111042267352,2.090436781840805,-1.883278028241364,-0.7133349102181201,-0.21099436057342846,-1.5801003954187323,-1.5123576310887332,-0.24369494921269477,-0.32111854926617406,-0.43976629938582323
578289.6_6141484.86,-0.703899525848166,-0.824854318878357,-0.7453572672608265,-0.716214413783959,-1.0013738545989368,1.6248998382999607,1.5359451520957292,-1.4867762622474137,-0.6472738931210388,-0.21099436057342846,-1.5801002232950871,-1.114212851769672,-0.24369494921269477,-0.2820954101470393,-0.6781822625616636
577856.58_6141734.86,-0.703899525848166,-0.824854318878357,-1.2743763268609145,-0.716214413783959,-1.0013738545989368,-0.14923771206016725,0.43550410416925306,-0.8088409488277011,-0.7999823189391313,-0.21099436057342846,-1.5801000030780703,-0.7967283095461426,-0.24369494921269477,-0.32289805922167425,-0.7560784573292363
578722.61_6141734.86,-0.703899525848166,-0.824854318878357,-0.7752940047420719,-0.716214413783959,-1.0013738545989368,0.8703492733361285,1.475697002167726,-1.5300967877156078,-0.7472436173066066,-0.21099436057342846,-1.5801000030780703,-1.2929457284232906,-0.24369494921269477,-0.3052562503324379,-0.6781125183056592
579155.62_6141984.86,-0.09382861729171044,-0.42422679832901644,0.3996204183232398,0.8488662311739196,0.6533385017096074,1.7035469198512563,1.501066545354225,-1.4189927478767723,-0.5371214316784181,-0.21099436057342846,-1.5801003954187323,-0.9749143519128025,-0.24369494921269477,-0.30746913151583966,0.25418006226623735
578289.6_6141984.86,-0.703899525848166,-0.824854318878357,-0.7732435432707536,-0.716214413783959,-1.0013738545989368,0.6120547939054769,1.0215611565993399,-1.2132630619151135,-0.8389500384221392,-0.21099436057342846,-1.5801002232950871,-0.9642512059365139,-0.24369494921269477,-0.32289805922167425,-0.7560784573292363
577856.58_6142234.86,-0.703899525848166,-0.824854318878357,-0.9360501840934163,-0.716214413783959,-1.0013738545989368,-0.041438847638115145,0.9146091212355995,-1.023401175499348,-0.6061894366278469,-0.21099436057342846,-1.5801000030780703,-0.7490875462103926,-0.24369494921269477,-0.3197585448202282,3.784292201724827
578722.61_6142234.86,-0.4263317191115796,-0.4577014533793613,0.18268159465777742,0.6214242964069745,0.4126465461312347,-0.3554520495340298,0.36473096866244653,-0.782742480157888,-0.8389500384221392,-0.21099436057342846,-1.5801000030780703,-0.8346403195737722,-0.24369494921269477,-0.32289805922167425,-0.7560784573292363
579155.62_6142484.86,-0.018654002967218267,-0.21198324077576572,0.4213553099192125,0.9715914980276377,0.7828314912234561,0.09441694594015039,-0.08663242889583771,0.11079072506697187,1.2174320070551534,-0.21099436057342846,-1.5801003954187323,0.24574095316052852,-0.24369494921269477,0.3402374121487772,0.012347848076106898
577474.69_6141965.7,-0.703899525848166,-0.824854318878357,-0.9360501840934163,-0.716214413783959,-1.0013738545989368,-0.4096972907994016,0.5934021426313973,-0.9415457503915245,-0.8389500384221392,-0.21099436057342846,-1.580100365101499,-0.6884565618803259,-0.24369494921269477,-0.32289805922167425,-0.7560784573292363
577556.87_6142432.51,-0.703899525848166,-0.824854318878357,-0.9360501840934163,-0.716214413783959,-1.0013738545989368,-0.34484957990462817,0.42456927665692673,-0.7667662504362062,-0.6693505133210711,-0.21099436057342846,-1.580099661741695,-0.5584616280831883,-0.24369494921269477,-0.32289805922167425,-0.7560784573292363
578289.6_6142484.86,-0.703899525848166,-0.824854318878357,-0.7732435432707536,-0.716214413783959,-1.0013738545989368,1.7859917782782098,1.6211380458596973,-1.561146277722289,-0.7898481907738997,-0.21099436057342846,-1.5801002232950871,-0.9358665319067587,-0.24369494921269477,-0.319119862448349,0.012347848075941786
578722.61_6142734.86,-0.5082527731831415,-0.5043523024388845,-0.03712787506753045,-0.716214413783959,0.10559391725629128,0.96466172879323,1.0229093057091658,-1.0232864887916064,-0.14326671891153106,-0.21099436057342846,-1.5801000030780703,-0.9552207604152221,-0.24369494921269477,-0.24324623872175805,0.012347848076150006
577891.31_6142677.05,-0.703899525848166,-0.824854318878357,-0.6157681022735182,-0.716214413783959,-1.0013738545989368,0.2830576815577071,0.6515365487400213,-0.8976057808085768,-0.7250974253406584,-0.21099436057342846,-1.5800998766571912,-0.7444345571365316,-0.24369494921269477,-0.3217508758917284,3.796343697061375
579155.62_6142984.86,-0.5964383784484111,-0.6208013684118928,-0.07321599696273007,-0.716214413783959,0.14684514660280815,-0.4650595469901393,-0.11825383046715594,-0.1576414140871945,0.175296853414845,-0.21099436057342846,-1.5801003954187323,-0.20533832625041967,-0.24369494921269477,-0.13392742573909847,0.06297675666090924
578301.69_6142967.75,-0.703899525848166,-0.824854318878357,-0.31763100434385616,-0.716214413783959,-0.23625322680658378,-0.21435257261820018,0.37236005813863676,-0.7065596110574243,-0.5213880935976369,-0.21099436057342846,-1.5801003064881827,-0.8901870526155983,-0.24369494921269477,-0.3084619608068324,0.6675604612992447
578116.22_6143198.33,-0.703899525848166,-0.824854318878357,-0.42056417020402825,-0.716214413783959,-0.34781089921325126,-0.7384029318782892,0.32682584402268416,-0.7871062915896878,-0.8389500384221392,-0.21099436057342846,-1.5801001453015606,-0.8339427270670049,-0.24369494921269477,-0.32289805922167425,-0.7560784573292363
578775.91_6143136.38,-0.703899525848166,-0.824854318878357,-0.27949242097733806,-0.716214413783959,-0.1257716734263471,0.3100954090036761,0.7919030037723492,-1.0561940168871513,-0.8389500384221392,-0.21099436057342846,-1.580099569635055,-0.866792684213708,-0.24369494921269477,-0.3222524483789445,4.2219869693121295
579158.4_6143484.64,-0.13430725577412927,0.06400460671378001,0.25567802303670434,0.8438638425793387,0.6479579065774528,-0.6688067101689896,-0.00147735170914214,-0.47397488410471017,-0.6684567123133115,-0.21099436057342846,-1.5801003954187323,-0.5471469231797618,-0.24369494921269477,-0.3115339474524031,0.1391317900649848
578978.81_6143697.79,-0.5969202670017733,-0.6211574817634923,-0.07813710449389386,-0.716214413783959,0.14002972610207934,0.18191467557282842,-0.194681226046173,0.17073011654592277,1.4124325701512446,-0.21099436057342846,-1.5801001453015606,-0.6576001896483641,-0.24369494921269477,-0.31021902377516836,4.2219869693121295
579161.78_6143987.02,-0.703899525848166,-0.824854318878357,-0.2290510687829112,-0.716214413783959,-0.1971542355129285,-0.4952944510040219,0.022160537749504154,-0.32425679732475243,0.06903555769810668,-0.21099436057342846,-1.5801003954187323,-0.530350236176641,-0.24369494921269477,-0.2763525368624991,0.13913179005177004
578833.21_6144305.9,-0.703899525848166,-0.824854318878357,-0.7629912359141627,-0.716214413783959,-1.0013738545989368,-0.4614769201719601,0.22142885432678264,-0.6809216117752042,-0.8389500384221392,-0.21099436057342846,-1.580099661741695,-0.826715933142184,-0.24369494921269477,-0.32289805922167425,-0.7560784573292363
579155.62_6144484.86,-0.703899525848166,-0.824854318878357,-0.7629912359141627,-0.716214413783959,-1.0013738545989368,-0.7384029318782892,0.030363797993820617,-0.546541655722762,-0.8389500384221392,-0.21099436057342846,-1.5801003954187323,-0.6529376135895063,-0.24369494921269477,-0.32289805922167425,-0.7560784573292363
578843.69_6144644.05,-0.703899525848166,-0.824854318878357,-0.7629912359141627,-0.716214413783959,-1.0013738545989368,-0.6493296200977194,0.13778940407989157,-0.6336753202928721,-0.8389500384221392,-0.21099436057342846,-1.5801000030780703,-0.8395914742828884,-0.24369494921269477,-0.32289805922167425,-0.7560784573292363
579177.0_6144847.72,-0.703899525848166,-0.824854318878357,-0.7629912359141627,-0.716214413783959,-1.0013738545989368,-0.5629135513656145,0.1432016244615618,-0.6130750624197606,-0.8389500384221392,-0.21099436057342846,-1.5800997999016573,-0.6073138154286436,-0.24369494921269477,-0.32289805922167425,-0.7560784573292363
591280.36_6130189.03,-0.703899525848166,-0.824854318878357,-1.5474977948404949,-0.716214413783959,-1.0013738545989368,-0.7384029318782892,-1.6176344821708173,1.6709382084541635,-0.8389500384221392,5.597002763532371,1.3484085139836257,-0.2894413997435349,3.8073811865932186,-0.32289805922167425,-0.7560784573292363
591682.54_6130334.08,-0.703899525848166,-0.824854318878357,-1.5474977948404949,-0.716214413783959,-1.0013738545989368,-0.7384029318782892,-0.7765092592135852,0.6853174161792207,-0.8389500384221392,-0.21099436057342846,1.3484076347838718,-0.36950021428244434,0.3440778789494495,-0.32289805922167425,-0.7560784573292363
591279.98_6130484.86,-0.703899525848166,-0.824854318878357,-0.7359251444927629,-0.716214413783959,-1.0013738545989368,-0.6408037484856877,-1.3492897967882127,1.3826682630095188,-0.8389500384221392,4.210487437643421,1.348407578061307,-0.5050895721289109,3.1374723204497177,-0.32289805922167425,-0.7560784573292363
590471.91_6130193.53,-0.703899525848166,-0.824854318878357,-0.7506884670862537,-0.716214413783959,-1.0013738545989368,-0.7384029318782892,-0.11761757215653476,-0.05297726115972487,-0.8389500384221392,-0.21099436057342846,1.3484085139836257,-0.6262123341476625,-0.7084455575269469,-0.32289805922167425,-0.7560784573292363
590847.27_6130301.18,-0.703899525848166,-0.824854318878357,-0.7560196669116809,-0.716214413783959,-1.0013738545989368,-0.7375470736056833,-0.8519884335942114,0.7749916056909406,-0.6270812118358412,-0.20877712778562818,1.3484085139836257,-0.6879017534836361,0.8062971658676565,-0.2903106552084042,-0.3114340760553884
590479.08_6130490.49,-0.703899525848166,-0.824854318878357,-0.5353900125978458,-0.716214413783959,-1.0013738545989368,-0.7384029318782892,-0.030967983315075588,-0.1582566036166155,-0.8389500384221392,-0.21099436057342846,1.348408934470466,-1.0847669459539426,-0.7084455575269469,-0.32289805922167425,-0.7560784573292363
590846.97_6130734.86,-0.703899525848166,-0.824854318878357,-0.5702478576102548,-0.716214413783959,-1.0013738545989368,-0.6559462021398227,-0.6085372561951131,0.5298895924610221,-0.7219254248603985,-0.21099436057342846,1.348407305083963,-1.0560480825847618,-0.007336068412872668,-0.3021683010702717,-0.3218518284896589
592136.67_6130524.83,-0.703899525848166,-0.824854318878357,-0.947532768332798,-0.716214413783959,-1.0013738545989368,-0.7384029318782892,-0.28084402215144166,0.152399336601666,-0.6414568197179245,-0.21099436057342846,1.348408127135733,-0.5243318113906507,-0.7084455575269469,-0.2886708921200198,-0.38208479108069576
591712.99_6130734.86,-0.703899525848166,-0.824854318878357,-0.9639364601033434,-0.716214413783959,-1.0013738545989368,-0.7384029318782892,-0.7869746735257754,0.704770722797307,-0.6819010915687183,-0.21099436057342846,1.3484079450896669,-0.706625188309884,0.38836587809469053,-0.3194278112013453,0.8707638813062204
591279.98_6130984.86,-0.703899525848166,-0.824854318878357,-0.6871241614753905,-0.716214413783959,-1.0013738545989368,-0.6648759625432964,-1.4030879910044123,1.4825237219937408,-0.49899039756070335,3.9636620043809963,1.348407578061307,-0.5732787900112101,2.931105995289998,-0.31977441138644325,1.9297769677414776
592146.0_6130984.86,-0.703899525848166,-0.824854318878357,-1.5474977948404949,-0.716214413783959,-1.0013738545989368,-0.7384029318782892,-0.3674395731539076,0.24322183714196588,-0.7770166088148655,-0.21099436057342846,1.34840713238401,-0.4332888704847569,-0.7084455575269469,-0.32289805922167425,-0.7560784573292363
591712.99_6131234.86,-0.703899525848166,-0.824854318878357,-1.5474977948404949,-0.716214413783959,-1.0013738545989368,-0.7384029318782892,-1.2489550584398084,1.2466916089854105,-0.4776688876611134,1.7726817274891653,1.3484079450896669,-0.4009311559823262,2.1730082140214253,-0.32007818590981063,4.2219869693121295
591279.98_6131484.86,0.8945248056540165,1.258408787978214,0.8515421266017648,1.3821208553562438,1.4815914457192383,-0.7384029318782892,-0.9551517850420053,0.8820108931329425,-0.7910101243508972,0.6942980778133906,1.348407578061307,-0.552241222790707,1.4021191316065902,-0.3225026682091579,4.2219869693121295
592146.0_6131484.86,-0.703899525848166,-0.824854318878357,-1.5474977948404949,-0.716214413783959,-1.0013738545989368,-0.7384029318782892,-0.7526734374784761,0.6880231232529317,-0.6099251766969961,-0.21099436057342846,1.34840713238401,-0.43046308367785596,-0.16313817710488854,-0.3159608497809201,-0.6576664824731951
591712.99_6131734.86,1.053066139710157,1.347793239229667,0.9544752924619369,1.4521542956803761,1.5597894283065488,-0.7384029318782892,-1.4973841968963115,1.5245029624107755,-0.8389500384221392,4.275994901714807,1.3484079450896669,-0.030352638554171214,3.3069996983082013,-0.32289805922167425,-0.7560784573292363
591279.98_6131984.86,1.4429139793801193,1.5094687008558008,1.1406571940576267,2.0154232514301857,1.8865709059993916,-0.7301601602346629,-1.1385682949439229,1.2111685522509394,0.30267338730793836,-0.21099436057342846,1.348407578061307,0.056123054424842896,-0.08934658204777675,2.2730427506548176,2.2694897648063845
592146.0_6131984.86,-0.703899525848166,-0.824854318878357,-1.5474977948404949,-0.716214413783959,-1.0013738545989368,-0.3284165325120929,-0.5969569543827499,0.5923768826038756,-0.8389500384221392,-0.21099436057342846,1.34840713238401,-0.48627992869387004,1.0524428584192809,-0.32289805922167425,-0.7560784573292363
590434.2_6130993.49,-0.703899525848166,-0.6204452550602934,-0.27293094426912007,-0.716214413783959,-1.0013738545989368,-0.7384029318782892,0.11030484840486042,-0.3171562567032502,-0.7493175093907515,-0.21099436057342846,1.3484074394061487,-1.2882560288506673,-0.7084455575269469,-0.32289805922167425,-0.7560784573292363
590846.97_6131234.86,-0.5998115983219461,-0.6186646883022964,-0.26308872920679277,-0.716214413783959,-1.0013738545989368,-0.7384029318782892,-0.500569754511691,0.4055607584709889,-0.5474782641290715,-0.21099436057342846,1.348407305083963,-1.1899886772264907,-0.4231103003293597,-0.29917123273891105,-0.2927228207571423
590141.44_6131307.14,-0.703899525848166,-0.824854318878357,-0.48494866040341883,-0.716214413783959,-1.0013738545989368,-0.5696829310630925,-0.0013540821911034243,-0.10665351876778807,-0.22210495137232852,-0.21099436057342846,1.3484085139836257,-1.2115895347083911,-0.24369494921269477,-0.2559456192592861,0.11573644275941918
590413.95_6131484.86,-0.5631880682664242,-0.5930245269871387,-0.10151236526692102,-0.716214413783959,-1.0013738545989368,-0.7384029318782892,0.02955179305374602,-0.2262348532076796,-0.6664927013482059,-0.21099436057342846,1.3484081804940624,-1.0559853442890572,-0.24369494921269477,-0.3062010435362525,-0.35829364205577363
590846.97_6131734.86,0.1355503341086631,0.5985307474645002,0.40577180273719454,-0.716214413783959,0.3028824054352852,-0.7375852130821647,-0.31586328036859107,0.20912432399899114,-0.3857775110321552,-0.21099436057342846,1.348407305083963,-0.87880646069609,-0.7084455575269469,-0.2056750822657581,-0.2923635027965054
590009.66_6131758.54,-0.703899525848166,-0.824854318878357,-0.19419322377050224,-0.716214413783959,-1.0013738545989368,-0.44077506185987303,0.2559624711814838,-0.39634854967696975,-0.8389500384221392,-0.21099436057342846,1.348407869237139,-0.8308507241316958,-0.24369494921269477,-0.32289805922167425,-0.7560784573292363
590413.95_6131984.86,0.4160094721654221,0.9275794843423586,0.47056638523084865,-0.716214413783959,0.45712613255704404,-0.7069265014796977,-0.17042992146738697,0.08070185898720536,-0.05846540063701606,-0.21099436057342846,1.3484081804940624,-0.7074527401604773,-0.24369494921269477,-0.1119334802000929,-0.19518214515863203
589640.82_6132058.94,-0.703899525848166,-0.824854318878357,-0.19419322377050224,-0.716214413783959,-1.0013738545989368,1.5628437623959182,1.5189166864443249,-1.2218046860769058,-0.8389500384221392,-0.21099436057342846,1.3484090229940093,-1.2399667492001416,-0.24369494921269477,-0.32289805922167425,-0.7560784573292363
592497.9_6130458.59,-0.703899525848166,-0.824854318878357,-0.8626436634202258,-0.716214413783959,-1.0013738545989368,-0.7384029318782892,0.03295136143252277,-0.24005290907848645,-0.8389500384221392,-0.21099436057342846,1.3484085139836257,-0.6715667967753093,-0.24369494921269477,-0.32289805922167425,-0.7560784573292363
592553.42_6130743.38,-0.703899525848166,-0.824854318878357,-1.5474977948404949,-0.716214413783959,-1.0013738545989368,-0.7384029318782892,0.0026311088545914623,-0.20258077195225457,-0.8387011134133242,-0.21099436057342846,1.348407578061307,-0.45387243267036653,-0.24369494921269477,-0.32289805922167425,-0.7560784573292363
594786.6_6131719.92,-0.703899525848166,-0.824854318878357,-1.0471851958388612,-0.716214413783959,-1.0013738545989368,-0.7384029318782892,-0.26119667390028806,0.16732861609617777,0.01649388303410826,-0.21099436057342846,1.3484085139836257,-0.6038564127146748,-0.24369494921269477,0.041666293939220715,-0.649076780625504
594290.21_6131805.28,-0.703899525848166,-0.824854318878357,-1.1665220534695788,-0.716214413783959,-1.0013738545989368,-0.5374361586543318,0.07761081036439255,-0.2184892464911928,-0.7203713441210798,-0.21099436057342846,1.3484085139836257,-0.45392764476434744,-0.24369494921269477,-0.3092955772301169,-0.7006211423082017
595185.05_6131806.08,-0.703899525848166,-0.824854318878357,-0.9221070460884527,-0.716214413783959,-1.0013738545989368,-0.7384029318782892,-0.012719162442759896,-0.23844141216003295,-0.8389500384221392,-0.21099436057342846,0.8300791471808984,-0.34276150344847794,-0.24369494921269477,-0.32289805922167425,-0.7560784573292363
594744.08_6131984.86,-0.703899525848166,-0.824854318878357,-0.9573749833951253,-0.716214413783959,-1.0013738545989368,-0.5200179206116872,-0.03655428862696051,-0.05267538873631797,-0.36964635868724893,-0.21099436057342846,1.3222506884804162,-0.3676314141643168,-0.24369494921269477,-0.2883536288016628,-0.6470585689712964
595627.85_6131665.88,-0.703899525848166,-0.824854318878357,-1.0951659942677063,-0.716214413783959,-1.0013738545989368,-0.7384029318782892,-0.06446702336872495,-0.2230259191267678,-0.6435168095239924,-0.21099436057342846,0.27628419865538406,-0.4385442483881684,-0.24369494921269477,-0.20138239791586485,-0.6725829676931403
596402.85_6131689.45,-0.703899525848166,-0.824854318878357,-1.1099293168611972,-0.716214413783959,-1.0013738545989368,-0.7384029318782892,0.5509352682360844,-0.37272251857687866,-0.19229386337853427,-0.21099436057342846,0.20341370518279084,-0.86073738039123,-0.24369494921269477,-0.11441002053600054,-0.5837617233442702
596043.24_6131764.75,-0.703899525848166,-0.824854318878357,-1.0783522102028975,-0.716214413783959,-1.0013738545989368,-0.7384029318782892,0.2256207851019394,-0.33708901609350056,-0.5800166423336491,-0.21099436057342846,0.20341197818327306,-0.5675422400722456,-0.24369494921269477,-0.26646361113189065,-0.6352362989830234
596877.85_6131873.52,-0.17912289123680727,-0.35478469476713076,-0.836807848881617,-0.716214413783959,-1.0013738545989368,-0.34293535214844684,0.1939645059994975,-0.2189918883897233,0.1434278858708597,-0.21099436057342846,0.20341357793019493,-1.2167446377187494,-0.24369494921269477,-0.1747662490642737,-0.5133191380813055
595610.1_6131984.86,-0.703899525848166,-0.824854318878357,-0.9668071061631889,-0.716214413783959,-1.0013738545989368,-0.23593465399903127,0.10419778720573045,-0.23112681231882287,-0.2938755847011198,-0.21099436057342846,0.28357734252439204,-0.3948463032063043,-0.24369494921269477,-0.25579010467338636,-0.6393855549560533
596476.13_6131984.86,-0.703899525848166,-0.824854318878357,-1.0164282737690886,-0.716214413783959,-1.0013738545989368,-0.7384029318782892,0.17930495865928384,-0.31215976551615143,-0.4757951690351712,-0.21099436057342846,0.203413121576057,-0.7675614107947543,-0.24369494921269477,-0.2878653746179896,-0.624505018711532
597794.8_6131927.0,-0.703899525848166,-0.824854318878357,-1.214502851898424,-0.716214413783959,-1.0013738545989368,-0.7384029318782892,0.6298311383966226,-0.6682060774311378,-0.8389500384221392,-0.21099436057342846,0.2034141887426564,-1.320872803768677,-0.24369494921269477,-0.32289805922167425,-0.7560784573292363
597333.55_6132042.68,-0.29429425549035615,-0.3978744103106598,-0.8450096947668896,-0.716214413783959,-1.0013738545989368,-0.5530670373561485,0.7204166061719496,-0.6742124371542262,-0.6909575216441988,-0.21099436057342846,0.20341317957424215,-1.2458274261586493,-0.24369494921269477,-0.3043100058585376,-0.41307050396619605
598208.88_6132021.19,-0.703899525848166,-0.824854318878357,-1.2079413751902057,-0.716214413783959,-1.0013738545989368,-0.6215297963641429,0.5632717950493561,-0.5613999793530191,-0.6483557422930545,-0.21099436057342846,0.20341335978288752,-1.0023949341374914,-0.24369494921269477,-0.3065369776314364,-0.438889649453713
598507.79_6131951.63,-0.703899525848166,-0.824854318878357,-1.274786419155178,-0.716214413783959,-1.0013738545989368,-0.7384029318782892,1.286596702547138,-0.6999518338574499,-0.3611440303789985,-0.21099436057342846,0.20341370518279084,-0.831279267167669,-0.24369494921269477,-0.32289805922167425,-0.7560784573292363
598604.69_6132262.09,-0.703899525848166,-0.824854318878357,-1.5474977948404949,-0.716214413783959,-1.0013738545989368,-0.6614939669023063,1.2036469984793334,-0.7707609521266017,-0.4691752209447627,-0.21099436057342846,0.20341335978288752,-1.2610259339709224,-0.24369494921269477,-0.21241639014348757,-0.6015793337864521
598956.1_6132573.49,-0.703899525848166,-0.824854318878357,-1.1173109781579424,-0.716214413783959,-1.0013738545989368,-0.4077443604176393,0.9813001493254556,-0.828956425442119,-0.8359518159582947,-0.21099436057342846,0.2034135439961686,-1.146615517804624,-0.24369494921269477,-0.32289805922167425,-0.7560784573292363
599356.14_6132968.08,-0.703899525848166,-0.824854318878357,-1.2304964513747056,-0.716214413783959,-1.0013738545989368,-0.7384029318782892,0.7898750813464186,-0.7082519702694725,-0.8383674603965374,-0.21099436057342846,0.20341370518279084,-1.3154264113660357,-0.24369494921269477,-0.32289805922167425,-0.7560784573292363
598641.19_6132734.86,-0.703899525848166,-0.824854318878357,-1.5474977948404949,-0.716214413783959,-1.0013738545989368,0.8839750999978511,1.592201141896351,-1.2358538972959492,-0.7651738581511748,-0.21099436057342846,0.20341249628312807,-1.3217154870168255,-0.24369494921269477,-0.31918173565090224,-0.6047925940331
599071.4_6132987.87,-0.703899525848166,-0.824854318878357,-1.1878468527712878,-0.716214413783959,-1.0013738545989368,0.4662088595666898,0.9923847044532523,-0.8348843857428614,-0.4943715999700273,-0.21099436057342846,0.203413121576057,-1.156252069429248,-0.24369494921269477,-0.29317847721869944,-0.5396834617741261
599437.24_6133288.64,-0.703899525848166,-0.824854318878357,-1.2304964513747056,-0.716214413783959,-1.0013738545989368,3.717452682845885,2.7563985637866155,-2.125240849643173,-0.818363462792414,-0.21099436057342846,0.2034134150468715,-1.5569150163183185,-0.24369494921269477,-0.31421725628487274,-0.6015793337864521
598641.19_6133234.86,-0.703899525848166,-0.824854318878357,-1.1927679603024512,-0.716214413783959,-1.0013738545989368,-0.7024952146825735,0.16933646453924117,-0.4493205176097686,-0.8203830397513516,-0.21099436057342846,0.20341249628312807,-0.9927965471463077,-0.24369494921269477,-0.32289805922167425,-0.7560784573292363
597775.17_6132234.86,-0.703899525848166,-0.824854318878357,-1.2243450669607512,-0.716214413783959,-1.0013738545989368,-0.510447544190275,0.830027206451632,-0.6453399701465409,-0.4536367519902008,-0.21099436057342846,0.20341327851232116,-1.3206679281140463,-0.24369494921269477,-0.27335918223717964,-0.6695181971583897
597342.16_6132484.86,-0.44319781847925405,-0.46660428716934665,-0.8872492010760438,-0.716214413783959,-1.0013738545989368,-0.7384029318782892,1.1975123085700459,-0.8653027465715214,-0.7356239895088412,-0.21099436057342846,0.20341197818327306,-1.4521598847234067,-0.24369494921269477,-0.2973529571014809,-0.6725832445028742
598208.18_6132484.86,-0.703899525848166,-0.824854318878357,-1.1173109781579424,-0.716214413783959,-1.0013738545989368,0.44510924173547367,1.703659742655384,-1.2695812567752696,-0.5148509220179532,-0.21099436057342846,0.203413121576057,-1.2198608560092115,-0.24369494921269477,-0.2942214551038377,-0.6109023171876565
597775.17_6132734.86,-0.703899525848166,-0.824854318878357,-1.0033053203526523,-0.716214413783959,-1.0013738545989368,-0.5575839841391205,1.4461759173346456,-0.9798635980582835,-0.7053932505906486,-0.21099436057342846,0.20341327851232116,-1.478419432171163,-0.24369494921269477,-0.30451944892475435,-0.6713451651503359
597342.16_6132984.86,-0.703899525848166,-0.824854318878357,-0.9007822467867438,-0.716214413783959,-1.0013738545989368,-0.45637968862179557,0.6845692977740592,-0.691094743250953,-0.8383978952047451,-0.21099436057342846,0.20341197818327306,-1.0393434042089658,-0.24369494921269477,-0.32289805922167425,-0.7560784573292363
598208.18_6132984.86,-0.703899525848166,-0.824854318878357,-1.0299613194797888,-0.716214413783959,-1.0013738545989368,0.21335609373398498,1.3552225620704474,-0.8225591519729968,-0.23945907691455748,-0.21099436057342846,0.203413121576057,-0.8912393893114212,-0.24369494921269477,-0.32289805922167425,-0.7560784573292363
597775.17_6133234.86,-0.07407118660386314,-0.13506275683029234,-0.6473452089318179,-0.716214413783959,-1.0013738545989368,0.25637621214885076,0.5798894259052056,-0.4076917375404315,0.021840467597322617,-0.21099436057342846,0.20341327851232116,-0.6063696457451075,-0.24369494921269477,-0.16835042212652884,-0.6304846546249058
597342.16_6133484.86,-0.34248311082656907,-0.268961377031672,-0.7609407744428446,-0.716214413783959,-1.0013738545989368,-0.35677775006499785,0.16079048579369393,-0.24461349617959707,-0.39334228102451674,-0.21099436057342846,0.20341197818327306,-0.4121726189850599,-0.24369494921269477,-0.26144587602042196,-0.6283552412796518
598208.18_6133484.86,0.34999074035481054,0.017709871005856182,-0.48740921416900057,-0.716214413783959,-1.0013738545989368,-0.7384029318782892,-0.0536642018722134,-0.24888206361946769,-0.7369657547805027,-0.21099436057342846,0.203413121576057,-0.292375475785339,-0.24369494921269477,-0.31372123091632137,-0.6471611904945465
597775.17_6133734.86,0.05314739148373899,-0.08378243419997682,-0.5936231183832817,-0.716214413783959,-1.0013738545989368,-0.47669177819636727,-0.2778269794695818,0.17483983976102946,0.3287427273522205,-0.21099436057342846,0.20341327851232116,-0.1602173868391775,-0.24369494921269477,-0.1620471253865257,-0.629109179785078
599737.25_6133569.62,-0.703899525848166,-0.824854318878357,-1.0566173186069248,-0.716214413783959,-1.0013738545989368,-0.09042086759311933,0.676903753773364,-0.8265088452528766,-0.8389500384221392,-0.21099436057342846,0.20341370518279084,-1.2051350172896569,-0.24369494921269477,-0.32289805922167425,-0.7560784573292363
599074.21_6133484.86,-0.703899525848166,-0.824854318878357,-1.1927679603024512,-0.716214413783959,-1.0013738545989368,1.4144395631603353,1.4629522572894902,-1.2917475265524627,-0.7895584013573471,-0.21099436057342846,0.203413121576057,-1.1141844350122059,-0.24369494921269477,-0.31829252161018495,-0.6223757886873941
599507.22_6133734.86,-0.703899525848166,-0.824854318878357,-1.0566173186069248,-0.716214413783959,-1.0013738545989368,1.082300147470188,1.3142045177159538,-1.1206283150775695,-0.47319952000410853,-0.21099436057342846,0.2034139738271601,-1.0284314943425732,-0.7084455575269469,-0.30735438841376295,-0.6047925940331
598641.19_6133734.86,-0.12322381904680028,-0.15678567127785656,-0.7781646508019171,-0.716214413783959,-1.0013738545989368,-0.3504753903665625,0.3355454400120343,-0.5642262558069643,-0.8374863806835308,-0.21099436057342846,0.20341249628312807,-0.7311099887674173,-0.24369494921269477,-0.32289805922167425,-0.7560784573292363
599815.87_6134008.68,-0.703899525848166,-0.824854318878357,-1.1328944853399607,-0.716214413783959,-1.0013738545989368,1.0965742285127031,0.6526003973769342,-0.4971051651261146,-0.8176807710389098,-0.21099436057342846,0.20341370518279084,-0.6410169582066753,-0.7084455575269469,-0.32289805922167425,-0.7560784573292363
599074.21_6133984.86,-0.703899525848166,-0.824854318878357,-1.0348824270109522,-0.716214413783959,-1.0013738545989368,1.8042297515258512,1.5363317349557746,-1.2504694270208732,-0.7492102313471883,-0.21099436057342846,0.203413121576057,-0.9248490800364655,-0.7084455575269469,-0.3135954427642664,-0.6793323795067426
598641.19_6134234.86,-0.703899525848166,-0.824854318878357,-1.0541567648413428,-0.716214413783959,-1.0013738545989368,1.0496267194193774,1.134174237255143,-1.062467015828529,-0.8379319423031346,-0.21099436057342846,0.20341249628312807,-0.9381630948004291,-0.7084455575269469,-0.32289805922167425,-0.7560784573292363
599507.22_6134234.86,-0.703899525848166,-0.824854318878357,-1.1328944853399607,-0.716214413783959,-1.0013738545989368,1.4934442313597571,0.6945001543364063,-0.3949827413160987,-0.7508927802222519,-0.21099436057342846,0.2034139738271601,-0.5594670514346664,-0.5225453142012461,-0.32289805922167425,-0.7560784573292363
599073.33_6134483.29,-0.703899525848166,-0.824854318878357,-1.2104019289557877,-0.716214413783959,-1.0013738545989368,3.757900075918916,1.9939322101229695,-1.242828950895543,-0.8389500384221392,-0.21099436057342846,0.203413121576057,-1.0800106035956971,-0.5208398073817451,-0.32289805922167425,-0.7560784573292363
599805.42_6134340.18,-0.703899525848166,-0.824854318878357,-1.1870266681827604,-0.716214413783959,-1.0013738545989368,-0.14406705504228742,-0.9106851106075499,0.9875225214098092,0.4029629823115302,-0.21099436057342846,0.20341335978288752,-0.12917699003798266,0.8495755293932175,-0.016146855773233878,-0.6952211513673086
592769.55_6131015.99,-0.703899525848166,-0.824854318878357,-0.9102143695548074,-0.716214413783959,-1.0013738545989368,-0.7384029318782892,-0.018703915333119603,-0.17623491319952364,-0.8389500384221392,-0.21099436057342846,1.3484085139836257,-0.2996742282734192,-0.24369494921269477,2.226605138989922,-0.6498383265884123
593395.14_6131427.11,-0.703899525848166,-0.824854318878357,-0.8675647709513895,-0.716214413783959,-1.0013738545989368,-0.7384029318782892,-0.020834466366372144,-0.17360270395443664,-0.8389500384221392,-0.21099436057342846,1.3484085139836257,-0.2843353094699144,-0.24369494921269477,-0.2734467262552467,-0.6610350161023779
592571.36_6131238.04,-0.703899525848166,-0.824854318878357,-0.8548519098292168,-0.716214413783959,-1.0013738545989368,-0.7384029318782892,0.008843203664524124,-0.18890104056859156,-0.7321529490431058,-0.21099436057342846,1.3484079450896669,-0.41047290869293124,-0.7084455575269469,-0.2738029395244149,-0.7202750127868733
593836.63_6131611.82,-0.703899525848166,-0.824854318878357,-1.2399285741427692,-0.716214413783959,-1.0013738545989368,-0.7384029318782892,0.0032623249197176736,-0.20337331062389405,-0.8389500384221392,-0.21099436057342846,1.3484085139836257,-0.45782034653002834,-0.24369494921269477,-0.32289805922167425,-0.7560784573292363
593007.88_6131496.04,-0.703899525848166,-0.824854318878357,-0.8675647709513895,-0.716214413783959,-1.0013738545989368,-0.7384029318782892,-0.09996610463663227,-0.05876588267969558,-0.5068202250918311,-0.21099436057342846,1.3484081804940624,-0.5105520062494763,-0.24369494921269477,-0.2484877089846204,-0.7099590371911925
592579.02_6131734.86,-0.703899525848166,-0.824854318878357,-0.46731469175008256,-0.716214413783959,-1.0013738545989368,-0.7384029318782892,-0.06512296768484489,-0.08288952576077101,-0.8035618452883526,-0.21099436057342846,1.3484079450896669,-0.724169022144778,-0.7084455575269469,-0.32289805922167425,-0.7560784573292363
593445.04_6131734.86,-0.703899525848166,-0.824854318878357,-1.2427992202026146,-0.716214413783959,-1.0013738545989368,-0.5491276225981536,0.09450111631610483,-0.2492586743288452,-0.8330518057777968,-0.21099436057342846,1.348407305083963,-0.3533969676398884,-0.24369494921269477,-0.32289805922167425,-0.7560784573292363
593878.05_6131984.86,-0.703899525848166,-0.824854318878357,-1.2206542363123785,-0.716214413783959,-1.0013738545989368,-0.6090067786824545,-0.1038047205196144,0.004644181698912414,-0.2503675501431732,-0.21099436057342846,1.348407578061307,-0.5673699377975565,-0.24369494921269477,-0.2807169238364141,-0.6637283720329434
593012.03_6131984.86,-0.703899525848166,-0.824854318878357,-1.251411158382151,-0.716214413783959,-1.0013738545989368,-0.7384029318782892,0.05545540486886498,-0.25401732329698956,-0.8389500384221392,-0.21099436057342846,1.3484081804940624,-0.7133156541321087,-0.24369494921269477,-0.32289805922167425,-0.7560784573292363
596909.14_6132234.86,-0.20707242733181078,-0.361906961799119,-0.7744738201535445,-0.716214413783959,-1.0013738545989368,-0.7384029318782892,0.5587160013275292,-0.5436400281275685,-0.6295690474905555,-0.21099436057342846,0.2034139738271601,-1.047638722381334,-0.24369494921269477,-0.2963029055140041,-0.64031062309241
596043.12_6132234.86,-0.703899525848166,-0.824854318878357,-0.8671546786571258,-0.716214413783959,-1.0013738545989368,-0.738312573862184,-0.13101174723860673,-0.13868967838208804,-0.48238573646371335,-0.21099436057342846,0.20341249628312807,-0.33639894978512974,-0.24369494921269477,-0.2696515502266037,-0.6254324028783256
596476.13_6132484.86,-0.5053614418629687,-0.5025717356808874,-0.8696152324227076,-0.716214413783959,-1.0013738545989368,-0.7384029318782892,1.4055792601249717,-0.9421389730575594,-0.8389500384221392,-0.21099436057342846,0.203413121576057,-1.0843120062286868,-0.24369494921269477,-0.32289805922167425,-0.7560784573292363
595610.1_6132484.86,-0.46199147206037716,-0.4769315743657297,-0.44516970785984633,-0.716214413783959,-1.0013738545989368,-0.7269156981421356,-0.007141267943822038,-0.29358796886040156,-0.7167837889208025,-0.21099436057342846,0.2761885477855148,-0.6286208835102711,-0.24369494921269477,-0.3187144449973728,-0.5374314422952283
596909.14_6132734.86,-0.703899525848166,-0.824854318878357,-0.9528639681582254,-0.716214413783959,-1.0013738545989368,-0.7384029318782892,1.0948932732140637,-0.8082038170095176,-0.7559352912782257,-0.21099436057342846,0.2034139738271601,-1.2735977777126641,-0.24369494921269477,-0.3094213858543494,-0.6415180052297799
596043.12_6132734.86,-0.5029519990961581,-0.5011472822744898,-0.6481653935203452,-0.716214413783959,-1.0013738545989368,-0.7384029318782892,0.06606294121268699,-0.19176018202197953,-0.4166319276144368,-0.21099436057342846,0.20341249628312807,-0.3327420492114923,-0.24369494921269477,-0.30203603256818545,-0.6253933686410178
596476.13_6132984.86,-0.5347566436180586,-0.5221579700188552,-0.8548519098292168,-0.716214413783959,-1.0013738545989368,-0.7384029318782892,-0.04790377940364535,-0.20974183044969708,-0.5073416302108484,-0.21099436057342846,0.203413121576057,-0.5954136107377241,-0.24369494921269477,-0.28731441242057815,-0.6748205050776213
595610.1_6132984.86,-0.20418109601163806,0.1790292192803907,0.026436430543333014,-0.716214413783959,-1.0013738545989368,-0.7384029318782892,-0.3842792559858058,0.21649592573910267,0.23575223157345437,-0.21099436057342846,0.2687997530466376,-0.24315948519410427,-0.24369494921269477,-0.14004684255695796,-0.6039500683593815
596043.12_6133234.86,-0.540057417705042,-0.5257191035348494,-0.7986692655150989,-0.716214413783959,-1.0013738545989368,-0.7384029318782892,-0.1003008110621562,-0.17797042432392493,-0.5212738645082878,-0.21099436057342846,0.20341249628312807,-0.4606466801223026,-0.24369494921269477,-0.29847604244247006,-0.6771481953763161
596909.14_6133234.86,-0.703899525848166,-0.824854318878357,-0.9290786150909346,-0.716214413783959,-1.0013738545989368,-0.5888148533868574,0.3408700360899902,-0.4234848668908467,-0.6562098890994641,-0.21099436057342846,0.2034139738271601,-0.5713623672210749,-0.24369494921269477,-0.310192312811243,-0.6728466192809242
592579.02_6132234.86,-0.703899525848166,-0.824854318878357,-0.18763174706228422,-0.716214413783959,-1.0013738545989368,-0.5050759453365343,-0.2518568468714378,0.2319849822298967,-0.7164741554789519,-0.21099436057342846,1.3484079450896669,-0.637831579607509,-0.5822169972440645,-0.27770649677808157,-0.6804452120673485
593445.04_6132234.86,-0.703899525848166,-0.824854318878357,-0.8322968336447168,-0.716214413783959,-1.0013738545989368,0.05923505599063247,0.7451070937414846,-0.6697801164730609,-0.6904051538568426,-0.21099436057342846,1.348407305083963,-0.8749864363373394,-0.24369494921269477,-0.312635942135157,-0.6099806713455649
593012.03_6132484.86,-0.703899525848166,-0.824854318878357,-0.8322968336447168,-0.716214413783959,-1.0013738545989368,-0.7383768570973985,0.10588518642957478,-0.31389219096142823,-0.8389500384221392,-0.21099436057342846,1.3484081804940624,-0.8175720491631897,-0.7084455575269469,-0.32289805922167425,-0.7560784573292363
593878.05_6132484.86,-0.703899525848166,-0.824854318878357,-1.0471851958388612,-0.716214413783959,-1.0013738545989368,-0.7384029318782892,-0.009484739742404383,-0.18389061196515127,-0.7663041669886482,-0.21099436057342846,1.348407578061307,-0.5401384341191474,-0.24369494921269477,-0.32289805922167425,-0.7560784573292363
593445.04_6132734.86,-0.703899525848166,-0.824854318878357,-0.7465875441436173,-0.716214413783959,-1.0013738545989368,-0.7376990282338025,0.024280041091901104,-0.22907481976750646,-0.8386053319622097,-0.21099436057342846,1.348407305083963,-0.6070798355143493,-0.24369494921269477,-0.32289805922167425,-0.7560784573292363
592579.02_6132734.86,-0.703899525848166,-0.824854318878357,0.06580529079264193,-0.716214413783959,-0.3435064231075277,-0.7384029318782892,-0.6676280246950443,0.5989251332961651,-0.5490260265212156,-0.21099436057342846,1.3484079450896669,-0.5749828787895511,-0.40171015603953963,-0.28320076856582543,-0.6778455094536832
593012.03_6132984.86,-0.5410211948117664,-0.5919561869323404,-0.3225521118750197,-0.716214413783959,-1.0013738545989368,-0.7384029318782892,-0.016964220106776534,-0.1579165564285994,-0.7473290889413235,-0.21099436057342846,1.3484081804940624,-0.5369055237891572,-0.7084455575269469,-0.31370845984997836,-0.6337168184913817
593878.05_6132984.86,-0.703899525848166,-0.824854318878357,-0.8942207700785256,-0.716214413783959,-1.0013738545989368,-0.7384029318782892,-0.022363364105409726,-0.1717139118838096,-0.8389500384221392,-0.21099436057342846,1.348407578061307,-0.273327998257023,-0.24369494921269477,-0.32289805922167425,-0.7560784573292363
593445.04_6133234.86,-0.5689707309067698,-0.6083374011059135,-0.4828981989321006,-0.716214413783959,-1.0013738545989368,-0.48730705580874545,-0.11364681913947712,0.06363974020445391,-0.22028089038933507,-0.21099436057342846,1.348407305083963,-0.0553998279614611,-0.24369494921269477,-0.2500897898456166,-0.6127307219679556
593012.03_6133484.86,-0.45331747809985884,-0.5495786980920101,-0.38570632519161946,-0.716214413783959,-1.0013738545989368,-0.2725487491507575,-0.4159186500026885,0.55985323835304,0.34746246101557604,-0.21099436057342846,1.3484081804940624,-0.27349202973352843,-0.7084455575269469,-0.133257109617417,-0.6019614734004325
594311.07_6132234.86,-0.703899525848166,-0.824854318878357,-1.1415064235194972,-0.716214413783959,-1.0013738545989368,-0.48918756768366134,-0.110750583186289,0.05984473930116123,-0.17447781035989202,-0.21099436057342846,1.3484079450896669,-0.20485158501261447,-0.24369494921269477,-0.30024389364974985,-0.6985641221887252
595177.09_6132234.86,-0.45669069797339373,-0.47372655420133497,-0.43532749279751903,-0.716214413783959,-1.0013738545989368,-0.7384029318782892,-0.007928937084363319,-0.24237191433194752,-0.8387768833556446,-0.21099436057342846,0.8299999116302954,-0.35639476367696016,-0.24369494921269477,-0.32289805922167425,-0.7560784573292363
594744.08_6132484.86,-0.703899525848166,-0.824854318878357,-1.045134734367543,-0.716214413783959,-1.0013738545989368,-0.7384029318782892,-0.0040920924737595146,-0.18841261626171626,-0.8389500384221392,-0.21099436057342846,1.3187856366470014,-0.31209515858652465,-0.24369494921269477,-0.32289805922167425,-0.7560784573292363
594311.07_6132734.86,-0.703899525848166,-0.824854318878357,-1.0369328884822704,-0.716214413783959,-1.0013738545989368,-0.57589512808328,-0.05000700288928584,-0.06482567713278323,-0.5352516266864702,-0.21099436057342846,1.3484079450896669,-0.13632908828762424,-0.24369494921269477,-0.24793463573644592,-0.6985187754939087
595177.09_6132734.86,-0.3434468879332933,-0.2055732004469763,-0.25980799085268375,-0.716214413783959,-1.0013738545989368,-0.4172403506169352,0.05711893780178642,-0.19176203476379944,-0.5128934161481491,-0.21099436057342846,0.8117190731533109,-0.2563494440061229,-0.24369494921269477,-0.3060330599374899,-0.5565860636518294
594744.08_6132984.86,-0.2865840386365621,-0.1692496385838361,-0.18476110100243878,-0.716214413783959,-1.0013738545989368,-0.7384029318782892,-0.048985635085826804,-0.14242413163057346,-0.8389500384221392,-0.21099436057342846,1.3143555374827893,-0.08166075041361048,-0.24369494921269477,-0.32289805922167425,-0.7560784573292363
594311.07_6133234.86,-0.703899525848166,-0.824854318878357,-0.8851987396047257,-0.716214413783959,-1.0013738545989368,-0.7384029318782892,-0.12267304156035315,-0.035047307149035076,-0.591149543657637,-0.21099436057342846,1.3484079450896669,-0.144984004831224,-0.24369494921269477,-0.30887734641649417,-0.6128650284584115
595177.09_6133234.86,0.15338021058306175,0.4133518046328051,0.3938791262035492,-0.716214413783959,-1.0013738545989368,-0.7384029318782892,-0.5713262786184489,0.5277531247629774,0.6814518461426502,-0.21099436057342846,0.7925598624037032,0.04629910636810478,-0.24369494921269477,-0.13280458571853535,-0.6354257045327414
594744.08_6133484.86,-0.09912939137869384,0.16086743834882053,0.0010107082989875122,-0.716214413783959,-1.0013738545989368,-0.7384029318782892,-0.11168069197547863,-0.05417631920446474,-0.614993288089429,-0.21099436057342846,1.3075304353866681,-0.16698366887587712,-0.24369494921269477,-0.30596003228051427,-0.6101337775317736
594311.07_6133734.86,-0.4325962703052873,-0.3433890675159495,-0.4890495833460552,-0.716214413783959,-1.0013738545989368,-0.7384029318782892,-0.28514382489100776,0.19415638617238284,-0.0371572084783618,-0.21099436057342846,1.3484079450896669,-0.3028776760092694,-0.24369494921269477,-0.2516912579728565,-0.6081908274601424
596476.13_6133484.86,-0.703899525848166,-0.824854318878357,-0.6436543782834453,-0.716214413783959,-1.0013738545989368,-0.7384029318782892,-0.0408982698589753,-0.26122350465493804,-0.6702331475910426,-0.21099436057342846,0.203413121576057,-0.5442038637759204,-0.24369494921269477,-0.2861071810631129,-0.6909493007336555
595610.1_6133484.86,-0.703899525848166,0.18472703290598133,0.202366024782432,-0.716214413783959,-1.0013738545989368,-0.7384029318782892,-0.05365136878149465,-0.24227631881278103,-0.7274410562316804,-0.21099436057342846,0.2613996196626469,-0.31529313234654976,-0.24369494921269477,-0.3104019393054598,-0.6439551792370654
596043.12_6133734.86,-0.703899525848166,-0.3052849388948122,-0.14949316369576598,-0.716214413783959,-1.0013738545989368,-0.4802457510763967,0.12505237532961044,-0.37736755530613153,-0.706518099328179,-0.21099436057342846,0.20341249628312807,-0.594381385217273,-0.24369494921269477,-0.29353607294356426,-0.6778142627442623
596909.14_6133734.86,-0.703899525848166,-0.824854318878357,-0.8519812637693713,-0.716214413783959,-1.0013738545989368,-0.7384029318782892,-0.061039428024075464,-0.23877719320208296,-0.7176485738089646,-0.21099436057342846,0.2034139738271601,-0.2855697318169925,-0.24369494921269477,-0.3062141564770086,-0.6734362035601869
596476.13_6133984.86,-0.703899525848166,-0.824854318878357,-0.5087340134707097,-0.716214413783959,-1.0013738545989368,-0.7384029318782892,-0.0269413041621519,-0.284931015592787,-0.7959859509274523,-0.21099436057342846,0.203413121576057,-0.34332947192995195,-0.24369494921269477,-0.32289805922167425,-0.7560784573292363
595610.1_6133984.86,-0.703899525848166,-0.5680965923751796,-0.03384713671342145,-0.716214413783959,-1.0013738545989368,-0.4944948647037353,0.048631488108283605,-0.26921952213954137,-0.5056918092925533,-0.21099436057342846,0.2539994862786573,-0.5505536340650894,-0.24369494921269477,-0.28622479273750306,-0.634284482038665
596043.12_6134234.86,-0.703899525848166,-0.824854318878357,-0.25939789855842005,-0.716214413783959,-1.0013738545989368,-0.5050190907237204,-0.1416166430023877,-0.009012207232391023,-0.007613819389782447,-0.21099436057342846,0.20341249628312807,-0.38281004252509604,-0.24369494921269477,-0.30346589648409356,-0.5645707600069407
596909.14_6134234.86,-0.703899525848166,-0.824854318878357,-0.6567773316998815,-0.716214413783959,-1.0013738545989368,0.4780097069221706,0.7067103800009871,-0.7616520150151151,-0.7553925295668986,-0.21099436057342846,0.2034139738271601,-0.7390801809009231,-0.24369494921269477,-0.31976700004502984,-0.5052581390451254
596476.13_6134484.86,-0.703899525848166,-0.824854318878357,-0.5784497034955275,-0.716214413783959,-1.0013738545989368,-0.27977541604809464,0.22139357888457714,-0.41453738467844603,-0.6228683214386076,-0.21099436057342846,0.203413121576057,-0.6070085644532858,-0.24369494921269477,-0.3185457257156646,-0.4700407033226538
596909.14_6134734.86,-0.1906882165174984,-0.824854318878357,-1.0488255650159157,-0.716214413783959,-1.0013738545989368,0.6550462355545562,0.9137529260661311,-0.9171719917100979,-0.8383642025507888,-0.21099436057342846,0.2034139738271601,-0.8243817312393574,-0.24369494921269477,-0.32289805922167425,-0.7560784573292363
593878.05_6133484.86,-0.703899525848166,-0.824854318878357,-0.5062734597051277,-0.716214413783959,-1.0013738545989368,-0.7384029318782892,-0.15803317153485316,0.022141733660296585,-0.38048896584944586,-0.21099436057342846,1.348407578061307,-0.36738471545938434,-0.24369494921269477,-0.28429101045164734,-0.6118372649864267
593445.04_6133734.86,-0.37332397824174535,-0.5182407231512617,-0.48740921416900057,-0.716214413783959,-1.0013738545989368,-0.06522832295743498,0.2355984065469623,-0.21078277518335928,-0.3144050835713973,-0.21099436057342846,1.348407305083963,-0.6438741509984313,-0.7084455575269469,-0.2961105696876513,-0.612824126774533
593012.03_6133984.86,-0.5463219688987497,-0.5948050937451357,-0.701067299480354,-0.716214413783959,-1.0013738545989368,0.6450803340781448,0.14049201768473402,0.19768210558373267,-0.14889501034131752,-0.21099436057342846,1.3484081804940624,-0.7618485425406536,-0.40266571803794204,-0.29674964898912287,-0.6048861291590357
593878.05_6133984.86,-0.703899525848166,-0.824854318878357,-0.8273757261135534,-0.716214413783959,-1.0013738545989368,-0.022137995770432704,0.5002518165346621,-0.5500845674296876,-0.8389500384221392,-0.21099436057342846,1.348407578061307,-0.7913159866968079,-0.7084455575269469,-0.32289805922167425,-0.7560784573292363
593445.04_6134234.86,-0.4750024630011546,-0.5588376452335949,-0.6309415171612724,-0.716214413783959,-1.0013738545989368,0.7262496891327024,0.5104144006727852,-0.24151501407180362,-0.8389500384221392,-0.21099436057342846,1.348407305083963,-1.0339846683364098,-0.7084455575269469,-0.32289805922167425,-0.7560784573292363
593012.03_6134484.86,-0.703899525848166,-0.824854318878357,-0.5046330905280733,-0.716214413783959,-1.0013738545989368,0.6338689025541746,-0.06070668533232597,0.256243547051764,-0.8234292773360464,-0.21099436057342846,1.3484081804940624,-0.584259417954319,1.1488513689105666,-0.31927737441241233,-0.6081908274601424
593878.05_6134484.86,-0.5149992129302113,-0.5780677662199633,-0.7285434831960175,-0.716214413783959,-1.0013738545989368,0.42209283179447066,0.4039278474065398,-0.24051157356226194,-0.8389500384221392,-0.21099436057342846,1.348407578061307,-0.6863646513499729,-0.7084455575269469,-0.32289805922167425,-0.7560784573292363
593445.04_6134734.86,-0.5207818755705569,-0.5809166730327585,-0.8798675397792984,-0.716214413783959,-1.0013738545989368,-0.3894539303274612,-0.5749267415579526,0.5599706809964446,-0.8389500384221392,-0.21099436057342846,1.348407305083963,-0.5654254524177531,1.0738090688524846,-0.32289805922167425,-0.7560784573292363
593012.03_6134984.86,-0.703899525848166,-0.6097618545123111,0.028076799720387513,-0.716214413783959,-1.0013738545989368,-0.5514322328061808,-1.5278159313534627,1.6015599154603688,-0.8389500384221392,4.43538148695567,1.3484081804940624,-0.003742777338261826,4.647698609118608,-0.32289805922167425,-0.7560784573292363
593878.05_6134984.86,0.47335421001551553,0.7573573022778387,0.7863374518138467,2.1668288795595014,2.0465539345954484,-0.29115706476196057,-0.5361267569349497,0.5797580283135112,-0.8389500384221392,-0.21099436057342846,1.348407578061307,0.08769773864751211,0.9956400062919817,-0.32289805922167425,-0.7560784573292363
595177.09_6133734.86,-0.703899525848166,0.19113707323477078,0.3729644191961037,-0.716214413783959,-1.0013738545989368,-0.7384029318782892,-0.19551123751961716,0.008410381607567487,-0.36211944371689603,-0.21099436057342846,0.7730695553699845,-0.14415183550555905,-0.24369494921269477,-0.2973257545283364,-0.6367270473649884
594744.08_6133984.86,-0.41958527936450973,-0.33448623372596414,-0.6083864409767727,-0.716214413783959,-1.0013738545989368,-0.7213515873268488,-0.1583939456861652,0.018653097395928686,-0.4232466364613835,-0.21099436057342846,1.3005954961211874,-0.22032169347141578,-0.24369494921269477,-0.2766058603883733,-0.6083120659000444
594311.07_6134234.86,-0.703899525848166,-0.824854318878357,-0.6657993621736814,-0.716214413783959,-1.0013738545989368,0.7006593562995495,0.8075858724299774,-0.6852534705506453,-0.722717436244651,-0.21099436057342846,1.3484079450896669,-0.6314755037426372,-0.24369494921269477,-0.31904248258494033,-0.6044700524854889
595177.09_6134234.86,-0.14394502684137192,0.12810501000167454,0.4640049085226304,-0.716214413783959,-1.0013738545989368,-0.6054839902111895,0.0986031178536632,-0.3254292941354126,-0.8382122011115866,-0.21099436057342846,0.7536133819738038,-0.42760899122495405,-0.24369494921269477,-0.32289805922167425,-0.7560784573292363
595610.1_6134484.86,-0.5410211948117664,-0.5919561869323404,-0.14252159469328443,-0.716214413783959,-1.0013738545989368,-0.7384029318782892,0.03952421391039633,-0.356548306476241,-0.8375444274088714,-0.21099436057342846,0.24711025890387284,-0.6660026696214751,-0.24369494921269477,-0.32289805922167425,-0.7560784573292363
594744.08_6134484.86,0.28782711697109575,0.6344981959760408,0.7375364687964744,-0.716214413783959,0.3516664679668183,1.2980968495694973,1.2170113703738659,-0.9722338009690238,-0.7651459127853639,-0.21099436057342846,1.2936723004524289,-0.647668704789685,-0.7084455575269469,-0.32289805922167425,-0.7560784573292363
594311.07_6134734.86,0.6106924477237224,0.5557971452725706,0.4894306307669759,0.96225370598442,0.7731464199855781,-0.49687636153439824,-0.32853266490765665,0.2682658501241402,-0.8387544274056533,-0.21099436057342846,1.3484079450896669,-0.4046428345087711,-0.7084455575269469,-0.32289805922167425,-0.7560784573292363
595177.09_6134734.86,-0.1323797015606808,-0.4452374860733818,0.39510940308633985,-0.716214413783959,-0.10711894363487859,-0.017450984644878997,0.4920623925658261,-0.5872594306628436,-0.8164060023172617,-0.21099436057342846,0.7348353301766934,-0.5341819150865196,-0.7084455575269469,-0.32289805922167425,-0.7560784573292363
595610.1_6134984.86,-0.3053776922176852,-0.27394696395406376,0.10312368957063249,-0.716214413783959,-1.0013738545989368,2.1459239341433256,1.5394929944764861,-1.1837415008712167,-0.7961385951287824,-0.21099436057342846,0.24275155032664214,-0.38842319934948294,-0.7084455575269469,-0.3196539945470236,-0.5772670706791516
594744.08_6134984.86,-0.12707892747369734,-0.19097255303140032,0.4951719228866668,-0.716214413783959,0.061831743514769014,0.020712761244006176,-0.12551801693489895,0.32633887495544966,-0.506642326909036,-0.21099436057342846,1.2867491047836728,0.056139210726466805,-0.5832474344708618,-0.27904247521343206,-0.5198247461659283
595177.09_6135234.86,1.207270476786038,1.4147425493303567,1.1365562711149906,0.9986043964383746,0.8115279985949461,1.6034337345231682,0.096316864908127,0.5128863608872121,0.5851778694421246,-0.21099436057342846,0.7165431138205292,0.7945031637414859,-0.7084455575269469,-0.10218128899687164,-0.48883653149423195
594311.07_6135234.86,1.3952070125972686,1.560392910134517,1.3719492480223163,1.6992722922526733,1.5522565951215324,0.25553765981675297,-0.9827758804836176,1.3420838447187255,0.6972007004037636,-0.21099436057342846,1.3484079450896669,0.8230359215777416,1.355047143388339,-0.07258924929042472,-0.5606643609339274
594744.08_6135484.86,2.5445112123659466,1.9097401080535423,1.7352910207398962,1.6509158691717243,1.5009615881949943,-0.20179412069060454,-1.3732852369317172,1.641447551260379,0.7577028691541591,-0.21099436057342846,1.2798190011168409,1.3016605863247934,1.6366263192880934,-0.039106400136048575,-0.5615035182027853
595610.1_6135484.86,0.10952835222710801,0.3264601468425479,0.6411647796445203,-0.716214413783959,0.0711581084105032,-0.48207195290386085,-1.5149070351973255,1.7707030316296684,1.8995802129228756,-0.21099436057342846,0.2387123247499459,0.9379307886967476,-0.6712655088618056,0.4894127304734389,-0.47004070332265385
595177.09_6135734.86,0.8709122665392721,1.2299197198502612,0.9044440325617735,1.4444839665020193,1.28286813217167,-0.5591939221378084,-2.032715840445568,2.346849727268943,2.0843470320632274,-0.21099436057342846,0.6982087993114032,1.5938060510555956,1.3459242610769837,2.2096004265317726,-0.48294011941318277
594311.07_6135734.86,-0.27260927058906037,0.8684646679768558,0.9315101239831735,0.7464840112714971,0.5450091863822324,-0.6085709602733551,-2.173898112599723,2.4086895002420508,0.38409142021019044,4.084880977736005,1.3484079450896669,1.3054313518455916,5.017281936904657,-0.2987061182395193,-0.5620406545827835
595610.1_6135984.86,-0.703899525848166,-0.824854318878357,-0.06255359731187565,-0.716214413783959,-0.37830093829545935,-0.4872344090327669,-1.2930334301243813,1.2724816995148176,0.08710573346157778,-0.21099436057342846,0.23467976896449247,0.5503482169362134,2.33102342084827,-0.1866809403167332,-0.47004070332266834
594744.08_6135984.86,0.7249000348705469,1.172229356891156,0.8392393577738558,1.0149455325140055,0.8287459030178402,0.23075822932607123,-1.6929728658872896,2.102492801489062,0.31409577277435186,4.085271974686456,1.2728812986521312,1.337588076122475,5.041670684423533,-0.3167714684687509,-0.3962881988067072
594311.07_6136234.86,-0.35163899334044957,0.5255275103866204,0.4779480465275941,0.7694949988065691,0.5690425113058554,-0.6567119885337032,-1.7963993191389673,2.0475402639222944,1.2994466004645027,-0.21099436057342846,1.3484079450896669,1.3945399699041547,1.4108172163860484,-0.32289805922167425,-0.7560784573292363
595177.09_6136234.86,-0.15840168344223574,0.45537318012153594,0.43283789415859425,0.6024152197475671,0.39255899097119157,0.23945176068801147,-1.3256196138695935,1.5469260247812944,-0.5316377936880602,4.078864999853743,0.679906342863978,0.9023126748876035,4.79196395679971,-0.32289805922167425,-0.7560784573292363
593445.04_6135234.86,-0.703899525848166,-0.5944489803935363,0.11132553545590529,-0.716214413783959,-1.0013738545989368,-0.5665000796157925,-1.7638446869543931,1.8983859027558994,-0.29726935561848067,4.0849454148912585,1.348407305083963,0.4188609582585301,4.553895734046006,-0.21474491156158945,-0.47004070332263925
593878.05_6135484.86,-0.03166499390799582,0.1427056574172505,0.5406921675499301,-0.716214413783959,-0.16953384716786934,-0.3028328315489979,-1.867063495908987,2.1343836804362417,0.13721008933501877,4.084967032210013,1.348407578061307,1.0678430371335312,4.678358252545111,-0.27226866617759476,-0.49687837892222253
593012.03_6135484.86,-0.703899525848166,-0.5937367536903374,0.34056712794927657,-0.716214413783959,-0.17778409303717274,0.5280905976853862,-0.6974954957703356,1.0396834601622622,0.07176091986398697,-0.21099436057342846,1.3484081804940624,0.6722554778902144,2.349528169839866,-0.14908772058786213,-0.5955235464559623
593445.04_6135734.86,0.25168547546893605,-0.022887051076477018,0.6030261962780024,-0.716214413783959,-1.0013738545989368,-0.08510306997185486,-1.4821237020579592,1.8845751082207696,1.4053277865937583,-0.21099436057342846,1.348407305083963,1.4869879180771908,1.0738090688524846,0.7686016650865409,-0.47004070332265385
593878.05_6135984.86,-0.14490880394809616,0.46391990055992166,0.7034988083725928,-0.716214413783959,-0.1548268871399807,-0.6597740160891018,-1.6313614692891156,1.8290712934038074,0.9559452345182511,-0.21099436057342846,1.348407578061307,1.0474929721097743,1.3175228350133354,-0.32289805922167425,-0.7560784573292363
593012.03_6135984.86,-0.03166499390799582,0.644825483172424,0.5095251531858938,-0.716214413783959,-1.0013738545989368,-0.2856119498202587,-1.5411634895192734,1.8987279422005214,0.6816880774187344,2.3515557553003292,1.3484081804940624,1.697109581137263,0.933104756243581,0.5698119273899436,-0.5549678696504404
593445.04_6136234.86,-0.08370895767110577,0.6975302592091372,0.6149188728116477,-0.716214413783959,-1.0013738545989368,-0.5374339614113686,-1.3428904551822678,1.6164560448372192,0.9782972270029502,-0.21099436057342846,1.348407305083963,1.238310238070608,-0.6521638324833855,2.897813135463663,-0.47004070332263925
593012.03_6136484.86,1.22799168458061,1.1501503290919923,1.180846238895463,1.4578236694209012,1.296857679515271,-0.30072227800167683,-1.1559572178897846,1.4741226453477523,0.8413517108489709,-0.21099436057342846,1.3484081804940624,1.605554088593634,-0.6896849825124265,0.055628729686059655,-0.4409583218832708
593878.05_6136484.86,-0.3212800144786354,-0.4057089040458469,0.2007256556053775,-0.716214413783959,-0.08667268213269193,-0.7384029318782892,-1.302949647338793,1.4896020490229367,0.9583823740162761,-0.21099436057342846,1.348407578061307,0.4611580986172362,-0.5746668777505066,-0.3213251467722645,-0.3901244703278286
593445.04_6136734.86,-0.4056105113170079,0.7288682341498858,0.6022060116894753,-0.716214413783959,-1.0013738545989368,-0.7384029318782892,-0.6961693670711893,0.8244032913806442,-0.06604636589760791,-0.21099436057342846,1.348407305083963,0.7388988454462161,-0.7084455575269469,-0.3189770783830946,-0.05733947374541477
595610.1_6136484.86,-0.703899525848166,-0.824854318878357,-1.5474977948404949,-0.716214413783959,-1.0013738545989368,-0.6206897878100798,-1.5631578668705135,1.5084818442394647,-0.7916007482096235,3.8694902541055756,0.23063987640867217,0.6115487458211671,3.8275203796201684,-0.32289805922167425,-0.7560784573292363
594744.08_6136484.86,-0.703899525848166,-0.824854318878357,0.12649895034365963,1.0479612972382395,0.8635404182057719,-0.7384029318782892,-2.1132412459769925,2.4928100599067045,2.1321042752703985,-0.21099436057342846,1.2659532673847238,2.0241315510575784,0.7548792936056393,-0.32289805922167425,-0.7560784573292363
595177.09_6136734.86,-0.703899525848166,-0.6136791013799046,0.12444848887234158,0.9335733447088228,0.7426563809033699,-0.40521205736146604,-1.2474135538896447,1.385471116546812,0.4894087129311835,-0.21099436057342846,0.661554961536083,1.2552359692360588,0.40867720097657334,-0.32289805922167425,-0.7560784573292363
594311.07_6136734.86,-0.30441391511096094,-0.4017916571782533,0.28520466822368595,-0.716214413783959,0.03313523614327896,-0.45893974705602697,-1.1144634092700616,1.433261362562742,1.1323066142295297,-0.21099436057342846,1.3484079450896669,0.809724879045495,-0.6891540228422036,-0.32289805922167425,-0.7560784573292363
594744.08_6136984.86,-0.4446434841393405,-0.46660428716934665,0.10763470480753244,1.6652560498095228,1.5160272545650266,-0.7384029318782892,-1.4742886618539999,1.7049653132900737,1.4336849368937203,-0.21099436057342846,1.2589934593261787,1.3138838024644839,-0.7084455575269469,-0.32289805922167425,-0.7560784573292363
595610.1_6136984.86,-0.40994750829726717,-0.5485103580372118,0.01208320024410576,-0.716214413783959,-1.0013738545989368,-0.6625162089625981,-0.8801680194300749,0.7426949977419707,-0.5726736520612203,-0.21099436057342846,0.2265993168737267,0.22777951957859693,0.1281055374387099,-0.3113397208914344,-0.4993538104663738
595177.09_6137234.86,-0.2167101983990534,-0.46838485392734375,-0.28769426686261085,-0.716214413783959,-1.0013738545989368,-0.475244861962811,-0.40179515302228713,0.341493046467089,-0.555876243010691,-0.21099436057342846,0.6431819622377472,0.12720069820308189,-0.7084455575269469,-0.31010840355640845,-0.5212787589575633
594311.07_6137234.86,-0.25140617424112666,-0.3807809694338879,0.09738239745094159,-0.716214413783959,-0.040040857654020594,-0.7233042637754037,-0.4445519991674297,0.48035964667009035,0.20347500743278152,-0.21099436057342846,1.3484079450896669,0.4064864239270056,-0.7084455575269469,-0.3179030298786902,-0.463965358779782
594744.08_6137484.86,-0.703899525848166,-0.6193769150054952,-0.44106878491720997,-0.716214413783959,0.13034465486420146,-0.5442900157116528,-0.07527740301194712,0.08329590138587889,-0.12643384657389412,-0.21099436057342846,1.251717955755699,0.12921845985868965,-0.7084455575269469,-0.32289805922167425,-0.7560784573292363
595610.1_6137484.86,-0.36175865296105425,-0.5139673629320687,-0.3122998045184288,-0.716214413783959,-1.0013738545989368,-0.6076423992609356,-0.48514729072416396,0.35153706509538324,-0.16505883457832507,-0.21099436057342846,0.2225580903596583,-0.34689714999627885,-0.7084455575269469,-0.25983495590369093,-0.5268983427725148
588185.15_6132355.28,-0.703899525848166,-0.824854318878357,-0.8212243416995988,2.0080864148248008,1.8786793664722319,-0.7384029318782892,-0.53605207161881,0.30449838617527075,-0.429800007254054,-0.21099436057342846,0.5291603159371813,-0.5069971615574893,2.422811665990336,-0.30539736503748005,0.32339790906011967
588623.1_6132595.66,-0.703899525848166,-0.824854318878357,-0.7400260674353992,1.3184237739185805,1.1497880792363848,-0.4622408582791204,-0.7426916046530975,0.7428508728463048,0.5193291445920732,-0.21099436057342846,0.6587025272258942,-0.360745321228918,1.2306862909566618,-0.2035103582874247,0.3470185475478185
589671.57_6132486.67,-0.703899525848166,-0.824854318878357,-0.3377255267627742,-0.716214413783959,-1.0013738545989368,1.218492861519773,2.0499700205091997,-1.6891450825227523,-0.8389500384221392,-0.21099436057342846,1.3484079450896669,-1.659846244333192,-0.24369494921269477,-0.32289805922167425,-0.7560784573292363
589089.17_6132827.71,-0.703899525848166,-0.824854318878357,-0.751508651674781,-0.716214413783959,0.2505112794823159,1.6786989049173988,1.7285620040145573,-1.3584657798723208,-0.836510611894166,-0.21099436057342846,1.1764592513058247,-0.8391596356014647,-0.24369494921269477,-0.32289805922167425,-0.7560784573292363
588248.89_6132734.86,-0.703899525848166,-0.824854318878357,-0.7187012681336902,1.5098485108045427,1.3520984562053895,-0.6794712561935036,-0.9943120088629747,0.8842209374237654,-0.1615958513429752,-0.21099436057342846,0.5324410641880213,-0.34097951997680026,1.7824199368211489,-0.2616045489360329,0.3018660172561368
588681.9_6132984.86,-0.703899525848166,-0.824854318878357,-0.6863039768868632,0.757155773606603,0.5561290829886849,-0.6915964267834154,0.05389720029339469,-0.15099946658192764,-0.32037218757626407,-0.21099436057342846,0.750249016506229,-0.5671930205655927,-0.7084455575269469,-0.30832704136730854,0.005627398139487035
589549.52_6132989.37,-0.3280264542257052,-0.22765222824613998,-0.014982891177294242,-0.716214413783959,-0.164153252035715,0.21954018693770067,0.8173706953795951,-0.7803530414742952,-0.8219730813346418,-0.21099436057342846,1.34840713238401,-1.0177148489889918,-0.24369494921269477,-0.32289805922167425,-0.7560784573292363
589114.91_6133234.86,-0.703899525848166,-0.529636350402443,-0.4033402938449557,-0.716214413783959,-0.0787811426055322,-0.14823206298608582,0.7394540754841983,-0.5728544757947117,-0.6974169482390719,-0.21099436057342846,1.2168955908106618,-0.7902210665315863,-0.24369494921269477,-0.31263000024080556,0.26525216853407557
588248.89_6133234.86,-0.703899525848166,-0.824854318878357,-0.5267780744183095,0.6904572590121909,0.48582263992853425,-0.7384029318782892,-0.27937075564685826,0.03282770657621258,-0.7074006886675346,-0.21099436057342846,0.5332022443051007,-0.800926378515621,0.19131162016944903,-0.31687382411374243,-0.18741199267473396
591712.99_6132234.86,1.0034316187138577,1.3235775313209068,0.9265890164520096,1.238052063832314,1.3069014570952926,-0.7238538682264996,-1.6692989946396761,1.7737941182858998,-0.21746799180294227,3.665573826642373,1.3484079450896669,0.27851568169384117,3.111804442816218,-0.24500205631929403,0.9005348835738664
591279.98_6132484.86,2.8746048714190056,1.9396536295878926,1.6360486855280967,2.1378150257109323,2.0157051891710966,-0.6976476197685095,-1.758411518467452,2.1251966188032765,2.3150171066482774,-0.21099436057342846,1.348407578061307,0.7717605910730462,-0.5191027171026219,0.241456741080271,0.8704105975113605
592146.0_6132484.86,-0.703899525848166,-0.824854318878357,0.03176763036876007,-0.716214413783959,-0.3686158670575815,-0.3766088185284632,-1.056848536462947,1.1121559893804034,-0.7075062354778375,2.0470640059570058,1.34840713238401,-0.26526788916954364,2.623988433941181,-0.2824011738166506,-0.6713467340344836
591712.99_6132734.86,1.2496766694819055,1.2142507323798868,0.800690682113074,0.917899193779136,0.9718697335331465,-0.53602173969762,-1.4506517480471612,1.6660464610699188,0.7358134803709127,0.6609973641365299,1.3484079450896669,0.44778994479139483,1.355047143388339,2.274054060983473,0.8708762335033339
591279.98_6132984.86,0.8526005015115111,1.4118936425175614,1.1410672863518905,1.700272769971589,1.7524147340376754,0.12448863684236598,-0.953222811896528,1.373413120614265,1.4822044110403125,-0.21099436057342846,1.348407578061307,0.6954020137541829,-0.7084455575269469,-0.07018118966127708,0.8704105975110504
592146.0_6132984.86,-0.703899525848166,-0.824854318878357,-0.17450879364584793,-0.716214413783959,-1.0013738545989368,-0.7384029318782892,-1.404396633680679,1.4178306649768042,-0.8376774133929347,3.9414566784818077,1.34840713238401,-0.2360032401058161,2.9648055467049677,-0.32289805922167425,-0.7560784573292363
591712.99_6133234.86,0.15530776479651023,0.7883391638669877,0.6366537644076203,0.6100855489259246,0.5740644000958661,-0.6548531915443564,-0.9792256613594023,1.0404635076991862,-0.022200663053284445,-0.21099436057342846,1.3484079450896669,0.0797047686634476,-0.15074482754984142,0.3222726587252133,0.8709127804268058
592579.02_6133234.86,-0.5554778514126302,-0.600146794019127,-0.32788331170044704,-0.716214413783959,-1.0013738545989368,-0.7384029318782892,-0.6388621283158388,0.5398622684737427,-0.8387235571967735,-0.21099436057342846,1.3484079450896669,-0.6620069068539728,-0.10810715706229725,-0.32289805922167425,-0.7560784573292363
592146.0_6133484.86,-0.703899525848166,-0.031433771514862895,0.15520541094211415,-0.716214413783959,-1.0013738545989368,-0.7384029318782892,-1.4798986470546063,1.5260616402241327,-0.6802275314031929,4.104539166965955,1.34840713238401,-0.09695507358851028,2.9364041206413196,-0.3063687315904409,-0.23783382598957553
591279.98_6133484.86,-0.703899525848166,0.5265958504414187,0.7756750521629924,-0.716214413783959,-1.0013738545989368,-0.07442028836027803,-1.2686547549357692,1.7008214842280256,1.7226390831776495,-0.21099436057342846,1.348407578061307,1.0631386887685799,-0.7084455575269469,-0.11374257253344765,0.8708851652097414
590846.97_6132234.86,1.3802684674430425,1.404771375485573,1.0200900595441182,1.5772140105448988,1.4231223119498275,-0.6706070769691265,-0.5485562767316713,0.5873278289502399,0.6575418838723125,-0.21099436057342846,1.348407305083963,-0.31191037153774925,-0.7084455575269469,0.11046870056168799,0.3394952072485571
589980.94_6132234.86,-0.5231913183373675,-0.03250211156966118,0.1949843634856866,-0.716214413783959,0.15868245589354799,-0.2334234162562795,0.5358214570952695,-0.6074874504963216,-0.8140005647584304,-0.21099436057342846,1.3484079450896669,-1.1662952681865484,-0.24369494921269477,-0.32289805922167425,-0.7560784573292363
590413.95_6132484.86,-0.05816886434291287,0.49454564879747126,0.2811037452810498,-0.716214413783959,0.2634247077994864,-0.3930634206112073,0.04860177912538303,-0.09891092504742073,-0.13657888718134284,-0.21099436057342846,1.3484081804940624,-1.0063126427147033,-0.24369494921269477,-0.29962083215537405,0.32444204063711374
590846.97_6132734.86,1.3807503559964047,1.5489972828833356,1.18617743872089,1.3320969694104348,1.1641363329221297,-0.47413860253103873,-0.533429042489502,0.6610371846545333,1.0136599108820565,-0.21099436057342846,1.348407305083963,0.14521636687894393,-0.7084455575269469,0.27039620973454126,0.38063711758865815
589980.94_6132734.86,-0.703899525848166,-0.824854318878357,-0.04861045930691225,-0.716214413783959,-0.11680401487275645,2.451472789075322,2.3302712628195654,-1.7863559655835939,-0.8285546569708732,-0.21099436057342846,1.3484079450896669,-1.5240842447487926,-0.24369494921269477,-0.32289805922167425,-0.7560784573292363
590413.95_6132984.86,-0.129488370240508,-0.33769125389035887,0.36148183495672187,-0.716214413783959,0.1041590918877168,1.3065417532066201,1.283114245593434,-0.988899093439668,-0.6750128578466932,-0.21099436057342846,1.3484081804940624,-0.9753400008919096,-0.24369494921269477,-0.31808463546206533,0.5112079852486717
590846.97_6133234.86,0.05266550293037678,1.2548476544622198,0.9987652602424095,-0.716214413783959,-0.294363654233851,-0.5166921211226043,-1.1261137146068676,1.4115601505489332,1.9191065665048472,-0.21099436057342846,1.348407305083963,0.8279602706456519,-0.7084455575269469,-0.0457119920352034,0.8233057039156857
589980.94_6133234.86,-0.048531093275670324,-0.08378243419997682,0.26634042268755875,-0.716214413783959,0.23365208140156554,2.0777080253503475,2.355949816136906,-1.696696296289435,-0.8055547683911742,-0.21099436057342846,1.3484079450896669,-0.826417098853998,-0.24369494921269477,-0.3199595657427444,0.5287125231477499
590413.95_6133484.86,-0.28706592718992424,0.5764517196653366,0.7900282824622196,-0.716214413783959,0.06936457669978517,-0.3039567837581407,-0.12352586848162962,0.2794067801405034,0.24341991207445254,-0.21099436057342846,1.3484081804940624,0.32432216615272025,-0.7084455575269469,-0.21037395834852626,0.8334228226060562
589980.94_6133734.86,0.29553733382488984,0.5493871049437812,0.6555180099437475,1.1896956407513652,1.0134796692218073,0.033621681639776926,-0.1677092703826618,0.3569109832604167,0.011388061608331187,-0.21099436057342846,1.3484079450896669,0.27536567162873843,-0.6808117375731276,0.09174630720768122,0.9071494056639782
589547.93_6133484.86,0.23289182188781318,-0.03713158514045352,0.3807561727871129,0.613086982082673,0.4036788875776441,-0.1716374462840027,0.1412359666486522,-0.12555015507885203,-0.19240204592846433,-0.21099436057342846,1.34840713238401,-0.3403901847603867,-0.7084455575269469,-0.30608345036668444,0.5744576348857421
588681.9_6133484.86,-0.703899525848166,-0.824854318878357,-0.5284184435953639,-0.716214413783959,0.13285559925920687,-0.7382153253446173,0.6103911339618534,-0.46865766023505034,-0.6270255352294877,-0.21099436057342846,0.7598846487602813,-0.7998510973020405,-0.24369494921269477,-0.29865982855575457,-0.19721688593711953
589114.91_6133734.86,-0.4147663938308885,-0.5299924637540424,0.010852923361314812,1.621235030177211,1.4697541364284987,-0.7384029318782892,-0.30251744425156,0.38191338521014984,0.014726253011905258,-0.21099436057342846,1.223771243198564,0.4357463507534211,-0.7084455575269469,-0.32289805922167425,-0.7560784573292363
588248.89_6133734.86,-0.15840168344223574,-0.1710302053418332,0.4414498323381306,-0.716214413783959,-0.07483537284195235,-0.6774886833053885,0.11735609226514161,-0.39734882936788324,-0.8389500384221392,-0.21099436057342846,0.5339645622100965,-1.0760382575696847,-0.7084455575269469,-0.32289805922167425,-0.7560784573292363
589547.93_6133984.86,-0.3053776922176852,-0.49117610842970627,0.3692735885477311,1.1896956407513652,1.0134796692218073,-0.13986806333484347,-0.3419363556827806,0.4281658764063544,-0.7572100203859304,-0.21099436057342846,1.34840713238401,0.5331472175300979,-0.5362432268673508,-0.32289805922167425,-0.7560784573292363
588681.9_6133984.86,-0.5159629900369356,-0.5784238795715626,-0.15482436352119333,1.1730210121027622,0.9959030584567695,-0.7065024044491676,-1.1916048825605683,1.311863386630658,1.2197122105737068,-0.21099436057342846,0.7694996907233019,0.5839203242078351,-0.7084455575269469,-0.32289805922167425,-0.7560784573292363
589114.91_6134234.86,-0.43645137873218426,-0.5424564310600218,0.018644676952323767,1.9797395461221756,1.8485480337321671,-0.5335174741681343,-1.7190275453591366,2.1332106534748987,1.8183125440136922,-0.21099436057342846,1.230666237981068,1.979668617320265,0.05374544010843013,-0.32289805922167425,-0.7560784573292363
588248.89_6134234.86,-0.3391098909530342,-0.14004834375268416,0.6571583791208021,-0.716214413783959,0.3244047859639028,0.8234653542324806,0.08779475856594393,0.151345966120607,-0.3674935310469889,-0.21099436057342846,0.534724604539257,-0.35919413373278825,-0.35199463225106065,-0.17356701792538223,0.7374174613405838
589547.93_6134484.86,-0.30296824945087447,0.14163731736245222,0.6329629337592478,1.2170420317350739,1.2294208871922696,-0.6956796686843797,-2.418460482286715,2.811125843697832,2.2547904953537756,-0.1019658472799541,1.34840713238401,2.32116948628221,2.661857002026047,-0.30917944271336756,0.8709083841645837
588681.9_6134484.86,-0.289957258510097,-0.21625660099495875,0.36886349625346726,1.1096574232380705,0.9288249724759117,-0.18218539751275276,-1.4948491563308441,1.8324202904493991,1.4061693575903884,-0.21099436057342846,0.77915279352732,1.3175420016533825,1.4490205691428915,-0.32204698101503354,0.7431121394059679
592579.02_6133734.86,-0.5935470471282385,-0.6247186152794864,-0.19419322377050224,-0.716214413783959,-1.0013738545989368,0.1742574558802095,-0.32073917039313105,0.4476873738761923,-0.6224111312903547,-0.21099436057342846,1.3484079450896669,-0.581686483542646,0.5297523934313935,-0.3053291603561049,-0.587690779353151
591712.99_6133734.86,-0.703899525848166,-0.824854318878357,-0.8532115406521622,-0.716214413783959,-1.0013738545989368,-0.6658232124200223,-0.8543497696310542,0.8618374862130159,-0.4779533002629082,-0.21099436057342846,1.3484079450896669,0.09447970476210316,0.398428368329753,-0.3021696946985213,-0.1767896213869286
592146.0_6133984.86,-0.703899525848166,-0.824854318878357,-0.33362460382013776,-0.716214413783959,-1.0013738545989368,-0.727852090739761,-1.5235398686120019,1.5830255610246946,-0.7945445911375179,4.765646979538103,1.34840713238401,0.18345043349118298,2.8985355525564533,-0.32289805922167425,-0.7560784573292363
591279.98_6133984.86,0.09748113839305478,0.4966823289070678,0.6731519785970839,0.6010812494556789,0.39112416560261715,-0.7384029318782892,-1.7959934982458445,2.038738843551188,1.5058581655772796,-0.21099436057342846,1.348407578061307,0.8777349296886424,1.1660485626738766,-0.15719077291442762,0.5816989169489711
591712.99_6134234.86,-0.703899525848166,-0.05992283964281603,0.09410165909683259,-0.716214413783959,-1.0013738545989368,-0.7384029318782892,-1.272724518124126,1.2243515787747505,-0.8388034541986749,1.5784726205990651,1.3484079450896669,0.02180069475597076,3.056034369818506,-0.32289805922167425,-0.7560784573292363
592579.02_6134234.86,-0.5684888423534077,-0.607981287754314,-0.8306564644676624,-0.716214413783959,-1.0013738545989368,1.5557561408883727,0.15826067075066,0.3168298085873114,-0.8327599375223466,2.279604989094736,1.3484079450896669,-0.21905474150650844,1.777330631896997,-0.32289805922167425,-0.7560784573292363
591279.98_6134484.86,-0.13189781300731868,-0.17637190561582436,0.14454301129125946,-0.716214413783959,-0.2380467585173018,0.7442910362447541,-0.4878072739493482,0.9157066477613721,-0.6415942362179514,4.403194227681428,1.348407578061307,-0.579058391811876,4.685219759147649,-0.2997543232840609,0.3510651684779972
592146.0_6134484.86,-0.581017944740823,-0.2946015383468298,-0.05189119766102125,-0.716214413783959,0.2741858980637953,-0.7384029318782892,-2.2019305713933517,2.4918093802853165,-0.8389500384221392,11.414054300442714,1.34840713238401,0.3056581573100045,5.2747881998817405,-0.32289805922167425,-0.7560784573292363
592579.02_6134734.86,-0.703899525848166,-0.824854318878357,-0.2175684845435294,-0.716214413783959,-0.022105540546839327,-0.7384029318782892,-2.2224346310096896,2.4467421258640742,-0.8389500384221392,10.856614932810137,1.3484079450896669,0.3562544300893774,4.976008671872714,-0.32289805922167425,-0.7560784573292363
591712.99_6134734.86,-0.703899525848166,-0.12081822276631583,0.4668755545824758,-0.716214413783959,-0.219752735067977,-0.7376829639603347,-0.9772095731403471,0.9941325481397807,-0.8389500384221392,1.4032971793095497,1.3484079450896669,-0.6511832889363622,3.139689479315071,-0.32289805922167425,-0.7560784573292363
590846.97_6133734.86,0.11820234618762632,0.7904758439765842,1.0077872907162093,0.6244257295637231,0.41587490321052717,-0.4305782190475396,-1.6998494876111425,2.113278374286748,2.042793753563932,-0.21099436057342846,1.348407305083963,1.3720828981479665,-0.026811331999376103,-0.03431711131037076,0.8388314019406161
590413.95_6133984.86,-0.2952580325970804,0.5379914776925999,0.6571583791208021,0.9922680375519054,0.8047125780942173,-0.43380165210318256,-1.2562513626950726,1.5707928272996998,1.0069735435778697,-0.21099436057342846,1.3484081804940624,0.9980532617560802,0.49990602409011164,0.058148719684398324,0.7250975176453409
589980.94_6134234.86,-0.3275445656723431,0.2666331037738464,0.4234057713905308,1.0883138985678587,0.9062264729208632,0.4647078972605541,-0.9071123387023899,1.335132274794556,0.7260574950402109,0.03359949339359652,1.3484079450896669,1.1419612739605893,1.2145133814613853,-0.031189589696597242,0.7362293265724834
590846.97_6134234.86,-0.703899525848166,-0.6168841215442993,-0.02646547541667575,-0.716214413783959,-1.0013738545989368,1.4236960346500014,0.2716126362087127,0.38055334379398176,-0.3205269267553704,1.8974969191574926,1.348407305083963,0.24108156208208426,3.021608398832264,-0.28047694418220465,0.5574506232041894
590413.95_6134484.86,-0.5212637641239191,-0.581272786384358,0.09205119762551424,-0.716214413783959,0.1063113299405785,0.3005503607058645,-1.2089204637380622,1.546060099541865,-0.6649437960159695,5.811510877553504,1.3484081804940624,0.44205239947431724,4.180730841939,-0.32289805922167425,-0.7560784573292363
590846.97_6134734.86,-0.14539069250145828,-0.18456251270261087,0.18309168695204125,-0.716214413783959,-0.2183179096994025,1.1468965133061204,0.30158601494110765,0.1388980406818967,-0.837733275559795,0.6424393325408416,1.348407305083963,-0.8219630012886628,2.9648055467049677,-0.32289805922167425,-0.7560784573292363
589980.94_6134734.86,1.5272444762184918,0.8235943856753297,1.1628021779478632,-0.716214413783959,-1.0013738545989368,-0.7384029318782892,-2.310795164272236,2.6007845486580985,-0.2080039612081486,7.96685030015368,1.3484079450896669,1.5312708512393547,4.788402921727509,-0.32289805922167425,-0.7560784573292363
590413.95_6134984.86,-0.5390936405983178,-0.2985187852144234,0.14044208834862304,1.133668888492059,0.9542931227681091,-0.05519736286526005,-0.3769501186432647,0.6646986223600946,-0.7412406609281069,0.2943052089058324,1.3484081804940624,0.3836761558041654,1.429407240718619,-0.32289805922167425,-0.7560784573292363
589980.94_6135234.86,-0.703899525848166,-0.5360463907312324,0.2519871923883318,2.545676442455762,2.4468702124277337,-0.73039948113172,-1.315215690913066,1.4018959583594535,0.05525663434801718,-0.21099436057342846,1.3484079450896669,1.5211049854234353,0.3796677933152325,-0.32289805922167425,-0.7560784573292363
590846.97_6135234.86,0.04640095173666915,-0.08983636117716678,0.38157635737564,-0.716214413783959,-0.2509601868344723,0.6418134112363688,0.008687335875078622,0.23261176757526353,-0.6459267967549326,-0.21099436057342846,1.348407305083963,-0.42666829377473686,-0.04574561604180629,-0.32157657277649526,-0.12465572045614275
588248.89_6134734.86,1.1778752750309482,1.7017699107194844,1.3621070329599894,1.2864084869132624,1.1157109767327404,0.8544034925406333,-1.0347860067630805,1.5054009826066304,0.40379945260254513,3.7490001888671047,0.5354891980200904,0.6801976873946252,3.2500357705368406,-0.21584909074794378,0.7501378569741252
589114.91_6134734.86,1.2376294556478524,1.587813638207672,1.2308774987956264,1.7192818466309967,1.6494660138424553,-0.6723063376537903,-2.6307237763829345,3.027660715139552,1.4925497624749018,3.9039281463093207,1.237566921703165,2.475800091478353,4.004125610779581,-0.32289805922167425,-0.7560784573292363
588681.9_6134984.86,1.8501098069711188,1.9503370301358753,1.648351454356006,1.7406253713012085,1.5956600625209114,-0.2914258178011593,-2.2063019861121673,2.6501060020312717,1.6256372918588575,3.0410048871939988,0.7888065202795495,2.3447216170929526,2.8466834077246532,-0.30978836328874615,1.0491389173105128
589547.93_6134984.86,-0.703899525848166,-0.5385391841924283,0.27413217627856795,-0.716214413783959,-0.079857261631963,-0.7317419413084426,-2.437414875109544,2.7736615761495114,1.2519863929495163,2.8138992679373978,1.34840713238401,2.4657039481074343,3.561235494041591,-0.32289805922167425,-0.7560784573292363
589114.91_6135234.86,1.9190198701019028,1.9439269898070857,1.6409697930592604,1.860015712425206,1.8230798834399695,-0.7046570070099655,-2.237655827768077,2.618548981557975,2.197231788970914,-0.21099436057342846,1.2444653298494244,2.4725870812119477,1.2249169730603475,-0.24290645803979616,1.5694578873400344
588248.89_6135234.86,2.571496971354226,2.174688441643506,1.9067095997420955,2.261540770283567,2.146274297711376,-0.5613052953205179,-1.9890736644912084,2.3026340223792316,2.1534674742897355,-0.21099436057342846,0.5362515159250862,1.6693798480891042,0.6610764185330369,0.38374686882245823,1.591369012857838
588681.9_6135484.86,2.5898087363819866,2.2013969430134623,1.937466521811868,1.783645913214604,1.6412157679731516,-0.7334921454774754,-1.820943872206245,2.068454417877056,1.5659297096807117,-0.21099436057342846,0.7985401124030498,2.0432894872721716,-0.37075520726558114,-0.13063858707643114,1.6173310776772607
589547.93_6135484.86,-0.13719858709430208,1.1063483868452642,0.970058799643955,0.6604429274447056,0.5955867806244837,0.11727996076957378,-0.7799944378265231,1.0967510405570173,0.22270972630006997,-0.21099436057342846,1.34840713238401,1.3777911386095019,-0.2729570245509975,-0.32289805922167425,-0.7560784573292363
588248.89_6135734.86,2.9165291755615104,2.2313104645478123,1.971914274530013,2.3112311636564034,2.199004130006489,-0.41049408687623257,-1.6043980917116476,1.926252277929225,1.9404784631262293,-0.21099436057342846,0.5375212872414691,1.369844557662551,-0.7084455575269469,0.7141367723959736,1.6198689076732478
589114.91_6135734.86,1.2540136664621648,1.320372511156512,1.2325178679726811,1.883026699960278,2.0673589024397785,-0.714596538112359,-1.4154164836518388,1.5957249724549498,0.7377838931565416,-0.21099436057342846,1.2513500845406698,1.6928191452059838,-0.7084455575269469,0.0719072908174741,1.571519523512295
591279.98_6134984.86,0.3601103999754151,0.0070264704578737415,0.5993353656296299,-0.716214413783959,0.11563769483631282,1.2324673314261234,0.3363482768302534,0.12222916704476652,-0.19343586585611758,-0.21099436057342846,1.348407578061307,-0.747025261843079,0.9800061937798822,-0.32289805922167425,-0.7560784573292363
592146.0_6134984.86,-0.581017944740823,-0.2946015383468298,-0.05189119766102125,-0.716214413783959,0.2741858980637953,-0.7384029318782892,-1.228583078160716,1.2287089380038707,-0.8389500384221392,2.8587059398082175,1.34840713238401,-0.3067744662383054,2.491448445644155,-0.32289805922167425,-0.7560784573292363
591712.99_6135234.86,0.2945735567181656,0.7701773829354176,0.7506594222129107,0.8498667088928358,0.6544146207360381,0.21236199071729067,-0.15494847751131624,0.35280168099304693,-0.6230944511697493,-0.21099436057342846,1.3484079450896669,-0.5175005284518134,0.2582357077667017,-0.30774805621095674,-0.3428537559457479
592579.02_6135234.86,-0.49331422802891545,-0.5673843656719808,0.15930633388475024,1.0402909680598822,0.9919572886931897,-0.7384029318782892,-1.89437557414446,2.06676686380354,-0.20456780145972484,5.267153718230245,1.3484079450896669,0.46310877151680996,4.028599633639438,-0.32289805922167425,-0.7560784573292363
591279.98_6135484.86,-0.703899525848166,0.038364445398622125,0.6801235475995657,-0.716214413783959,-1.0013738545989368,-0.5663709883062833,-0.6804810710559183,0.680850427610694,-0.5062904697648964,-0.21099436057342846,1.348407578061307,-0.021308026320946874,-0.5881571647867863,-0.31942308232580063,-0.34389132144406714
592146.0_6135484.86,0.5894893513757887,1.1412474953020069,0.8380090808910649,2.331574210607699,2.2208852168772504,-0.6988275535087164,-1.4826346725541384,1.6411219418182972,0.7481550053294312,-0.21099436057342846,1.34840713238401,0.7994814018704759,0.6926914616130609,-0.10847821230536604,-0.4764517439735278
592579.02_6135734.86,-0.5284920924243509,1.2338369667178546,0.9643175075242642,0.8308576322334283,0.754134983851966,-0.7166059688017754,-2.2271253285355828,2.5897310089262593,1.1855524159824553,3.8623267946753845,1.3484079450896669,1.5659704621136445,2.5558944949995883,-0.27551541016490405,-0.6483456419050883
591712.99_6135734.86,1.1499257389359447,1.3492176926360646,1.1004681492197903,1.0166129953788658,1.3025969809895694,-0.5731466388160107,-1.405258461116281,1.7088754555078047,1.4971985888295969,-0.21099436057342846,1.3484079450896669,1.2071729267732378,-0.7084455575269469,0.3731882090720834,-0.34399882581312446
592146.0_6135984.86,1.5147153738310766,1.6597485352307533,1.464220014231634,1.2280472866431518,1.0540134858840366,-0.5060649768281597,-1.5665455537822282,1.9256910431607424,1.8190042962158706,-0.21099436057342846,1.34840713238401,1.9528670872379577,-0.5708078773723417,-0.027043897536580496,-0.373851191816198
591279.98_6135984.86,0.8039297576219361,1.2972251433025503,1.0840644574492453,0.3776412255643984,0.4503107120563153,0.13378098612537587,0.2791747632003034,-0.14411936885077065,-0.20222841492239604,-0.21099436057342846,1.348407578061307,0.2584989510685088,-0.7084455575269469,0.026421326711466114,-0.29546957019203507
590413.95_6135484.86,-0.703899525848166,-0.6240063885762875,0.23968442356042258,2.1778341344675796,2.0580325375440447,0.14977736650056928,-0.6235124538892005,0.9067654931716128,0.2610346968442891,-0.21099436057342846,1.3484081804940624,0.4725833636953608,-0.6526754845292378,-0.32289805922167425,-0.7560784573292363
589980.94_6135734.86,-0.703899525848166,-0.5203774032608581,0.3709139577247856,1.1766894304054547,0.9998488282203494,0.4294926361697103,-0.5231708220250098,0.8873408923827977,0.3716483170466113,-0.21099436057342846,1.3484079450896669,1.0545109945341833,-0.7084455575269469,-0.317361678993035,1.9431749913037948
590846.97_6135734.86,-0.703899525848166,-0.5274996702928465,0.1908834405430502,0.5370506754450433,0.6447295494981603,-0.7384029318782892,-0.814051389730515,0.8886699774575184,0.8394881608851856,-0.21099436057342846,1.348407305083963,-0.10510282184490753,-0.7084455575269469,-0.32289805922167425,-0.7560784573292363
590413.95_6135984.86,-0.5954746013416868,0.6975302592091372,0.7752649598687288,1.4231404418318072,1.6182585620759598,-0.7285093311596303,-1.046752831351569,1.2761789722877892,2.0361308954195168,-0.21099436057342846,1.3484081804940624,0.3251520926140739,-0.7084455575269469,-0.32289805922167425,-0.7560784573292363
589980.94_6136234.86,-0.36127676440769213,-0.5011472822744898,0.39633967996913083,-0.716214413783959,0.1780525983693037,-0.6497132664101242,-0.0022226632881998504,-0.0120166723133229,-0.6935608291925076,-0.21099436057342846,1.3484079450896669,0.82533442892207,-0.24369494921269477,-0.32289805922167425,-0.7560784573292363
590846.97_6136234.86,-0.703899525848166,1.3898146147183976,1.3424226028353348,-0.716214413783959,-1.0013738545989368,0.20989828287737222,0.5893726821117012,-0.4197021742446833,-0.641923147718175,-0.21099436057342846,1.348407305083963,0.14225363519002274,-0.24369494921269477,-0.32289805922167425,-0.7560784573292363
590413.95_6136484.86,0.32975142111360106,0.7409760881042657,0.86794581837231,0.5663980218665846,0.7171882306111724,0.7440236782341049,-0.07195379466914258,0.5248259674935587,1.1182968596544902,-0.21099436057342846,1.3484081804940624,1.5571708006631013,-0.24369494921269477,-0.32289805922167425,-0.7560784573292363
589980.94_6136734.86,0.3870961589636945,-0.824854318878357,-1.5474977948404949,0.9699240351627775,0.7810379595127378,-0.6962250755223717,-0.08905194367393487,-0.004817831462787095,-0.8263293960534693,-0.21099436057342846,1.3484079450896669,0.7516140266995303,-0.24369494921269477,-0.32289805922167425,-0.7560784573292363
590846.97_6136734.86,1.5388098014991831,1.2035673318319045,1.4900558287702428,2.2385297827484942,2.122240972787753,0.3464204677423259,0.008199987568556695,0.23730887283980565,0.4342737221397407,-0.21099436057342846,1.348407305083963,0.8997987224104256,-0.24369494921269477,-0.32289805922167425,-0.7560784573292363
590413.95_6136984.86,-0.703899525848166,1.9364486094234983,1.6323578548797244,-0.716214413783959,-1.0013738545989368,0.8653464943597644,0.2147472249861746,0.2041407715767981,0.5756190114952263,-0.21099436057342846,1.3484081804940624,1.4742315832697614,-0.24369494921269477,-0.32289805922167425,-0.7560784573292363
588681.9_6135984.86,1.8872152255800025,1.9884411587570126,1.6922313298422147,1.124331096448841,1.320891004438894,-0.7268760916998055,-1.8197676347269627,2.12793029438932,2.2142855417478313,-0.21099436057342846,0.8098198481984741,1.9274792838950932,-0.7084455575269469,-0.14066138332224384,1.6173310776771392
589547.93_6135984.86,-0.10732149678585003,0.7463177883782568,0.9388917852799189,0.7111337985364586,0.6540559143938944,0.9344757359103566,0.46591110608066,-0.18993801017439438,-0.752410632464041,-0.21099436057342846,1.34840713238401,1.0237215628206013,-0.7084455575269469,-0.32289805922167425,-0.7560784573292363
588248.89_6136234.86,2.8283435702962407,1.8605964655328229,1.8665205549042592,2.036433283527426,2.2560384384073258,-0.730057515921418,-1.4180162025834506,1.623583755494603,2.140454577732154,-0.21099436057342846,0.5398071031685412,1.4471438046537675,-0.7084455575269469,-0.09950050844263737,1.6078442732434592
589114.91_6136234.86,0.8930791399939301,0.9211694440135691,1.111540641164909,1.10632249750835,1.0744597473862234,-0.7384029318782892,-1.0540429314993132,1.2139786007919418,1.3286864659192748,-0.21099436057342846,1.2582519060506843,1.6807321065847476,-0.7084455575269469,-0.2240666682648098,1.6162064920333423
588681.9_6136484.86,0.048328505950117624,1.5126737210201955,1.4305924461020163,-0.716214413783959,-0.1620010139828533,-0.2951675475598962,-1.0092710685259405,1.3121434091545974,2.02701497156349,-0.21099436057342846,0.8215432111733745,2.160315194533102,-0.7084455575269469,0.16109032584200678,1.617331077677261
589547.93_6136484.86,-0.3636862071745028,0.5251713970350208,0.6177895188714931,1.0943167648813559,1.1053084928105752,0.1573081931568099,0.24459028977395297,-0.16753973352798782,-0.5851695815104283,-0.21099436057342846,1.34840713238401,0.9172785560408224,-0.24369494921269477,-0.27298291377407563,1.6173310776772607
588248.89_6136734.86,1.9599803971376841,1.9574592971678633,1.6565533002412782,1.9293821676033944,2.1111210761813006,0.4455592306335215,-0.25604397650432104,0.5603300498217993,1.3481264036887577,-0.21099436057342846,0.5420940568835299,1.0183986569236436,-0.24369494921269477,-0.2509929430064678,1.6078442732433362
589114.91_6136734.86,1.333043389213554,1.7587480469753904,1.4277218000421705,-0.716214413783959,0.3039585244617162,0.22687850278664956,-0.356257460979541,0.7078274770666518,1.2998877814233107,-0.21099436057342846,1.2651355229540122,1.182728737556581,-0.24369494921269477,1.8931304137914606,1.6338038228308769
588681.9_6136984.86,1.709398349389377,1.9770455315058315,1.6791083764257786,0.9589187802546993,0.7695593565641419,0.23595377766182662,-0.5421826995079496,0.8857167779729338,1.615759816056646,-0.21099436057342846,0.8332466078054569,1.5842396871552393,-0.24369494921269477,-0.29663078901279805,-0.27316421220101694
589547.93_6136984.86,-0.3993459601233003,0.9329211846163498,1.1923288231348448,1.593221654047558,1.6186172684181035,0.6739544466117827,0.4646627623376649,-0.2458695289517531,-0.2727639408967208,-0.21099436057342846,1.34840713238401,0.6682447603130234,-0.24369494921269477,-0.32289805922167425,-0.7560784573292363
597342.16_6133984.86,-0.34248311082656907,-0.268961377031672,-0.7609407744428446,-0.716214413783959,-1.0013738545989368,-0.7384029318782892,0.02592537257843528,-0.3524543107847177,-0.8389500384221392,-0.21099436057342846,0.20341197818327306,-0.6209831351473439,-0.24369494921269477,-0.32289805922167425,-0.7560784573292363
598208.18_6133984.86,0.15916287322340736,-0.04567830557883953,-0.6502158549916635,-0.716214413783959,-1.0013738545989368,-0.6716221387773528,-0.1886355568774138,-0.003958794995637352,-0.13089681224503333,-0.21099436057342846,0.203413121576057,-0.2977599929902729,-0.24369494921269477,-0.1686672758706477,-0.6315864114004969
597775.17_6134234.86,-0.4070561769770944,-0.310270525817204,-0.9549144296295435,-0.716214413783959,-1.0013738545989368,-0.7384029318782892,-0.08327121687204228,-0.20163805219414568,-0.5612517273601955,-0.21099436057342846,0.20341327851232116,-0.48551409291349346,-0.24369494921269477,-0.2756711109191012,-0.6376918676313137
598208.18_6134484.86,-0.703899525848166,-0.824854318878357,-1.0541567648413428,-0.716214413783959,-1.0013738545989368,0.6587453017000389,0.806409327900482,-0.7434549384432598,-0.6025882565918577,-0.21099436057342846,0.203413121576057,-0.8741884181624641,-0.7084455575269469,-0.28724277808249954,-0.6070294050560805
597342.16_6134484.86,-0.35693976742743294,-0.32024169966198757,-0.9663970138689252,-0.716214413783959,-1.0013738545989368,0.1422859067445752,0.6848936495854288,-0.7989602599145869,-0.8389500384221392,-0.21099436057342846,0.20341197818327306,-0.9985149404180633,-0.24369494921269477,-0.32289805922167425,-0.7560784573292363
597775.17_6134734.86,-0.703899525848166,-0.5371147307860307,-1.008226427883816,-0.716214413783959,-1.0013738545989368,-0.5642248372820823,0.08286405124393442,-0.2929562066988724,-0.5448736304494808,-0.21099436057342846,0.20341327851232116,-0.7680591623852004,-0.7084455575269469,-0.2690209115059211,-0.6378939089814799
597342.16_6134984.86,-0.5574054056260788,-0.824854318878357,-1.084503594616852,-0.716214413783959,-1.0013738545989368,1.5230246859498606,1.402210672340545,-1.0869784178799762,-0.4374989170293346,-0.21099436057342846,0.20341197818327306,-0.6612915035264061,-0.7084455575269469,-0.27224426962654097,-0.6773254949305089
598208.18_6134984.86,-0.703899525848166,-0.824854318878357,-1.051696211075761,-0.716214413783959,-1.0013738545989368,2.8339738569211637,1.5758968092568058,-1.0030129050157002,-0.8146195887520423,-0.21099436057342846,0.203413121576057,-1.2986852745404118,-0.2251049248801241,-0.3196671359356123,-0.6110664463360117
598530.94_6135232.18,-0.703899525848166,-0.824854318878357,-1.1632413151154697,-0.716214413783959,-1.0013738545989368,2.9474014429134994,1.4196355802780556,-0.8426083470799755,-0.8379066853030946,-0.21099436057342846,0.20341348538285237,-1.359691719471883,1.9754892054878672,-0.32289805922167425,-0.7560784573292363
597775.17_6135234.86,-0.703899525848166,-0.824854318878357,-1.08204304085127,-0.716214413783959,-1.0013738545989368,-0.7384029318782892,-0.7012201414480239,0.48858383550676376,-0.7872140240002078,-0.21099436057342846,0.20341327851232116,-0.6180791831601278,-0.04574561604180629,-0.3129336741621665,-0.6974157480745093
599421.37_6134553.27,-0.703899525848166,-0.824854318878357,-1.2104019289557877,-0.716214413783959,-1.0013738545989368,-0.21647127409272268,-0.4351920873838281,0.34658225547633165,-0.8389500384221392,-0.21099436057342846,0.20341524378236134,-0.2092477518372898,-0.24369494921269477,-0.32289805922167425,-0.7560784573292363
598638.36_6134729.83,-0.703899525848166,-0.824854318878357,-1.5474977948404949,-0.716214413783959,-1.0013738545989368,3.7904627163451172,2.1568206749674608,-1.4070375602263576,-0.8389500384221392,-0.21099436057342846,0.20341249628312807,-1.5152735603463616,-0.28326777328697783,-0.32289805922167425,-0.7560784573292363
598973.48_6134787.97,-0.703899525848166,-0.824854318878357,-1.5474977948404949,-0.716214413783959,-1.0013738545989368,1.8103879670296288,0.6862551114090483,-0.3723711166441263,-0.8389500384221392,-0.21099436057342846,0.20341474138250196,-1.0211316237953654,1.0808442844829291,-0.32289805922167425,-0.7560784573292363
596043.12_6134734.86,-0.6017391525353946,-0.6307725422566764,-0.13431974880801162,-0.716214413783959,-1.0013738545989368,-0.6997679506683658,-0.013444607289609512,-0.2495404843083434,-0.6108224995280434,-0.21099436057342846,0.20341249628312807,-0.5232739357882418,-0.24369494921269477,-0.30382965056737726,-0.5581094365368267
596476.13_6134984.86,-0.38151608364890155,-0.21518826094016044,0.33236528206400406,-0.716214413783959,-1.0013738545989368,-0.7384029318782892,0.02916606270052003,-0.33781427959675425,-0.8389500384221392,-0.21099436057342846,0.203413121576057,-0.2411602288059608,-0.7084455575269469,-0.32289805922167425,-0.7560784573292363
596909.14_6135234.86,-0.4441615955859783,-0.824854318878357,-1.0459549189560702,-0.716214413783959,-1.0013738545989368,-0.05535152717417006,0.08130823962057918,-0.09070965873315777,-0.3181164671014382,-0.21099436057342846,0.2034139738271601,-0.5111340081091245,-0.7084455575269469,-0.30948400533294973,-0.6536237322258267
596043.12_6135234.86,-0.1574379063355115,-0.18634307946060796,0.39510940308633985,-0.716214413783959,-0.05223687328690385,-0.736410132937065,-0.002221655768952452,-0.17159637379642548,-0.8028699785154566,-0.21099436057342846,0.20341249628312807,-0.11298234702204128,-0.7084455575269469,-0.32289805922167425,-0.7560784573292363
596476.13_6135484.86,-0.703899525848166,-0.18634307946060796,0.39510940308633985,-0.716214413783959,-1.0013738545989368,-0.6437667868003072,-0.5960063639750652,0.4141354072400932,-0.818468704437541,-0.21099436057342846,0.203413121576057,-0.36422037201514845,-0.7084455575269469,-0.3185769252390051,-0.4700407033226538
596043.12_6135734.86,-0.17912289123680727,0.2780287310250277,0.5222380143080665,-0.716214413783959,-0.08416173773768654,-0.11345298483364602,-0.1869517302769889,0.28207878652035406,-0.28855329576455385,-0.21099436057342846,0.20341249628312807,-0.22859027197501,-0.1831494571203792,-0.2251499525956645,-0.4700407033226538
596909.14_6135734.86,-0.703899525848166,-0.824854318878357,-0.6112570870366182,-0.716214413783959,-1.0013738545989368,1.1450545006505077,0.3493604683826246,-0.15352396126576465,-0.7823924999646926,-0.21099436057342846,0.2034139738271601,-0.700710113854127,0.10951551310613923,-0.32289805922167425,-0.7560784573292363
596476.13_6135984.86,-0.703899525848166,-0.824854318878357,-0.6038754257398726,-0.716214413783959,-1.0013738545989368,-0.4021418677096416,-0.43409175208816897,0.3178490514104825,-0.8363965054859924,-0.21099436057342846,0.203413121576057,-0.7561864577821518,0.7494943137403602,-0.32289805922167425,-0.7560784573292363
596909.14_6136234.86,-0.703899525848166,-0.824854318878357,-0.8126124035200624,-0.716214413783959,-1.0013738545989368,-0.02397924041544257,-0.737912860447145,0.6765745013793437,-0.7852501550378493,0.7120857385806048,0.2034139738271601,-0.7875709469526524,3.3348847348070603,-0.3184035939125019,-0.4900071251948355
596043.12_6136234.86,-0.703899525848166,-0.824854318878357,-0.5263679821240459,-0.716214413783959,-1.0013738545989368,0.040890769251625804,-0.8308592834794926,0.8577805054003761,-0.8190106822323513,2.2689308606179845,0.20341249628312807,-0.31219181688148395,3.268796345551361,-0.3217748763814137,-0.47004070332263925
597342.16_6135484.86,-0.703899525848166,-0.824854318878357,-0.7297737600788083,-0.716214413783959,-1.0013738545989368,-0.6427079285909,-0.6627095310235949,0.471173454245266,-0.8385530855214083,-0.21099436057342846,0.20341197818327306,-0.472637119476544,-0.05182543201873578,-0.32289805922167425,-0.7560784573292363
598208.18_6135484.86,-0.703899525848166,-0.824854318878357,-1.1632413151154697,-0.716214413783959,-1.0013738545989368,0.6086911966121327,-0.15998989595813667,0.20404406101264283,-0.8389500384221392,-0.21099436057342846,0.203413121576057,-0.9790618365936657,2.4425635668436914,-0.32289805922167425,-0.7560784573292363
598521.39_6135657.94,-0.703899525848166,-0.824854318878357,-1.2809378035691326,-0.716214413783959,-1.0013738545989368,-0.5753284039699531,-1.7606730782282443,1.7536321962916577,-0.8389500384221392,7.495534577337954,0.20341430963262222,-0.856082360308896,5.354928657921802,-0.31361905097979415,-0.6047925940331
597775.17_6135734.86,-0.703899525848166,-0.824854318878357,-1.1632413151154697,-0.716214413783959,-1.0013738545989368,-0.3989094698165327,-0.7603462163371051,0.6058165867317385,-0.8389500384221392,-0.21099436057342846,0.20341327851232116,-0.6760860351737858,2.433950757405208,-0.32289805922167425,-0.7560784573292363
597329.68_6135970.34,-0.703899525848166,-0.824854318878357,-0.7269031140189629,-0.716214413783959,-1.0013738545989368,-0.3447286655951748,-0.6939306131857895,0.600374321669061,-0.8389500384221392,-0.21099436057342846,0.2034121828646969,-0.596983621309873,2.378956522803819,-0.32289805922167425,-0.7560784573292363
598149.77_6135882.98,-0.703899525848166,-0.824854318878357,-1.2809378035691326,-0.716214413783959,-1.0013738545989368,-0.24895959593933373,-1.5550948548740133,1.6053297820657402,-0.8389500384221392,7.247156347698299,0.2034138474062811,-0.9939011459138833,5.480075700552325,-0.32289805922167425,-0.7560784573292363
597798.51_6136023.79,-0.703899525848166,-0.824854318878357,-0.7269031140189629,-0.716214413783959,-1.0013738545989368,-0.687912264619371,-1.4010057325869945,1.2276164176607551,-0.8389500384221392,2.3684962723000305,0.2034141887426564,-0.7009533562980153,4.801431098820928,-0.32289805922167425,-0.7560784573292363
597222.66_6136450.67,-0.1323797015606808,-0.4452374860733818,-1.1103394091554608,-0.716214413783959,-1.0013738545989368,0.06545111283227963,-1.2146425813042327,1.2875658085121564,-0.8368770149530577,5.282549107593512,0.2034141887426564,-0.7551348930186201,5.073052009902368,-0.32289805922167425,-0.7560784573292363
597197.84_6136735.38,-0.3087509120912201,-0.49616169535209803,-1.1689826072351606,-0.716214413783959,-1.0013738545989368,-0.7384029318782892,-1.0883292887853977,0.8432237448672191,-0.8389500384221392,-0.21099436057342846,0.20341370518279084,-0.6012662596467946,3.381359795638484,-0.32289805922167425,-0.7560784573292363
596476.13_6136484.86,-0.5940289356816005,-0.6250747286310858,-0.767092158856799,-0.716214413783959,-1.0013738545989368,-0.4751336793314116,-1.4663380844842129,1.4508945260386217,-0.8352386882412288,5.515121703684505,0.203413121576057,-0.6455233541847306,4.507949696163222,-0.32289805922167425,-0.7560784573292363
596043.12_6136734.86,-0.5819817218475473,-0.6165280081926998,-0.6498057626973998,-0.716214413783959,-1.0013738545989368,-0.28431137185613964,-1.0941557236778512,1.0568807525220303,-0.7974773343257481,2.5856659679646974,0.20341249628312807,-0.031614420363670744,3.034289157869858,-0.3209792885362291,-0.4700407033226538
596895.46_6136718.59,-0.2022535417981895,-0.46411149370815075,-1.1320743007514333,-0.716214413783959,-1.0013738545989368,1.016553121494614,-0.12529971707210327,0.3568117383512503,-0.8163571832071453,1.9169778761794902,0.20341327851232116,-0.95642749007749,3.229510586981354,-0.32289805922167425,-0.7560784573292363
596475.88_6136984.45,-0.5299377580844373,-0.5859022599551503,-0.7949784348667261,-0.716214413783959,-1.0013738545989368,-0.025982759678414298,-0.3834767355342864,0.30047884171056993,-0.8362801362677083,-0.21099436057342846,0.203413121576057,-0.9562908471677617,1.1660485626738766,-0.32289805922167425,-0.7560784573292363
596768.02_6137056.71,-0.5299377580844373,-0.5859022599551503,-0.7949784348667261,-0.716214413783959,-1.0013738545989368,3.9712590826749037,1.9483907831179765,-1.16715262044702,-0.8389500384221392,-0.21099436057342846,0.20341335978288752,-1.1683884259163995,0.9274765837392255,-0.32289805922167425,-0.7560784573292363
596043.12_6137234.86,-0.47066546602089543,-0.5570570784755978,-0.3934980787826284,-0.716214413783959,-1.0013738545989368,0.0151105108396401,-0.36716296550143324,0.36875969980073153,-0.48543626611811663,-0.21099436057342846,0.20341249628312807,-0.3802109231091224,-0.4082763572946221,-0.31634103579479655,-0.19669913967468985
596360.04_6137354.52,-0.703899525848166,-0.824854318878357,-0.7568398515002082,-0.716214413783959,-1.0013738545989368,-0.6231131949540044,-0.5175435154618313,0.3216783127161665,-0.8389500384221392,-0.21099436057342846,0.2034146351056081,-0.8998604376912481,-0.7084455575269469,-0.32289805922167425,-0.7560784573292363
595986.62_6137707.43,-0.703899525848166,-0.824854318878357,-0.7568398515002082,-0.716214413783959,-1.0013738545989368,-0.5473154010892892,0.12590364494778825,-0.37899188082538904,-0.8389500384221392,-0.21099436057342846,0.20341240329084623,-0.6544056710275833,-0.7084455575269469,-0.3198306813587284,-0.1837353354076788
595879.79_6138132.89,-0.703899525848166,-0.824854318878357,-1.3346598941176688,-0.716214413783959,-0.2581343136773449,-0.5002145123809747,0.48652315915934125,-0.6677418875329459,-0.8389500384221392,-0.21099436057342846,0.2034141887426564,-0.7052207949335926,-0.24369494921269477,-0.24451505149671185,-0.2808407285026855
593012.03_6136984.86,0.84778161597789,0.9938165677398496,1.0122983059531094,1.0459603418004073,0.86138818015291,-0.28210045831488084,-0.7670703896802257,1.0657011483435406,1.4100052408169874,-0.21099436057342846,1.3484081804940624,1.5825726056380052,-0.7084455575269469,0.026083878777880057,-0.29594478441303945
593878.05_6136984.86,-0.10250261125222875,-0.3252272865843794,0.24911654632848632,-0.716214413783959,-0.1490875856656827,-0.6425989060944161,-0.9976627419710915,1.3165706932934922,1.6241546461774956,-0.21099436057342846,1.348407578061307,0.37994483911973315,-0.7084455575269469,-0.32289805922167425,-0.7560784573292363
593445.04_6137234.86,0.7032150499692511,0.7651917960130258,0.6657703173003384,0.6834539149797777,0.47828980674351806,-0.5707859021561664,-0.5249036707259739,0.6172231595386013,0.7212105630648799,-0.21099436057342846,1.348407305083963,0.7806515986487971,-0.7084455575269469,0.2442935709878891,-0.5298144413590556
593012.03_6137484.86,1.1248675341611143,1.1968011781515155,0.9470936311651914,1.0339546091734129,1.0102513121425145,-0.2870460047715591,-0.3281801027291843,0.4342149412530396,0.5120091033157045,-0.21099436057342846,1.3484081804940624,0.5400656459854848,-0.24369494921269477,-0.047536085486883026,-0.4273364626978679
593878.05_6137484.86,-0.703899525848166,-0.40891392421024164,-0.010061783646130446,-0.716214413783959,-1.0013738545989368,-0.7384029318782892,-0.2964919142563054,0.27864657211431787,0.06290609938153542,-0.21099436057342846,1.348407578061307,0.2928392274612983,-0.7084455575269469,-0.32289805922167425,-0.7560784573292363
593445.04_6137734.86,-0.5680069538000455,-0.25720963642889133,0.24378534650305897,-0.716214413783959,-0.04219309570688243,2.2034362087085833,1.6739125585888528,-1.2254006990855426,-0.7746532093256293,-0.21099436057342846,1.348407305083963,-0.5552124927013551,-0.24369494921269477,-0.3123917826999548,-0.6647658054942939
593878.05_6137984.86,-0.703899525848166,-0.824854318878357,-0.6670296390564724,-0.716214413783959,-1.0013738545989368,0.2964847786165487,0.49836907933314084,-0.3976701313364196,-0.5663696251263171,-0.21099436057342846,1.348407578061307,-0.1950004146466715,-0.24369494921269477,-0.32289805922167425,-0.7560784573292363
593012.03_6137984.86,0.575514583328287,0.5978185207613015,0.5169068144826394,0.646769731952851,0.565455447884419,3.0617992080415632,2.2093863931738533,-1.5612951033100073,-0.669500729382801,-0.21099436057342846,1.3484081804940624,-0.9923623981400415,-0.24369494921269477,-0.32289805922167425,-0.7560784573292363
593445.04_6138234.86,-0.5829454989542715,-0.6172402348958987,-0.3024575894561017,-0.716214413783959,0.3656560153104197,2.9378911537535686,2.1867063717915944,-1.5627165589928995,-0.7573858503863088,-0.21099436057342846,1.348407305083963,-0.806816926851346,-0.24369494921269477,-0.2150160057084442,-0.31731987041270626
593878.05_6138484.86,-0.5868006073811686,-0.620089141708694,-0.39800909401952833,-0.716214413783959,0.33588338891249886,0.13674600684306515,0.4904271471273269,-0.4952330795075005,-0.8389500384221392,-0.21099436057342846,1.348407578061307,-0.36330736909786676,-0.24369494921269477,-0.32289805922167425,-0.7560784573292363
595177.09_6137734.86,-0.5121078816100385,-0.5766433128135656,-0.5932130260890183,-0.716214413783959,-0.32987558210607,-0.7384029318782892,-0.12822511036994025,-0.07963129138361541,-0.41166717737437236,-0.21099436057342846,0.6248544744561282,-0.19467499694021195,-0.7084455575269469,-0.2864658681138128,-0.5222690615343433
594311.07_6137734.86,-0.703899525848166,-0.824854318878357,-0.45419173833364623,-0.716214413783959,-0.3305929947903572,-0.30543472668196686,0.2198192505831568,-0.3138608082774863,-0.822208349131575,-0.21099436057342846,1.3484079450896669,-0.24433987785465522,-0.24369494921269477,-0.32289805922167425,-0.7560784573292363
594744.08_6137984.86,-0.5270464267642646,-0.5844778065487527,-0.5645065654905639,-0.716214413783959,0.06219044985691257,-0.6687537944078633,-0.14012283752759996,0.00843388155252561,-0.44578031027071735,-0.21099436057342846,1.2418609333053396,-0.06319638933183738,-0.24369494921269477,-0.3052725229797386,-0.5857002486176601
595610.1_6137984.86,-0.703899525848166,-0.824854318878357,-1.3346598941176688,-0.716214413783959,-0.2581343136773449,-0.7209859522954732,0.04433276485320214,-0.3674757273752102,-0.8389500384221392,-0.21099436057342846,0.2185215326994594,-0.6821525545578933,-0.24369494921269477,-0.32289805922167425,-0.7560784573292363
595177.09_6138234.86,-0.703899525848166,-0.824854318878357,-1.3346598941176688,-0.716214413783959,-0.2581343136773449,-0.7384029318782892,-0.06734835177020894,-0.18895590306527618,-0.7294202347273109,-0.21099436057342846,0.606558844736211,-0.21193863543536268,-0.24369494921269477,-0.31319499170099074,-0.5771901847206737
594311.07_6138234.86,-0.703899525848166,-0.824854318878357,-0.8048206499290534,-0.716214413783959,0.2601963507201939,-0.45267416398525323,0.14592155158081413,-0.277581401745016,-0.8389500384221392,-0.21099436057342846,1.3484079450896669,-0.30496584934819343,-0.24369494921269477,-0.32289805922167425,-0.7560784573292363
595554.75_6138449.41,-0.703899525848166,-0.824854318878357,-1.3346598941176688,-0.716214413783959,-0.2581343136773449,-0.41873160345853644,0.3510819885311283,-0.5763875887563948,-0.8389500384221392,-0.21099436057342846,0.21736745582079248,-0.6587114796575583,-0.24369494921269477,-0.32289805922167425,-0.7560784573292363
594744.08_6138484.86,-0.703899525848166,-0.824854318878357,-0.748227913320672,1.0362890571842174,0.8513444025728885,-0.732304556812614,-0.17828251969017855,0.05781545323932008,-0.46841440624043845,-0.21099436057342846,1.2314630146058643,0.2016558683983981,-0.24369494921269477,-0.2991806389998226,-0.6401861561568366
594311.07_6138734.86,-0.703899525848166,-0.824854318878357,-0.8466500639439442,2.1668288795595014,2.158829019686403,-0.5791933306765698,-0.15804714083004967,0.09882848652667728,-0.19626564167024801,-0.21099436057342846,1.3484079450896669,-0.10330837166672809,-0.24369494921269477,-0.288052009108935,-0.6405751810426417
595177.09_6138734.86,-0.703899525848166,-0.824854318878357,-1.457687582396759,-0.716214413783959,0.14863867831352642,-0.6988887039980134,-0.09387030484883281,-0.12317163386166283,-0.4263274405959038,-0.21099436057342846,0.5882097389841512,-0.5001734730873614,-0.24369494921269477,-0.30602924591235486,-0.5777926847543712
592579.02_6138734.86,-0.2518880627944888,-0.2012998402277833,0.42791678662743077,1.3210917145023569,1.1522990236313901,-0.26985911969297505,-0.3511874206321138,0.5768130966229463,1.0241695593047033,-0.21099436057342846,1.3484079450896669,0.6812431351795474,-0.24369494921269477,-0.30354704637948543,3.0809139818364155
591712.99_6138734.86,1.190404377418364,1.427918743339535,1.31822715747378,1.3077520115834742,1.1383094762877888,-0.10117587191537955,-0.668495952658214,0.9956092245937584,1.4205372672280907,-0.21099436057342846,1.3484079450896669,2.000695795618683,-0.24369494921269477,-0.22486610726427175,3.0809139818355966
591279.98_6138984.86,1.9435961863233717,1.6159465929840258,1.6159541631091787,1.277737680015989,1.2139965144800937,-0.7213296965118849,-1.518248459879883,1.8478938427367777,2.315524197560589,-0.21099436057342846,1.348407578061307,3.03373631867427,-0.24369494921269477,-0.3218600303298554,4.2219869693121295
592146.0_6138984.86,0.1148291263140914,0.4001756106236266,0.6210702572256025,1.2844075314754304,1.1139174450220222,-0.556400104027928,-0.8245877006132855,1.0119728075666528,1.297308058215885,-0.21099436057342846,1.34840713238401,1.2855677328206052,-0.24369494921269477,-0.12186948657643706,2.4551486470159674
592579.02_6139234.86,-0.5222275412306433,-0.5802044463295597,0.09984295121652348,1.854346338684681,1.7161853934811695,-0.6836943969899754,-0.016430333880709972,-0.10313900020738283,-0.6803024949872363,-0.21099436057342846,1.3484079450896669,0.24255073344313713,-0.24369494921269477,-0.31462332606832744,-0.5624889681751096
591712.99_6139234.86,-0.3410374451664827,0.9389751115935399,0.7576309912153926,-0.716214413783959,0.09268048893912077,-0.5274164154879074,-0.9294847839575785,1.1343941145707197,1.3180408606228051,-0.21099436057342846,1.3484079450896669,1.9548655380679727,-0.24369494921269477,-0.28147993359645,4.2219869693121295
591279.98_6139484.86,-0.4827126798549487,-0.5627548921011885,0.3643524810165673,-0.716214413783959,-1.0013738545989368,-0.37708956626727685,-0.8695654926453871,1.123311649223755,1.5214346897228035,-0.21099436057342846,1.348407578061307,1.6498622301696781,-0.24369494921269477,-0.3227539123570872,4.2219869693121295
592146.0_6139484.86,-0.3410374451664827,-0.5068450959000804,0.39756995685192176,-0.716214413783959,0.13285559925920687,0.8294787623495725,1.249538036796011,-0.9169712640736768,-0.5143676567043617,-0.21099436057342846,1.34840713238401,0.22911541273601135,-0.24369494921269477,-0.32289805922167425,-0.7560784573292363
592579.02_6139734.86,-0.46873791180744695,-0.4804927078817238,0.1711990104183956,-0.716214413783959,0.553259432251536,-0.3204438039607688,0.0975253927045215,-0.11821832263946719,-0.40478141755586794,-0.21099436057342846,1.3484079450896669,0.03850008144819004,-0.24369494921269477,-0.24493125851967226,-0.6944359668969899
591712.99_6139734.86,-0.3636862071745028,-0.5146795896352675,0.5082948763031031,-0.716214413783959,0.04891831519759852,-0.26350227244129465,0.29173129558337635,-0.09881943429500446,0.05901534052622287,-0.21099436057342846,1.3484079450896669,0.9711932838679668,-0.24369494921269477,-0.32282432641690617,4.2219869693121295
593012.03_6138484.86,-0.5241550954440918,-0.5830533531423551,-0.14662251763592082,0.9889331118221849,0.8014842210149244,1.5096484291263068,1.2688563704871054,-0.9370555011128333,-0.6139575278936521,-0.21099436057342846,1.3484081804940624,-0.5578754146029414,-0.24369494921269477,-0.3191651429320676,-0.5158142216886824
593445.04_6138734.86,-0.703899525848166,-0.824854318878357,-0.4804376451665189,1.2707343359835757,1.0992104849941338,1.1742400243048052,1.0034420542470637,-0.7328387789897323,-0.6040789015714982,-0.21099436057342846,1.348407305083963,-0.1995470958411689,-0.24369494921269477,-0.2952083453142283,-0.224453734177738
593012.03_6138984.86,-0.703899525848166,-0.6343336757726705,-0.22700060731159286,2.198177181418875,2.079554918072662,-0.3238039282378531,-0.08289304280692003,0.08414176885184328,-0.1515520383697527,-0.21099436057342846,1.3484081804940624,0.2137050793690016,-0.24369494921269477,-0.2785431919516237,-0.6357602871994293
593878.05_6138984.86,-0.703899525848166,-0.824854318878357,-0.7478178210264083,1.101320108913769,1.0981343659677028,-0.7033452625115472,-0.13256289741393484,-0.0069939691336867145,-0.5228380035447399,-0.21099436057342846,1.348407578061307,-0.09385967480901608,-0.24369494921269477,-0.29865546588651976,-0.6399358408885956
593445.04_6139234.86,-0.703899525848166,-0.824854318878357,-0.4427091540942645,1.3977950062859306,1.2333666569558495,-0.7384029318782892,-0.05944647119804517,-0.1218379132083534,-0.7900951597952618,-0.21099436057342846,1.348407305083963,-0.11439267270895538,-0.24369494921269477,-0.30666907371129004,-0.6898160831350713
593012.03_6139484.86,-0.703899525848166,-0.824854318878357,-0.16302620940646612,1.6579192132041374,1.5081357150378665,-0.7384029318782892,-0.0814920064778378,-0.0919346206465658,-0.7080625531645629,-0.21099436057342846,1.3484081804940624,-0.16129345218224886,-0.24369494921269477,-0.30068105940081546,-0.7059433074733453
593878.05_6139484.86,-0.5227094297840054,-0.5139673629320687,-0.46895506092713707,-0.716214413783959,-1.0013738545989368,-0.573993364076689,0.032523431511701145,-0.17553544505098864,-0.7184116773830079,-0.21099436057342846,1.348407578061307,-0.2837862816739603,-0.24369494921269477,-0.3042615089238552,-0.7157593801202637
593445.04_6139734.86,-0.703899525848166,-0.824854318878357,-0.28769426686261085,-0.716214413783959,-0.35462631971398006,-0.7384029318782892,-0.04162390892141674,-0.14736254951945288,-0.8281383054747068,-0.21099436057342846,1.348407305083963,-0.16057110671940522,-0.24369494921269477,-0.32289805922167425,-0.7560784573292363
593012.03_6139984.86,-0.4359694901788222,-0.4626870403017531,0.050631875904887276,-0.716214413783959,-1.0013738545989368,-0.6209399025150265,-0.16249629318792735,0.06279114189840308,-0.4260105604933617,-0.21099436057342846,1.3376217940960553,0.22720830346769774,-0.24369494921269477,-0.25112894662361984,-0.6996236342274034
593878.05_6139984.86,-0.703899525848166,-0.824854318878357,-0.43778804656310094,-0.716214413783959,-1.0013738545989368,-0.6502980819159396,-0.09704587571136106,-0.029798506646027723,-0.4771094461015225,-0.21099436057342846,1.3414268454537592,-0.23706913240050967,-0.24369494921269477,-0.2864097555198864,-0.7011634345860369
595425.89_6138873.41,-0.703899525848166,-0.824854318878357,-1.4736811818730406,-0.716214413783959,-0.195719410144354,2.527854267019501,2.445862387278433,-1.931166523900906,-0.8389500384221392,-0.21099436057342846,0.22938268328867945,-0.6195956296722365,-0.24369494921269477,-0.2444982855154008,-0.4046418834448684
594744.08_6138984.86,-0.703899525848166,-0.824854318878357,-1.149298177110506,0.9899335895411009,0.8022016336992118,-0.7384029318782892,-0.2810770021606949,0.1768914199333769,-0.013266497739858604,-0.21099436057342846,1.2210429903125577,-0.38940919208331914,-0.24369494921269477,-0.2337764624568123,-0.674217631688161
594311.07_6139234.86,-0.540057417705042,-0.5257191035348494,-0.8589528327718532,-0.716214413783959,-1.0013738545989368,-0.7384029318782892,-0.010078653807304659,-0.18230432810121425,-0.7497202086706638,-0.21099436057342846,1.3484079450896669,-0.575604825221277,-0.24369494921269477,-0.31549278774147677,-0.6596688485117618
595128.91_6139216.13,-0.44175215281916763,-0.46589206046614784,-0.9635263678090797,-0.716214413783959,-1.0013738545989368,-0.2672392538150215,0.5807909332583535,-0.6927809033977832,-0.8324177429636658,-0.21099436057342846,0.6438894225109881,-0.680846331993368,-0.24369494921269477,-0.32289805922167425,-0.7560784573292363
594744.08_6139484.86,-0.18876066230404992,-0.3579897149315255,-0.6768718541187996,-0.716214413783959,-1.0013738545989368,-0.6051830668593382,0.10511480496459462,-0.2969486072501276,-0.8389500384221392,-0.21099436057342846,1.2106319464167443,-0.6453263275135132,-0.24369494921269477,-0.32289805922167425,-0.7560784573292363
594311.07_6139734.86,-0.4253679420048552,-0.4573453400277619,-0.562046011724982,-0.716214413783959,-1.0013738545989368,-0.018320779810820344,0.2761933242367908,-0.2669716758740196,-0.4406160459844911,-0.21099436057342846,1.3484079450896669,-0.427300129126948,-0.24369494921269477,-0.2903533885359537,-0.7230301734727193
595043.67_6139685.92,0.15338021058306175,-0.25578518302249365,-0.6965562842434541,-0.716214413783959,-1.0013738545989368,0.3674406141881149,0.602704773315962,-0.46567917511650525,-0.17279561507288446,-0.21099436057342846,0.7955454179002863,-0.5283807206242659,-0.24369494921269477,-0.318660986403844,-0.4242888550232063
594743.9_6139984.85,-0.30200447234415023,-0.4010794304750545,-0.7338746830214448,-0.716214413783959,-1.0013738545989368,-0.48811632699367374,-0.1599046272513996,0.1376750955442989,0.13784737226337684,-0.21099436057342846,1.1988372305069082,-0.33300026705045427,-0.24369494921269477,-0.1390558838475583,-0.7079937092942216
591279.98_6139984.86,1.157635955789739,1.5742813308468944,1.2152939916136083,1.414803127507506,1.4439272797941578,-0.1678650315824842,0.6549655933797858,-0.5691028028247932,-0.7085334232526194,-0.21099436057342846,1.3323546384360876,0.5092850857288209,-0.24369494921269477,-0.3227668665459713,2.680432794570081
592146.0_6139984.86,-0.08611840043791637,0.05082841270460166,0.514036168422794,-0.716214413783959,0.11061580604630204,0.3558656651497374,1.1960828784429347,-0.8982107760457898,-0.3772263090908316,-0.21099436057342846,1.3342029067463164,0.11114636912754489,-0.24369494921269477,-0.3063904483655673,-0.12166975725931874
592579.02_6140234.86,-0.16418434608258134,-0.17387911215462845,0.2872551296950043,-0.716214413783959,-0.16702290277286397,0.0733172714283786,-0.3476197789531527,0.6318389649799014,1.3509063865189763,-0.21099436057342846,1.2031556639140364,0.4288509953876328,-0.24369494921269477,0.2989753422366851,-0.7064576779980097
591712.99_6140234.86,0.2521673640222983,0.06542906012017763,0.6702813325372384,0.8865508919197624,0.8197782444642496,-0.22343405171834163,-0.40308367530387446,0.6247257849553607,1.0890655800425102,-0.21099436057342846,1.1930179735655004,0.9264189185799926,-0.24369494921269477,-0.30093987767850466,1.7579493301300755
591279.98_6140484.86,2.1305689450278775,2.1383648797803656,1.8648801857272044,2.040101701830119,1.9123977626337325,0.3802805695607332,-0.1243952997372788,0.4106956733849866,0.9169140381207818,-0.21099436057342846,0.9468550984366652,1.0746263921414485,-0.24369494921269477,1.61651282315009,1.7312177891745528
592146.0_6140484.86,0.20686984000625808,0.22852897515270912,0.8909109868510736,-0.716214413783959,0.10164814749271141,1.1432728081334869,0.8762895048219673,-0.47865191480776875,0.2515476973542499,-0.21099436057342846,0.9651030433076448,0.3158770788510075,-0.24369494921269477,-0.3001609293861797,0.6032811870074818
592579.02_6140734.86,-0.703899525848166,-0.08271409414517854,0.1646375337101776,-0.716214413783959,-1.0013738545989368,-0.16353115896786669,-0.0032552629140314916,0.058154029248526674,0.3378579221296175,-0.21099436057342846,0.7216847774215441,0.008925570283263387,-0.24369494921269477,-0.13255788579818278,-0.7066623705379367
591712.99_6140734.86,2.3054944898983307,2.0771133833052664,1.7943443111138593,1.3010821601240334,1.3194561790703196,0.15228199450979527,-0.29738700574913773,0.5081785176090236,1.0138405856203725,-0.21099436057342846,0.7032912979406863,0.915627661876896,-0.24369494921269477,-0.31215140846758493,1.7311630731166834
591279.98_6140984.86,1.8448090328841353,2.4026009866671303,2.169168668070821,1.4424830110641869,1.4794392076663765,0.11493169662923071,-0.39579963652405475,0.6054973550118232,1.070105473621265,-0.21099436057342846,0.4417109927930373,1.4780618478894076,-0.24369494921269477,1.7150502515834096,1.7312177891740783
592146.0_6140984.86,0.9827104109192861,1.5860330714496749,1.2288270373243082,0.6597759422987614,0.5815972332808823,1.9715398175563932,1.7575468547850934,-1.2595081411197935,-0.24646669497984025,-0.21099436057342846,0.459961210618223,0.028574271954867964,-0.24369494921269477,-0.29737655834012394,0.4582092317602851
594937.66_6140188.72,-0.42922305043175235,-0.459125906785759,-0.9253877844425618,-0.716214413783959,-1.0013738545989368,2.1034347883646065,2.6776801306193545,-2.0631099581399672,-0.8389500384221392,-0.21099436057342846,0.9555773744981869,-0.5020995923370525,-0.24369494921269477,-0.30241083072976954,0.23176468435779876
594311.07_6140234.86,-0.5337928665113344,-0.5214457433156564,-1.0311915963625795,-0.716214413783959,-1.0013738545989368,0.749326193167957,0.8448776277510524,-0.7324878298386637,-0.8389500384221392,-0.21099436057342846,1.2321487756381002,-0.42203389007772035,-0.24369494921269477,-0.32289805922167425,-0.7560784573292363
594732.38_6140485.82,-0.5415030833651284,-0.5267874435896477,-1.0402136268363795,-0.716214413783959,-1.0013738545989368,-0.5756169197185154,0.14252828430232004,-0.277398830295215,-0.5302103969593083,-0.21099436057342846,1.0112104764458612,-0.5917603959397524,-0.24369494921269477,-0.31336296806138,-0.656831381778779
594311.07_6140734.86,-0.703899525848166,-0.824854318878357,-1.1960486986565604,-0.716214413783959,-1.0013738545989368,-0.7384029318782892,-0.03394939568725509,-0.21456815331034873,-0.7380218446801554,-0.21099436057342846,0.758740254331885,-0.4317815323350873,-0.24369494921269477,-0.31265598530448796,-0.6576832082759677
594958.42_6140760.79,-0.703899525848166,-0.824854318878357,-1.1812853760630695,-0.716214413783959,-1.0013738545989368,-0.012053550240577759,0.4403657397916279,-0.5435554898359694,-0.8389500384221392,-0.21099436057342846,0.8237446787399146,-0.6290056555730515,-0.24369494921269477,-0.32289805922167425,-0.7560784573292363
594722.09_6140959.7,-0.703899525848166,-0.824854318878357,-1.1812853760630695,-0.716214413783959,-1.0013738545989368,-0.590925014219405,0.20050887797061376,-0.4400997498345069,-0.8389500384221392,-0.21099436057342846,0.5652693859142444,-0.684148934500066,-0.24369494921269477,-0.32289805922167425,-0.7560784573292363
594309.49_6141232.83,-0.703899525848166,-0.824854318878357,-1.0525163956642885,-0.716214413783959,-1.0013738545989368,-0.545092558218345,0.1037349640423947,-0.3634223119033379,-0.7646683044781029,-0.21099436057342846,0.3055274685684899,-0.5269138363075591,-0.24369494921269477,-0.32275653602323845,3.9749357066804984
593445.04_6140234.86,-0.47162924312761967,-0.4822732746397209,-0.19378313147623868,-0.716214413783959,-1.0013738545989368,-0.7340841504496095,-0.039842565840486344,-0.16246605088071175,-0.8389500384221392,-0.21099436057342846,1.217293674358438,-0.12979295108352001,-0.24369494921269477,-0.32289805922167425,-0.7560784573292363
593878.05_6140484.86,-0.703899525848166,-0.824854318878357,-1.0763017487315791,-0.716214413783959,-1.0013738545989368,-0.7297987631522457,-0.10522451203444419,-0.09269476520931433,-0.6395395303708008,-0.21099436057342846,1.0020433178804835,-0.11939167305706323,-0.24369494921269477,-0.30979761086273244,-0.660257750821766
593012.03_6140484.86,-0.2470691772608675,-0.22017384786255226,0.026026338249069168,-0.716214413783959,-1.0013738545989368,-0.7384029318782892,-0.42212174890427373,0.33059369389649335,0.07618700096260234,-0.21099436057342846,0.9832044279685626,0.41167459764742703,-0.24369494921269477,-0.15666161463649164,-0.6898720085610087
593445.04_6140734.86,-0.703899525848166,-0.824854318878357,-0.7392058828468719,-0.716214413783959,-1.0013738545989368,-0.7222027508961472,-0.22405374367066522,0.044332912980367824,-0.4176083839982623,-0.21099436057342846,0.7398103434036072,0.27152007079937646,-0.24369494921269477,-0.30074947888883463,-0.6609531491873213
593878.05_6140984.86,-0.703899525848166,-0.824854318878357,-1.0525163956642885,-0.716214413783959,-1.0013738545989368,-0.7384029318782892,-0.15634134823834192,-0.0813398052454482,-0.5491939797433855,-0.21099436057342846,0.49690669961541195,-0.0031323015781099545,-0.24369494921269477,-0.3104509567721848,-0.578525083806481
593012.03_6140984.86,-0.24321406883397045,-0.21447603423696163,-0.17532897823437504,-0.716214413783959,-1.0013738545989368,-0.7383779311310386,-0.11199622062493203,-0.14485392836897945,-0.692906823243407,-0.21099436057342846,0.4780657872506642,0.02585496485327628,-0.24369494921269477,-0.31694434170023256,-0.6595662351994385
593445.04_6141234.86,-0.703899525848166,-0.6336214490694717,-0.6075662563882454,-0.716214413783959,-1.0013738545989368,-0.5748106442117807,0.05539958594866248,-0.3212906637235426,-0.8389500384221392,-0.21099436057342846,0.2986610962632929,-0.16296997375940983,-0.24369494921269477,-0.32289805922167425,-0.7560784573292363
593012.03_6141484.86,-0.5786085019740124,-0.33341789367116587,-0.21305746930662944,-0.716214413783959,-0.3750725812161667,-0.48174057311126206,0.05991844174468578,-0.2918947762888592,-0.7196792416710716,-0.21099436057342846,0.22373664247227687,-0.06539064098589924,-0.24369494921269477,-0.32077677699797447,-0.5477115549153125
593878.05_6141484.86,-0.703899525848166,-0.824854318878357,-1.0972164557390245,-0.716214413783959,-1.0013738545989368,1.308121267443824,1.2029841558699808,-1.081326602730612,-0.8389500384221392,-0.21099436057342846,0.2237365564104548,-0.6760347016764279,-0.24369494921269477,-0.32289805922167425,-0.7560784573292363
593445.04_6141734.86,-0.703899525848166,-0.824854318878357,-0.39062743272278294,-0.716214413783959,-1.0013738545989368,1.6716388437593623,1.3742449132521306,-1.16881474130777,-0.8389500384221392,-0.21099436057342846,0.22373651741369155,-0.4528559625205987,-0.24369494921269477,-0.32289805922167425,-0.7560784573292363
592579.02_6141234.86,-0.007570566239889362,-0.12544769633710817,0.11788701216412328,-0.716214413783959,-0.2577756073352012,-0.7384029318782892,-0.6669686810425067,0.605768264492108,0.9707552101700196,-0.21099436057342846,0.2899693565790517,0.030682723136362642,-0.24369494921269477,-0.03641301785654966,-0.6596705633971923
591712.99_6141234.86,0.7287551432974441,1.4738573656958593,1.0996479646312631,1.1570133686001032,1.092036358151261,0.8042162572425201,0.4789760071214877,-0.11945323865280195,0.9228180134352418,-0.21099436057342846,0.27779957700913593,0.5718147855274874,-0.24369494921269477,-0.2873724581826646,1.7312177891734155
592146.0_6141484.86,-0.5193362099104705,-0.5880389400647469,0.13059987328629605,-0.716214413783959,0.22863019261155476,-0.1536825544429542,0.312151014051789,-0.4892252048787725,-0.8326850906431391,-0.21099436057342846,0.2237366901136432,-0.16381250943764167,-0.24369494921269477,-0.32289805922167425,-0.7560784573292363
591279.98_6141484.86,0.706588269842786,1.6252055401256102,1.2739371896933078,2.007752922251829,1.9981285784060592,0.20964639704755875,-0.24067548523299837,0.44137641658134397,1.1385519815603127,-0.21099436057342846,0.2237365564104548,0.869266735963894,-0.24369494921269477,3.1035151810823765,1.7312177891745524
592579.02_6141734.86,-0.5386117520449557,-0.824854318878357,-0.14744270222444794,-0.716214413783959,0.08191929867481199,-0.6307644897843327,-0.027913804160200655,-0.23946583405479688,-0.7127675913446823,-0.21099436057342846,0.22373701519590522,-0.09477634440468136,-0.24369494921269477,-0.3020844879572167,-0.6576832082759677
591712.99_6141734.86,0.22132649660712198,0.6426888030628275,0.6305023799936659,0.9976039187194584,0.8104518795685152,0.547591113544319,0.8853485908882249,-0.8218360833808582,-0.5667232389783315,-0.21099436057342846,0.22373701519590522,-0.2686471221892953,-0.24369494921269477,-0.30481424468244916,-0.5250198690770996
592146.0_6141984.86,0.05555683425054958,0.6501671834464152,0.6112280421632752,1.4184715458101984,1.2552477438266105,0.9252386669274396,0.5410774486650564,-0.3101602569430533,0.1704537471172083,-0.21099436057342846,0.2237366901136432,0.5428249706752617,-0.24369494921269477,-0.040902779185569664,-0.5250198690770143
591279.98_6141984.86,0.5947901254627721,1.0860499258040976,0.9889230451800822,1.4875045084154146,1.3284238376239104,1.4286137196196995,1.4903072716860755,-1.119883928241937,-0.2618041601554136,-0.21099436057342846,0.2237365564104548,0.18792822557667224,-0.24369494921269477,-0.31991972324234835,1.7312177891740776
592579.02_6142234.86,0.1659093129704772,0.36812540897967944,0.45252232428324884,-0.716214413783959,0.260913763404481,-0.6615605937376848,-0.7698507734251845,0.773580174550907,1.085768024093253,-0.21099436057342846,0.22373701519590522,0.9122622066789474,-0.24369494921269477,-0.1969362565391083,-0.5250198690770386
591712.99_6142234.86,0.7552590137323612,1.1711610168363575,0.9745698148808549,0.7981753600821663,0.5995325503880635,-0.38694278087706846,-0.4372586314984173,0.45411884801036595,0.7884019193211946,-0.21099436057342846,0.22373701519590522,0.6419683430196982,-0.24369494921269477,0.2056517952057862,-0.5250198690770863
594603.3_6141277.22,-0.703899525848166,-0.824854318878357,-1.0525163956642885,-0.716214413783959,-1.0013738545989368,0.00799799614666414,0.4759451404314931,-0.643913875221974,-0.8389500384221392,-0.21099436057342846,0.22373712186352293,-0.803011659484193,-0.24369494921269477,-0.32289805922167425,-0.7560784573292363
594193.2_6141640.66,-0.703899525848166,-0.824854318878357,-1.222294605489433,-0.716214413783959,-1.0013738545989368,2.1020844052427514,1.6472175053626803,-1.3548674930574918,-0.8389500384221392,-0.21099436057342846,0.22373651741369155,-0.6564392276054549,-0.24369494921269477,-0.32289805922167425,-0.7560784573292363
595167.01_6142478.8,-0.703899525848166,-0.824854318878357,-1.5474977948404949,-0.716214413783959,-1.0013738545989368,-0.48521279500721415,0.18810730392938071,-0.4424986902190037,-0.8389500384221392,-0.21099436057342846,0.4050630045322145,-0.7513313172687143,-0.24369494921269477,-0.32289805922167425,-0.7560784573292363
594776.58_6142660.51,-0.703899525848166,-0.824854318878357,-1.5474977948404949,-0.716214413783959,-1.0013738545989368,-0.33976665590205835,0.08712253588290636,-0.2573444296135033,-0.47705867897827403,-0.21099436057342846,0.2745593845765252,-0.2696606323721681,-0.24369494921269477,-0.32118385268950445,-0.7560784573292363
591712.99_6136234.86,1.3619567024152817,1.6893059434135047,1.5597715187950607,0.5830726505151876,0.6587190968417617,-0.5381573634147432,-1.0963087434555043,1.3944247801344343,2.0998850704774017,-0.21099436057342846,1.3484079450896669,1.4931837295410864,-0.7084455575269469,0.046574053511918935,-0.22530566042768815
592579.02_6136234.86,0.6882765048150252,0.9211694440135691,0.906084401738828,0.6714481823527835,0.4657350847684911,-0.5604006158435981,-1.7045425706913415,2.0706647205217035,1.585504693604868,0.963264872408516,1.3484079450896669,1.9807432874207818,-0.5348217453642625,-0.2223448846199986,-0.08059105523767589
591279.98_6136484.86,-0.703899525848166,1.2345491934210533,1.0545378122622637,-0.716214413783959,-1.0013738545989368,0.3767873377690331,0.8947044197422312,-0.6733452679406047,-0.5822528331994715,-0.21099436057342846,1.348407578061307,-0.35459442459107493,-0.24369494921269477,-0.25150215611299287,-0.2217182054988147
592146.0_6136484.86,1.359065371095109,1.4361093504263216,1.2341582371497353,0.44634069559664286,0.4872574652971087,-0.08932816737035208,-0.7335117905611102,1.078759644559553,1.61904927214527,-0.21099436057342846,1.34840713238401,1.679778214647925,-0.7084455575269469,-0.1320997557305334,-0.09075349339460032
591712.99_6136734.86,0.7668243390130522,1.148369762333995,1.0217304287211728,-0.716214413783959,-0.15877265690356068,0.9460731016150719,0.9974056644829038,-0.6126902999374905,-0.13340322743977703,-0.21099436057342846,1.3484079450896669,0.3387487630431037,-0.24369494921269477,-0.2757818988527608,-0.22203877870095048
592579.02_6136734.86,1.609165530290054,1.4086886223531667,1.2058618688455447,1.9570620511600754,1.824873415150688,0.13989799148555898,-0.5560682581240478,0.921088879343448,1.3322316386885784,-0.21099436057342846,1.3484079450896669,1.5025424261112272,-0.7084455575269469,2.24849905541323,-0.057339473745414905
591279.98_6136984.86,-0.703899525848166,0.5782322864233336,0.8035613281729195,-0.716214413783959,-1.0013738545989368,-0.21432430886912282,0.25616461865124496,-0.2539637102649859,-0.5194367934535091,-0.21099436057342846,1.348407578061307,0.039488251272316824,-0.24369494921269477,-0.3085789658061467,2.5355672181157516
592146.0_6136984.86,0.3976977071376613,1.1875422310099306,0.9651376921127915,1.249724303886336,1.0769706917812287,-0.4172768159652554,-0.9395440480360406,1.2282953065026632,1.8877412261908184,-0.21099436057342846,1.34840713238401,1.1997892365137597,-0.24369494921269477,2.301817859227176,-0.0764332577815692
591712.99_6137234.86,-0.4070561769770944,0.5401281578021963,0.622710626402657,1.5878857728800049,1.43424220855628,0.06511374232236712,-0.49142750636119753,0.8376516174146434,1.4984723492293037,-0.21099436057342846,1.3484079450896669,1.180926731798702,-0.24369494921269477,-0.31476157392700516,-0.0617928146858993
592579.02_6137234.86,0.39480637581748856,1.2619699214942082,1.0455157817884635,1.016946487951838,0.8308981410707018,-0.1397549388000625,-0.6399128271783469,0.9381230953072758,1.491837724386843,-0.21099436057342846,1.3484079450896669,1.1868670841130058,-0.24369494921269477,0.3305391448936391,-0.05733947374537953
588248.89_6137234.86,2.6312511519711297,2.3947664929319434,2.160146637597021,1.7803109874848837,1.7111635046911589,-0.39201791499777566,-1.0062799586325808,1.229477401348842,2.0570509457242743,-0.21099436057342846,0.5443787350226843,1.2894135228866828,-0.24369494921269477,1.1748530588308455,-0.47965011779637057
589114.91_6137234.86,1.9657630597780293,1.9499809167842759,1.6479413620617422,1.8056564230307603,1.664890386554631,-0.40645021626706007,-0.8466381024375506,1.0931192257415412,1.7053846417350347,-0.21099436057342846,1.2717392440295328,0.978439084797965,-0.24369494921269477,7.379885379512789,1.0593505667047343
588681.9_6137484.86,3.662974544719449,2.6006000101564046,2.3971799836814016,1.9190438978412605,1.7846983048306018,-0.5421846646159232,-1.0203678395464746,1.216101203061535,1.8667275683276883,-0.21099436057342846,0.8449818257964041,1.2317252274464514,-0.24369494921269477,3.025484683745274,0.7862570364338269
589547.93_6137484.86,1.4352037625263254,1.2698044152293952,1.1874077156036809,2.296557490445633,2.1835797572943134,-0.499091403928534,-1.0640486244598095,1.3341911738399328,1.7838484201556137,-0.21099436057342846,1.34840713238401,1.921365986583741,-0.24369494921269477,-0.2717326191938644,0.8073786924527605
588248.89_6137734.86,2.231765541233925,2.088152897204848,1.807057172236032,1.8056564230307603,1.664890386554631,-0.7384029318782892,-1.3474032626711423,1.542905976494299,2.319723975429655,-0.21099436057342846,0.5466679643135094,1.696768824492901,-0.24369494921269477,0.5541067887989235,-0.371043532035389
589114.91_6137734.86,1.0612582451173131,1.802906102573718,1.4785732445308615,1.8126597670631734,1.6720645133975034,-0.2394973387818988,-0.9341812056242512,1.26791490587814,1.9880320071956088,-0.21099436057342846,1.2767477864441523,1.5605908338132215,-0.24369494921269477,1.0371817623216877,0.8073786924527605
588681.9_6137984.86,3.0095336663604018,2.2234759708126255,1.9628922440562129,1.7269521758093542,1.581311808835166,-0.5668165248731031,-1.1494403949009686,1.3754296269517823,2.0083638646148336,-0.21099436057342846,0.8567295227516132,1.7206497322162437,-0.24369494921269477,4.04044618389302,0.9411993736191058
589547.93_6137984.86,0.6299679898582076,1.9147256949759341,1.6073422249296427,1.7036076957013098,1.5565610712272562,-0.7384029318782892,-1.4516117549618557,1.7525021774025695,2.24323414172688,-0.21099436057342846,1.34840713238401,2.6303211407688813,-0.24369494921269477,-0.32243679393547353,0.8073786924526803
588248.89_6138234.86,2.2269466557003033,2.0828111969308574,1.800905787822078,1.2867419794862345,1.2843029575402443,-0.7296331156489447,-1.3496986718023851,1.5490666749466984,2.3197239009953683,-0.21099436057342846,0.5489571936043356,1.7492234365434869,-0.24369494921269477,0.7287372520134267,0.2565459349012693
589114.91_6138234.86,1.4515879733406376,1.7940032687837328,1.4683209371742707,1.5175188399829003,1.3829472016297413,-0.3869038053069446,-1.1975768758655523,1.5573690686212005,2.319723975429655,-0.21099436057342846,1.26544634592613,2.058131622415955,-0.24369494921269477,-0.05332822396892967,0.873701728841017
592146.0_6137484.86,0.7152622638033044,1.0369062832833786,1.1960196537832175,1.1810248338540914,1.0041533043260729,0.5704211780135705,0.014323110172577577,0.33629393497681626,0.952109465569261,-0.21099436057342846,1.34840713238401,0.5395675713781328,-0.24369494921269477,-0.05062617154472683,-0.057339473745265684
591279.98_6137484.86,-0.703899525848166,0.7028719594831284,0.9134660630355734,-0.716214413783959,-1.0013738545989368,0.9077911267766816,0.2550701297097292,0.1884927592940445,0.7679905875712387,-0.21099436057342846,1.348407578061307,1.1877452535856547,-0.24369494921269477,-0.31899259669009294,0.6126763737921279
592579.02_6137734.86,1.9060088791611256,1.237041986882249,1.2739371896933078,1.2007008956594432,1.2383885457458603,0.1766799620069749,-0.10784187944413219,0.3446340840890536,0.696267827741364,-0.21099436057342846,1.3484079450896669,0.5698604459495301,-0.24369494921269477,0.7800661875160444,-0.057339473745414905
591712.99_6137734.86,1.4858020606293487,1.5194398747005844,1.451097060815198,1.6402441068366183,1.70434808419043,-0.07431483640072716,-0.5228488407588577,0.7989594932436932,1.2716588881861126,-0.21099436057342846,1.3484079450896669,1.138919597574976,-0.24369494921269477,1.354496266330597,-0.05733947374556399
591279.98_6137984.86,1.4347218739729632,1.748064646427408,1.4154190312142616,1.4421495184912145,1.3212497107810377,-0.22025574912375234,0.14622679571207142,0.1416874763556372,0.4380729210537,-0.21099436057342846,1.348407578061307,1.449701923938735,-0.24369494921269477,0.09359964068033634,2.6919332742595836
592146.0_6137984.86,1.0101780584609275,0.9913237742786537,1.093496580217309,1.050629237822016,1.0364368751189994,1.5574877629699817,0.8752321727908594,-0.420172575767148,0.18707474174358812,-0.21099436057342846,1.34840713238401,0.21562020294863674,-0.24369494921269477,1.5853998903712483,-0.05733947374530575
592579.02_6138234.86,0.11916612329435056,0.6786562515743683,0.6456757948814202,-0.716214413783959,0.31256747667316326,0.6882530866528916,0.9138675042632735,-0.7430159430454903,-0.7772970287463897,-0.21099436057342846,1.3484079450896669,-0.19463833015638485,-0.24369494921269477,-0.2886086475954063,-0.04126801458251517
591712.99_6138234.86,1.563868006274014,1.5532706431025287,1.5076897974235792,1.5198532879937046,1.5719854439394318,0.022367355724636172,-0.42046963889094785,0.737789532593853,1.2473003252030748,-0.21099436057342846,1.3484079450896669,1.2737791395974256,-0.24369494921269477,3.879009212351619,-0.053031494450742005
592146.0_6138484.86,0.2810806772240261,1.2146068457314863,1.048386427848309,1.6425785548474228,1.492352635983547,1.339107467241379,0.7221163928488878,-0.23137474339896758,0.33864113725812484,-0.21099436057342846,1.34840713238401,0.9140372123505522,-0.24369494921269477,-0.054878872570996086,-0.011723461450299654
591279.98_6138484.86,1.7228912288835165,1.5440116959609438,1.5503393960269976,1.678929245301377,1.7520560276955321,0.0666490865156663,-0.729051309802623,1.143767331728527,1.711500002951741,-0.21099436057342846,1.348407578061307,2.440511756500715,-0.24369494921269477,-0.3096035412642322,3.080913981837572
589980.94_6137234.86,1.0405370373227416,1.6878814900071073,1.3461134334837075,1.460158117431706,1.2993686239102766,0.6949941101666752,0.4924121915797369,-0.24722577580664096,-0.37922089233587414,-0.21099436057342846,1.3484079450896669,1.0467339696845648,-0.24369494921269477,-0.31490930230449604,0.8216828312279264
590846.97_6137234.86,-0.703899525848166,1.6002776055136512,1.2452307290948532,-0.716214413783959,-1.0013738545989368,-0.5490506531546616,-0.4532645150584433,0.48408013474951267,0.18453028823093187,-0.21099436057342846,1.348407305083963,1.1794496159678218,-0.24369494921269477,1.756485773211105,2.0734410340718865
590413.95_6137484.86,1.8645664635719825,2.2776052002557368,2.025226272784286,1.1520109800055225,1.134363706524209,-0.2304399789698786,-0.5029551275389755,0.7249122256822378,0.7379031116256621,-0.21099436057342846,1.3484081804940624,1.854870409033695,-0.24369494921269477,6.515153300506633,2.0123822065704133
589980.94_6137734.86,2.0284085717151066,1.992358405624606,1.6967423450791146,1.6499153914528082,1.6871301797675358,-0.5454585128929892,-1.3255482947236876,1.665173250560853,2.2547920875410736,-0.21099436057342846,1.3484079450896669,2.4854927335599766,-0.24369494921269477,0.5011187575677564,1.98129046478782
590846.97_6137734.86,2.042383339762608,2.022271927158957,1.73119009779726,2.4326224602182336,2.3274210004939073,-0.07677131018870498,-0.5261064509794099,0.8439104438436205,1.0703974834888184,-0.21099436057342846,1.348407305083963,2.270214656801601,-0.24369494921269477,-0.31368074384984973,3.080913981837126
590413.95_6137984.86,2.978210910391863,2.316777668931672,2.070336425153285,2.0741179442732687,1.9486271031902385,0.40003832407098366,-0.6087481939659111,1.074549878262477,1.527155733649893,-0.21099436057342846,1.3484081804940624,2.942172026102521,-0.24369494921269477,-0.32273990190517554,2.0123822065702726
589980.94_6138234.86,2.2712804026096194,2.2654973463013564,2.011283134779322,1.0382900126220498,0.8534966406257503,-0.7384029318782892,-1.5279782965136097,1.8500360816720187,2.3052144198949316,-0.21099436057342846,1.3484079450896669,3.031591311820413,-0.24369494921269477,-0.004268049627691528,2.012382206570555
590846.97_6138234.86,1.7561415390655033,1.830682943998472,1.5105604434834246,1.4378141150425778,1.2756940053287973,0.2661226597515568,-0.4998125726879504,0.9059585547953477,1.298359410387799,-0.21099436057342846,1.348407305083963,2.5433866407683023,-0.24369494921269477,-0.31362376069905207,3.0809139818369826
590413.95_6138484.86,3.6133400237231497,2.4332267349046806,2.2044366053774933,2.160826013246004,2.0400972204368633,-0.6864861394237683,-1.4928861725893392,1.8243837019275968,2.2945709923047835,-0.21099436057342846,1.3484081804940624,3.017146798999768,-0.24369494921269477,-0.3185371038035127,3.002270043176838
589980.94_6138734.86,2.029372348821831,2.2715512732785466,2.0182547037818037,1.5875522803070328,1.433883502214136,-0.7327144025509519,-1.4497502949217287,1.7497154596547473,2.194859733758054,-0.21099436057342846,1.3484079450896669,2.7561504317151075,-0.24369494921269477,0.3420211998138602,2.009407935985263
589547.93_6138484.86,1.7816816323936964,1.8737726595420012,1.5601816110893245,1.5028451667721296,1.5902794673887568,-0.7352206820882229,-1.431063936217877,1.7309515061673602,2.296083918306261,-0.21099436057342846,1.34840713238401,2.368773416166934,-0.24369494921269477,-0.23540453257538893,0.8384504140218546
588681.9_6138484.86,2.2399576466410815,2.1597316808763307,1.8894857233830227,1.3807868850643559,1.4181004231598167,-0.6082117327171107,-1.3143887417732876,1.6042844641709468,2.319723975429655,-0.21099436057342846,0.8684622449497095,2.178657753142351,-0.24369494921269477,0.5331929621220158,1.110992958259278
588248.89_6138734.86,2.686668335607775,2.2683462531141516,2.014563873133431,1.4631595505884543,1.565170023438703,-0.7273424848930763,-1.4008389908417347,1.6132956221087673,2.319723975429655,-0.21099436057342846,0.551245285107243,2.1267927540868423,-0.24369494921269477,7.02806669712467,-0.43372083885806206
589114.91_6138734.86,3.0085698892536774,2.28757637410052,2.0367088570236676,1.3774519593346348,1.4374705656355722,-0.242909261124945,-0.8869015599161242,1.200428431604881,1.8159123269262012,-0.21099436057342846,1.2859456639724989,1.6186951305826833,-0.24369494921269477,2.537314664819298,0.8055811238259024
589547.93_6138984.86,2.235620649660822,2.069278889570079,1.7853222806400595,1.6085623124042725,1.456123295427041,-0.08631441278314443,-0.7808698797497905,1.1234268051957192,1.618312397167184,-0.21099436057342846,1.34840713238401,1.9849839676375247,-0.24369494921269477,-0.13283246439372828,1.1321196722962883
588681.9_6138984.86,2.51126090218396,2.2747562934429415,2.0219455344301767,1.9280481973115065,1.7940246697263362,-0.7353723845090813,-1.4563687307699147,1.7138680910937862,2.319723975429655,-0.21099436057342846,0.8802367716780792,2.4936822597276462,-0.24369494921269477,0.23425450056894567,0.7475978855358032
588248.89_6139234.86,3.283728253223453,2.4082988002927217,2.1757301447790396,1.855346816403597,1.7890027809363256,-0.7351481872815938,-1.4504955677097071,1.6721200896986124,2.31927055677895,-0.21099436057342846,0.5535424789134938,2.4534034643597438,-0.24369494921269477,1.399184609395584,0.4821675518825234
589114.91_6139234.86,3.2736085936028485,2.3723313517811806,2.1343108230584122,1.9910782936032259,1.8603853430229067,-0.7206252312810829,-1.340585159129568,1.6078073644654713,2.0942717216026563,-0.21099436057342846,1.2905548428279343,2.260794737813619,-0.24369494921269477,5.14856794839163,0.33942897773859154
588681.9_6139484.86,2.7122084289359676,2.2893569408585175,2.0387593184949857,2.612708449623146,2.585689566837317,-0.7366845473850205,-1.4737162237725274,1.734900535032028,2.296708252709375,-0.21099436057342846,0.8920069307689571,2.668355484520732,-0.24369494921269477,4.0202193931990315,0.5496394133611854
589547.93_6139484.86,1.9946763729797574,1.7423668328018176,1.672956992011824,1.8183291408036986,1.6778038148718013,-0.49251213596654586,-1.0280832193584382,1.3695568478985414,1.9530712494076519,-0.21099436057342846,1.34840713238401,1.8624286871526181,-0.24369494921269477,0.9493171301028319,1.763796555535845
590846.97_6138734.86,1.6448252832388515,1.457120038170687,1.4863649981218705,0.8491997237468916,0.8660513626007772,-0.6513913165399466,-0.9542113698095265,1.1690063610541273,1.2314148450057123,-0.21099436057342846,1.348407305083963,2.6455380782798468,-0.24369494921269477,-0.31198985606904817,3.080913981837126
590413.95_6138984.86,2.0635864361105414,2.0486243151773134,1.7615369275727688,1.172020534383846,1.2398233711144346,-0.32645389030781125,-1.0565253330448086,1.3915728912868912,1.8136936726383757,-0.21099436057342846,1.3484081804940624,2.5289238580480102,-0.24369494921269477,4.771789852427963,2.867070747444541
589980.94_6139234.86,2.0510573337231266,2.0842356503372548,1.8025461569991321,2.2485345599376565,2.1326434567099186,-0.7232524686497871,-1.4190287383099156,1.7191805730840073,2.2435637511555893,-0.21099436057342846,1.3484079450896669,2.466288505530804,-0.24369494921269477,1.3008240306117171,2.4820958703489477
590846.97_6139234.86,1.8086673913819757,2.1002607511592286,1.8210003102409957,1.5848843397232564,1.632248109419561,-0.15490436905931126,-0.9183467557339592,1.26982846613627,1.6212109545444626,-0.21099436057342846,1.348407305083963,2.689808108623004,-0.24369494921269477,3.507588878101933,3.393837333502538
590413.95_6139484.86,1.6419339519186786,1.4763501591570556,1.4375640151044982,1.022949354265335,1.0522199541733188,-0.6906034299936208,-1.4077110288242012,1.7223819957388375,2.319723975429655,-0.21099436057342846,1.3484081804940624,2.3464967608602385,-0.24369494921269477,3.85699746750646,3.0809139818364155
589980.94_6139734.86,1.053066139710157,1.258408787978214,1.115641564107545,1.8920309994305236,1.756001797459112,0.5604157660575493,-0.07227446657862402,0.48357019662352707,0.9131528958150144,-0.21099436057342846,1.3484079450896669,1.5724971496347773,-0.24369494921269477,0.2251844918899774,3.0809139818364155
590846.97_6139734.86,1.4482147534671026,0.012012057380265556,0.4689260160537942,0.890219310222455,0.8664100689429208,-0.6196987814532621,-0.7842226766703375,0.9011888358742627,0.9105128690286576,-0.21099436057342846,1.348407305083963,1.5055333245568128,-0.24369494921269477,-0.036141306771714156,3.393837351111543
590413.95_6139984.86,1.1672737268569815,1.0027194015298349,1.1361461788207268,1.2637309919511626,1.1297005240763416,-0.6389758524800414,-1.0022468250703038,1.206961284018184,1.604033467576683,-0.21099436057342846,1.3250665790604337,1.4845255209234753,-0.24369494921269477,0.6476029145933808,3.0809139818362197
589980.94_6140234.86,2.1503263757157245,1.5091125875042017,1.4867750904161336,2.1668288795595014,2.2908329535952574,-0.3649885366827658,-0.38588280253070784,0.5952550788443032,0.48905520605715147,-0.21099436057342846,1.1611530851366432,1.7772554705575743,-0.24369494921269477,-0.32289805922167425,-0.7560784573292363
590846.97_6140234.86,2.05635810781011,1.927545775633513,1.6221055475231334,2.040101701830119,1.9123977626337325,-0.5911691940433051,-0.5156422140574032,0.7048336593199428,1.2075208874195458,-0.21099436057342846,1.1782570953477893,0.9686111645063115,-0.24369494921269477,-0.32101201671551494,1.7312177989324697
588248.89_6139734.86,3.4022728373505364,2.283659127232927,2.0321978417867674,2.2071814808891204,2.2043847251386435,-0.7099672723058456,-1.2754221913807429,1.4724369396730357,1.934809490929512,-0.21099436057342846,0.5558317082043189,2.641416509554806,-0.24369494921269477,2.510294385977051,0.5632225099689881
589114.91_6139734.86,1.718072343349895,2.061088282483293,1.7758901578719963,1.171353549237902,0.9941095267460515,-0.1438205014149655,-0.7650927166251588,1.0961685697439565,1.5163478914899566,-0.21099436057342846,1.2951606083196145,2.266852423836166,-0.24369494921269477,2.911757335279191,0.23141064044204127
588681.9_6139984.86,2.154663372695984,2.122339778958392,1.8464260324853412,1.1099909158110428,1.2498671486944561,-0.6747611512920634,-1.1737160675577751,1.388033706263374,1.789601553431218,-0.21099436057342846,0.8879974395519293,2.4202515250973358,-0.24369494921269477,1.5742688545531822,0.3214525066370884
589547.93_6139984.86,0.9109090164683288,1.2762144555581847,1.1714141161273992,1.2267133163512638,1.052937366857606,-0.4927675528782418,-0.36334415945294524,0.4955299635886573,0.2842281816619205,-0.21099436057342846,1.317307325059381,1.5074524418000044,-0.24369494921269477,-0.26338413300003105,0.2720735644689052
588248.89_6140234.86,2.162373589549778,2.2003286029586637,1.936236244929077,1.1550124131622708,1.0619050254111968,-0.690182204334966,-1.3752492834228607,1.5712633640285791,2.0429160007419838,-0.21099436057342846,0.46376873661492746,2.758150215882717,-0.24369494921269477,4.4505982353735405,0.27832204289470264
589114.91_6140234.86,1.7190361204566196,1.4386021438875176,1.466270475702952,0.5754023213368301,0.5776514635173025,-0.6337747661628362,-1.3575873115570918,1.6487168895761353,2.2340451808187836,-0.21099436057342846,1.122133786279997,2.404057973354723,-0.24369494921269477,2.667376853688147,0.27819229093449416
589547.93_6140484.86,1.2785899826836333,1.312538017421325,1.2353885140325263,0.8031777486767474,0.7874946736713231,-0.2776626184335383,-0.9635314543027935,1.241668251272185,1.7855395133987901,-0.21099436057342846,0.9109464108147732,2.1007996710321764,-0.24369494921269477,-0.21550563959988908,0.17227603460834137
588681.9_6140484.86,3.1078389312462757,2.38479531908716,2.1486640533576393,2.088791617484039,2.275767287225225,-0.7217588848984805,-1.2896544272189792,1.4670492742958168,1.8695962830631825,-0.21099436057342846,0.6674972608029416,2.427892882846795,-0.24369494921269477,0.42850702402471225,0.22801381642244295
589114.91_6140734.86,1.5812159941950508,1.823560676966484,1.5023585975981522,1.5291910800369222,1.3725447177075765,-0.5245814517708062,-1.188211164786587,1.4167023747950036,2.037688900013433,-0.21099436057342846,0.6394147464415626,2.102535565467701,-0.24369494921269477,0.9718222525964999,0.3190912089105679
588248.89_6140734.86,4.114986007773126,2.636211345316346,2.438189213107765,1.7673047771389732,1.7796764160405911,-0.6980333796563102,-1.3077290914597643,1.458191275000875,1.9625741591165222,-0.21099436057342846,0.24850438259286864,2.432406508380117,-0.24369494921269477,2.5811547116551754,0.326670331965334
590413.95_6140484.86,1.7151810120297226,1.902973954373153,1.5938091792189422,1.9173764349764004,1.8058619790170758,-0.09374861906477867,-0.4656979810027747,0.7102835658347005,1.2068236307987297,-0.21099436057342846,0.9285408198791824,1.385892501003399,-0.24369494921269477,2.9134028065367006,1.7312177891738039
590846.97_6140734.86,2.463072046847747,2.34277394359843,2.100273162634531,2.331907703180671,2.221243923219394,0.07870476013916847,-0.5654417246259886,0.8506997883271555,1.669022804219503,-0.21099436057342846,0.6848858005749459,1.0591345648632495,-0.24369494921269477,5.575316059109981,1.7312177891742642
589980.94_6140734.86,1.842399590117325,1.559680683431318,1.6344083163510423,1.9874098753005327,1.8567982796014708,-0.7384029318782892,-1.4171209493512837,1.6627167948976689,2.315451439701873,-0.21099436057342846,0.6672666568839675,2.3916294336423025,-0.24369494921269477,-0.32289805922167425,-0.7560784573292363
590413.95_6140984.86,1.8462546985442219,0.8328533328169144,1.3046941117630804,1.732288056976907,1.587051110309464,1.3399643650188848,1.0855234166351078,-0.6120575080793336,0.021390717647015483,-0.21099436057342846,0.42392709173209875,0.9311515717972891,-0.24369494921269477,-0.15222542814542953,1.731217789173677
589980.94_6141234.86,1.2043791454658657,1.2758583422065854,1.2173444530849264,0.6247592221366951,0.6189026928638193,0.2744666144264955,-0.5159544376620363,0.8303657147773947,1.628857653760185,-0.21099436057342846,0.26504269887358145,1.7743606279744644,-0.24369494921269477,3.44828024850572,0.31909120891062276
590846.97_6141234.86,-0.1323797015606808,2.0557465822093017,1.7697387734580414,-0.716214413783959,-1.0013738545989368,1.0078301455590453,0.7297812290064736,-0.5085572620018383,-0.23324719618991746,-0.21099436057342846,0.27119550037488954,0.7272821711751405,-0.24369494921269477,-0.2872397717746863,1.7312177891741711
590413.95_6141484.86,0.7167079294633908,0.9457412652739287,1.3604666637829346,1.1223301410110091,1.1106890879427298,0.22623661812760698,0.08770942141775617,-0.051692960631690585,-0.141401977885143,-0.21099436057342846,0.22373664247227687,1.214560772601552,-0.24369494921269477,-0.312483360894603,1.7312177891738036
589980.94_6141734.86,0.7302008089575305,0.8360583529813093,1.2181646376734536,0.9659221242871127,0.8782473782336604,1.9280867680208587,1.0635483645381925,-0.65724829151984,-0.10588678379756006,-0.21099436057342846,0.22373701519590522,1.0761150635648058,-0.24369494921269477,-0.28045684334185456,1.3687128425786108
590846.97_6141734.86,0.9952395133067014,0.8510151137484847,1.3387317721869618,1.38312133307516,1.2179422842436736,0.1416196864559597,-0.0012192054317290452,0.14498013946737504,0.39186442360020396,-0.21099436057342846,0.22373651741369155,1.0602339017092497,-0.24369494921269477,3.7886888367371014,1.731217789174264
590413.95_6141984.86,1.642415840472041,0.824662725730128,1.1406571940576267,1.3767849741886908,1.2114855700850884,0.09794806489925666,-0.5192248452201853,0.7885893192676671,1.4701981481717135,-0.21099436057342846,0.22373664247227687,1.776944588611845,-0.24369494921269477,-0.1770709580413855,1.731217789173677
588681.9_6140984.86,1.8872152255800025,1.9652937909030503,1.6655753307150782,1.6872665596256786,1.6318894030774171,-0.7199148916187585,-1.396931603016322,1.5860821752172913,2.319723975429655,-0.21099436057342846,0.2866698450227982,2.153322838857371,-0.24369494921269477,1.103150580066976,0.3190912089105129
589547.93_6140984.86,2.0582856620235583,1.6761297494043266,1.6869001300167876,1.50451262963699,1.3463591547310916,-0.5731402403686651,-1.1782623089346513,1.354535650637534,1.8729842176262153,-0.21099436057342846,0.40925028756416176,2.2266737398992573,-0.24369494921269477,1.9963743984310671,0.3190912089105129
589114.91_6141234.86,2.891952859340042,2.2526772656437775,1.9965198121858312,2.4046090840885803,2.29800708043813,-0.734090383734416,-1.3174381895143272,1.5390861462927168,2.2497859770632016,-0.21099436057342846,0.2480043248029497,2.242568790688082,-0.24369494921269477,0.425428624219159,0.31909120891062265
588248.89_6141234.86,2.6153488297101797,2.24519888526019,1.9879078740062945,1.6235694781880152,1.706859028585435,-0.7384029318782892,-1.4265045708947537,1.5891868512376721,2.319723975429655,-0.21099436057342846,0.060178295315136666,2.266259310829905,-0.24369494921269477,1.0002808274080706,0.31909120891032944
588681.9_6141484.86,2.459698826974212,2.1839473887850906,1.9173719993929494,1.4908394341451356,1.3320109010453465,-0.7189538097462518,-1.3512490043985186,1.5059839178046375,2.2300305873761777,-0.21099436057342846,0.13153822476166843,2.0190802432506674,-0.24369494921269477,-0.022104480686561973,0.31909120891056775
589547.93_6141484.86,2.0023865898335513,1.7085360643998733,1.7525148970989688,1.6402441068366183,1.4898416915885417,-0.7350445749922638,-1.2703169708657958,1.3963193690804092,1.9621547710320446,-0.21099436057342846,0.2237366901136432,2.012433388678904,-0.24369494921269477,-0.2251615104067645,0.3190912089105679
588248.89_6141734.86,2.705461989188898,2.27546852014614,2.022765719018704,1.6445795102852554,1.63511776015671,0.31847869783785615,-0.7197296955842092,1.0861684368848552,2.319723975429655,-0.21099436057342846,0.047524955880112255,1.507713109299572,-0.24369494921269477,1.2153162983788726,0.3190912089102733
589114.91_6141734.86,1.7908375149075766,1.5308355019517659,1.596679825278788,1.256060662772805,1.0834274059398141,-0.4549182556282835,-1.2134263991802259,1.464495591547713,2.319723975429655,-0.21099436057342846,0.21584702487919144,2.085730067325315,-0.24369494921269477,2.837246490004542,0.3190912089105679
588681.9_6141984.86,2.059249439130283,1.9695671511222435,1.670496438246242,1.6979383219607849,1.6935868939261207,-0.7300948743476736,-1.3665383081513613,1.5258796911668295,2.319723975429655,-0.21099436057342846,0.13448949980937028,1.8685685956601115,-0.24369494921269477,0.18537023292894309,0.3190912089105129
589547.93_6141984.86,1.430866765546066,1.3898146147183976,1.3321702954787438,0.6837874075527497,0.6680454617374959,1.9970564053892572,1.0923036671726805,-0.6232889246320885,0.39864761290547335,-0.21099436057342846,0.2237366901136432,0.2086124027791144,-0.24369494921269477,-0.2742176121498907,0.11002479069498783
589114.91_6142234.86,1.7065070180692041,1.3282070048916992,1.3379115875984346,1.5445317383936372,1.539343166804362,-0.008654395138391394,-0.6531666857826051,0.8857050224782813,1.7586912428991768,-0.21099436057342846,0.21680106004835473,1.0978890220271622,-0.24369494921269477,0.383434368984241,0.01644536282871981
588248.89_6142234.86,1.3262969494664842,1.325358098078904,1.185357254132363,0.8378609762658417,0.6415011924188675,-0.6991040345729713,-1.1956188131337309,1.3091639291303014,2.1765638863740078,-0.21099436057342846,0.048564894037077665,1.1080701656696763,-0.24369494921269477,0.14325884224991492,0.31909120891032944
588681.9_6142484.86,1.2236546876003507,0.9827770538402677,1.182896700366781,0.9479135253466214,0.7580807536155458,-0.6830804289195874,-0.960229568045934,1.0174860315359224,1.6433676893675138,-0.21099436057342846,0.13728977938951517,0.8569943634171343,-0.24369494921269477,0.31199988283988517,0.31909120891056764
589547.93_6142484.86,0.7056244927360619,1.0718053917401211,0.9409422467512369,0.8218533327631826,0.7656135868005619,1.8062263857970307,1.3519378217708535,-1.0764604584784385,-0.6697647922457499,-0.21099436057342846,0.2237366901136432,-0.0435305139942465,-0.24369494921269477,-0.21319992394654724,-0.050810516446449384
589114.91_6142734.86,-0.703899525848166,-0.824854318878357,-1.5474977948404949,-0.716214413783959,-1.0013738545989368,1.5789995069281562,0.9600083391897287,-0.6200349177866711,-0.05272803545639876,-0.21099436057342846,0.21738929640191218,0.543153638392106,-0.24369494921269477,-0.12930602894966642,0.01111557573333911
588681.9_6142984.86,0.5740689176682006,0.7196092870083008,0.7317951766767835,-0.716214413783959,0.1629869319992714,0.10107260632281329,-0.10083598400808018,0.1455979061317502,0.13730814862739849,-0.21099436057342846,0.13995653405206898,1.4184288240130398,-0.24369494921269477,-0.32289805922167425,-0.7560784573292363
589547.93_6142984.86,-0.005161123473078682,0.42545965858718504,0.6731519785970839,1.3944600805562102,1.2297795935344134,-0.15395653274579765,-0.3390670760628485,0.44178671381494067,0.9425602100800432,-0.21099436057342846,0.2237366901136432,0.6720508835856892,-0.24369494921269477,-0.22782651467206214,-0.25913360283382036
589114.91_6143234.86,0.00303098193407751,0.07433189391016298,0.5714490896197028,1.1866942075946165,1.0102513121425145,0.4062201349983489,0.33129731530520645,-0.28284551702486554,-0.45852907117497177,-0.21099436057342846,0.21791154105623073,1.1675609113136478,-0.24369494921269477,-0.32289805922167425,-0.7560784573292363
589547.93_6143484.86,-0.12418759615352461,-0.025023731186073456,0.3372863895951676,1.0189474433896704,0.8330503791235636,-0.5485104713364867,-0.2081389091814596,0.08906140382384385,-0.1517266055324547,-0.21099436057342846,0.2237366901136432,0.9429033045852308,-0.24369494921269477,-0.26653615381778334,-0.38699245636952456
588683.95_6143486.66,0.8482635045312521,0.9001587562692036,0.4389892785725487,-0.716214413783959,-1.0013738545989368,-0.6609413327392333,-0.29098716361899557,0.17072365325565309,0.3280921698896563,-0.21099436057342846,0.1263927734279728,-0.11628015872899922,-0.24369494921269477,-0.32289805922167425,-0.7560784573292363
596412.16_6142686.16,-0.703899525848166,-0.824854318878357,-1.4535866594541227,-0.716214413783959,-1.0013738545989368,-0.7384029318782892,-0.014977639689101253,-0.2731917951487413,-0.8389500384221392,-0.21099436057342846,0.47508005520078317,-0.3265015788747392,-0.24369494921269477,-0.32289805922167425,-0.7560784573292363
596062.48_6142813.75,-0.703899525848166,-0.824854318878357,-0.8056408345175807,-0.716214413783959,-1.0013738545989368,-0.7384029318782892,-0.040044316059089924,-0.23936838223933096,-0.7834187440056124,-0.21099436057342846,0.47508005520078317,-0.2791106556230071,-0.24369494921269477,-0.31815988923351984,-0.7560784573292363
596458.34_6142995.46,-0.703899525848166,-0.824854318878357,-1.385511338606359,-0.716214413783959,-1.0013738545989368,-0.7384029318782892,-0.1326054150747953,-0.11156525296230864,-0.5218158578675656,-0.21099436057342846,0.4750811297782613,-0.23962906531134423,-0.24369494921269477,-0.2947982092956001,-0.7560784573292363
596043.12_6143234.86,-0.703899525848166,-0.824854318878357,-0.907343723494962,-0.716214413783959,-1.0013738545989368,-0.7384029318782892,-0.03351269960545679,-0.2479241824244083,-0.7928806051327392,-0.21099436057342846,0.47508126410044593,-0.3034604000934465,-0.24369494921269477,-0.3160381832109493,-0.7560784573292363
596740.78_6143248.6,-0.703899525848166,-0.824854318878357,-1.4437444443917953,-0.716214413783959,-1.0013738545989368,-0.7381741186907002,-0.17687002741352348,-0.04498839340314604,-0.2920804191779525,-0.21099436057342846,0.47508005520078317,-0.4705529169035119,-0.24369494921269477,-0.20596411865080885,-0.7560784573292363
596472.14_6143483.3,-0.703899525848166,-0.824854318878357,-1.3859214309006231,-0.716214413783959,-1.0013738545989368,-0.37641906987726553,0.0935366724896349,-0.25935281125212145,-0.520475607117661,-0.21099436057342846,0.4750803886903452,-0.3511422468938021,-0.24369494921269477,-0.2563871299961571,-0.7560784573292363
596043.12_6143734.86,-0.703899525848166,-0.824854318878357,-0.7888270504527717,-0.716214413783959,-0.24880794878161058,-0.7384029318782892,-0.035140327093465255,-0.245503305184086,-0.8104310444310803,-0.21099436057342846,0.47508126410044593,-0.24203731494181194,-0.24369494921269477,-0.32289805922167425,-0.7560784573292363
596383.29_6143933.11,-0.703899525848166,-0.824854318878357,-1.387151707783414,-0.716214413783959,-1.0013738545989368,-0.4971809800446568,0.11008113430531664,-0.3429033938740904,-0.8389500384221392,-0.21099436057342846,0.4750795461903984,-0.23861315320707285,-0.24369494921269477,-0.32289805922167425,-0.7560784573292363
596022.24_6144211.04,-0.703899525848166,-0.824854318878357,-0.7658618819740083,-0.716214413783959,-0.20683930675080647,-0.7049672994467812,0.01823264863719728,-0.28659804921387005,-0.8389500384221392,-0.21099436057342846,0.4750806999472698,-0.18199605087212212,-0.24369494921269477,-0.32289805922167425,-0.7560784573292363
593012.03_6141984.86,-0.703899525848166,-0.6321969956630741,-0.2581676216756291,-0.716214413783959,-1.0013738545989368,-0.3372128132383523,-0.007226824526689608,-0.14355233640872375,-0.40171610829677595,-0.21099436057342846,0.22373664247227687,0.23359303815430177,-0.24369494921269477,-0.29676059180367076,-0.6185374327110221
593834.93_6141951.67,-0.703899525848166,-0.824854318878357,-0.5288285358896276,-0.716214413783959,-1.0013738545989368,2.4791382900393053,1.829571096986369,-1.4433304777480516,-0.7555567431348545,-0.21099436057342846,0.22373685590559744,-0.6244084132602097,-0.24369494921269477,-0.3161411326350854,-0.48457028442523964
593445.04_6142234.86,-0.22249286103939891,-0.06348397315881021,0.09451175139109613,-0.716214413783959,-1.0013738545989368,-0.6764809928792231,-0.13279059566099624,-0.07001724636597487,-0.4982501028210154,-0.21099436057342846,0.22373651741369155,0.2312341035335583,-0.24369494921269477,-0.3095375606892096,-0.6616817090091655
593012.03_6142484.86,-0.005643012026440801,0.032310518421432156,0.21999999343576826,-0.716214413783959,-0.2606452580723503,-0.7384029318782892,-0.6728383064597161,0.6022445192409127,0.5941827069103482,-0.21099436057342846,0.22373664247227687,1.0769568281592272,-0.24369494921269477,-0.28061500819770796,-0.6618577623111416
593768.38_6142541.58,-0.2735730476957846,0.2559497032258641,0.1966247326627411,-0.716214413783959,-1.0013738545989368,-0.5222197840075218,0.03372713943170944,-0.2839517491171862,-0.8389500384221392,-0.21099436057342846,0.22373745766898506,0.208517816365775,-0.24369494921269477,-0.30281068171499714,-0.6301925097972491
593445.04_6142734.86,0.8338068479303882,0.8517273404516834,0.6423950565273113,-0.716214413783959,0.00910191121965612,-0.41247373444501473,-0.7587781711458711,0.8470998278474441,1.3664259100111666,-0.21099436057342846,0.22373651741369155,1.078751978240436,-0.24369494921269477,0.014103282871788692,-0.7372353911617213
593012.03_6142984.86,1.6332599579581606,1.19395227133872,1.0356735667261365,0.7671605507957647,0.5668902732529936,-0.5737371612142509,-1.2427757068239407,1.4518473290879683,2.187094281788152,-0.21099436057342846,0.22373664247227687,2.080068995268465,-0.24369494921269477,0.9407570296174643,-0.6657878182285604
593877.81_6142985.27,0.2728885718168698,1.103499480032469,0.6731519785970839,-0.716214413783959,-0.10532541192416042,-0.05895354237957558,0.4806113632690084,-0.4954340589575514,-0.4568002216992553,-0.21099436057342846,0.2237365564104548,0.27244516229695065,-0.24369494921269477,-0.23549575600172054,-0.7560784573292363
593445.04_6143234.86,2.2389938695343568,1.3054157503893367,1.2255462989701993,1.161682264621712,0.9837070428238864,-0.3755776589100801,-0.9628544283102535,1.1339740097683928,1.758687393587253,-0.21099436057342846,0.22373651741369155,1.7730287070519655,-0.24369494921269477,0.4391248848260128,-0.7422347978594767
593012.03_6143484.86,1.056921248137054,0.9760109001598789,0.762552098746556,1.3477711203401215,1.1806368246607366,-0.7337628568840845,-1.0440365655046073,1.0918060077974552,1.4679625304585415,-0.21099436057342846,0.22373664247227687,1.5728735079801948,-0.24369494921269477,0.4194251411193099,-0.6641790628204358
592146.0_6142484.86,0.6940591674553708,1.0383307366897763,1.0918562110402543,1.5975570574961944,1.4446446924784448,-0.627748638891125,-1.23958463252037,1.409861764712154,2.1153397057732475,-0.21099436057342846,0.2237366901136432,1.9134911836439155,-0.24369494921269477,4.681803991028065,-0.5250198690770009
591279.98_6142484.86,2.0857533095652,1.6903742834683029,1.5556705958524246,2.010087370262633,1.8808316045250932,0.1829767514333517,0.3108001733667774,-0.1968339962491454,0.17228297291141878,-0.21099436057342846,0.2237365564104548,0.6659072528440786,-0.24369494921269477,-0.3073881051306367,0.36579873443590877
592579.02_6142734.86,0.5745508062215627,0.5707539060397459,0.721132777025929,0.9255695229574933,0.7344061350340666,-0.6955222034274646,-0.9637767115261113,1.004678493092271,1.2652015989080478,-0.21099436057342846,0.22373701519590522,1.7141336022001101,-0.24369494921269477,0.48291561691230867,-0.5286693334144704
591712.99_6142734.86,0.9533152091641962,1.4446560708647074,1.23579860632679,1.0422919234977144,0.8578011167314737,-0.30086204840474606,-0.8797063437836089,1.0588380839746045,1.6241411893864963,-0.21099436057342846,0.22373701519590522,1.8754469509715797,-0.24369494921269477,0.3088494166807171,-0.5250198690770996
592146.0_6142984.86,1.493030388929781,1.417591456143152,1.171824208421663,1.54986761956119,1.3940670982361938,-0.42986586342375893,-0.9970595712395652,1.1670309237450864,1.725988127105164,-0.21099436057342846,0.2237366901136432,1.9741945998293546,-0.24369494921269477,3.196724922426491,-0.5250198690770141
591279.98_6142984.86,1.8660121292320688,1.6006337188652509,1.4154190312142616,1.4128021720696733,1.2495084423523126,-0.4961678300108684,-1.0382271169364212,1.2338176089997421,2.0202352593646147,-0.21099436057342846,0.2237365564104548,1.7602952496985886,-0.24369494921269477,0.14090459745133238,-0.5250198690770248
592579.02_6143234.86,0.5600941496206988,0.7630551159034296,0.5693986281483844,1.5168518548369558,1.3596312893904055,-0.7179380253626276,-0.8423982384056263,0.8379447133994999,0.9126259186537446,-0.21099436057342846,0.22373701519590522,1.6737139730488733,-0.24369494921269477,0.020941068875592824,-0.5517783165690217
591712.99_6143234.86,1.0362000403424825,1.2281391530922638,0.9507844618135642,1.1670181457892648,0.9894463442981842,-0.43288528635428364,-1.1905458483796179,1.4172053136064142,2.2194464607272866,-0.21099436057342846,0.22373701519590522,2.0594404277675182,-0.24369494921269477,0.7889632149586538,-0.5250198690770863
591279.98_6143484.86,1.1306501968014597,1.2630382615490066,0.9938441527112457,0.7381466969471956,0.5360415278286418,-0.6231728593174756,-1.1356030546958333,1.268006487566098,1.9387317197776195,-0.21099436057342846,0.2237365564104548,1.557012766824809,-0.24369494921269477,-0.15943875031925236,-0.5250970107881079
592146.0_6143484.86,0.1962682918322913,0.6957496924511403,0.47138656981937577,0.7097998282445704,0.5062689014307209,-0.353109810292077,-0.9317657684689009,1.1123410879291378,1.9627697758888025,-0.21099436057342846,0.2237366901136432,1.1382868177752998,-0.24369494921269477,0.27902004982062417,-0.5250198690770009
594332.16_6142824.59,-0.2755006019092331,-0.3903960299270721,0.08877045927140523,-0.716214413783959,-1.0013738545989368,-0.6427724612511979,-0.06674607095035152,-0.19200402483239534,-0.6406507310808128,-0.21099436057342846,0.22373699046138548,-0.037220930341421155,-0.24369494921269477,-0.32289805922167425,-0.7560784573292363
595154.01_6142757.27,-0.5492133002189225,-0.5321291438636389,-0.4455798001541099,-0.716214413783959,-1.0013738545989368,-0.711406381388882,0.02633394620491987,-0.3217780473567962,-0.8373234409257573,-0.21099436057342846,0.40774284328121846,-0.5172218838833096,-0.24369494921269477,-0.32289805922167425,-0.7560784573292363
594744.08_6142984.86,-0.05865075289627499,-0.14859506419107016,0.2277917470267772,-0.716214413783959,-0.3273646377110646,-0.7384029318782892,-0.09457896464427244,-0.18977125048508828,-0.7099516295554409,-0.21099436057342846,0.2712499008597144,-0.06254675704775982,-0.24369494921269477,-0.319710845686746,-0.7560784573292363
595613.74_6143001.47,-0.703899525848166,-0.824854318878357,-0.907343723494962,-0.716214413783959,-1.0013738545989368,-0.009307724718600289,0.288503787551572,-0.3722028591831588,-0.483790704207099,-0.21099436057342846,0.47486695537057283,-0.36400953800814567,-0.24369494921269477,-0.24737256349970604,-0.7560784573292363
595177.09_6143234.86,-0.45138992388641025,-0.47123376074013906,-0.21551802307221135,-0.716214413783959,-1.0013738545989368,0.8706677604116377,0.8219606206104779,-0.7274812530747322,-0.5892819133285263,-0.21099436057342846,0.4206181298283672,-0.296079737621419,-0.24369494921269477,-0.29411796177385885,-0.7560784573292363
594311.07_6143234.86,0.44251334260033925,0.5992429741676991,0.6305023799936659,-0.716214413783959,0.04748348982902392,1.1868748138738732,0.7397270072650819,-0.5097046191427265,-0.03884732666781449,-0.21099436057342846,0.22373701519590522,0.24160573042360506,-0.24369494921269477,-0.2442866194164033,-0.7560784573292363
594744.08_6143484.86,0.07483237638503476,0.1434178841204493,0.3192423286475678,-0.716214413783959,-0.20612189406651912,-0.2418947169800527,0.18346833368917753,-0.36130847012880474,-0.7658863829247148,-0.21099436057342846,0.27430807160663034,0.10381267555559591,-0.24369494921269477,-0.313365299002786,-0.7560784573292363
595610.1_6143484.86,-0.703899525848166,-0.824854318878357,-0.7888270504527717,-0.716214413783959,-0.24880794878161058,-0.21982791302615484,0.2740081239700163,-0.4477597273834457,-0.8354201135322517,-0.21099436057342846,0.47501502473616514,-0.2909922213654802,-0.24369494921269477,-0.32289805922167425,-0.7560784573292363
595177.09_6143734.86,-0.703899525848166,-0.824854318878357,-0.9446621222729527,-0.716214413783959,-1.0013738545989368,-0.6934182590993063,-0.06152173382437107,-0.19215603355370295,-0.6548462431524155,-0.21099436057342846,0.4237663889972112,-0.21489122820299855,-0.24369494921269477,-0.3023046399334905,-0.7560784573292363
594311.07_6143734.86,0.5253981737786256,0.9653274996118966,0.514036168422794,1.2020348659513316,1.0263930975389777,-0.7274448671707398,-0.957576357465735,0.9785607118212282,1.2997251979450122,-0.21099436057342846,0.22373701519590522,1.3794552550378976,-0.24369494921269477,0.41760144015065587,-0.7560784573292363
593878.05_6143484.86,1.6139844158236751,1.4781307259150525,1.104569072162427,0.6991280659094644,0.49479029848212486,1.2095041658499908,0.36824629071269505,-0.0018648847282906464,0.780741490797527,-0.21099436057342846,0.2237365564104548,1.04158228655693,-0.24369494921269477,0.637120646724251,-0.7560784573292363
593445.04_6143734.86,0.9986127331802362,0.9963093612010455,0.8203751122377286,0.9265700006764095,0.7351235477183538,-0.09974495753242497,-0.38914046100485417,0.5273294562547292,0.9722385942580872,-0.21099436057342846,0.22373651741369155,1.3111489187258185,-0.24369494921269477,0.316926191985341,-0.7184608679886423
593012.03_6143984.86,-0.703899525848166,-0.824854318878357,-0.2626786369125292,-0.716214413783959,-0.2778631624952442,-0.7384029318782892,-0.16422023542245215,-0.10731138635944722,-0.6981131585843438,-0.21099436057342846,0.22373664247227687,0.42346988295548305,-0.24369494921269477,-0.3079239684398767,-0.6850385037068735
593878.05_6143984.86,0.5894893513757887,1.0030755148814343,0.557505951614739,0.7138017391202353,0.5102146711943008,-0.43167789354925273,-0.3236385839787113,0.2947560025740191,0.344904343028245,-0.21099436057342846,0.2237365564104548,0.9334336076604174,-0.24369494921269477,0.1599511927015388,-0.7560784573292363
593445.04_6144234.86,-0.703899525848166,-0.824854318878357,-0.10274264214971196,-0.716214413783959,-0.10783635631916581,0.6388092110941347,1.0103052353656545,-0.9113332356670472,-0.8308647791850476,-0.21099436057342846,0.22373651741369155,0.5357470452816693,-0.24369494921269477,-0.32289805922167425,-0.7560784573292363
593878.05_6144484.86,-0.703899525848166,-0.5385391841924283,0.03381809184007842,-0.716214413783959,-0.11142341974060212,-0.5937182867580645,0.06449763844163814,-0.34560487802280715,-0.8389500384221392,-0.21099436057342846,0.2237365564104548,-0.293551257320045,-0.24369494921269477,-0.32289805922167425,-0.7560784573292363
593011.66_6144438.71,-0.703899525848166,-0.824854318878357,-0.11832614933172987,-0.716214413783959,-0.1254129670842034,1.7128937856785698,1.8269920222972584,-1.4383035935368584,-0.7873121180573213,-0.21099436057342846,0.223736741284,0.501619894569873,-0.24369494921269477,-0.31068626885153616,-0.6985184459235351
594311.07_6144734.86,-0.703899525848166,-0.824854318878357,-0.3098392507528471,-0.716214413783959,-1.0013738545989368,-0.7384029318782892,0.5727473449558158,-0.7960959416713936,-0.8389500384221392,-0.21099436057342846,0.22373701519590522,-1.0459547725562306,-0.24369494921269477,-0.32289805922167425,-0.7560784573292363
593509.81_6144679.59,-0.703899525848166,-0.824854318878357,-0.18230054723685687,-0.716214413783959,-0.31839697915747395,0.5670507378232253,0.8904802040642791,-0.7931784778247346,-0.6627358504243013,-0.21099436057342846,0.22373706691353776,0.503219654889857,-0.24369494921269477,-0.31030474150328236,-0.7560784573292363
593878.05_6144984.86,-0.703899525848166,-0.824854318878357,-0.3098392507528471,-0.716214413783959,-1.0013738545989368,-0.5848493091762154,0.21416362275753695,-0.487232648209512,-0.7130693630813921,-0.21099436057342846,0.2237365564104548,-1.1596756914797233,-0.24369494921269477,-0.3192032494738825,-0.7560784573292363
591712.99_6143734.86,-0.31887057171182476,-0.25649740972569246,0.005931815830151308,-0.716214413783959,-0.07053089673622881,-0.7207281612025978,-0.31274112712192054,0.11375691750357114,-0.19585559517778395,-0.21099436057342846,0.22373701519590522,0.3975481731447449,-0.24369494921269477,-0.31034906521137984,-0.5250198690770996
592579.02_6143734.86,-0.3275445656723431,-0.27323473725086495,0.09861267433373254,0.7004620362013527,0.49622512385069933,-0.3189547843063892,0.0049313964224567495,-0.15653122607448453,-0.5210231782995248,-0.21099436057342846,0.22373701519590522,0.5188037828102012,-0.24369494921269477,-0.10808580809428246,-0.5250198690770502
592146.0_6143984.86,-0.5010244448827096,-0.3099144124656045,-0.06829488943156656,-0.716214413783959,-0.10962988802988397,0.04342663735320027,0.26689053777825367,-0.32548418020293884,-0.4160919948606645,-0.21099436057342846,0.2237366901136432,-0.006763174290803985,-0.24369494921269477,-0.32289805922167425,-0.7560784573292363
592579.02_6144234.86,-0.703899525848166,-0.824854318878357,-0.4422990618000009,-0.716214413783959,-1.0013738545989368,-0.6587166524264252,-0.07163974867734722,-0.19391617127971542,-0.6864336493292094,-0.21099436057342846,0.22373701519590522,0.04240570503878647,-0.24369494921269477,-0.292796593477227,-0.7142784689817854
591712.99_6144234.86,-0.41669394804433696,-0.5342658239732353,-0.06214350501761211,-0.716214413783959,-1.0013738545989368,-0.5740900301833336,-0.13853237514017916,0.023039953164390586,0.23528081246246135,-0.21099436057342846,0.22373701519590522,-0.6499936898971898,-0.24369494921269477,-0.19773283507474282,-0.6023225071707716
592146.0_6144484.86,-0.4330781588586493,-0.5346219373248348,-0.21469783848368396,-0.716214413783959,-0.27284127370523353,1.3618458014858152,1.4874585815690247,-1.2129075358969892,-0.5518229069005016,-0.21099436057342846,0.2237366901136432,-0.6467449997548732,-0.24369494921269477,-0.3144556975511939,-0.6429903369150048
591772.4_6144693.0,-0.41235695106407777,-0.5328413705668377,-0.280722697860129,-0.716214413783959,-1.0013738545989368,-0.1883863606327125,-0.20356179324576665,0.3414171780858786,1.326207206011638,-0.21099436057342846,0.22373679639053706,-0.29478109458302765,-0.24369494921269477,0.03474119390066601,-0.6034073441802524
592539.95_6144705.94,-0.4624733606137393,-0.5534959449596036,-0.5973139490316545,-0.716214413783959,-1.0013738545989368,1.8978414077178307,2.1048196192306516,-1.690348336631765,-0.8385461126575516,-0.21099436057342846,0.2237366901136432,-0.29478109458302765,-0.24369494921269477,-0.32289805922167425,-0.7560784573292363
592163.64_6144934.72,-0.3058595807710473,-0.4950933552972998,-0.39308798648836485,-0.716214413783959,-1.0013738545989368,-0.35268383454172125,1.051444924789352,-1.0511511358461159,-0.8263133493533392,-0.21099436057342846,0.22373692038024542,-0.29478109458302765,-0.24369494921269477,-0.32289805922167425,-0.7560784573292363
592452.73_6145027.71,-0.4624733606137393,-0.5534959449596036,-0.5973139490316545,-0.716214413783959,-1.0013738545989368,0.8072427509375896,1.9115562266991193,-1.6494961537790513,-0.8389500384221392,-0.21099436057342846,0.22373724275348875,-0.29478109458302765,-0.24369494921269477,-0.32289805922167425,-0.7560784573292363
594744.08_6143984.86,-0.703899525848166,-0.824854318878357,-0.9446621222729527,-0.716214413783959,-1.0013738545989368,-0.7384029318782892,-0.20604045403247712,-0.03878595641035557,-0.4642140312271347,-0.21099436057342846,0.27736969635258185,0.15102837850539,-0.24369494921269477,-0.22919800146040448,-0.7560784573292363
595610.1_6143984.86,-0.703899525848166,-0.824854318878357,-0.6637489007023633,-0.716214413783959,-0.010985643940386983,-0.7384029318782892,-0.38643079450523266,0.23796982938956615,0.13910170110382927,-0.21099436057342846,0.4750803886903452,0.015427507725311724,-0.24369494921269477,-0.20006827772535163,-0.7560784573292363
594311.07_6144234.86,-0.05238620170256736,0.07290744050376535,0.31555149799919496,2.099796872392117,1.9755300788510104,-0.7358073352167398,-0.3834797377646343,0.20742951753421585,0.02415131609920881,-0.21099436057342846,0.22373701519590522,0.34369483440264437,-0.24369494921269477,-0.031667252255842146,-0.7560784573292363
595177.09_6144234.86,-0.703899525848166,-0.824854318878357,-0.33485488070292874,1.4024639023075394,1.2383885457458603,-0.7384029318782892,-0.07690238239316519,-0.1893068315413037,-0.7385150541655062,-0.21099436057342846,0.42638216342047564,-0.05911423045494464,-0.24369494921269477,-0.32289805922167425,-0.7560784573292363
594744.08_6144484.86,-0.703899525848166,-0.824854318878357,-0.8240949877594442,0.8098476001361885,0.6117285660209467,-0.7384029318782892,0.1563419227413271,-0.43094878275142573,-0.8389500384221392,-0.21099436057342846,0.2804202683016178,-0.41437864165887656,-0.24369494921269477,-0.32289805922167425,-0.7560784573292363
595607.5_6144480.93,-0.703899525848166,-0.824854318878357,-0.6526764087572452,1.382454347929216,1.2172248715593865,-0.4891841651672763,0.041785603204997177,-0.18203104884470134,-0.3409634515901599,-0.21099436057342846,0.4750803886903452,-0.17297931650575418,-0.24369494921269477,-0.28186598712371685,-0.7560784573292363
595177.09_6144734.86,-0.703899525848166,-0.824854318878357,-0.6083864409767727,1.7262851906634098,1.580594396150879,-0.6801873137086925,-0.03421094449976588,-0.21895608343053155,-0.6650910915119753,-0.21099436057342846,0.4288978125069652,-0.27360758248370093,-0.24369494921269477,-0.3017731968550858,-0.7560784573292363
595478.02_6144842.53,-0.703899525848166,-0.824854318878357,-0.6526764087572452,1.382454347929216,1.2172248715593865,4.269616062361721,3.913581087729559,-2.882351780685755,-0.8389500384221392,-0.21099436057342846,0.47508005520078317,-0.5716575070530114,-0.24369494921269477,-0.32289805922167425,-0.7560784573292363
594744.08_6144984.86,-0.703899525848166,-0.824854318878357,-0.869205140128444,0.6437682987961025,0.43632116471271387,-0.6554729863876205,0.1916364358503605,-0.43410543004575025,-0.7475974725199653,-0.21099436057342846,0.2834715310504604,-0.5202833133852021,-0.24369494921269477,-0.3176450474779622,-0.7560784573292363
595119.55_6145214.49,-0.703899525848166,-0.824854318878357,-0.8536216329464258,0.7001285436283807,0.4958664175085558,2.8323696523064887,2.273762545763075,-1.7369344669905098,-0.8389500384221392,-0.21099436057342846,0.41798502601989207,-0.4032917499447911,-0.24369494921269477,-0.32289805922167425,-0.7560784573292363
594311.79_6145233.48,-0.703899525848166,-0.824854318878357,-1.3842810617235686,-0.716214413783959,-0.35032184360825663,-0.7384029318782892,1.136797767235195,-1.2165930144990103,-0.8389500384221392,-0.21099436057342846,0.22373701519590522,-1.3570954038843128,-0.24369494921269477,-0.32289805922167425,-0.7560784573292363
593638.01_6145078.98,-0.703899525848166,-0.824854318878357,-1.5474977948404949,-0.716214413783959,-1.0013738545989368,1.087121693233808,2.070820158366826,-1.7478782124115118,-0.8389500384221392,-0.21099436057342846,0.22373724275348875,-0.29478109458302765,-0.24369494921269477,-0.32289805922167425,-0.7560784573292363
593951.38_6145304.33,-0.703899525848166,-0.824854318878357,-0.3098392507528471,-0.716214413783959,-1.0013738545989368,-0.7384029318782892,1.1067006308715228,-1.2747472589052726,-0.8389500384221392,-0.21099436057342846,0.22373706691353776,-2.643417387976204,-0.24369494921269477,-0.32289805922167425,-0.7560784573292363
594465.43_6145662.26,-0.703899525848166,-0.824854318878357,-1.3842810617235686,-0.716214413783959,-0.35032184360825663,-0.7384029318782892,1.054196435585936,-1.1842151917533366,-0.8380135861185527,-0.21099436057342846,0.2237366901136432,-1.2922721012708762,-0.24369494921269477,-0.32289805922167425,-0.7560784573292363
594744.08_6145484.86,-0.703899525848166,-0.824854318878357,-0.9996144897042797,-0.716214413783959,-0.022822953231126562,0.5330905191032351,0.8445643850333554,-0.7623697311292698,-0.40891294110232135,-0.21099436057342846,0.2865290109975686,-0.4490378017590726,-0.24369494921269477,-0.2768464717766851,-0.7560784573292363
595051.64_6145665.22,-0.703899525848166,-0.824854318878357,-0.9971539359386977,-0.716214413783959,-0.015290120046110524,4.34263067311154,3.9488587126385672,-2.905466916088563,-0.8389500384221392,-0.21099436057342846,0.3966659874745834,-0.47840951068869386,-0.24369494921269477,-0.32289805922167425,-0.7560784573292363
594761.79_6145912.54,-0.703899525848166,-0.824854318878357,-1.385511338606359,-0.716214413783959,-0.3600069148461345,2.7178428588524,2.8972492355362007,-2.2537898885068244,-0.8259315396819314,-0.21099436057342846,0.2932276967289533,-0.6965349477356055,-0.24369494921269477,-0.32289805922167425,-0.7560784573292363
583918.76_6141234.86,3.141571129981625,2.2295298977898157,1.9698638130586947,1.5565374710206314,1.566963555149421,-0.5954290967430275,-1.2533405864303817,1.4277263807852763,2.319723975429655,-0.21099436057342846,0.04179733150137621,1.6295638319776806,-0.24369494921269477,0.11136863005927512,1.5244800495334174
584784.79_6141234.86,2.0929816378656314,2.3018209081644967,2.0531125487942123,1.293411830945676,1.3370327898353571,-0.6547002443974054,-1.3712037499132388,1.5467893682283138,2.285451648346784,-0.21099436057342846,0.04375546450809136,2.293169137554549,-0.24369494921269477,3.241110706425331,1.4841837312945976
584351.77_6141484.86,1.6212127441241073,1.7637336338977823,1.4334630921618614,0.9535828990871464,0.9169876631851719,-0.7384029318782892,-1.3953387621957745,1.5553228554903358,2.319723975429655,-0.21099436057342846,0.03818638499060656,2.1009054491479455,-0.24369494921269477,0.1362715816991141,1.484183731294017
583918.76_6141734.86,0.9369309983498837,0.47246662099830766,0.8224255737090467,1.017946965670754,0.9399448690823639,-0.7146120559283671,-1.373221669471822,1.5293952218619074,2.319723975429655,-0.21099436057342846,0.03818599264994449,1.980116285417348,-0.24369494921269477,0.04877377176378503,1.4841837312940172
584784.79_6141734.86,1.5807341056416884,1.802193875870519,1.4777530599423339,1.479167194091113,1.4708302554549297,-0.5401199519691569,-1.2408981807745507,1.4186794833465568,2.1529621082096377,-0.21099436057342846,0.03818599264994449,2.141953182157988,-0.24369494921269477,-0.09495973148197993,1.4841837312945287
585217.8_6141984.86,0.0960354727329685,0.7085697731087192,0.7395869302677928,-0.716214413783959,-0.15518559348212438,0.8490263145425153,0.5517365672563779,-0.26735380695201433,0.5362329841499281,-0.21099436057342846,0.03818638499060656,0.6514864845437484,-0.24369494921269477,-0.29590486063449595,1.2464304376315607
584351.77_6141984.86,0.8733217093060827,1.1255785078316327,1.0217304287211728,1.4694959094749238,1.411285002659088,-0.7275539901378716,-1.362460249622788,1.5115506632593687,2.319723975429655,-0.21099436057342846,0.03818638499060656,1.8496182017753358,-0.24369494921269477,0.11740596188061715,1.4841837312939026
583918.76_6142234.86,0.2107249484331552,-0.1938214598441957,0.5099352454801576,1.222711405475599,1.0486328907518825,0.07123988744401637,-0.12345212278539058,0.26964676778094276,0.9233853368687327,-0.21099436057342846,0.03818599264994449,0.7778969995693584,-0.24369494921269477,-0.12278014719404526,1.4841837312941313
584784.79_6142234.86,0.5509382671068184,1.1433841754116034,1.0348533821376091,1.126999037032618,0.9471189959252365,0.6008265475042865,-0.18369384527378424,0.4769047008372656,1.4389518524261764,-0.21099436057342846,0.03818599264994449,0.9159634129497093,-0.24369494921269477,-0.06135003491341721,1.4841837312945976
584351.77_6142484.86,-0.19743465626456821,-0.2116271274241664,0.4927113691210849,-0.716214413783959,0.2601963507201939,0.8238694753739373,0.4500690208633339,-0.15153320770073248,0.8946984889499795,-0.21099436057342846,0.03818638499060656,0.053403795736104404,-0.24369494921269477,0.4249176894291975,1.4841837312940167
586083.83_6141984.86,2.853401775071071,2.026901400729749,1.9661729824103225,1.5175188399829003,1.3599899957325492,-0.40778465189675334,-0.907688565524465,1.0799475759916088,1.8183964644652355,-0.21099436057342846,0.03818621286696131,1.6940127045752686,-0.24369494921269477,0.17202343821517102,1.1051917013775492
585650.81_6142234.86,2.3421180199538525,1.8509814050396387,1.7619470198670326,2.1668288795595014,2.0465539345954484,-0.27031640330469553,-1.0288246144784026,1.2565691474996301,2.2297807554087274,-0.21099436057342846,0.03818599264994449,1.5536113670675624,-0.24369494921269477,0.18325195046131343,1.1051917013777384
586516.84_6142234.86,1.3730401391426108,1.5126737210201955,1.448636507049616,0.9532494065141744,0.7634613487477003,0.4758182696490339,-0.16095119905327257,0.3899901849243053,1.0182268051548296,-0.21099436057342846,0.03818599264994449,1.2876757395562353,-0.24369494921269477,-0.07161989600363722,1.0564095932565367
586083.83_6142484.86,2.227428544253666,1.8107405963089052,1.7389818513882689,1.0836450025462498,0.9012045841308524,-0.6688633899326303,-1.3055738721950085,1.4594192188937674,2.2714531867539063,-0.21099436057342846,0.03818621286696131,1.7961883643864316,-0.24369494921269477,0.17968623362101616,1.1051917013776444
585650.81_6142734.86,0.4854014238495688,1.3196602844533132,1.160751716476545,1.0006053518762068,0.8136802366478079,-0.7241482566463371,-1.2529549587407123,1.3629877726189177,2.0382172609729445,-0.21099436057342846,0.03818599264994449,1.749797660600503,-0.24369494921269477,0.2031919983605567,1.105191701377644
586516.84_6142734.86,0.8015203148551254,1.6009898322168503,1.2460509136833808,-0.716214413783959,0.05501632301404009,-0.3527968861744769,0.2823471271287855,-0.27363764600287577,-0.38157834222095127,-0.21099436057342846,0.03818599264994449,0.7575422678640249,-0.24369494921269477,-0.278549183618362,1.0913524132487156
586083.83_6142984.86,1.076196790271539,1.5564756632669237,1.1947893769004267,-0.716214413783959,0.16585658273642032,-0.1257633554408526,-0.6550379511758488,0.8559504412886725,1.686004558474115,-0.21099436057342846,0.03818621286696131,1.3533342826857042,-0.24369494921269477,-0.20297810776045527,1.1051917013775492
586516.84_6143234.86,2.193214456964954,1.6871692633039086,1.6983827142561694,0.8331920802442327,0.6364793036288567,0.20181934679504693,-0.2934402572493213,0.5582418952161208,1.5508095771205168,-0.21099436057342846,0.03818599264994449,0.9330149396559965,-0.24369494921269477,6.306849878649786,0.9755556328213334
585650.81_6143234.86,-0.004197346366354444,0.6384154428436346,0.760501637275238,0.7818342240065356,0.5823146459651694,-0.7211023870683606,-1.1695915511371662,1.2692891398742598,2.015912381408558,-0.21099436057342846,0.03818599264994449,1.3611499743255377,-0.24369494921269477,0.04491612026008684,1.1051917013777388
586083.83_6143484.86,0.1794021924646167,0.9931043410366507,0.8814788640830099,1.1293334850434222,0.9496299403202418,-0.5157246444538615,-0.8986403826434145,1.0526987131790375,1.8216631864938462,-0.21099436057342846,0.03818621286696131,1.474776504058545,-0.24369494921269477,0.9406489057020018,1.095227066827466
583052.74_6142234.86,0.3827591619834353,0.4290207921031792,0.5755500125623391,0.8115150630010489,0.6138808040738085,-0.4105756805067456,-0.5650566065682375,0.5655880286974732,0.8978798629125002,-0.21099436057342846,0.03818599264994449,0.8225976979552808,-0.24369494921269477,0.7853473603713881,2.105166096931404
583485.75_6142484.86,-0.11936871061990326,-0.19168477973459913,0.277412914632677,-0.716214413783959,-0.08057467431625023,-0.685194880863967,-1.0540510248861317,1.1195190019642554,1.8154784934291681,-0.21099436057342846,0.03818621286696131,1.0115540239421479,-0.24369494921269477,0.32617061632505523,1.4841837312940172
582619.72_6142484.86,-0.48512212262175936,-0.5702332724847762,-0.08715913496769376,-0.716214413783959,-0.02389907225755748,-0.7170716200569202,-0.019990937040082552,-0.31727481699589666,-0.7892535860129186,-0.21099436057342846,-0.20929088324395576,-0.21963502113842917,-0.24369494921269477,-0.32041141227640635,4.2219869693121295
583052.74_6142734.86,-0.44753481545951324,-0.5538520583112031,0.005521723535887464,-0.716214413783959,0.09052825088625907,-0.3258422306863098,-0.2282762545961788,0.21581401122766278,0.5963494039963882,-0.21099436057342846,0.03818599264994449,0.25490543958630496,-0.24369494921269477,-0.12578503581882267,2.11956587786786
583485.75_6142984.86,-0.703899525848166,-0.824854318878357,-1.0434943651904884,-0.716214413783959,-1.0013738545989368,-0.42702788322585766,-0.021529570547979885,-0.17559973116322491,-0.3405796395439366,-0.21099436057342846,0.03818621286696131,-0.19433307918102882,-0.24369494921269477,-0.27965372460388344,1.4841837312939028
582619.72_6142984.86,-0.4682560232540848,-0.5627548921011885,-0.04532972095280296,-0.716214413783959,0.02703722832683739,-0.7384029318782892,0.009914549484718654,-0.3657181195919713,-0.8389500384221392,-0.21099436057342846,-0.1960780267917848,-0.42777518620043475,-0.24369494921269477,-0.32289805922167425,-0.7560784573292363
583052.74_6143234.86,0.6545443060796762,0.8068570581501573,0.5734995510910208,0.9669226020060289,0.7781683087755888,-0.5759707546127893,0.11728126348266414,-0.41621649311567227,-0.8389500384221392,-0.21099436057342846,0.03818599264994449,-0.4750957818464997,-0.24369494921269477,-0.32289805922167425,-0.7560784573292363
583485.75_6143484.86,0.8121218630290924,1.2046356718867026,0.9462734465766643,1.0579660744274013,0.8743016084700805,0.5336258285684734,1.0493055510875828,-1.0114115654715934,-0.7385668642142421,-0.21099436057342846,0.03818621286696131,-0.3676047161623434,-0.24369494921269477,-0.32289805922167425,-0.7560784573292363
582619.72_6143484.86,0.7552590137323612,0.8506590003968851,0.6288620108166114,1.0299526982977483,0.8445289820721597,0.7167689719309115,1.182768491318376,-1.1251912532185986,-0.8389500384221392,-0.21099436057342846,-0.18291385981568567,-0.24383459846237898,-0.24369494921269477,-0.32289805922167425,-0.7560784573292363
583052.74_6143734.86,1.0882440041055923,0.9482340587351246,0.8765577565518464,1.3000816824051171,1.1300592304184855,1.0864568153004923,0.8410781363249228,-0.5264540453407883,0.3725316728782559,-0.21099436057342846,0.03818599264994449,0.2792627396364404,-0.24369494921269477,-0.10814782316937337,0.6165689483426464
585217.8_6142484.86,1.3007568561382914,1.4393143705907163,1.3161766960024621,1.6795962304473215,1.5314516272772023,0.4364570653102574,0.5747575532379613,-0.38319411272327464,0.20351752021579192,-0.21099436057342846,0.03818638499060656,0.5602056373221256,-0.24369494921269477,-0.05265867233515356,1.1051917013781247
584784.79_6142734.86,0.051219837270290426,0.4001756106236266,0.7682933908662469,1.494174359874856,1.3352392581246393,0.24479183544204552,0.64859675520418,-0.5113907851029778,0.10573667772436988,-0.21099436057342846,0.03818599264994449,0.13113402558590245,-0.24369494921269477,-0.23379708782350797,1.1051917013780688
583918.76_6142734.86,-0.45090803533304813,-0.5645354588591855,0.07974842879760533,-0.716214413783959,-0.1548268871399807,-0.6603804661066446,-0.10347203177585988,-0.10629357555922729,-0.27974500102871513,-0.21099436057342846,0.03818599264994449,-0.2818023308902772,-0.24369494921269477,-0.28919275984996134,1.4841837312940167
585217.8_6142984.86,-0.0032335692596302066,0.7666162494194234,0.8740972027862645,1.0432924012166307,0.858518529415761,-0.43273669408898285,-0.9017989021278403,1.0348831785602564,1.8104831277027058,-0.21099436057342846,0.03818638499060656,1.1944379971929335,-0.24369494921269477,0.010042011241347302,1.105191701378039
584351.77_6142984.86,-0.24225029172724621,0.46926160083391305,0.6862749320135201,1.8113257967712855,1.6706296880289286,0.03303893937342714,0.32969971274970905,-0.22794390831791733,0.43039504726607114,-0.21099436057342846,0.03818638499060656,0.12107723419257668,-0.24369494921269477,-0.18813752729902392,1.1078810580781298
584784.79_6143234.86,0.29505544527152777,0.6209658886152634,0.8146338201180378,0.7761648502660105,0.5762166381487277,-0.06381721063986469,-0.5991029682393105,0.776961702170733,1.625543953067432,-0.21099436057342846,0.03818599264994449,0.8502101935917984,-0.24369494921269477,0.03654018148607739,1.1051917013781265
583918.76_6143234.86,-0.1323797015606808,0.37845269617606236,0.4828691540587576,-0.716214413783959,0.3086217069095834,0.7528336455273288,1.1580512734286519,-0.9169411882114771,-0.24277206287832895,-0.21099436057342846,0.03818599264994449,-0.2637180508840729,-0.24369494921269477,-0.2489128081213843,0.9465359174020403
584351.77_6143484.86,1.247267226715095,0.855644587319277,1.0586387352048998,1.110991393529959,0.9302597978444861,0.19543035992159838,-0.4682485601975229,0.6923022897016253,1.5623886795865443,-0.21099436057342846,0.03818638499060656,1.0079625124663338,-0.24369494921269477,0.4674600377008049,0.9639560094517295
585217.8_6143484.86,-0.24755106581422961,0.3275284868973462,0.5484839211409391,0.5747353361908861,0.36350377725755784,1.9928767565093701,1.6503146221371998,-1.1028628803666827,0.1638834414290627,-0.21099436057342846,0.03818638499060656,0.2957376811670563,-0.24369494921269477,-0.1886872739926136,1.105191701378125
584784.79_6143734.86,1.0255984921685155,0.6971741458575379,0.7756750521629924,0.8278561990766797,0.6310987084967025,-0.04714436630244665,0.19323035598823454,-0.17551707138746678,-0.02077334105744076,-0.21099436057342846,0.03818599264994449,0.6822040086201585,-0.24369494921269477,1.801808547531007,0.9465359174023421
583918.76_6143734.86,0.1345865570019387,0.57431503955574,0.8113530817639287,1.4128021720696733,1.249149736010169,0.8019466413219075,0.33151495496681,-0.13394880263403144,0.5629375081846885,-0.21099436057342846,0.03818599264994449,0.12997865152381147,-0.24369494921269477,0.21988464657775314,0.9465359174019535
584351.77_6143984.86,0.3793859421099004,0.5721783594461435,0.6850446551307292,1.8086578561875086,1.6681187436339235,-0.07582340345776295,-0.536994796334516,0.7027816461050326,1.5305081972940067,-0.21099436057342846,0.03818638499060656,0.8112643284088821,-0.24369494921269477,1.0232207831633044,0.9465359174018668
585217.8_6143984.86,-0.5005425563293475,0.389136096724045,0.45334250887177596,-0.716214413783959,-0.23445969509586562,-0.4325819289013475,-0.2235416499754537,0.2703908993461093,0.9146741967956359,-0.21099436057342846,0.03818638499060656,0.250019812864345,-0.24369494921269477,1.0561167047265445,0.946535917402315
584784.79_6144234.86,0.075796153491759,0.28693156481501303,0.24214497732600446,-0.716214413783959,0.15294315441924983,-0.41158797144599074,-0.9343639412367398,1.082715437478381,2.10560128027886,-0.21099436057342846,0.03818599264994449,0.5751305831593606,-0.24369494921269477,0.2973398670993255,0.9465359174023946
583918.76_6144234.86,0.028571075262270325,0.6523038635560116,0.547663736552412,0.894888206244064,0.7017638578989966,2.302267285191033,1.62351579496446,-1.2438782056790323,-0.3807682053454976,-0.21099436057342846,0.03818599264994449,-0.6635801063251981,-0.24369494921269477,-0.051534190586631425,0.780016715068812
585217.8_6144484.86,-0.2933304783836319,-0.49117610842970627,0.12444848887234158,-0.716214413783959,-0.16594678374643318,1.765188819978292,1.1719537137693068,-0.830679319573064,0.10711223535840998,-0.21099436057342846,0.03818638499060656,-0.6635498840064087,-0.24369494921269477,-0.21947156977033994,0.9465359174023935
584351.77_6144484.86,-0.022027222840753185,0.25630581657746343,0.24870645403422248,0.7518198924390501,0.5507484878565305,0.4458382658015282,1.0869265922488582,-0.9626671850524519,-0.45047142999243917,-0.21099436057342846,0.03818638499060656,-0.7930817978945888,-0.24369494921269477,-0.066074463408444,0.9465359174019535
583918.76_6144734.86,-0.2832108187630272,-0.1710302053418332,-0.18271063953112043,-0.716214413783959,-0.05295428597119109,1.039335513726009,1.4272868108176242,-1.3110580502124518,-0.8386825109579047,-0.21099436057342846,0.03818599264994449,-1.134722445080938,-0.24369494921269477,-0.32289805922167425,-0.7560784573292363
584784.79_6144734.86,-0.4359694901788222,-0.5421003177084224,0.048171322139305375,-0.716214413783959,-0.06873736502551066,2.5996604525437577,2.1737981470665657,-1.7087725039408561,-0.7676865065976695,-0.21099436057342846,0.03818599264994449,-0.9375648660370809,-0.24369494921269477,-0.31163212325867756,0.9465359174023421
585217.8_6144984.86,-0.703899525848166,-0.824854318878357,-0.47428626075256425,-0.716214413783959,-1.0013738545989368,1.9418332686238304,1.8794012041681825,-1.5238687481688107,-0.7021648675053521,-0.21099436057342846,0.03818638499060656,-1.1773888036332822,-0.24369494921269477,-0.3061499968173928,-0.1748817864948836
585650.81_6143734.86,-0.3280264542257052,-0.29353319829203156,0.28397439134089497,1.1716870418108738,0.9944682330881951,-0.14788072841624497,-0.6638675469180703,0.8424073206978328,1.7479840394052581,-0.21099436057342846,0.03818599264994449,0.828341827420381,-0.24369494921269477,-0.15170170127628835,1.1051917013776438
586516.84_6143734.86,1.0015040645004092,1.1725854702427554,1.0237808901924912,0.6534395834122922,0.44672364863487896,0.024273044983346675,-0.5321826173446873,0.7488258304909814,1.5837569741262136,-0.21099436057342846,0.03818599264994449,1.2115022739399612,-0.24369494921269477,0.6211224189807768,0.9821189465857386
586083.83_6143984.86,-0.3179067946051005,-0.566672138968782,0.20482657854801362,1.1716870418108738,0.9944682330881951,-0.6353344986054825,-0.895032141141899,0.9445719479989896,1.631094258943023,-0.21099436057342846,0.03818621286696131,0.639490668436216,-0.24369494921269477,0.14166590386089092,1.1051917013775492
585650.81_6144234.86,-0.703899525848166,-0.824854318878357,-0.08797931955622086,-0.716214413783959,-1.0013738545989368,0.2713551015851666,0.35652749477548895,-0.3639824766971493,-0.0617674815154216,-0.21099436057342846,0.03818599264994449,-0.423883118208709,-0.24369494921269477,-0.24010320341368802,1.0416861598644411
586516.84_6144234.86,0.5340721677391439,0.5394159310989975,0.8252962197688921,0.8582040232171373,0.6630235729474852,-0.515337517537248,-0.6511087672802816,0.6451446391496871,1.0477529159656735,-0.21099436057342846,0.03818599264994449,0.6752525604825476,-0.24369494921269477,-0.09429802970901732,0.9795918453274979
586083.83_6144484.86,-0.703899525848166,-0.824854318878357,-1.5474977948404949,-0.716214413783959,-1.0013738545989368,-0.5767209488387568,-0.36744404140438014,0.24141598988795238,0.25237232571249196,-0.21099436057342846,0.03818621286696131,0.3305583479837064,-0.24369494921269477,-0.27598932352886557,0.9755556328212452
585650.81_6144734.86,-0.703899525848166,-0.824854318878357,-0.35494940312184686,-0.716214413783959,-1.0013738545989368,0.10905220965550563,0.4479299514904437,-0.5435392077722649,-0.4514256534571071,-0.21099436057342846,0.03818599264994449,-0.7520398889772302,-0.24369494921269477,-0.3190654005860875,0.9755556328212455
586516.84_6144734.86,-0.703899525848166,-0.824854318878357,-1.5474977948404949,-0.716214413783959,-1.0013738545989368,-0.7327262613876634,-0.6958756016473616,0.6660407708659934,1.0406671840205168,-0.21099436057342846,0.03818599264994449,0.36217578234297143,-0.24369494921269477,-0.24379499098993704,0.9755556328212452
586083.83_6144984.86,-0.5043976647562445,-0.3116949792236016,-0.07034535090288462,-0.716214413783959,-1.0013738545989368,-0.7384029318782892,-0.24760523221722452,0.058778732512538304,-0.12936643749186194,-0.21099436057342846,0.03818621286696131,-0.03577307254053563,-0.24369494921269477,-0.31806393338120303,0.21302610834187571
586516.84_6145234.86,-0.11695926785309266,0.13202225686926805,0.5005031227120939,-0.716214413783959,-0.242709940965169,-0.7384029318782892,-0.05515478507298125,-0.25625437870293316,-0.6164404206534974,-0.21099436057342846,0.03818599264994449,-0.5584517704128018,-0.24369494921269477,-0.3136881484697257,0.36863977802464826
582619.72_6143984.86,0.7012874957558026,0.8182526854013386,0.7490190530358563,0.8461982905901432,0.6501101446303146,-0.7384029318782892,-0.12700928463556807,-0.1927066384808395,-0.7169030335128908,-0.21099436057342846,-0.1696950005513959,0.22136527686120006,-0.24369494921269477,-0.318978588708454,0.4524588808356773
583485.75_6143984.86,1.1441430762955993,0.9834892805434666,0.9536551078734097,1.2580616182106374,1.085579643992676,0.18267543861035093,0.39565210176780385,-0.45119971542572984,-0.3531777426341581,-0.21099436057342846,0.03818621286696131,-0.2664080594793509,-0.24369494921269477,-0.2520539631874122,0.828787598189396
583052.74_6144234.86,0.9875292964529074,1.6675830289659404,1.3227381727106802,1.0402909680598822,0.8552901723364683,-0.3886572648714086,-0.8111478679928275,0.9242166633885114,1.6940473975990358,-0.21099436057342846,0.03818599264994449,0.8742948631411787,-0.24369494921269477,0.257256454116352,0.7174825518354186
582619.72_6144484.86,1.362920479522006,1.3527788261520588,0.9602165845816277,2.091459558067816,1.9665624202974197,-0.5273902573482311,-0.9136637860569194,1.0002120074525953,1.8324837678133004,-0.21099436057342846,-0.15645413097600444,0.8218345844058228,-0.24369494921269477,0.09591378725373215,0.7336925356388475
583485.75_6144484.86,0.40878114386499026,0.6868468586611549,0.4775379542333305,-0.716214413783959,0.35381870601968013,1.6994512053757944,1.410930611526986,-1.1329644211077778,-0.38400479024600637,-0.21099436057342846,0.03818621286696131,-0.6422783438160786,-0.24369494921269477,-0.23327669464387954,0.7098874830009052
583052.74_6144734.86,0.5764783604350112,1.1319885481604222,0.7059593621381748,0.9292379412601862,0.7379931984555029,0.6277630691418089,0.09968666004801062,0.12664168266693518,1.0375532494888107,-0.21099436057342846,0.03818599264994449,0.07446686303808679,-0.24369494921269477,0.17711671229023332,0.7188008029614019
583485.75_6144984.86,-0.5781266134206503,-0.13933611704948534,0.10722461251326888,-0.716214413783959,-0.0916945709227027,2.037594097030647,2.048410364568056,-1.62938578984895,-0.6161831626553109,-0.21099436057342846,0.03818621286696131,-0.8380432193358122,-0.24369494921269477,-0.32289805922167425,-0.7560784573292363
582619.72_6144984.86,0.2839720085441988,0.3115033860753726,0.49886275353503934,1.432478233875025,1.270313410196643,0.6844580899663314,1.0750594237997104,-0.793751409554476,-0.009409610187480114,-0.21099436057342846,-0.14321326140061183,-0.28169371943212373,-0.24369494921269477,-0.260001697504697,0.8246378183063694
583052.74_6145234.86,0.018451415641665657,-0.011491423825295765,0.1949843634856866,0.8455313054441989,0.6497514382881711,2.28822920966367,2.5952373113593192,-2.000788777065554,-0.753887020000929,-0.21099436057342846,0.03818599264994449,-0.7159799404229752,-0.24369494921269477,-0.31647739609681547,0.05463278886785903
583485.75_6145484.86,0.5812972459686325,0.17867310592879124,0.4115130948568855,1.1049885272164617,0.9238030836859009,-0.6503762313985756,-0.2490845602034846,0.055990388998844766,0.07132011958777754,-0.21099436057342846,0.03818621286696131,-0.39156370938422985,-0.24369494921269477,-0.29761816533494945,0.05725367592361724
584351.77_6144984.86,-0.4263317191115796,-0.3234467198263823,-0.12529771833421172,-0.716214413783959,-0.2954397732602819,-0.16221963675780027,0.3786124373443058,-0.5107825774143379,-0.3820043623513833,-0.21099436057342846,0.03818638499060656,-1.1457819248632997,-0.24369494921269477,-0.23755181729790786,-0.06780147996150526
584784.79_6145234.86,-0.5877643844878928,-0.6204452550602934,-0.265139190678111,-0.716214413783959,-0.3610830338725653,1.6209673418126824,1.659766933822066,-1.3739865008586667,-0.6225299460991968,-0.21099436057342846,0.03818599264994449,-1.1608357877791247,-0.24369494921269477,-0.3161849000600523,-0.19392207661733785
583918.76_6145234.86,-0.47885757142805163,-0.48654663485891386,-0.25078596037888373,-0.716214413783959,-0.15662041885069886,0.47223237031966414,0.6043532252405118,-0.6111478554302049,-0.3995418470890103,-0.21099436057342846,0.03818599264994449,-0.692587865679207,-0.24369494921269477,-0.2620029561511059,-0.2500377912970904
585217.8_6145484.86,-0.5786085019740124,-0.6143913280831034,-0.3783246638948739,-0.716214413783959,-1.0013738545989368,0.1324812843921694,0.6209167325181284,-0.7553586007341451,-0.8043371062676886,-0.21099436057342846,0.03818638499060656,-0.8561283882337442,-0.24369494921269477,-0.30311961511189073,-0.42841854640707333
584351.77_6145484.86,-0.5352385321714207,-0.5221579700188552,-0.3877567866629375,-0.716214413783959,-0.31014673328817055,0.884233290298794,1.0688525246241152,-1.0424007597039715,-0.8389500384221392,-0.21099436057342846,0.03818638499060656,-0.9798311723852272,-0.24369494921269477,-0.32289805922167425,-0.7560784573292363
584784.79_6145734.86,-0.703899525848166,-0.824854318878357,-0.6227396712759998,-0.716214413783959,-1.0013738545989368,-0.5401946192705163,0.14937520762539797,-0.433715437842952,-0.653317533415846,-0.21099436057342846,0.03818599264994449,-1.0608666535369047,-0.24369494921269477,-0.3072117877624004,-0.19195354793334865
583918.76_6145734.86,-0.703899525848166,-0.824854318878357,-0.630531424867009,-0.716214413783959,-0.37148551779473055,-0.7384029318782892,0.020885950436971005,-0.3576107657826146,-0.7407917105663447,-0.21099436057342846,0.03818599264994449,-0.8037049429494142,-0.24369494921269477,-0.31262064015138413,-0.2521311872095076
585217.8_6145984.86,-0.703899525848166,-0.824854318878357,-0.8970914161383711,-0.716214413783959,-1.0013738545989368,-0.06974588590746131,0.4329123281119681,-0.6376985607878224,-0.8389500384221392,-0.21099436057342846,0.03818638499060656,-0.8117015796118605,-0.24369494921269477,-0.32289805922167425,-0.7560784573292363
584351.77_6145984.86,-0.703899525848166,-0.824854318878357,-0.7826756660388172,-0.716214413783959,-1.0013738545989368,-0.7384029318782892,0.055398690293048135,-0.39717551580156885,-0.7771574214327815,-0.21099436057342846,0.03818638499060656,-0.9297707346513213,-0.24369494921269477,-0.32289805922167425,-0.7560784573292363
583918.76_6146234.86,-0.5246369839974538,-0.515035702986867,-0.42261463167534646,-0.716214413783959,-0.09025974555412823,-0.7384029318782892,0.034797171349188576,-0.37973512723290004,-0.81653290492009,-0.21099436057342846,0.03818599264994449,-0.7385767904035695,-0.24369494921269477,-0.32289805922167425,-0.7560784573292363
585650.81_6145234.86,-0.703899525848166,-0.824854318878357,-0.44516970785984633,-0.716214413783959,-1.0013738545989368,-0.1495254461497235,0.2551139463640642,-0.42871956508438475,-0.5088523747999725,-0.21099436057342846,0.03818599264994449,-0.6459255499142956,-0.24369494921269477,-0.28504585982541897,-0.4287890725745783
586083.83_6145484.86,-0.703899525848166,-0.824854318878357,-0.3397759882340924,-0.716214413783959,-1.0013738545989368,-0.6799606299953407,0.010807555798349414,-0.32208618279868323,-0.723174890621417,-0.21099436057342846,0.03818621286696131,-0.5264910571788934,-0.24369494921269477,-0.30422232211892164,-0.12059656944566842
585650.81_6145734.86,-0.703899525848166,-0.824854318878357,-1.096806363444761,-0.716214413783959,-1.0013738545989368,-0.6558898207222723,0.0377281618525996,-0.34230772528528536,-0.7025213758551707,-0.21099436057342846,0.03818599264994449,-0.6348471811826911,-0.24369494921269477,-0.2854454324409324,-0.4343312438336934
586516.84_6145734.86,0.06278516255098153,0.1704824988420047,0.10927507398458694,-0.716214413783959,-0.28001540054810603,-0.7384029318782892,-0.05344637686079036,-0.2615590208024733,-0.638439425990384,-0.21099436057342846,0.03818599264994449,-0.5300550685668367,-0.24369494921269477,-0.3124306378946627,0.36032898185549606
586083.83_6145984.86,-0.08129951490429509,0.09320590154493195,-0.019903998708457746,-0.716214413783959,-0.3779422319533158,-0.7384029318782892,0.026861606816746025,-0.36516832501078617,-0.8389500384221392,-0.21099436057342846,0.03818621286696131,-0.5701446966636332,-0.24369494921269477,-0.32289805922167425,-0.7560784573292363
585650.81_6146234.86,-0.703899525848166,-0.824854318878357,-0.898321693021162,-0.716214413783959,-1.0013738545989368,-0.7384029318782892,0.07608370114307311,-0.4149442413611,-0.8389500384221392,-0.21099436057342846,0.03818599264994449,-0.8515223179605963,-0.24369494921269477,-0.32289805922167425,-0.7560784573292363
586516.84_6146234.86,-0.01479889454032123,0.13024169011127096,0.04160984543108737,-0.716214413783959,-0.3320278201589317,-0.5963525376347136,-0.08194736820429029,-0.16270521809110222,-0.3717514880530698,-0.21099436057342846,0.03818599264994449,-0.38200159549745294,-0.24369494921269477,-0.3016148434703813,0.9559338179468028
586083.83_6146484.86,-0.5872824959345307,-0.3227344931231835,-0.29712638963067445,-0.716214413783959,-1.0013738545989368,-0.7229188672641861,-0.06283140496836497,-0.23697629876688298,-0.49166259989096645,-0.21099436057342846,0.03818621286696131,-0.7507918572116661,-0.24369494921269477,-0.30310812379843,-0.11034513056689133
585650.81_6146734.86,-0.703899525848166,-0.824854318878357,-0.8581326481833259,-0.716214413783959,-1.0013738545989368,-0.7384029318782892,0.006527825448457038,-0.34093274117477906,-0.7411160531309713,-0.21099436057342846,0.03818599264994449,-0.7157825509033742,-0.24369494921269477,-0.30710019527644483,-0.4891881932185831
586516.84_6146734.86,-0.21815586405913975,0.249895776248674,0.08589981321155979,-0.716214413783959,-0.24486217901803073,-0.724898280571134,0.00881316675977542,-0.3421533308888124,-0.8022830162373166,-0.21099436057342846,0.03818599264994449,-0.530327069435951,-0.24369494921269477,-0.3160593938130783,0.9755556328212458
582619.72_6145484.86,-0.3930814089295927,-0.4413202392057883,0.11993747363544134,0.7701619839525133,0.5697599239901424,0.1271757826795454,0.5252327640307592,-0.6531598724800387,-0.5812151244757394,-0.21099436057342846,-0.13000307286493706,-0.813413862860829,-0.24369494921269477,-0.30839144697081083,0.9465359174019535
583052.74_6145734.86,0.22229027371384621,0.06400460671378001,0.26716060727608615,1.6922689482202597,1.5447237619365166,-0.7384029318782892,-0.5188066818594071,0.3733191221353496,0.5115871138993476,-0.21099436057342846,0.03818599264994449,0.06917795724976754,-0.24369494921269477,-0.027283300075391707,0.0572536759236171
583485.75_6145984.86,-0.17334022859646175,-0.11120316227313166,-0.12324725686289367,0.6004142643097347,0.39076545926047357,-0.7384029318782892,-0.20159393436559492,-0.038570773015197554,-0.16224788877743818,-0.21099436057342846,0.03818621286696131,-0.47819998620968485,-0.24369494921269477,-0.2130489515583644,-0.08888434796941658
582619.72_6145984.86,-0.27405493624914673,-0.18705530616380678,-0.0752664584340484,0.8218533327631826,0.6246419943381172,-0.07047055882365826,0.2755229977960619,-0.40618530821590765,-0.33975505076242823,-0.21099436057342846,-0.1180468050829274,-0.5257436659018947,-0.24369494921269477,-0.266642295357289,0.05725367592357565
583052.74_6146234.86,-0.17334022859646175,-0.11120316227313166,-0.08387839661358476,0.7358122489363911,0.5338892897757799,-0.6529651884978668,-0.5212098234392403,0.417551828895096,0.7405982307023888,-0.21099436057342846,0.03818599264994449,-0.11515552063256396,-0.24369494921269477,-0.07512240092688226,-0.12520424518567047
583485.75_6146484.86,-0.5246369839974538,-0.515035702986867,-0.42261463167534646,-0.716214413783959,-0.09025974555412823,-0.7384029318782892,0.035610656897180896,-0.3818924714877364,-0.8389500384221392,-0.21099436057342846,0.03818621286696131,-0.6907124152422103,-0.24369494921269477,-0.32289805922167425,-0.7560784573292363
582619.72_6146484.86,-0.5256007611041782,-0.5157479296900658,-0.41277241661301917,-0.716214413783959,-0.030355786416142724,-0.7384029318782892,-0.06760107659224175,-0.21170274489005306,-0.4596594429366942,-0.21099436057342846,-0.10887117327007824,-0.39518702651722604,-0.24369494921269477,-0.32289805922167425,-0.7560784573292363
583052.74_6146734.86,-0.5256007611041782,-0.5157479296900658,-0.41277241661301917,-0.716214413783959,-0.030355786416142724,-0.7384029318782892,-0.039544362343177486,-0.27470283136171314,-0.633159229247777,-0.21099436057342846,0.03818599264994449,-0.5965725033295771,-0.24369494921269477,-0.30543951838062033,-0.12846790236696135
583485.75_6146984.86,-0.703899525848166,-0.824854318878357,-0.6329919786325907,-0.716214413783959,-0.3388432406596606,-0.7384029318782892,0.015527261386258566,-0.3545316467772579,-0.789370514218355,-0.21099436057342846,0.03818621286696131,-0.6649356662121214,-0.24369494921269477,-0.32289805922167425,-0.7560784573292363
582619.72_6146984.86,-0.703899525848166,-0.824854318878357,-0.6838434231212814,-0.716214413783959,-1.0013738545989368,-0.7384029318782892,-0.0784278618857415,-0.2441833643736874,-0.6169565185807963,-0.21099436057342846,-0.09980425905448967,-0.4016829361622375,-0.24369494921269477,-0.30628228256573425,-0.18121923305325754
582619.72_6140484.86,-0.3410374451664827,0.013436510786663181,0.13757144228877788,-0.716214413783959,-0.26423232149378645,1.5727561879550735,1.825587971681723,-1.5786941808495578,-0.8389500384221392,-0.21099436057342846,-0.06836219615636545,-0.9213405966037244,-0.24369494921269477,-0.32289805922167425,-0.7560784573292363
583052.74_6140734.86,1.0593306909038647,0.8015153578761661,1.065200211913118,0.8575370380711931,0.662306160263198,-0.16001791871469073,0.087314378720689,-0.16227621532104486,-0.05884559168571184,-0.21099436057342846,0.1717975656374858,-0.159571940332364,-0.24369494921269477,-0.3026579654553222,0.5689901394002855
583485.75_6140984.86,1.5547121237601331,1.4101130757595643,1.3813813707903801,1.7352894901336557,1.589920761046613,0.5847801083156996,0.1532072889513359,0.017432036828625874,0.4587755043985286,-0.21099436057342846,0.0788757476842554,0.8460273283746037,-0.24369494921269477,-0.20001197813939828,1.045862881406741
582619.72_6140984.86,0.024234078282011167,-0.5410319776536242,0.03217772266302391,-0.716214413783959,-0.13904380808566127,0.01476044830039229,0.4085421722957716,-0.4116626595818717,0.007081641304312784,-0.21099436057342846,-0.22262713083412108,-0.0039317207991278625,-0.24369494921269477,-0.23383808897965894,0.6566338556042711
583052.74_6141234.86,0.1712100870574606,0.48635504171068483,0.7522997913899652,1.0236163394112792,0.8377135615714308,-0.127574347567793,-0.11469256243080352,0.13851245568326184,0.47432443123728746,-0.21099436057342846,0.04091213250124593,0.5353477801170242,-0.24369494921269477,-0.22878076102610956,1.4540556890270036
583485.75_6141484.86,0.6863489506015767,1.0386868500413757,0.9241284626864281,1.0489617749571556,0.8646165372322028,-0.6375127788271848,-1.3075770067148986,1.475395594539768,2.319723924367138,-0.21099436057342846,0.03818621286696131,1.8233712845762728,-0.24369494921269477,0.13640967463697495,1.4841837312940167
582619.72_6141484.86,-0.17864100268344515,-0.4569892266761625,0.4586737086972033,1.4404820556263542,1.2785636560659464,-0.5807883104988796,-0.8315149861775966,0.8329340138927696,1.3881178777184344,-0.21099436057342846,-0.2357459432297686,0.8829535574746273,-0.24369494921269477,-0.07300295436206322,1.4841837312940167
583052.74_6141734.86,0.7581503450525339,0.8015153578761661,0.8982926481478191,1.5088480330856266,1.3510223371789587,0.009730385320260417,-0.05408227193018089,0.09920560316567445,0.45182178278316854,-0.21099436057342846,0.03818599264994449,0.5631863135128282,-0.24369494921269477,2.322155317631146,1.484183731294017
583485.75_6141984.86,0.5711775863480278,0.5575777120305676,0.8876302484969646,0.884216443908958,0.6906439612925444,-0.31524475132425867,-0.4949488231908371,0.5837295670643787,1.0487011873704424,-0.21099436057342846,0.03818621286696131,1.2606883199910723,-0.24369494921269477,-0.11218948111347037,1.4841837312939028
582619.72_6141984.86,-0.230203077893193,-0.5834094664939544,0.26552023809903164,1.9247132715817856,1.7904376063048997,-0.24716457806712014,-0.5950083943546987,0.6670628267222145,1.3456915452834137,-0.21099436057342846,-0.22252308209073227,0.7341804154390481,-0.24369494921269477,2.372885108910415,2.308047624514551
582186.71_6141234.86,-0.3169430174983763,-0.5039961890872852,0.13757144228877788,0.5944113979962375,0.38430874510188834,-0.7384029318782892,-0.6959926496141713,0.48592271751375,0.9180583523366455,-0.21099436057342846,-1.1568081950857911,0.3659252943236389,-0.24369494921269477,-0.057108468905309184,1.4347340865674487
581320.69_6141234.86,-0.53957552915168,-0.5908878468775421,0.35820109660261285,-0.716214413783959,-0.34781089921325126,0.23663012429791228,0.40350498643243865,-0.6343550074020109,-0.41710397943311345,-0.21099436057342846,-1.5796039275458642,-0.2828988343938914,-0.24369494921269477,-0.30684696575400533,1.484121611900872
580887.67_6141484.86,-0.49765122500917464,-0.18242583259301445,0.5324903216646574,-0.716214413783959,-0.36538750997828884,-0.48132800837562134,-0.10128433409345111,-0.2167039481836585,-0.12314640909518765,-0.21099436057342846,-1.5801002232950871,-0.005620142860743215,-0.24369494921269477,-0.31224365793903064,1.4841837312940167
581753.7_6141484.86,-0.5761990592072017,-0.5830533531423551,0.05760344490736912,-0.716214413783959,0.15760633686711706,-0.7384029318782892,-0.15624992647419866,-0.3000108049963618,-0.5374710363336129,-0.21099436057342846,-1.5755629364361914,-0.03188369582724939,-0.24369494921269477,-0.29840249655190004,1.4841837312933357
582186.71_6141734.86,-0.5309015351911616,-0.5492225847404106,0.24542571568011348,1.1843597595838122,1.008099074089653,-0.5585208039566452,-0.21009229655198272,-0.11113921302476952,-0.28408254906600827,-0.21099436057342846,-1.1396731090421361,0.48547734299021844,-0.24369494921269477,-0.28774809526927464,1.4841837312946977
581320.69_6141734.86,-0.703899525848166,-0.824854318878357,-0.027285660005203147,-0.716214413783959,-0.28467858299597315,0.07553569039332388,0.3850781925818105,-0.6657223835423505,-0.6440710528109881,-0.21099436057342846,-1.5801000030780703,-0.1312696832326199,-0.24369494921269477,-0.31813916413231796,1.4841837312940172
580887.67_6141984.86,2.10165563182615,1.723136711815449,1.3867125706158072,1.37345004845897,1.2075398003215085,-0.41148702798884007,-0.39175913796294404,0.18116509055939217,0.3718620354011777,-0.21099436057342846,-1.5801002232950871,1.0874982666037711,-0.24369494921269477,0.046619714835747235,0.015314982799745965
581753.7_6141984.86,0.12398500882797192,0.26057917679665643,0.5382316137843483,1.205369791681052,1.0303388673025575,-0.7384029318782892,-0.11123218728504955,-0.3676544693124583,-0.7731090744157724,-0.21099436057342846,-1.574742552113316,0.20870058718787052,-0.24369494921269477,-0.32289805922167425,-0.7560784573292363
582186.71_6142234.86,-0.703899525848166,-0.824854318878357,0.07359704438365088,1.4571566842749573,1.2961402668309838,-0.7384029318782892,-0.4306308199954812,0.13101643715076333,0.11384600897803035,-0.21099436057342846,-1.1213712214886709,0.4852445089129194,-0.24369494921269477,-0.3043703164095747,3.9744120028531316
581320.69_6142234.86,1.5151972623844387,1.2865417427545678,1.193149007723372,2.092460035786732,1.9676385393238507,-0.6151486314680775,-0.5262177047200635,0.2711843543212915,0.5030198842418021,-0.21099436057342846,-1.5801000030780703,0.8431828748413907,-0.24369494921269477,-0.17796436247260553,0.28901710585183066
580021.65_6141984.86,1.336416609087089,1.7352445657698292,1.4006557086207707,1.1863607150216442,1.0102513121425145,0.1682456737329627,-0.389687855745238,0.43480642139481357,1.4472660973589748,-0.21099436057342846,-1.5800997284396083,0.8832482250828351,-0.24369494921269477,0.26163091898433866,0.17850294693284338
579588.63_6142234.86,0.8940429171006542,1.0764348653109137,1.076272703858236,1.505179614782934,1.3467178610732349,0.3919439335190624,-0.23272073461301307,0.3411529105087222,1.6160597615813241,-0.21099436057342846,-1.5801000030780703,0.5968215320972177,-0.24369494921269477,0.34501497088269334,0.024202780868671784
580454.66_6142234.86,1.8645664635719825,1.8467080448204456,1.5290145967252882,0.8795475478873491,0.6856220725025336,-0.4941146014098876,-1.2372067192730982,1.2677313637017136,2.319723975429655,-0.21099436057342846,-1.5801000030780703,1.9042204873549635,-0.24369494921269477,0.6131966446086125,0.01234784807598075
580021.65_6142484.86,0.5692500321345794,1.2965129165993514,1.3092051269999803,-0.716214413783959,0.2063903993986501,-0.4596038057484304,-0.7629393332252216,0.6346287502722562,1.1662104026686,-0.21099436057342846,-1.5800997284396083,1.3954277505186232,-0.24369494921269477,0.044639967875239356,0.012347848075941647
579588.63_6142734.86,0.639123872372088,0.6936130123415437,0.9425826159282914,1.3754510038968024,1.2100507447165139,-0.6152056720557357,-1.1873002266896207,1.1715716759070487,2.319723975429655,-0.21099436057342846,-1.5801000030780703,1.1741272100724607,-0.24369494921269477,0.5661859667241711,0.012347848075941647
580454.66_6142734.86,1.367257476502265,1.591374771723666,1.2349784217382624,0.7641591176390163,0.563661916173701,-0.5941315472228397,-0.9343226016262298,0.8334410889641392,1.6084170856876543,-0.21099436057342846,-1.5801000030780703,1.1723473710520784,-0.24369494921269477,1.1247706814820941,0.012347848075941647
580021.65_6142984.86,0.5812972459686325,1.1052800467904662,1.0364937513146637,-0.716214413783959,0.3470032855189513,-0.6411906477479882,-0.6523742956455598,0.4419474171238679,0.9570317835243503,-0.21099436057342846,-1.5800997284396083,0.46457277619468595,-0.24369494921269477,0.1294635823190142,0.012347848075902407
579588.63_6143234.86,0.4309480173196482,0.2299534285591069,0.5292095833105483,1.0579660744274013,0.8739429021279369,-0.7158863166015014,-0.30982572397824376,-0.06956908887174859,-0.08373032369918862,-0.21099436057342846,-1.5801000030780703,0.13663322834247163,-0.24369494921269477,-0.037551296357603695,0.01234784807598061
580454.66_6143234.86,-0.26248961096845563,-0.3850543296530809,0.28233402216384046,-0.716214413783959,-1.0013738545989368,-0.34809789231558097,0.15098787816001855,-0.4403811887981848,-0.4379428870429429,-0.21099436057342846,-1.5801000030780703,0.228162465246652,-0.24369494921269477,-0.303387698834832,0.01234784807598075
580021.65_6143484.86,-0.15069146658844165,-0.2643319034608796,0.054732798847523675,-0.716214413783959,-0.2975920113131436,-0.6236466305971227,-0.13433819431372393,-0.28415335676723025,-0.4777576206709232,-0.21099436057342846,-1.5800997284396083,0.1374029530241643,-0.24369494921269477,-0.2979062166309084,0.01234784807594151
580887.67_6142484.86,2.6389613688249245,1.9531859369486706,1.651632192710115,1.2960797715294523,1.1261134606549057,-0.7087960576866374,-1.253119827179927,1.2089058377161603,2.1972577144213434,-0.21099436057342846,-1.5801002232950871,1.4588667865561895,-0.24369494921269477,1.6425956348834034,0.018972534535777744
581753.7_6142484.86,0.49600297202353555,0.32040621986535783,0.6460858871756842,0.629094625585332,0.420896792000538,0.162963974652471,0.0925044653484542,-0.24606927423758282,0.18426974320360467,-0.21099436057342846,-1.5739188328948184,0.2514435809057185,-0.24369494921269477,-0.2886578468727787,1.107936057422777
582186.71_6142734.86,-0.703899525848166,-0.824854318878357,0.07359704438365088,1.4571566842749573,1.2961402668309838,-0.7384029318782892,-0.03579868819055541,-0.411307477537269,-0.7884737657363554,-0.21099436057342846,-1.1030869696479313,-0.2904935531054387,-0.24369494921269477,-0.32289805922167425,-0.7560784573292363
581320.69_6142734.86,0.9812647452591996,0.7541522821134442,0.9175669859782097,0.807179659552412,0.6092176216259413,-0.7185084990127034,-0.4173593476252843,0.05669833505993305,-0.03256724621586341,-0.21099436057342846,-1.5801000030780703,0.7291370659909007,-0.24369494921269477,-0.02914030439414756,0.04065304577129759
580887.67_6142984.86,-0.07358929805050102,-0.31988558631038816,0.5505343826122572,-0.716214413783959,-0.20791542577723726,-0.5771512823306885,-0.03513560103638431,-0.40088014472273986,-0.7914688419439921,-0.21099436057342846,-1.5801002232950871,0.414010114633822,-0.24369494921269477,-0.32289805922167425,-0.7560784573292363
581753.7_6142984.86,-0.47114735457425755,-0.2839181377988474,0.30981020587950403,-0.716214413783959,-0.13115226855850143,0.08686263678110746,0.32397540533393965,-0.6041264445293426,-0.5602683149584516,-0.21099436057342846,-1.5730977815928189,-0.053648784419993406,-0.24369494921269477,-0.30887062431779644,0.029391709677401425
581320.69_6143234.86,-0.4981331135625368,-0.4979422621100951,0.23517340832352263,-0.716214413783959,-0.2028935369872265,-0.23756710529959799,-0.08123543766540817,-0.14109012555820324,0.25809863820002393,-0.21099436057342846,-1.5801000030780703,0.1192818395669341,-0.24369494921269477,-0.19623631142999984,0.01291604295824103
582186.71_6143234.86,-0.703899525848166,-0.824854318878357,0.07851815191481439,-0.716214413783959,-0.15159853006068807,-0.7336555794444892,-0.016701494635306666,-0.43435553242878266,-0.8389500384221392,-0.21099436057342846,-1.084868140612473,-0.29464148302582227,-0.24369494921269477,-0.32289805922167425,-0.7560784573292363
580887.67_6143484.86,-0.049012981829032444,-0.36938534218270674,0.3307249128869493,-0.716214413783959,-0.3567785577668419,0.035644677848483776,0.0971306409028578,-0.3050807102199639,0.019267026676427577,-0.21099436057342846,-1.5801002232950871,0.04653102377580836,-0.24369494921269477,-0.2519794476567996,0.012347848075941647
581753.7_6143484.86,-0.703899525848166,-0.824854318878357,0.07851815191481439,-0.716214413783959,-0.15159853006068807,0.38128894642170086,0.8417838670885684,-1.0218292469603203,-0.8139021690363643,-0.21099436057342846,-1.5722767302908183,-0.11137497839401732,-0.24369494921269477,-0.319210374876575,0.005395812868214865
581320.69_6143734.86,-0.703899525848166,-0.824854318878357,-0.34633746494231055,-0.716214413783959,-1.0013738545989368,1.6706306358952034,1.7518485945804125,-1.623968074551373,-0.8219081831272319,-0.21099436057342846,-1.5801000030780703,-0.2386949153730862,-0.24369494921269477,-0.32289805922167425,-0.7560784573292363
582186.71_6143734.86,-0.08467273477783001,-0.01683312409928692,0.33277537435826765,-0.716214413783959,0.016276038062528603,0.3382262997645482,0.8046913435065843,-0.9264537439396087,-0.7025193414480817,-0.21099436057342846,-1.0666464671072182,-0.1503384386066996,-0.24369494921269477,-0.31605118586797565,0.31966874891696617
581753.7_6143984.86,-0.703899525848166,-0.824854318878357,-0.0842884889078483,-0.716214413783959,-0.17096867253644393,-0.655263951107546,-0.09724194507149976,-0.2963588802229729,-0.3909371415827493,-0.21099436057342846,-1.5712982719154853,0.14415866667392,-0.24369494921269477,-0.31806085484131524,0.6051849488635119
580887.67_6143984.86,-0.4412702642658056,-0.46553594711454843,-0.0523012899552848,-0.716214413783959,-1.0013738545989368,2.439062506585232,2.2024734778317288,-1.8947298995548798,-0.7362272631355028,-0.21099436057342846,-1.5801002232950871,-0.338534373275031,-0.24369494921269477,-0.3110385493770101,-0.15209266696743298
582186.71_6144234.86,0.10278191248003818,0.7014475060767308,0.5402820752556663,1.2063702693999683,1.0310562799868448,-0.7009957614323024,-0.182889967786669,-0.1798785681174512,-0.39374799768309116,-0.21099436057342846,-1.0469729762187177,0.05180920730764634,-0.24369494921269477,-0.28215193603979183,0.6798278370847735
581320.69_6144234.86,-0.703899525848166,-0.824854318878357,-0.525137705241255,-0.716214413783959,-1.0013738545989368,-0.012553506215281302,0.29190067899760075,-0.5168862681675533,-0.24357428534059514,-0.21099436057342846,-1.5801000030780703,0.05252640404371963,-0.24369494921269477,-0.3057522055468425,0.3611314734020077
581753.7_6144484.86,-0.5463219688987497,-0.52536299018325,-0.09126005791033016,-0.716214413783959,0.23042372432227307,-0.5689449027828846,0.04650315363100317,-0.4975856604640017,-0.8062832206884589,-0.21099436057342846,-1.567379102581162,-0.09967764577989935,-0.24369494921269477,-0.32289805922167425,-0.7560784573292363
580887.67_6144484.86,-0.703899525848166,-0.824854318878357,-0.7408462520239264,-0.716214413783959,-1.0013738545989368,-0.5068145696946741,0.09601353976598384,-0.5107470793270903,-0.718073186907427,-0.21099436057342846,-1.5801002232950871,-0.09795168788406265,-0.24369494921269477,-0.31202571943701196,0.3139629717415302
582186.71_6144734.86,0.04977417161020407,0.21072330757273844,0.3586111888968764,1.1753554601135663,0.998414002851775,-0.7377102847481374,-0.39102493849624204,0.0831750231952358,0.1250503966740928,-0.21099436057342846,-1.0245881367218483,0.07683153726050289,-0.24369494921269477,-0.22006231397101111,0.6923456093243475
581320.69_6144734.86,-0.703899525848166,-0.824854318878357,-0.7744738201535445,-0.716214413783959,-1.0013738545989368,-0.7384029318782892,-0.1646751994363078,-0.2859903778878085,-0.45788381742491,-0.21099436057342846,-1.5801000030780703,-0.16195100348964497,-0.24369494921269477,-0.32289805922167425,-0.7560784573292363
579588.63_6143734.86,-0.42344038779140675,-0.6229380485214893,-0.10397291903250262,-0.716214413783959,-0.16989255351001303,-0.4590744352442646,-0.024006030385073332,-0.3168739887662332,-0.25145073698428166,-0.21099436057342846,-1.5801000030780703,-0.08096121692841807,-0.24369494921269477,-0.29310604859922473,0.01234784807594151
580454.66_6143734.86,-0.40030973723002455,-0.4448813727217824,0.04694104525651472,-0.716214413783959,-1.0013738545989368,-0.66441086999392,-0.17329984783444632,-0.21766539318690994,-0.30392712168818553,-0.21099436057342846,-1.5801000030780703,0.06852156626353853,-0.24369494921269477,-0.29827784254303874,0.012347848075941786
580021.65_6143984.86,-0.502470110542796,-0.5007911689228904,-0.10561328820955741,-0.716214413783959,-1.0013738545989368,-0.5042329532600185,0.10890979940195587,-0.5019196826503867,-0.6274422624903156,-0.21099436057342846,-1.5800997284396083,-0.08968188368210839,-0.24369494921269477,-0.3141032737415134,-0.09044242680247876
580454.66_6144234.86,-0.703899525848166,-0.824854318878357,-0.9549144296295435,-0.716214413783959,-1.0013738545989368,2.170359058622093,2.1872910269102706,-1.876071930102812,-0.577579755925656,-0.21099436057342846,-1.5801000030780703,-0.3136084880747833,-0.24369494921269477,-0.3101698775139187,-0.00766613714700656
579588.63_6144234.86,-0.703899525848166,-0.6318408823114746,-0.19993451589019315,-0.716214413783959,-0.1645119583778587,-0.1479240854856909,0.40717940011409964,-0.7712718697519874,-0.8389500384221392,-0.21099436057342846,-1.5801000030780703,-0.4401031978138619,-0.24369494921269477,-0.32289805922167425,-0.7560784573292363
580021.65_6144484.86,-0.703899525848166,-0.824854318878357,-1.2325469128460238,-0.716214413783959,-1.0013738545989368,2.634878140065113,2.6344567444047002,-2.247970581792628,-0.8389500384221392,-0.21099436057342846,-1.5800997284396083,-0.5510350244921449,-0.24369494921269477,-0.32289805922167425,-0.7560784573292363
580454.66_6144734.86,-0.703899525848166,-0.824854318878357,-0.9401511070360525,-0.716214413783959,-1.0013738545989368,-0.6181368966026246,-0.06458433713353307,-0.3659331012582856,-0.5182415522653778,-0.21099436057342846,-1.5801000030780703,-0.20619081151401483,-0.24369494921269477,-0.3057557970735755,0.30215315749543653
579592.36_6144725.16,-0.703899525848166,-0.824854318878357,-1.1415064235194972,-0.716214413783959,-1.0013738545989368,1.647051259047904,2.0785694185416164,-1.9073669457145062,-0.8389500384221392,-0.21099436057342846,-1.5801000030780703,-0.6617337393144648,-0.24369494921269477,-0.32289805922167425,-0.7560784573292363
580021.65_6144984.86,-0.703899525848166,-0.824854318878357,-1.0172484583576158,-0.716214413783959,-0.34027806602823507,-0.5512119961078334,0.17897263995756368,-0.635720806533906,-0.8389500384221392,-0.21099436057342846,-1.5800997284396083,-0.5405752688482821,-0.24369494921269477,-0.32289805922167425,-0.7560784573292363
580454.66_6145234.86,-0.703899525848166,-0.824854318878357,-0.9151354770859709,-0.716214413783959,0.018069569773246755,-0.7384029318782892,-0.061675540085630066,-0.4203507848427345,-0.62558191393315,-0.21099436057342846,-1.5801000030780703,-0.492810782894983,-0.24369494921269477,-0.28668372395173564,-0.0036204815717516678
581753.7_6144984.86,-0.547285746005474,-0.5264313302380482,-0.09577107314723012,-0.716214413783959,0.310773944962445,-0.5772041904145864,0.03006682715620843,-0.4766229665986608,-0.6409302190668668,-0.21099436057342846,-1.5624487928944146,-0.46002601623435846,-0.24369494921269477,-0.3016591940500068,0.13725234023989874
580887.67_6144984.86,-0.703899525848166,-0.824854318878357,-0.9692676599287706,-0.716214413783959,-1.0013738545989368,-0.7164115978754021,-0.0011685724793794566,-0.4945254050557878,-0.741429951637804,-0.21099436057342846,-1.5801002232950871,-0.5676834387992734,-0.24369494921269477,-0.31642612646490553,0.13266079860691626
582186.71_6145234.86,-0.49765122500917464,-0.4975861487584957,-0.12529771833421172,-0.716214413783959,0.17912871739573438,-0.4414118649456548,0.17463548112903318,-0.5555504185353853,-0.7695106227708451,-0.21099436057342846,-1.0021151186613404,-0.640346920978013,-0.24369494921269477,-0.3198947939638814,0.7691505696693272
581320.69_6145234.86,-0.703899525848166,-0.824854318878357,-0.3959586325482103,1.1816918190000354,1.0048707170103601,-0.7384029318782892,-0.007670864839262537,-0.49308230608281767,-0.7149312924861786,-0.21099436057342846,-1.5801000030780703,-0.6757615896926534,-0.24369494921269477,-0.3088442129318252,-0.03012804886586623
581753.7_6145484.86,-0.703899525848166,-0.824854318878357,-0.2909750052167199,0.8692092781252152,0.6748608822382247,-0.30708548771646027,0.24357493350875647,-0.6280719673386177,-0.6120247571849393,-0.21099436057342846,-1.5575178162285441,-0.7786875011074129,-0.24369494921269477,-0.301408741105303,-0.029395957422398835
580887.67_6145484.86,-0.703899525848166,-0.824854318878357,-0.6986067457147722,0.9215676120818287,0.7301016589283432,-0.7383313728974767,-0.04879166083311152,-0.43021156562872487,-0.5388808739735318,-0.21099436057342846,-1.5801002232950871,-0.7769031906441726,-0.24369494921269477,-0.30189807772069804,-0.01494169150204992
582186.71_6145734.86,-0.5419849719184906,-0.824854318878357,-0.2995869433962562,-0.716214413783959,0.20352074866150116,-0.035922744551235425,0.39556498343480667,-0.661689599800408,-0.5877769326141516,-0.21099436057342846,-0.9796187759485164,-0.8097969624150027,-0.24369494921269477,-0.30042700160356345,0.15776030599307483
581320.69_6145734.86,-0.703899525848166,-0.824854318878357,-0.7543792977346264,1.0292857131518043,0.8438115693878723,0.6385641352945454,1.0939572481361746,-1.1809317728068183,-0.6240927888908423,-0.21099436057342846,-1.5801000030780703,-0.9743835994232591,-0.24369494921269477,-0.30444344084286895,-0.03541596815664544
580904.0_6145932.08,-0.703899525848166,-0.824854318878357,-0.7424866212009811,0.7721629393903459,0.5722708683851478,-0.06429174437104657,0.4304443771871488,-0.7728053027682501,-0.6293103411617588,-0.21099436057342846,-1.580100490701464,-1.1204321154689993,-0.24369494921269477,-0.29193813313589284,0.4151406623715368
581753.7_6145984.86,-0.703899525848166,-0.824854318878357,-0.6715406542933724,-0.716214413783959,-0.36431139095185794,-0.4238890672902796,0.1617658700744168,-0.5609800328316663,-0.5715899633872069,-0.21099436057342846,-1.5525821707088032,-0.6844926287017071,-0.24369494921269477,-0.2507668263825321,-0.3479890368464476
579671.06_6145241.59,-0.703899525848166,-0.824854318878357,-1.1415064235194972,-0.716214413783959,-1.0013738545989368,-0.6833345582202176,0.022385020597549658,-0.5073708673968608,-0.7205597987737952,-0.21099436057342846,-1.5801001453015606,-0.5934612572772254,-0.24369494921269477,-0.318596378930561,0.94653591740204
580021.65_6145484.86,-0.703899525848166,-0.824854318878357,-1.0410338114249067,-0.716214413783959,-0.3452999548182459,-0.7384029318782892,-0.09527780001098231,-0.3740293593671058,-0.5026531969963479,-0.21099436057342846,-1.5800997284396083,-0.5542914793418107,-0.24369494921269477,-0.30020933916200576,0.24420382051589312
579689.19_6145721.74,-0.703899525848166,-0.824854318878357,-1.2792974343920782,-0.716214413783959,-1.0013738545989368,-0.285088145740277,0.45540814706440497,-0.838432884511622,-0.8389500384221392,-0.21099436057342846,-1.5800994859017439,-0.7077164768209905,-0.24369494921269477,-0.32289805922167425,-0.7560784573292363
580454.66_6145734.86,-0.703899525848166,-0.824854318878357,-0.8798675397792984,-0.716214413783959,0.12209440899489807,-0.4321432369860032,0.21717520180093808,-0.5705618987209382,-0.4514226379226607,-0.21099436057342846,-1.5801000030780703,-0.6718392993821365,-0.24369494921269477,-0.2865658739114038,-0.008210262186856963
580017.81_6145934.22,-0.703899525848166,-0.824854318878357,-1.2792974343920782,-0.716214413783959,-1.0013738545989368,-0.7384029318782892,0.07405717918851251,-0.5879410876521904,-0.8389500384221392,-0.21099436057342846,-1.5801001453015606,-0.7988095569370115,-0.24369494921269477,-0.32289805922167425,-0.7560784573292363
580438.96_6146027.74,-0.703899525848166,-0.824854318878357,-0.8798675397792984,-0.716214413783959,0.12209440899489807,1.3955095761812524,1.7664246555863636,-1.675714906068768,-0.8389500384221392,-0.21099436057342846,-1.5801001453015606,-0.8939339905139669,-0.24369494921269477,-0.3163315691906159,4.2219869693121295
579692.14_6146059.94,-0.703899525848166,-0.824854318878357,-1.2792974343920782,-0.716214413783959,-1.0013738545989368,-0.16242119431631416,1.1028144776307296,-1.3287095419279975,-0.8389500384221392,-0.21099436057342846,-1.580100490701464,-0.8968394257235136,-0.24369494921269477,-0.32289805922167425,-0.7560784573292363
581352.69_6146213.41,-0.703899525848166,-0.824854318878357,-0.9221070460884527,-0.716214413783959,-1.0013738545989368,1.5183753082538725,1.6108637187039525,-1.590592835820404,-0.8389500384221392,-0.21099436057342846,-1.5801003954187323,-1.1202225060295532,-0.24369494921269477,-0.32289805922167425,-0.7560784573292363
582186.71_6146234.86,-0.703899525848166,-0.824854318878357,-0.5653267500790912,-0.716214413783959,-0.17276220424716196,-0.7384029318782892,-0.0988918684476291,-0.2981280510368734,-0.49515185780539395,-0.21099436057342846,-0.9571150376142256,-0.5161152740255649,-0.24369494921269477,-0.28775789461209633,-0.003579326636724149
581753.7_6146484.86,-0.703899525848166,-0.824854318878357,-0.9540942450410163,-0.716214413783959,-1.0013738545989368,-0.7384029318782892,-0.1549790683288869,-0.28515424795403393,-0.3417580463036988,-0.21099436057342846,-1.5476518610220558,-0.484260403193342,-0.24369494921269477,-0.24984147335991438,-0.3406891968586318
581471.18_6146649.47,-0.703899525848166,-0.824854318878357,-1.5474977948404949,-0.716214413783959,-1.0013738545989368,-0.7384029318782892,0.041165026726371526,-0.5598860720323363,-0.8389500384221392,-0.21099436057342846,-1.5800997999016573,-0.7307011442070841,-0.24369494921269477,-0.32289805922167425,-0.7560784573292363
582186.71_6146734.86,-0.703899525848166,-0.824854318878357,-0.7519187439690447,-0.716214413783959,-1.0013738545989368,-0.7384029318782892,0.0034484105644011706,-0.437867688804959,-0.8018532663095157,-0.21099436057342846,-0.9346710331456254,-0.5174022781378776,-0.24369494921269477,-0.31594611720737764,-0.0035793266367407294
581787.41_6146965.71,-0.703899525848166,-0.824854318878357,-1.5474977948404949,-0.716214413783959,-1.0013738545989368,-0.7384029318782892,0.007453339071734954,-0.510541013774503,-0.7750128777444839,-0.21099436057342846,-1.5384066838089792,-0.6412144570833495,-0.24369494921269477,-0.31441715045748003,0.008741859485123333
582186.71_6147234.86,-0.703899525848166,-0.824854318878357,-0.822044526288126,-0.716214413783959,-1.0013738545989368,-0.7384029318782892,-0.03162208225243805,-0.390530473292591,-0.7042857721437001,-0.21099436057342846,-0.9121883438878164,-0.5093759191582384,-0.24369494921269477,-0.3087161165901309,-0.284435357289607
584784.79_6146234.86,-0.703899525848166,-0.824854318878357,-0.7994894501036263,-0.716214413783959,-1.0013738545989368,-0.5273098679796446,0.20046357868348846,-0.49522348787823833,-0.8350413348484191,-0.21099436057342846,0.03818599264994449,-0.886904153236992,-0.24369494921269477,-0.32289805922167425,-0.7560784573292363
585217.8_6146484.86,-0.703899525848166,-0.824854318878357,-0.898321693021162,-0.716214413783959,-1.0013738545989368,-0.7346232670278631,0.021171294027108198,-0.359105292582861,-0.7685416618160671,-0.21099436057342846,0.03818638499060656,-0.7400000727291054,-0.24369494921269477,-0.30620700903572695,-0.4800806132955871
584351.77_6146484.86,-0.703899525848166,-0.824854318878357,-0.7662719742682718,-0.716214413783959,-1.0013738545989368,-0.5146964463497049,0.04728872346204576,-0.3013494377820241,-0.5211897109426475,-0.21099436057342846,0.03818638499060656,-0.6197870219504501,-0.24369494921269477,-0.30117449161593135,-0.05520308081785575
584784.79_6146734.86,-0.703899525848166,-0.824854318878357,-0.9577850756893889,-0.716214413783959,-1.0013738545989368,-0.6314199843646326,0.0005672685468946978,-0.2564189015957021,-0.4857936796834199,-0.21099436057342846,0.03818599264994449,-0.6073469173862638,-0.24369494921269477,-0.2893592457419338,0.12391905906809987
583918.76_6146734.86,-0.703899525848166,-0.824854318878357,-0.6477553012260815,-0.716214413783959,-0.3578546767932727,-0.7384029318782892,0.032993417102104676,-0.3736754040989954,-0.8389500384221392,-0.21099436057342846,0.03818599264994449,-0.6256633740602585,-0.24369494921269477,-0.32289805922167425,-0.7560784573292363
585217.8_6146984.86,-0.703899525848166,-0.824854318878357,-0.9709080291058252,-0.716214413783959,-1.0013738545989368,-0.32086076167195476,0.4285942332130377,-0.5617916000220907,-0.6347599860147367,-0.21099436057342846,0.03818638499060656,-0.7690342766120548,-0.24369494921269477,-0.2854832220534833,-0.3380106769243783
584352.65_6146981.51,-0.703899525848166,-0.824854318878357,-1.1357651313998063,-0.716214413783959,-1.0013738545989368,-0.6415852989758464,0.062075906615829596,-0.3691530421232604,-0.832125049635163,-0.21099436057342846,0.03818638499060656,-0.38275904236213754,-0.24369494921269477,-0.32289805922167425,-0.7560784573292363
584784.79_6147234.86,-0.703899525848166,-0.824854318878357,-1.083273317734061,-0.716214413783959,-1.0013738545989368,-0.40153536395376993,0.21197158394412416,-0.41850592577753104,-0.6282635967977377,-0.21099436057342846,0.03818599264994449,-0.5231637502509843,-0.24369494921269477,-0.3216610052349879,4.2219869693121295
583903.06_6147210.74,-0.703899525848166,-0.824854318878357,-0.7252627448419083,-0.716214413783959,-1.0013738545989368,-0.7384029318782892,-0.019965157532153603,-0.3132133884205308,-0.8386111144510673,-0.21099436057342846,0.03818621286696131,-0.2914061124729159,-0.24369494921269477,-0.32289805922167425,-0.7560784573292363
585217.8_6147484.86,-0.703899525848166,-0.824854318878357,-1.0734311026717336,-0.716214413783959,-1.0013738545989368,-0.2479824498460518,0.4146702346743942,-0.5929905160973883,-0.7100292579146167,-0.21099436057342846,0.03818638499060656,-0.7965904202166629,-0.24369494921269477,-0.3175416500372369,0.28373662733305366
586083.83_6146984.86,-0.703899525848166,-0.824854318878357,-0.5956735798546,-0.716214413783959,-1.0013738545989368,-0.5556891309000312,-0.1700197564780206,-0.01914713504516451,0.02615893554214244,-0.21099436057342846,0.03818621286696131,-0.5348960007015411,-0.24369494921269477,-0.24512110818285684,-0.005168221151195813
585650.81_6147234.86,-0.703899525848166,-0.824854318878357,-0.9208767692056619,-0.716214413783959,-1.0013738545989368,-0.5536923508731431,0.04545390385592916,-0.3141300943118329,-0.5485712408598672,-0.21099436057342846,0.03818599264994449,-0.6996664994083955,-0.24369494921269477,-0.2902074837597511,0.18815244462945185
586516.84_6147234.86,-0.703899525848166,-0.824854318878357,-0.9860814439935798,-0.716214413783959,-1.0013738545989368,-0.7344854837780602,0.022277143289890593,-0.363993667207513,-0.8380013713179633,-0.21099436057342846,0.03818599264994449,-0.5809418978301689,-0.24369494921269477,-0.32289805922167425,-0.7560784573292363
586083.83_6147484.86,-0.703899525848166,-0.824854318878357,-1.0779421179086337,-0.716214413783959,-1.0013738545989368,-0.6779130261648106,-0.32407742452107074,0.14304890553582958,0.2661991491341176,-0.21099436057342846,0.03818621286696131,-0.48233324941653577,-0.24369494921269477,-0.12514230577622443,0.18348115610270213
585650.81_6147734.86,-0.703899525848166,-0.824854318878357,-1.1763642685319058,-0.716214413783959,-1.0013738545989368,-0.7384029318782892,0.05218513194540167,-0.4022351519025004,-0.8363348255928453,-0.21099436057342846,0.03818599264994449,-0.8163076498850103,-0.24369494921269477,-0.32289805922167425,-0.7560784573292363
586516.84_6147734.86,-0.703899525848166,-0.824854318878357,-1.0393934422478521,-0.716214413783959,-1.0013738545989368,-0.7256646698486872,0.05054349615650486,-0.39566998052049285,-0.8351814588710583,-0.21099436057342846,0.03818599264994449,-0.755065898646118,-0.24369494921269477,-0.32289805922167425,-0.7560784573292363
586083.83_6147984.86,-0.703899525848166,-0.824854318878357,-1.1624211305269423,-0.716214413783959,-1.0013738545989368,-0.7384029318782892,-0.025741402481730492,-0.28967397434501085,-0.6783105454499703,-0.21099436057342846,0.03818621286696131,-0.5657840993970578,-0.24369494921269477,-0.31417798802984204,-0.206899512141003
585652.6_6148230.86,-0.703899525848166,-0.824854318878357,-1.4097067839679138,-0.716214413783959,-1.0013738545989368,-0.6314340430341923,0.048086676931461986,-0.35629926590145383,-0.7727004848181371,-0.21099436057342846,0.03818599264994449,-0.501060531477299,-0.24369494921269477,-0.31852986577680087,-0.028704446160265545
586519.65_6148227.02,-0.703899525848166,-0.824854318878357,-1.1152605166866245,-0.716214413783959,-1.0013738545989368,-0.38327787491695614,0.2325592801504971,-0.4972206116410227,-0.7774456014314518,-0.21099436057342846,0.03818599264994449,-0.8011426569844665,-0.24369494921269477,-0.30014968646209694,-0.4472246148255401
586069.51_6148483.94,-0.703899525848166,-0.824854318878357,-1.2911901109257236,-0.716214413783959,-1.0013738545989368,-0.6951931732021814,-0.09167572128192167,-0.19635853172745676,-0.5843447580200456,-0.21099436057342846,0.03818638499060656,-0.20743275992680668,-0.24369494921269477,-0.25664524178605147,-0.3858421090748103
583052.74_6147234.86,-0.703899525848166,-0.824854318878357,-0.7014773917746177,-0.716214413783959,-1.0013738545989368,-0.7384029318782892,0.011324415007907151,-0.3514111525181723,-0.8296769585734777,-0.21099436057342846,0.03818599264994449,-0.5380857053379232,-0.24369494921269477,-0.32289805922167425,-0.7560784573292363
583475.14_6147468.11,-0.703899525848166,-0.824854318878357,-0.7014773917746177,-0.716214413783959,-1.0013738545989368,-0.7384029318782892,0.02164805730522319,-0.3556230246891329,-0.8389500384221392,-0.21099436057342846,0.03818629606005699,-0.5052989165478206,-0.24369494921269477,-0.32289805922167425,-0.7560784573292363
582619.72_6147484.86,-0.703899525848166,-0.824854318878357,-1.1357651313998063,-0.716214413783959,-1.0013738545989368,-0.7384029318782892,-0.002612527008776112,-0.34791066857280867,-0.8362137309259267,-0.21099436057342846,-0.09069399119582168,-0.4182457113068378,-0.24369494921269477,-0.32289805922167425,-0.7560784573292363
583056.47_6147653.2,-0.703899525848166,-0.824854318878357,-0.7014773917746177,-0.716214413783959,-1.0013738545989368,-0.720689649122124,0.004784201140736675,-0.3312058158884102,-0.8389500384221392,-0.21099436057342846,0.03818603816146165,-0.32464570069197773,-0.24369494921269477,-0.32289805922167425,-0.7560784573292363
583355.82_6147768.45,-0.703899525848166,-0.824854318878357,-0.7014773917746177,-0.716214413783959,-1.0013738545989368,-0.7300363434881914,-0.004235805583291285,-0.32899081110163414,-0.8389500384221392,-0.21099436057342846,0.03818613487343476,-0.35818593606688903,-0.24369494921269477,-0.32289805922167425,-0.7560784573292363
582606.67_6147988.34,-0.703899525848166,-0.824854318878357,-1.1714431610007423,-0.716214413783959,-1.0013738545989368,-0.46488815719427046,0.05275351293955967,-0.30420388548204363,-0.5423501960229016,-0.21099436057342846,-0.08585698712442584,-0.4009038850618552,-0.24369494921269477,-0.2727684084584372,-0.34248977347698195
582882.39_6148222.42,-0.703899525848166,-0.824854318878357,-1.3104644487561141,-0.716214413783959,-1.0013738545989368,-0.7384029318782892,-0.004507449873322092,-0.33226277177494695,-0.8389500384221392,-0.21099436057342846,0.03818594888887108,-0.40086492660403944,-0.24369494921269477,-0.32289805922167425,-0.7560784573292363
582633.35_6148465.4,-0.703899525848166,-0.824854318878357,-1.3133350948159597,-0.716214413783959,-1.0013738545989368,0.21161796023020932,0.6784005308258924,-0.7785806866112019,-0.7366317155739583,-0.21099436057342846,-0.04303857979465356,-0.6330021216473992,-0.24369494921269477,-0.31453549912626433,-0.3579630307862537
582764.15_6148734.75,-0.703899525848166,-0.824854318878357,-1.4449747212745863,-0.716214413783959,-1.0013738545989368,4.34263067311154,4.004528895974456,-3.0121535251023976,-0.8389500384221392,-0.21099436057342846,0.03818613487343476,-0.8792017414730031,-0.24369494921269477,-0.32289805922167425,-0.7560784573292363
584464.55_6147396.47,-0.703899525848166,-0.824854318878357,-1.120181624217788,-0.716214413783959,-1.0013738545989368,-0.7384029318782892,-0.0579407954782276,-0.24861463764556826,-0.7175308988116446,-0.21099436057342846,0.03818509867372365,-0.20515711376663642,-0.24369494921269477,-0.32289805922167425,-0.7560784573292363
584865.08_6147691.51,-0.703899525848166,-0.824854318878357,-1.2202441440181147,-0.716214413783959,-1.0013738545989368,-0.7384029318782892,-0.4537094134402429,0.31297948919557217,0.524725224295056,-0.21099436057342846,0.03818532894032586,-0.3178645315884814,-0.24369494921269477,-0.31735201926144724,4.2219869693121295
583782.7_6147504.94,-0.703899525848166,-0.824854318878357,-0.7252627448419083,-0.716214413783959,-1.0013738545989368,-0.7384029318782892,-0.01758901399025861,-0.3161664476620801,-0.8389500384221392,-0.21099436057342846,0.03818613487343476,-0.30770096919872414,-0.24369494921269477,-0.32289805922167425,-0.7560784573292363
585217.8_6147984.86,-0.703899525848166,-0.824854318878357,-1.2181936825467965,-0.716214413783959,-1.0013738545989368,-0.7384029318782892,-0.028147849053032657,-0.29344492395134913,-0.6507076632138591,-0.21099436057342846,0.03818638499060656,-0.6827920566012693,-0.24369494921269477,-0.3007608950355391,0.12804301984326782
584978.76_6148141.4,-0.703899525848166,-0.824854318878357,-1.2181936825467965,-0.716214413783959,-1.0013738545989368,-0.7384029318782892,0.03351820393146273,-0.3793073391050046,-0.8389500384221392,-0.21099436057342846,0.03818613487343476,-0.6756477837734591,-0.24369494921269477,-0.32289805922167425,-0.7560784573292363
585240.03_6148360.41,-0.703899525848166,-0.824854318878357,-1.2575625427961055,-0.716214413783959,-1.0013738545989368,-0.7384029318782892,-0.2728994145604887,0.045242641232263604,0.05559333391995659,-0.21099436057342846,0.03818613487343476,-0.613301501227524,-0.24369494921269477,-0.2592661698521425,-0.00259019847212488
586440.98_6148807.88,-0.703899525848166,-0.824854318878357,-1.317436017758596,-0.716214413783959,-1.0013738545989368,-0.7383602129383132,-0.009973466856140667,-0.3198878310797526,-0.7286021014942399,-0.21099436057342846,0.03818547547361819,-0.6267951526765865,-0.24369494921269477,-0.27819745006869323,-0.4515120011151384
585778.04_6148689.0,-0.703899525848166,-0.824854318878357,-1.3170259254643326,-0.716214413783959,-1.0013738545989368,-0.7384029318782892,-0.3895992620788203,0.1907423147457116,0.08130695917812791,-0.21099436057342846,0.03818575311564704,0.16525908296742228,-0.24369494921269477,-0.14678600412515164,-0.03287010391635858
586089.94_6148921.16,-0.703899525848166,-0.824854318878357,-1.3145653716987507,-0.716214413783959,-1.0013738545989368,-0.7384029318782892,0.04721602103651557,-0.37399319653764196,-0.8159135030846029,-0.21099436057342846,0.0381852049506175,-0.5023106529931303,-0.24369494921269477,-0.32289805922167425,-0.7560784573292363
581900.69_6147403.24,-0.703899525848166,-0.824854318878357,-0.822044526288126,-0.716214413783959,-1.0013738545989368,-0.7384029318782892,0.02961382733249261,-0.5356332731875647,-0.8389500384221392,-0.21099436057342846,-1.485708329709317,-0.6475381939560022,-0.24369494921269477,-0.32289805922167425,-0.7560784573292363
582210.14_6147723.6,-0.703899525848166,-0.824854318878357,-1.150528453993297,-0.716214413783959,-1.0013738545989368,-0.7384029318782892,-0.0038091326830213415,-0.41958156594191187,-0.7360207889569119,-0.21099436057342846,-0.8287917010035107,-0.6535719793645501,-0.24369494921269477,-0.32289805922167425,-0.7560784573292363
582304.8_6148175.26,-0.703899525848166,-0.824854318878357,-1.2911901109257236,-0.716214413783959,-1.0013738545989368,2.232925749191427,1.62849101505854,-1.3532072915186184,-0.573849985321396,-0.21099436057342846,-0.5902313412279389,-0.591852829518832,-0.24369494921269477,-0.3017360512849998,-0.32116266492888396
582691.79_6148778.46,-0.703899525848166,-0.824854318878357,-1.4449747212745863,-0.716214413783959,-1.0013738545989368,4.213819779848715,3.7592913158436416,-2.833835413505461,-0.8389500384221392,-0.21099436057342846,0.03818613487343476,-0.8749324788732642,-0.24369494921269477,-0.32289805922167425,-0.7560784573292363
590846.97_6142234.86,0.8675390466657372,1.1832688707907377,1.065200211913118,1.7619688959714204,1.6186172684181035,0.09761725376628855,-0.5194942941692049,0.7497753385839635,1.5745110766334685,-0.21099436057342846,0.22373651741369155,1.0760968412843603,-0.24369494921269477,2.620634986108652,1.7312177891741714
589980.94_6142234.86,-0.703899525848166,1.0732298451465188,0.8900908022625462,-0.716214413783959,-1.0013738545989368,1.0171830637746992,0.8802271674776119,-0.6593607861269488,-0.2689597251756247,-0.21099436057342846,0.22373701519590522,0.5193189511229664,-0.24369494921269477,-0.23529018100350382,0.20242108365256165
590413.95_6142484.86,0.5172060683714693,1.3292753449464976,1.2001205767258538,1.2590620959295535,1.0870144693612505,0.09548038779947783,-0.343304852646927,0.5660337928483862,1.3581275738682945,-0.21099436057342846,0.22373664247227687,0.8816836804011683,-0.24369494921269477,-0.14411327065239715,0.3197563493835968
589980.94_6142734.86,0.028571075262270325,-0.09339749469316097,0.49353155370961227,0.6661123011852307,0.4599957832941933,0.7305051999280953,1.1670303610943211,-1.0471287848333042,-0.7014735189704956,-0.21099436057342846,0.22373701519590522,-0.23965047398190073,-0.24369494921269477,-0.2989082323753839,0.035323184857561946
590846.97_6142734.86,0.8651296038989267,0.9225938974199668,0.6838143782479382,1.1643502052054884,0.9865766935610354,0.3173308623713634,0.33011456876585193,-0.18455106762974624,0.3774911602893918,-0.21099436057342846,0.22373651741369155,0.2762593967066461,-0.24369494921269477,-0.32230097038572353,1.7312177891742648
590413.95_6142984.86,0.6126200019371709,1.0201689557582063,0.7051391775496474,-0.716214413783959,0.24584809703444893,2.1258968829564546,2.218458981290987,-1.6346507847295666,-0.13364348003495483,-0.21099436057342846,0.22373664247227687,-0.46032521719038266,-0.24369494921269477,-0.32289805922167425,-0.7560784573292363
589980.94_6143234.86,-0.13960802986111268,-0.18278194594461378,0.24378534650305897,0.6757835858014204,0.47003956087421483,0.6500799377527126,1.2095284317035324,-0.9791341763139874,-0.22849629430165463,-0.21099436057342846,0.22373701519590522,-0.08331339111089371,-0.24369494921269477,-0.28488456838676207,-0.28266393009928514
590846.97_6143234.86,0.9340396670297111,1.1836249841423372,0.904854124856037,0.6584419720068732,0.4517455374248897,0.5835599553535145,0.3659192372786778,-0.022367521110668143,1.0471551709952025,-0.21099436057342846,0.22373651741369155,0.49846521782319353,-0.24369494921269477,-0.03899956440826736,-0.5977301157863972
590413.95_6143484.86,0.4598613305213759,0.933989524671148,0.5997454579238933,-0.716214413783959,0.1428993768392283,1.4498795266030955,1.8535624848301202,-1.4822604165277167,-0.4491106304313752,-0.21099436057342846,0.22373664247227687,-0.5150870064542685,-0.24369494921269477,-0.27419170379366287,-0.6071896986380465
589980.94_6143734.86,-0.5718620622269426,-0.6101179678639104,-0.2458648528477202,-0.716214413783959,-1.0013738545989368,0.5826820725822304,0.9175667772092988,-0.7005531091973902,0.05629923398411547,-0.21099436057342846,0.22373701519590522,-0.029404968859454008,-0.24369494921269477,-0.32289805922167425,-0.7560784573292363
586949.85_6142484.86,-0.11647737929973054,0.5123513163774419,0.5796509355049753,-0.716214413783959,0.01448250635181045,0.11959155120536615,-0.15882570711139268,0.4044241385340225,1.2992165281738126,-0.21099436057342846,0.03818638499060656,1.1917028773424028,-0.24369494921269477,-0.30314332282127765,-0.4801677172598732
588248.89_6142734.86,0.0950716956262441,-0.07345514700359372,0.6145087805173841,-0.716214413783959,-0.10568411826630411,1.2841068757675094,0.8775452497558973,-0.684830523680787,-0.44539123435645944,-0.21099436057342846,0.04960540108800189,0.6316549767324742,-0.24369494921269477,-0.31834712059906345,0.3190912089102733
587376.6_6142738.42,-0.5954746013416868,-0.11618874919552348,0.7096501927865473,-0.716214413783959,-0.3513979626346874,1.648042981554705,1.4933980982668829,-1.041401949280524,0.1649231532482036,-0.21099436057342846,0.03818555920692921,0.043519680820451496,-0.24369494921269477,-0.32289805922167425,-0.7560784573292363
587837.9_6142969.6,-0.5978840441084976,-0.6275675220922817,-0.10643347279808452,-0.716214413783959,-1.0013738545989368,-0.717013150672065,-1.091649151755808,1.165397507617321,1.8125271569140338,-0.21099436057342846,0.0381852049506175,1.2703350979414743,-0.24369494921269477,-0.32289805922167425,-0.7560784573292363
586949.85_6142984.86,-0.703899525848166,1.777978167961759,1.805826895353241,2.1668288795595014,2.0465539345954484,2.0815495356555225,1.6516174431773472,-1.1396186688255219,0.005321082738080947,-0.21099436057342846,0.03818638499060656,0.10981186486345657,-0.24369494921269477,6.902702355451199,1.2085893512742356
587382.86_6143234.86,0.6998418300957162,1.2345491934210533,1.0791433499180816,0.8555360826333609,0.6601539222103362,3.1752125720613527,3.127604703040643,-2.258144709161069,-0.5811545119671336,-0.21099436057342846,0.03818599264994449,-0.4968693884558776,-0.24369494921269477,-0.32289805922167425,-0.7560784573292363
588273.66_6143193.09,-0.5198180984638326,-0.5805605596811592,0.04899150672783277,-0.716214413783959,-0.3133750903674632,-0.7384029318782892,-0.9106230224784728,0.9404237089359889,1.3840392901012981,-0.21099436057342846,0.05323496561626649,1.2920176188142853,-0.24369494921269477,-0.32289805922167425,-0.7560784573292363
586949.85_6143484.86,1.7465037679982607,1.6205760665548181,1.532705427373661,0.8085136298443002,0.6106524469945158,0.2551000731386436,-0.24954256145283493,0.42291363019637557,1.1701815500783417,-0.21099436057342846,0.03818638499060656,0.6177413767193446,-0.24369494921269477,-0.03732133311127848,1.581851182219329
587806.99_6143502.03,0.08398825889891529,0.33892411414852747,0.6042564731607933,-0.716214413783959,-0.042910508391169666,2.4969028300680014,2.4198049528473677,-1.681015964321868,-0.23980978165797834,-0.21099436057342846,0.03818648027333808,-0.4266658564909621,-0.24369494921269477,-0.32289805922167425,-0.7560784573292363
588248.89_6143734.86,-0.5429487490252148,-0.3010115786756192,0.19785500954553206,-0.716214413783959,-1.0013738545989368,-0.1598831122232919,-0.06203135261567812,0.01724698306684766,0.29014611795985357,-0.21099436057342846,0.051684139614015065,-0.12598644412907217,-0.24369494921269477,-0.1318447925663386,0.26139731756756257
590846.97_6143734.86,-0.05238620170256736,0.11136768247650199,0.317601959470513,-0.716214413783959,-0.02820354836328102,-0.35353344122993036,-0.07603983677444608,-0.004348995192465015,0.019831863409651027,-0.21099436057342846,0.22373651741369155,0.17141439503290887,-0.24369494921269477,-0.2595049628930328,-0.5989659842962818
591279.98_6143984.86,-0.024436665607563864,0.12632444324367745,0.347948789246022,-0.716214413783959,0.0008516653503527204,-0.5762470576463555,0.15770621519777334,-0.2733928817124294,-0.06602668375069239,-0.21099436057342846,0.2237365564104548,-0.5356458364307961,-0.24369494921269477,-0.32165216426272125,-0.5692334094872726
590413.95_6143984.86,-0.703899525848166,-0.824854318878357,-0.3598705106530104,-0.716214413783959,-1.0013738545989368,1.6912821428839102,2.459177443832303,-2.0027702372465463,-0.838949476535075,-0.21099436057342846,0.22373664247227687,-0.9277421154709427,-0.24369494921269477,-0.32289805922167425,-0.7560784573292363
590844.87_6144231.24,-0.703899525848166,-0.824854318878357,-0.23028134566570216,-0.716214413783959,-1.0013738545989368,1.3064955502332216,2.353753332499975,-1.9895165665343653,-0.8372493849356257,-0.21099436057342846,0.22373651741369155,-1.2955854253498726,-0.24369494921269477,-0.32289805922167425,-0.7560784573292363
589996.26_6144224.28,-0.32899023133242944,-0.5029278490324869,-0.30819888157579256,-0.716214413783959,-1.0013738545989368,0.5784972313418312,0.9485805054529938,-0.7617247083617963,-0.12593327327816778,-0.21099436057342846,0.223736741284,-0.02633419622702297,-0.24369494921269477,-0.31016260350856845,0.4011316115667493
590468.14_6144388.63,-0.703899525848166,-0.824854318878357,-0.3598705106530104,-0.716214413783959,-1.0013738545989368,3.0066849134839764,3.2838794752956826,-2.571759337764864,-0.838049611833451,-0.21099436057342846,0.22373724275348875,-1.1662072067940588,-0.24369494921269477,-0.32289805922167425,-0.7560784573292363
591320.64_6144331.75,-0.4880134539419321,-0.5648915722107849,-0.03876824424458495,-0.716214413783959,-1.0013738545989368,3.6622822960074544,3.704671313381713,-2.8664068519071804,-0.691323929282862,-0.21099436057342846,0.22373712186352293,-2.059906956841827,-0.24369494921269477,-0.3097722489295819,-0.6033410728474782
590743.15_6144534.58,-0.703899525848166,-0.824854318878357,-0.32501266564060155,-0.716214413783959,-1.0013738545989368,4.321686694323491,3.9114357297842752,-2.884881127005431,-0.8389500384221392,-0.21099436057342846,0.22373692038024542,-0.29478109458302765,-0.24369494921269477,-0.32289805922167425,-0.7560784573292363
589980.61_6144748.24,-0.29670369825716686,-0.4922444484845045,-0.6621085315253088,-0.716214413783959,-1.0013738545989368,0.6200191481466837,0.557294878489456,-0.3723421422376951,0.19930975141049317,-0.21099436057342846,0.2237373445555666,-0.3971374679345787,-0.24369494921269477,-0.09871116961189096,0.4511608895429425
590314.38_6145043.54,-0.47114735457425755,-0.5584815318819955,-0.8380381257644077,-0.716214413783959,-1.0013738545989368,1.9285684313415263,1.7415775305410035,-1.4944285948875027,-0.8354907351768228,-0.21099436057342846,0.22373745766898506,-1.4670347483582367,-0.24369494921269477,-0.32289805922167425,-0.7560784573292363
587382.86_6143734.86,0.6362325410519152,0.5454698580761874,0.8605641570755647,-0.716214413783959,-0.16343583935142778,0.47079947181404047,0.404907376844236,-0.23837466551100783,0.48712270189415136,-0.21099436057342846,0.03818599264994449,-0.0655975289485485,-0.24369494921269477,-0.26974540311442813,2.0295747447985155
587815.88_6143984.86,0.8444083961043551,0.6476743899852193,0.8211952968262557,-0.716214413783959,-0.056900055734771075,-0.2828528944404945,-0.7804131660278547,0.9234360319177999,1.8267920695416124,-0.21099436057342846,0.03818638499060656,0.6623155191453322,-0.24369494921269477,1.3389045594085967,0.6059498771087235
586949.85_6143984.86,0.7465850197718429,1.3488615792844652,1.158291162710963,0.9269034932493817,0.7354822540604976,1.2792052609513966,0.8444573036878054,-0.5480795029128882,0.14360101094355218,-0.21099436057342846,0.03818638499060656,0.46238543587223263,-0.24369494921269477,-0.19020769678700994,1.1792818689756117
588248.89_6144234.86,0.9976489560735122,0.9859820740046625,0.7117006542578657,-0.716214413783959,-0.19858906088150308,-0.7011896360804384,-0.5904574486235624,0.5030449253203,0.6259492870105862,-0.21099436057342846,0.05272237108910401,0.6395996687845007,-0.24369494921269477,0.07839118463686746,0.17468801629742867
587382.86_6144234.86,0.1008543582665897,0.5201858101126292,0.7186722232603472,1.0796430916705855,0.896900108025129,-0.04052202970563039,-0.31242781364713923,0.42299897250244756,0.9990392576723363,-0.21099436057342846,0.03818599264994449,0.8150436923367851,-0.24369494921269477,0.1448416856479972,0.3704730273250336
587815.88_6144484.86,0.39432448726412633,0.7018036194283301,0.514856353011321,-0.716214413783959,0.16872623347356927,-0.5145056385606451,-0.3240506421230407,0.18532316789273406,-0.04782540051756493,-0.21099436057342846,0.03818638499060656,0.9496164371465472,-0.24369494921269477,-0.23034833670883467,0.5243007579319111
586949.85_6144484.86,0.6487616434393306,0.9208133306619698,0.8880403407912282,1.2080377322648284,1.032849811697563,-0.32962275142752984,-0.5697165456827576,0.6206670660753022,1.2566419969018556,-0.21099436057342846,0.03818638499060656,0.34781168089037295,-0.24369494921269477,0.4889114268104523,0.9622993354720899
588248.89_6144734.86,1.0477653656231736,0.9347017513743467,0.5862124122131935,-0.716214413783959,-1.0013738545989368,-0.7384029318782892,-0.9376910177406084,0.9521684297143643,1.4243095381307636,-0.21099436057342846,0.05376344703398706,0.9720772866925862,-0.24369494921269477,-0.04530583366369899,0.2487270761928545
587382.86_6144734.86,-0.3121241319647549,-0.08200186744197972,0.2007256556053775,-0.716214413783959,0.18415060618574516,-0.7332353720394499,-0.41550709568591454,0.22083922941913078,0.008790418353042508,-0.21099436057342846,0.03818599264994449,0.546734196129216,-0.24369494921269477,-0.3186445596378662,0.9755556328212452
586949.85_6144984.86,0.027607298155546085,0.3795210362308607,0.6161491496944387,-0.716214413783959,-0.11608660218846922,-0.6738100964886733,-0.10873883035805826,-0.14857287671639655,-0.4840973745997125,-0.21099436057342846,0.03818638499060656,-0.15543053821061745,-0.24369494921269477,-0.29657470860533197,0.7408491323909439
589099.33_6143760.51,0.5721413634547521,0.7737385164514118,0.29340651410895874,-0.716214413783959,-1.0013738545989368,-0.5327890184868542,-0.14220999464682837,0.004696761491067752,-0.18584552136266738,-0.21099436057342846,0.21652369010972727,0.36759879967092335,-0.24369494921269477,-0.3046066729614229,-0.38506216040001356
589544.57_6143996.26,0.8150131943492651,0.8734502548992477,0.49230127682682134,-0.716214413783959,-1.0013738545989368,-0.2477727424732197,-0.079598590717548,-0.001466788268614411,-0.17672073800834512,-0.21099436057342846,0.2237373445555666,0.6421525102748261,-0.24369494921269477,-0.02363181048400165,-0.31068718548239355
588681.9_6143984.86,0.17506519548435753,0.5782322864233336,0.21097796296196836,-0.716214413783959,-1.0013738545989368,-0.3206617161964254,0.030337698446668733,-0.1696439587190471,-0.3452925162393096,-0.21099436057342846,0.14528817153253806,0.07979788007207415,-0.24369494921269477,-0.22002429698590184,0.20251854944453862
589114.91_6144234.86,2.0765974270513197,1.4111814158143625,1.1340957173494086,-0.716214413783959,-1.0013738545989368,-0.3944280985549458,-0.5398740369763868,0.5527629979987135,0.7881198380251496,-0.21099436057342846,0.21895603036486783,0.9625497006939138,-0.24369494921269477,0.19830643594771946,0.11858880153741855
589547.93_6144484.86,0.6906859475818359,0.7566450755746398,0.27372208398430414,-0.716214413783959,-1.0013738545989368,-0.45486696764808204,-1.1291121220329727,1.3365931595498517,2.2780732851521943,-0.21099436057342846,0.2237366901136432,1.3865971667470527,-0.24369494921269477,0.8452896356393791,0.1492226157621508
588681.9_6144484.86,1.8163776082357694,1.2124701656218897,0.9200275397437917,-0.716214413783959,-1.0013738545989368,-0.6904235979358381,-1.2220945134649095,1.3806054371991476,2.2339387648519486,-0.21099436057342846,0.1479511825058126,1.387945893278809,-0.24369494921269477,0.9252981594076103,0.1492226157621508
589114.91_6144734.86,1.5585672321870307,1.1846933241971354,0.8732770181977374,-0.716214413783959,-1.0013738545989368,-0.43926461086102125,-1.0969508200462164,1.2987204561588146,2.1161221938236823,-0.21099436057342846,0.2194771372312676,1.637100522726034,-0.24369494921269477,0.14875836943143497,0.1492226157621508
589547.93_6144984.86,0.40926303241835243,0.6850662919031577,0.2827441144581043,-0.716214413783959,-1.0013738545989368,-0.7384029318782892,-0.31648496748881755,0.11813990194414763,-0.20500989473289782,-0.21099436057342846,0.2237366901136432,0.42325792196075185,-0.24369494921269477,-0.23409233521158473,0.1492226157621049
588681.9_6144984.86,0.4979305262369842,0.7530839420586459,0.40659198732572166,-0.716214413783959,-1.0013738545989368,-0.5017349172437146,-0.7687186311545023,0.8222243695320521,1.404398138470597,-0.21099436057342846,0.15062292875407174,0.6936310080953594,-0.24369494921269477,0.19622300210891383,0.14922261576210463
589114.91_6145234.86,0.44492278536714996,0.7035841861863273,0.31473131341066757,-0.716214413783959,-1.0013738545989368,-0.7031285034306887,-0.38762699535344597,0.22159442816589534,-0.005608053300941935,-0.21099436057342846,0.22000051967350492,0.5395836269849916,-0.24369494921269477,-0.28868672494780057,0.14922261576219695
590569.85_6145236.8,-0.34537444214674184,-0.508269549306478,-1.004535597235443,-0.716214413783959,-1.0013738545989368,-0.7384029318782892,1.031011827830719,-1.10540312656221,-0.8389500384221392,-0.21099436057342846,0.22373712186352293,-0.29478109458302765,-0.24369494921269477,-0.32289805922167425,-0.7560784573292363
589977.3_6145236.99,-0.703899525848166,-0.824854318878357,-0.4681348763386098,-0.716214413783959,-1.0013738545989368,0.18868969864444868,0.5193238084260768,-0.5997523103436254,-0.8379014704841287,-0.21099436057342846,0.22373724275348875,-0.0837267174315788,-0.24369494921269477,-0.32289805922167425,-0.7560784573292363
590400.22_6145488.46,-0.1993622104780167,-0.46339926700495193,-0.9750089520484615,-0.716214413783959,-1.0013738545989368,-0.7384029318782892,0.05812308523241545,-0.3694555978849375,-0.8185282300399753,-0.21099436057342846,0.2237366901136432,-0.597484367354331,-0.24369494921269477,-0.32289805922167425,-0.7560784573292363
590661.15_6145779.07,-0.36224054151441637,-0.5143234762836681,-1.189897314242606,-0.716214413783959,-1.0013738545989368,-0.7384029318782892,0.07338951197784858,-0.3659635587574378,-0.8389500384221392,-0.21099436057342846,0.2237361877137838,-0.29478109458302765,-0.24369494921269477,-0.32289805922167425,-0.7560784573292363
589960.99_6145742.12,-0.703899525848166,-0.824854318878357,-0.7203416373107447,-0.716214413783959,-1.0013738545989368,-0.6665898322905595,-0.06962587749379023,-0.20677635496700805,-0.8343691662968775,-0.21099436057342846,0.22373664247227687,0.3501685658158695,-0.24369494921269477,-0.32289805922167425,-0.7560784573292363
590433.93_6145975.48,-0.3670594270480377,-0.5157479296900658,-1.1915376834196605,-0.716214413783959,-1.0013738545989368,-0.7384029318782892,-0.02415395087663261,-0.286110089709994,-0.8369239056264681,-0.21099436057342846,0.22373685590559744,-0.2469586732594263,-0.24369494921269477,-0.32289805922167425,-0.7560784573292363
590706.96_6146099.0,-0.4388608214989949,-0.54352477111482,-1.2235248823722238,-0.716214413783959,-1.0013738545989368,-0.7384029318782892,0.22467722660436343,-0.4827821646137007,-0.8389500384221392,-0.21099436057342846,0.22373651741369155,-0.29478109458302765,-0.24369494921269477,-0.32289805922167425,-0.7560784573292363
587815.88_6144984.86,-0.442715929925892,-0.33484234707756355,0.03217772266302391,-0.716214413783959,-0.2954397732602819,-0.7384029318782892,-0.7988950835826609,0.7701355056542966,1.2066029354930285,-0.21099436057342846,0.03818638499060656,0.5078322477532909,-0.24369494921269477,-0.2593510760402738,0.9755556328216296
588248.89_6145234.86,-0.5983659326618597,-0.6279236354438811,-0.060913228134821154,-0.716214413783959,-0.3366910026067988,-0.6761179862061114,-0.31297650666741805,0.13777228903587238,0.006022070530783899,-0.21099436057342846,0.05480338519095247,0.19539202720323978,-0.24369494921269477,-0.2870783232824248,0.21683516276668663
587382.86_6145234.86,-0.703899525848166,-0.824854318878357,-0.4427091540942645,-0.716214413783959,-1.0013738545989368,-0.7384029318782892,-0.3794625650800159,0.17625436637472883,0.04309045343789273,-0.21099436057342846,0.03818599264994449,0.18386299962425434,-0.24369494921269477,-0.31273775632890366,0.9755556328213331
586949.85_6145484.86,0.17651086114444398,0.4575098602311322,0.3340056512410586,-0.716214413783959,-0.15195723640283176,-0.713309390692673,-0.561041390478155,0.4488479558368323,0.7707263000495267,-0.21099436057342846,0.03818638499060656,-0.1379185933665067,-0.24369494921269477,-0.28821295432349103,0.5368019418402298
587815.88_6145484.86,-0.703899525848166,-0.824854318878357,-0.08797931955622086,-0.716214413783959,0.17195459055286202,-0.6227553448783176,-0.2046034782479803,-0.01822257461744136,-0.3284286797865854,-0.21099436057342846,0.03818638499060656,0.2890736598737738,-0.24369494921269477,-0.286946218216494,0.9755556328217194
587382.86_6145734.86,-0.703899525848166,-0.824854318878357,-0.3975990017252648,-0.716214413783959,-0.019235889809690383,-0.4229342555863888,-0.08532671779868378,-0.09822061972679536,-0.38439308420456386,-0.21099436057342846,0.03818599264994449,0.38309135843294156,-0.24369494921269477,-0.3115954737551596,0.9755556328212449
588248.89_6145734.86,-0.703899525848166,-0.824854318878357,-0.44886053850821905,-0.716214413783959,-0.06766124599907973,-0.5112672833358303,-0.06574667961019637,-0.12029963306292658,-0.2705568156039654,-0.21099436057342846,0.056053814112730894,0.0024669107572750392,-0.24369494921269477,-0.29889509513918916,0.9755556328207711
587815.88_6145984.86,-0.5198180984638326,-0.31632445279439403,-0.20485562342135663,1.0319536537355807,0.8466812201250214,-0.533389403021458,-0.4143512720049686,0.3253732985355958,0.3656350165424713,-0.21099436057342846,0.03818638499060656,0.6032176636456343,-0.24369494921269477,-0.3072553442582952,0.3486919528989615
586949.85_6145984.86,0.9142822363418637,0.5091462962130473,0.6153289651059115,-0.716214413783959,0.3563296504146855,-0.7035658645252236,-0.35818097445615676,0.1622095986125625,0.011857864160039047,-0.21099436057342846,0.03818638499060656,0.2575820036941794,-0.24369494921269477,-0.15941032504774816,0.46511057184713867
588248.89_6146234.86,-0.703899525848166,-0.824854318878357,-0.5915726569119637,-0.716214413783959,-0.3524740816611184,-0.613978864948037,0.02903311629616484,-0.3252809035150012,-0.8380505687804404,-0.21099436057342846,0.057602343468999784,-0.11352540431280662,-0.24369494921269477,-0.32289805922167425,-0.7560784573292363
588681.9_6145484.86,-0.379588529435453,-0.29317708494043215,-0.06829488943156656,-0.716214413783959,-1.0013738545989368,0.12139442788185859,0.07042573871814088,-0.06013485401561479,0.14084049222434733,-0.21099436057342846,0.1532871876237723,0.23309803657264203,-0.24369494921269477,-0.26120986958477527,0.20881691959533344
589547.93_6145484.86,-0.3511571047870874,-0.27572753071206085,-0.17819962429422048,-0.716214413783959,-1.0013738545989368,0.43761467557974065,0.5757954068884854,-0.604436100828751,-0.799455967251828,-0.21099436057342846,0.2237366901136432,0.22977180372224035,-0.24369494921269477,-0.32289805922167425,-0.7560784573292363
589114.91_6145734.86,-0.703899525848166,-0.824854318878357,-0.2954860204536198,-0.716214413783959,-1.0013738545989368,-0.6386240085502641,-0.05314301265605352,-0.2159120459562088,-0.8005636051527867,-0.21099436057342846,0.2205216265399047,0.265059194252417,-0.24369494921269477,-0.3191606865699063,0.14922261576215093
588681.9_6145984.86,-0.703899525848166,-0.824854318878357,-0.4422990618000009,-0.716214413783959,-1.0013738545989368,-0.7282507996231731,-0.21227486314258595,-0.015431812004948694,-0.38253394114120115,-0.21099436057342846,0.1559495746488355,0.21318613961561597,-0.24369494921269477,-0.3165157766932703,0.14922261576210463
589547.93_6145984.86,-0.703899525848166,-0.824854318878357,-0.9196464923228709,-0.716214413783959,-1.0013738545989368,-0.6497250413794954,-0.10027485023219349,-0.16315048916906777,-0.8376364300788283,-0.21099436057342846,0.2237366901136432,0.6477483614883611,-0.24369494921269477,-0.32289805922167425,-0.7560784573292363
589114.91_6146234.86,-0.703899525848166,-0.824854318878357,-0.8396784949414623,-0.716214413783959,-1.0013738545989368,-0.5519415650526155,-0.06606879271466617,-0.15993305637708136,-0.616064602411525,-0.21099436057342846,0.221045008982142,0.2711046024579577,-0.24369494921269477,-0.30524616069717136,0.14922261576219695
588681.9_6146484.86,-0.703899525848166,-0.824854318878357,-0.5780396112012637,-0.716214413783959,-0.21903532238368975,-0.24973643033155915,0.3994413294841002,-0.46223501477135104,-0.838573242051383,-0.21099436057342846,0.15862194484530598,-0.1171229158077936,-0.24369494921269477,-0.32289805922167425,-0.7560784573292363
589547.93_6146484.86,-0.703899525848166,-0.824854318878357,-1.0467751035445976,-0.716214413783959,-1.0013738545989368,-0.43686197731279075,0.03570972223497602,-0.2009961988643009,-0.6832360833355438,-0.21099436057342846,0.2237366901136432,0.5524866682135668,-0.24369494921269477,-0.32289805922167425,-0.7560784573292363
589114.91_6146734.86,-0.703899525848166,-0.824854318878357,-1.105828393918561,-0.716214413783959,-1.0013738545989368,-0.6256670834038003,0.0017755349525912989,-0.2667231541489912,-0.8387886524218884,-0.21099436057342846,0.22156782253041937,0.14161896649542588,-0.24369494921269477,-0.32289805922167425,-0.7560784573292363
588681.9_6146984.86,-0.703899525848166,-0.824854318878357,-1.0623586107266156,-0.716214413783959,-1.0013738545989368,-0.7384029318782892,-0.05481072793662475,-0.2571233794276492,-0.8389500384221392,-0.21099436057342846,0.16128682766322125,-0.03915375000934698,-0.24369494921269477,-0.32289805922167425,-0.7560784573292363
589980.67_6146234.87,-0.703899525848166,-0.824854318878357,-0.9672171984574526,-0.716214413783959,-1.0013738545989368,-0.7384029318782892,-0.09783084985821495,-0.19454373872604214,-0.830241146001133,-0.21099436057342846,0.22373701519590522,0.26321979948618185,-0.24369494921269477,-0.32289805922167425,-0.7560784573292363
590383.78_6146510.2,-0.5525865200924573,-0.5987223406127292,-1.287089187983087,-0.716214413783959,-1.0013738545989368,0.9308504614277705,1.4537641005393693,-1.275118537141826,-0.7308340402918052,-0.21099436057342846,0.2237365980070021,-0.4844454280404968,-0.24369494921269477,-0.32289805922167425,-0.7560784573292363
590723.26_6146824.5,-0.703899525848166,-0.824854318878357,-1.049645749604443,-0.716214413783959,-1.0013738545989368,2.6953294159638777,3.0251368466630852,-2.3131897954770504,-0.8389500384221392,-0.21099436057342846,0.22373651741369155,-0.29478109458302765,-0.24369494921269477,-0.32289805922167425,-0.7560784573292363
589980.94_6146734.86,-0.703899525848166,-0.824854318878357,-1.5474977948404949,-0.716214413783959,-1.0013738545989368,-0.37797774723140576,0.31925338753982824,-0.4242156876451556,-0.8389500384221392,-0.21099436057342846,0.22373701519590522,0.12319851874841131,-0.24369494921269477,-0.32289805922167425,-0.7560784573292363
590364.44_6146979.25,-0.703899525848166,-0.824854318878357,-1.049645749604443,-0.716214413783959,-1.0013738545989368,-0.4133159380228934,1.0348048231112523,-0.815756988086138,-0.8389500384221392,-0.21099436057342846,0.22373724275348875,-0.2736161145622446,-0.24369494921269477,-0.32289805922167425,-0.7560784573292363
590769.35_6147159.79,-0.703899525848166,-0.824854318878357,-1.3896122615489956,-0.716214413783959,-1.0013738545989368,-0.7025696859587999,1.0731314580746452,-1.1146930293195547,-0.8389500384221392,-0.21099436057342846,0.22373712186352293,-0.29478109458302765,-0.24369494921269477,-0.32289805922167425,-0.7560784573292363
589980.94_6147234.86,-0.703899525848166,-0.824854318878357,-1.4638389668107135,-0.716214413783959,-1.0013738545989368,0.37686049200262856,0.9648688741725996,-0.7753308699377293,-0.6814851897924716,-0.21099436057342846,0.22373701519590522,-0.2977563263118893,-0.24369494921269477,-0.31348800867087195,0.28663620359342007
587382.86_6146234.86,0.3789040535565382,0.31328395283336974,0.2400945158546864,1.4418160259182422,1.2799984814345209,-0.31665722265577206,-0.43488233950675526,0.4422203201226462,0.7967688104015462,-0.21099436057342846,0.03818599264994449,0.5728917704502163,-0.24369494921269477,-0.0038428300284591645,-0.007068644147920242
587815.88_6146484.86,-0.40801995408381864,-0.02039425761528111,-0.23930337613950206,1.0859794505570544,0.9037155285258578,-0.5366373144410889,0.07171641068000768,-0.355543161387067,-0.8383169084868304,-0.21099436057342846,0.03818638499060656,-0.1255699427982435,-0.24369494921269477,-0.32289805922167425,-0.7560784573292363
586949.85_6146484.86,0.5172060683714693,0.20146436043115373,0.017004307775269265,-0.716214413783959,0.09913720309770603,-0.5428706327222691,-0.92079756646774,1.0062602939540501,1.8420739698204331,-0.21099436057342846,0.03818638499060656,0.5711385611445525,-0.24369494921269477,0.4740116462248113,0.3871279378729506
587382.86_6146734.86,0.16446364731039076,0.21998225471432326,0.04489058378519637,-0.716214413783959,0.13500783731206856,-0.6828760232595148,-0.30490935351857257,0.11029742725001007,0.022716210199164037,-0.21099436057342846,0.03818599264994449,0.022658095643737625,-0.24369494921269477,-0.23698580615516163,-0.015988613463890473
588248.89_6146734.86,-0.703899525848166,-0.824854318878357,-0.38119530995471934,0.7498189370012177,0.5485962498036687,-0.5542798851472654,0.0691191902887126,-0.35547270920192375,-0.8389500384221392,-0.21099436057342846,0.05916452628028374,-0.1689191368657574,-0.24369494921269477,-0.32289805922167425,-0.7560784573292363
587815.88_6146984.86,-0.703899525848166,-0.824854318878357,-0.43040638526635555,0.6404333730663819,0.43273410129127754,0.1722325421115544,0.5703052515563183,-0.6925972490261075,-0.8378610762841746,-0.21099436057342846,0.03818638499060656,-0.41817771108955926,-0.24369494921269477,-0.32289805922167425,-0.7560784573292363
586949.85_6146984.86,-0.1516552436951659,0.05118452605620113,-0.21223728471810205,-0.716214413783959,-0.1738383232735929,-0.2310854879059452,-0.05202756776072227,-0.03189347333304494,0.1488375547466839,-0.21099436057342846,0.03818638499060656,-0.15243286196559475,-0.24369494921269477,-0.13479261155767122,0.21590985222687545
588248.89_6147234.86,-0.703899525848166,-0.824854318878357,-1.1115696860382516,-0.716214413783959,-1.0013738545989368,-0.6378764328188008,0.19087887927272768,-0.4599374801994184,-0.8389500384221392,-0.21099436057342846,0.06072386462177247,-0.30315251022076944,-0.24369494921269477,-0.32289805922167425,-0.7560784573292363
587382.86_6147234.86,-0.703899525848166,-0.824854318878357,-1.5474977948404949,-0.716214413783959,-1.0013738545989368,0.7280088909872817,0.9596062921620504,-0.9457908700197111,-0.8110987969292861,-0.21099436057342846,0.03818599264994449,-0.514904557194046,-0.24369494921269477,-0.32289805922167425,-0.7560784573292363
586949.85_6147484.86,-0.703899525848166,-0.824854318878357,-0.6276607788071635,-0.716214413783959,-1.0013738545989368,-0.5180886580645157,0.06362726508219475,-0.3243418279933616,-0.5525949536533867,-0.21099436057342846,0.03818638499060656,-0.6760534239584736,-0.24369494921269477,-0.29072405821858915,0.07145707210845881
595902.27_6144531.66,-0.703899525848166,-0.824854318878357,-0.805230742223317,0.7985088526551385,0.5998912567302072,-0.7384029318782892,0.503026093468542,-0.6735154621313622,-0.8389500384221392,-0.21099436057342846,0.47508005520078317,-0.33179770294009153,-0.24369494921269477,0.6169271143178089,-0.7560784573292363
589547.93_6146984.86,-0.703899525848166,-0.824854318878357,-1.3182562023471232,-0.716214413783959,-1.0013738545989368,-0.728659954154077,-0.07390285830885306,-0.21908364337902084,-0.8389500384221392,-0.21099436057342846,0.2237366901136432,0.17135395039532633,-0.24369494921269477,-0.32289805922167425,-0.7560784573292363
589114.91_6147234.86,-0.703899525848166,-0.824854318878357,-1.1456073464621332,-0.716214413783959,-1.0013738545989368,-0.7384029318782892,-0.17177940401479655,-0.09001868797700611,-0.5235851617311363,-0.21099436057342846,0.22202464437945785,0.0466443852491397,-0.24369494921269477,-0.30548707990138263,-0.0983516197550395
588683.06_6147462.5,-0.703899525848166,-0.824854318878357,-0.9155455693802346,-0.716214413783959,-1.0013738545989368,-0.7384029318782892,-0.16991612553959384,-0.09314024871730545,-0.44511902799641606,-0.21099436057342846,0.16365096744244753,-0.1342983959752792,-0.24369494921269477,-0.23415751689047867,-0.32135700611034146
589548.56_6147480.91,-0.703899525848166,-0.824854318878357,-1.303082787459369,-0.716214413783959,-1.0013738545989368,-0.7150562178983689,-0.1680531241571846,-0.08160806230204741,-0.43358328351077896,-0.21099436057342846,0.2237366901136432,-0.10021813957041072,-0.24369494921269477,-0.2974764140000089,0.010715441639139876
589123.38_6147602.48,-0.703899525848166,-0.824854318878357,-1.309644264167587,-0.716214413783959,-1.0013738545989368,-0.7384029318782892,-0.10360710041466203,-0.18035723492092595,-0.6460545239025643,-0.21099436057342846,0.22373651741369155,-0.15067350546680028,-0.24369494921269477,-0.2993440987932821,-0.10582201616509428
590396.64_6147497.69,-0.703899525848166,-0.824854318878357,-1.4626086899279225,-0.716214413783959,-1.0013738545989368,0.21195787344703926,0.9376832177835541,-0.8864095759173497,-0.8389500384221392,-0.21099436057342846,0.2237366901136432,-1.0510051690354418,-0.24369494921269477,-0.32289805922167425,-0.7560784573292363
590738.84_6147790.67,-0.703899525848166,-0.824854318878357,-1.5474977948404949,-0.716214413783959,-1.0013738545989368,-0.7384029318782892,-0.01938356369513597,-0.29432758269610343,-0.8389500384221392,-0.21099436057342846,0.2237373445555666,-0.29478109458302765,-0.24369494921269477,-0.32289805922167425,-0.7560784573292363
589988.36_6147631.72,-0.703899525848166,-0.824854318878357,-1.5474977948404949,-0.716214413783959,-1.0013738545989368,-0.6644220480649443,0.029302317862970162,-0.3236686865114241,-0.745517113511322,-0.21099436057342846,0.22373699046138548,-0.5661123069675049,-0.24369494921269477,-0.32289805922167425,-0.7560784573292363
590465.08_6147769.61,-0.703899525848166,-0.824854318878357,-1.5474977948404949,-0.716214413783959,-1.0013738545989368,-0.7384029318782892,0.07901747596952707,-0.41589811438333724,-0.8389500384221392,-0.21099436057342846,0.22373692038024542,-1.00322014816076,-0.24369494921269477,-0.32289805922167425,-0.7560784573292363
590916.87_6148016.22,-0.703899525848166,-0.824854318878357,-1.5474977948404949,-0.716214413783959,-1.0013738545989368,-0.7384029318782892,-0.01938356369513597,-0.29432759346152587,-0.8389500384221392,-0.21099436057342846,0.22373724275348875,-0.29478109458302765,-0.24369494921269477,-0.3226647162840381,4.2219869693121295
587815.88_6147484.86,-0.703899525848166,-0.824854318878357,-0.9348199072106256,-0.716214413783959,-1.0013738545989368,0.22622228416738124,0.7198728542931084,-0.795575924073685,-0.7762153911595155,-0.21099436057342846,0.03818638499060656,-0.4646020260939967,-0.24369494921269477,-0.30981314370817176,-0.07781324609567808
588181.49_6147668.11,-0.703899525848166,-0.824854318878357,-1.12264217798337,-0.716214413783959,-1.0013738545989368,-0.7384029318782892,-0.11832664419668451,-0.17535202995478785,-0.5466532943923135,-0.21099436057342846,0.050780451560218626,-0.28290803249091406,-0.24369494921269477,-0.2663732121916949,-0.3191800179260853
587382.86_6147734.86,-0.703899525848166,-0.824854318878357,-0.7925178811011444,-0.716214413783959,-1.0013738545989368,-0.4488866649816554,0.06777620630347318,-0.3028528823991569,-0.5080618965457825,-0.21099436057342846,0.03818599264994449,-0.5291339174753709,-0.24369494921269477,-0.2816837635581723,-0.03933445846813893
586949.85_6147984.86,-0.703899525848166,-0.824854318878357,-0.9257978767368255,-0.716214413783959,-1.0013738545989368,-0.36577826733324387,0.18492056418358085,-0.4235757432999573,-0.6094107818417022,-0.21099436057342846,0.03818638499060656,-0.7891576186891491,-0.24369494921269477,-0.2775070660563292,-0.2709946653083858
587815.88_6147984.86,-0.703899525848166,-0.824854318878357,-1.0582576877839793,-0.716214413783959,-1.0013738545989368,-0.5061943324363355,0.10727421725770055,-0.38708816945752517,-0.805556913990179,-0.21099436057342846,0.03818638499060656,-0.3353553353394002,-0.24369494921269477,-0.31040605765732276,-0.24146515344507805
588050.47_6148178.9,-0.703899525848166,-0.824854318878357,-1.0582576877839793,-0.716214413783959,-1.0013738545989368,-0.04196119863693392,0.3186841548389389,-0.4735870344293237,-0.5817626688262119,-0.21099436057342846,0.0381856513135692,-0.49181656305152444,-0.24369494921269477,-0.32289805922167425,-0.7560784573292363
587382.86_6148234.86,-0.703899525848166,-0.824854318878357,-0.9483529529213254,-0.716214413783959,-1.0013738545989368,0.06820926910771867,0.4327085918044271,-0.5810521164251542,-0.6852420075310258,-0.21099436057342846,0.03818599264994449,-0.6134036589613512,-0.24369494921269477,-0.29164398537973457,-0.3821781748362913
586965.08_6148419.84,-0.703899525848166,-0.824854318878357,-1.2042505445418332,-0.716214413783959,-1.0013738545989368,-0.6535532161734275,0.09443375108182733,-0.4243982798292631,-0.8389500384221392,-0.21099436057342846,0.038185399021465914,-0.7612825540655054,-0.24369494921269477,-0.32289805922167425,-0.7560784573292363
587779.0_6148431.03,-0.703899525848166,-0.824854318878357,-1.0746613795545246,-0.716214413783959,-1.0013738545989368,-0.3656221183527059,0.23477279495582426,-0.49300355024061643,-0.8389500384221392,-0.21099436057342846,0.03818613487343476,-0.5640418038299685,-0.24369494921269477,-0.32289805922167425,-0.7560784573292363
587412.88_6148595.75,-0.703899525848166,-0.824854318878357,-1.1177210704522063,-0.716214413783959,-1.0013738545989368,-0.253296956921051,0.17293541875591226,-0.33994773825277014,-0.3711319332500074,-0.21099436057342846,0.03818613487343476,-0.548377846411126,-0.24369494921269477,-0.11948049235472626,-0.38593867358846845
586720.2_6149030.33,-0.703899525848166,-0.824854318878357,-1.5474977948404949,-0.716214413783959,-1.0013738545989368,-0.7384029318782892,0.03621384126160065,-0.382637689512503,-0.8389500384221392,-0.21099436057342846,0.03818613487343476,-0.6950550457847112,-0.24369494921269477,-0.32289805922167425,-0.7560784573292363
