hex_id,walk_access_15m,bike_access_5m,bike_access_15m,pt_stop_access_10m,pt_stop_access_20m,green_share_pct,env_quality,env_burden,builtup_pct,road_buf_pct,air_pollution_mean,heat_mean,noise_mean,pop_density_km2,age_vulnerability
581795.69_6128062.32,0.0,0.0,4.76,51.94,51.05,4.015915987856957,38.6988751566073,42.82235268135163,18.47509739511336,0.0,2.6787591934204102,28.857383728027344,56.63636363636363,117.55215374539063,0.18376177324850476
581558.34_6128281.92,0.0,0.0,4.93,86.45,84.97,16.578139646790444,46.7830072746438,35.06827531170346,0.0,0.0,2.6787590980529785,29.154319763183594,56.63636363636363,0.0,0.0
582657.76_6127713.71,0.0,0.0,2.64,0.0,0.0,8.378642780595303,40.75255299175154,43.77600283506965,37.40721315929652,0.0,2.710829973220825,27.729210989815847,56.63636363636363,0.0,0.0
582957.36_6127888.01,0.0,0.0,0.0,0.0,0.0,3.143783117249299,42.94869821583515,36.8212343024059,0.0,0.0,2.734094473031851,27.622097778320313,56.63636363636363,0.0,0.0
582222.84_6127879.38,0.0,0.0,2.62,0.0,36.51,3.1975957200891534,43.236346935656734,37.05748128032371,4.522799225254837,0.0,2.682752847671509,27.776839192708334,56.63636363636363,0.0,0.0
582619.72_6127984.86,0.0,0.0,5.54,0.0,23.79,15.283260044290847,47.13489211175833,34.927530217316786,6.67221081924541,0.0,2.708622899548761,27.92733672170928,56.63636363636363,16.371266011583977,0.1644747876426034
583052.74_6128234.86,0.0,0.0,10.54,0.0,18.16,41.75082977089089,58.44801465870162,27.51987529515949,6.942921493415611,0.0,2.7359399234547332,28.114034016927082,56.63636363636363,29.438271315440485,0.07468266835153958
582186.71_6128234.86,0.0,0.0,5.59,0.0,24.2,0.6725266227246394,41.721304300812186,37.88385272130647,2.746649077056311,0.0,2.6816843818215763,27.923842486213236,56.63636363636363,19.921232383596436,0.07800766653747848
582619.72_6128484.86,0.0,0.0,10.78,0.0,23.86,23.063471854511278,50.401980399037605,32.92672414415829,5.3918926867056225,0.0,2.709491335112473,28.103597005208332,56.63636363636363,61.019934583125554,0.07569753398178419
583052.74_6128734.86,0.0,0.0,11.72,0.0,20.74,19.478355630253017,46.676102583131495,37.05917468599502,14.382051874734291,0.0,2.7756919860839844,28.44140994910038,56.63636363636363,171.285029848671,0.07312470995260295
581756.85_6128486.65,0.0,0.0,8.62,56.86,55.88,1.9954008366515978,40.60326976743854,39.26458230718123,4.506670041440595,0.0,2.678758818527748,28.32277724322151,56.63636363636363,28.98746386843803,0.08452875607197835
581428.57_6128696.32,0.0,0.0,8.37,0.0,0.0,0.0,41.08778435867491,37.97391808870799,0.0,0.0,2.688815646701389,27.7857666015625,56.63636363636363,0.0,0.0
581784.74_6128959.59,0.0,0.0,10.88,0.0,25.19,10.273702050186538,46.7240332689476,34.68632230315523,0.7716620826713052,0.0,2.7609628748010704,28.393794759114584,56.63636363636363,0.0,0.0
581832.38_6129497.87,0.0,0.0,10.02,0.0,21.74,26.644770216402264,55.203939649110126,29.637371150613046,2.1494997141393855,0.0,2.9661224001929876,28.164599609375,56.63636363636363,0.8248113688146058,1.0
582186.71_6128734.86,0.0,0.0,12.05,0.0,30.27,0.033403478341649626,40.57455090626729,38.82040364776803,0.0,0.0,2.7083295934340534,28.31021836224724,56.63636363636363,0.0,0.0
582619.72_6128984.86,0.0,0.0,13.86,39.64,38.96,14.992160949814643,44.81686124451463,38.86149938586175,15.149381942042528,0.0,2.904095353751347,28.229747425426137,56.63636363636363,138.52570334646526,0.07826890643431453
582186.71_6129234.86,0.0,0.0,13.26,0.0,35.98,23.420439362263465,49.03784194082467,35.38325390889483,11.057291839047473,0.0,2.9086952209472656,28.218572279986212,56.63636363636363,113.03964148433572,0.08875669425163457
583052.74_6129234.86,0.0,0.0,14.19,41.34,40.64,35.691861228425914,58.14159168413583,28.723668838740956,3.192126840150374,0.0,3.18555248484892,27.643386378432766,56.63636363636363,37.56391420770522,0.11095475003317232
582619.72_6129484.86,0.0,0.0,16.58,46.64,45.84,20.307758594854317,50.46065562420657,34.82098589353039,4.550912759946873,0.0,3.307708477151805,27.880650375828598,56.63636363636363,32.32932111033368,0.08151639939332056
582186.71_6129734.86,0.0,0.0,17.28,46.74,45.94,2.8285864886113825,42.64561136319605,39.02532978835332,0.8525959669288236,0.0,3.108818727381089,27.9954833984375,56.63636363636363,0.0,0.0
583052.74_6129734.86,6.56,16.37,24.77,86.45,84.97,0.7280664718517189,38.06892844489017,47.4411122783478,16.7705444516484,0.0,3.6808056550867416,28.842758641098484,56.63636363636363,48.85673824725269,0.11227887562396499
582619.72_6129984.86,0.0,0.0,17.28,46.74,45.94,0.5063866324093916,39.66749069393434,43.87416882757212,2.6620620657356096,0.0,3.5361604361698546,28.907886851917613,56.63636363636363,0.0,0.0
582205.87_6130229.24,7.27,13.42,31.99,0.0,22.58,21.679321213016635,52.88331299131943,32.46875031032449,3.1794337803192247,0.0,3.1866477227980092,28.420638545866936,56.63636363636363,30.51258066046645,0.11747064094665294
583052.74_6130234.86,16.29,30.1,39.95,65.26,64.14,0.0965950396609045,36.59134731494286,49.619639653308795,13.483368481792436,0.0,3.8569268619312957,29.971450343276516,56.63636363636363,66.19698240099936,0.14496406559981673
580508.12_6130473.1,0.0,0.0,10.47,50.21,49.35,16.70699210968241,50.771791608618514,34.6720939612273,8.9892349651123,0.0,3.1266305446624756,29.197050094604492,56.63636363636363,777.4778470091276,0.19285961429321513
580198.96_6130589.27,0.0,0.0,4.37,0.0,27.89,21.8126223223023,48.99776673042116,35.59822996545593,0.0,0.0,3.1266304651896157,29.21624077690972,56.63636363636363,145.15744045835066,0.34336541138669274
580454.66_6130734.86,0.0,0.0,3.66,47.64,46.82,0.1748150380661537,39.1032042783139,42.63071228915682,0.0,0.0,3.1266304464901196,29.655020049124055,56.63636363636363,0.0,0.0
580176.76_6131000.95,0.0,0.0,4.52,69.89,68.69,0.6224387634960109,33.152770862646044,52.896307672828144,43.62739267917715,0.0,3.126630342923678,29.73516845703125,56.63636363636363,1104.283306916354,0.34969232058304345
580454.66_6131234.86,0.0,0.0,9.9,63.94,62.84,15.967635353208804,42.20378814391903,44.12603359987674,20.29676221844588,0.0,3.1266304464901196,30.62228116122159,56.63636363636363,15.887125274318723,0.1963944540972141
581902.3_6129885.2,0.0,0.0,10.02,0.0,21.74,88.74007654235959,93.47848613696148,2.322122452796473,0.0,0.0,3.1133432388305664,28.421064104352677,56.63636363636363,172.46802253634544,0.10289700517984929
581390.14_6130344.84,4.72,9.54,16.65,0.0,17.17,14.858680859945075,50.66912507125147,34.57439245566993,0.0,0.0,3.126630359225803,29.11184353298611,56.63636363636363,102.86633811676141,0.05432052637008594
581680.17_6130544.85,6.21,10.61,26.69,0.0,29.53,19.4310218201145,54.098163579149094,31.70964557133893,4.487301840147999,0.0,3.126630481920744,28.86919403076172,56.63636363636363,0.0,0.0
580896.02_6130560.75,0.0,0.0,19.96,65.28,64.16,5.599710804535674,43.64568039233582,39.10318607883361,0.06052987792482459,0.0,3.1266307830810547,29.504716796875,56.63636363636363,0.0,0.0
581320.69_6130734.86,4.92,9.7,25.28,64.82,63.71,0.0,39.08687640273371,42.652384614906765,1.9660215524848843,0.0,3.1266304464901196,29.304567279237688,56.63636363636363,43.07467684305417,0.05319077246624806
581753.7_6130984.86,5.76,10.31,31.04,69.23,68.05,13.26141749495752,48.009485922715406,36.27667178766051,5.615060375089711,0.0,3.126630585769127,28.527849469866073,56.63636363636363,81.36849474520487,0.07768216332258161
580887.67_6130984.86,0.0,0.0,21.05,70.11,68.91,0.0,34.60998665591308,49.31398344565787,23.265272223074867,0.0,3.1266307215536795,30.349803251378678,56.63636363636363,96.00504414605669,0.1406725012048802
581320.69_6131234.86,0.0,0.0,24.56,54.92,53.98,0.0,37.93278443570319,44.4585553091388,10.884976884440032,0.0,3.1266304464901196,29.06210974491004,56.63636363636363,42.355595492061006,0.1543983989867857
581753.7_6131484.86,3.26,8.26,33.66,69.42,68.23,23.67911210013938,48.57009556662597,37.41608059295456,11.93757388226667,0.0,3.126630585769127,29.052352469308037,56.63636363636363,85.93234158747192,0.16091317729638308
583485.75_6130484.86,16.61,24.33,43.43,61.33,60.28,3.5592305010002927,25.909125226761926,67.04950164826306,82.33617708525799,0.0,3.8697007702242945,31.169559254365808,56.63636363636363,1550.7898038151718,0.14573044450858114
582619.72_6130484.86,11.48,13.48,32.76,0.0,31.11,4.522503846753984,41.509672128837146,43.13889051359106,4.763303793969258,0.0,3.555272595635776,29.241151751893938,56.63636363636363,0.0,0.0
582206.52_6130747.18,12.77,14.05,32.13,0.0,26.56,2.9216301411488113,39.092954227303046,44.79929061871618,19.82195245993386,0.0,3.1895387172698975,28.820662064985797,56.63636363636363,95.6096431574106,0.12416915572416173
583052.74_6130734.86,13.01,21.33,37.66,51.81,50.93,1.3246895356210182,39.18080793150875,46.20056844267615,2.768927171575777,0.0,3.858217575970818,29.650919596354168,56.63636363636363,13.661181489974581,0.14573044450858114
582619.72_6130984.86,0.0,0.0,19.85,0.0,25.91,0.0,38.58533187462206,45.408051359568475,6.753269221920038,0.0,3.5650868909112337,29.06411835641572,56.63636363636363,0.0,0.0
583485.75_6130984.86,18.14,24.06,46.56,72.62,71.38,6.660193639726206,36.90921285467213,51.56069041315369,27.437298049975272,0.0,3.8697007702242945,30.2810453527114,56.63636363636363,516.1272992417638,0.1457304445085737
583052.74_6131234.86,4.53,9.39,26.77,0.0,32.49,0.0,38.997879292041624,46.08245570085154,4.054689290474775,0.0,3.859506046070772,29.078206380208332,56.63636363636363,25.5261330372959,0.13494406940309123
582186.71_6131234.86,0.0,0.0,14.07,0.0,0.0,26.678925445115766,56.33070052058491,29.54668181533309,0.0,0.0,3.190331627340878,28.314079733455884,56.63636363636363,0.0,0.0
583485.75_6131484.86,4.77,9.58,36.47,0.0,35.68,2.50380576620756,38.6258218770151,48.25126833877188,15.7415580683666,0.0,3.8697007702242945,29.390790153952207,56.63636363636363,10.811006934512257,0.14573044450858114
582619.72_6131484.86,4.53,9.39,26.77,0.0,32.49,28.918470191019146,57.05558029443875,30.79064628591086,0.0,0.0,3.5748764564251077,28.320602879379734,56.63636363636363,0.0,0.0
580122.55_6131518.28,0.0,0.0,4.7,74.94,73.65,33.20876997153319,53.63340784102502,33.56684448188107,8.11297772605892,0.0,3.1266304464901196,29.558204287574405,56.63636363636363,18.973819713787506,0.35738875051265284
580454.66_6131734.86,0.0,0.0,10.1,0.0,20.56,0.003387898046673146,36.67068495983384,46.632192589346644,16.89836479757678,0.0,3.1266304464901196,29.660411487926137,56.63636363636363,40.68965517439234,0.28012794423436027
580043.52_6131976.99,0.0,0.0,6.21,0.0,0.0,58.47251914309097,64.29270184264827,26.04626662661219,7.253876832719211,0.0,3.1266309950086804,28.941055790070564,56.63636363636363,13.367929791955062,0.5589455598076645
580454.66_6132234.86,0.0,0.0,10.22,0.0,0.0,36.47444676919499,51.78542805482825,36.77703964475973,21.219833010871834,0.0,3.1266304464901196,29.500406901041668,56.63636363636363,46.74048848473625,0.30741608498795514
580142.76_6132424.92,0.0,0.0,10.73,0.0,0.0,14.391765372149786,46.49171917091166,37.25377700492474,0.0,0.0,3.1266302381243025,28.99759629193474,56.63636363636363,0.0,0.0
583459.29_6128139.15,0.0,0.0,6.23,0.0,0.0,51.43243304088093,69.70612013495253,18.821021508754946,0.03828809990890595,0.0,2.7378622201772838,27.67202928331163,56.63636363636363,64.10006361559184,0.15566638286472828
584354.63_6128173.11,0.0,0.0,10.66,0.0,0.0,33.08952343322786,55.61589529337344,28.4137954719906,0.0,0.0,2.737862205505371,27.969368828667534,56.63636363636363,50.073233997403165,0.10722161144764492
584786.17_6128280.74,13.6,9.73,12.58,0.0,0.0,52.810225770215645,64.11741647010119,22.97064999460814,3.057894467480632,0.0,2.737862159465921,27.88163474754051,56.63636363636363,33.87255253746128,0.05190928624083717
583916.48_6128280.11,0.0,0.0,11.1,0.0,0.0,13.38628919070689,50.479856996034336,32.373952151365806,0.7239527730123679,0.0,2.737862141927083,27.998259367766202,56.63636363636363,60.537989403663985,0.06406967264947619
585161.0_6128172.15,4.71,9.73,12.58,0.0,0.0,90.26057865773119,80.62302143384342,11.194853669341175,0.0,0.0,2.7378623485565186,27.536801424893465,56.63636363636363,0.0,0.0
585514.32_6128373.34,0.0,0.0,6.63,0.0,0.0,37.754480949891075,57.91003692212182,26.493234914502022,0.09986223519415757,0.0,2.737862057156033,27.362659454345703,56.63636363636363,0.0,0.0
585217.8_6128484.86,4.25,9.35,12.09,0.0,0.0,29.044471872053023,54.018977411061286,29.45496439005355,0.03930553706657674,0.0,2.737862159465921,27.695171934185606,56.63636363636363,0.0,0.0
585519.17_6128662.1,0.0,0.0,6.63,0.0,0.0,34.59149770393389,62.39607391758678,22.62047170428693,0.0,0.0,2.7437562942504883,27.42733383178711,56.63636363636363,0.0,0.0
583485.75_6128484.86,0.0,0.0,10.45,0.0,0.0,20.041262440057846,48.504245702708886,34.264227937857925,4.755275898169018,0.0,2.7378621255197833,28.34953577378217,56.63636363636363,0.0,0.0
584351.77_6128484.86,0.0,0.0,10.66,0.0,0.0,15.298348114945648,47.10241655561803,35.19929491437086,5.030321187790915,0.0,2.737862159465921,28.275575580018938,56.63636363636363,43.24593502703548,0.04934745131744066
584784.79_6128734.86,6.93,11.3,14.62,0.0,0.0,13.238681868419336,45.6522133693638,36.41766714932387,6.189272414822004,0.0,2.770421869614545,28.148169623480904,56.63636363636363,122.7907757605461,0.050797947695201615
583918.76_6128734.86,3.68,8.84,14.43,0.0,0.0,16.59032697855909,47.65809904338684,34.704397209313704,4.559435650208225,0.0,2.7722780564252067,27.960573138612688,56.63636363636363,42.20446181518777,0.06278228414771755
583485.75_6128984.86,0.0,0.0,13.5,0.0,26.75,25.69585145566744,51.08672310356801,33.417095029416934,8.528790901398583,0.0,2.9272315732894407,27.718475341796875,56.63636363636363,68.75980055617589,0.09352667245584939
584351.77_6128984.86,4.35,9.43,19.39,0.0,21.51,2.439273567816178,40.7309115506504,40.243148460616176,3.7178182873564136,0.0,2.9134489914466597,28.50125029592803,56.63636363636363,23.90399110256624,0.0470351993036924
584784.08_6129233.89,3.84,8.99,11.63,0.0,0.0,14.763705897152635,49.724935985373456,34.13119387331857,0.23435306337778328,0.0,3.1535996829762176,28.135726928710938,56.63636363636363,0.0,0.0
583918.76_6129234.86,0.0,0.0,14.15,0.0,18.56,25.649110967101624,51.796623864329014,34.06315200341443,4.419099590460802,0.0,3.1704792695886947,28.2447509765625,56.63636363636363,0.0,0.0
583485.75_6129484.86,4.24,9.15,22.19,50.96,50.09,7.256805912234844,42.25203240907464,42.57537931594589,11.254815681821311,0.0,3.4329408214938257,28.452503877527572,56.63636363636363,113.2207271687102,0.14573044450858114
584351.77_6129484.86,4.78,9.59,22.64,0.0,34.98,0.3159541540164563,39.06635645120473,44.19664677152792,6.407580186107877,0.0,3.4159764256970635,28.8294677734375,56.63636363636363,65.85483751589275,0.044585118868889634
585166.08_6128935.17,3.84,8.99,11.63,0.0,0.0,23.648618479037815,53.5933958407533,31.131924902811893,9.824295666691846,0.0,2.876915613810221,27.984341939290363,56.63636363636363,22.91462868836137,0.22821526105971096
585054.05_6129283.41,3.84,8.99,11.63,0.0,0.0,0.0,40.78243932142435,40.77382949290917,0.0,0.0,3.2337783177693686,28.009788513183594,56.63636363636363,298.34293484927343,1.0
585108.37_6130598.74,0.0,0.0,23.43,0.0,0.0,1.391663901260212,38.09451970135721,48.353736229260655,18.091290235739123,0.0,3.8697011130196706,28.5891845703125,56.63636363636363,5.796478684734154,1.0
584683.53_6129714.1,0.0,0.0,16.74,0.0,19.5,65.06740493128137,80.37841950855663,14.294524266432182,0.0,0.0,3.6388532465154473,27.9334716796875,56.63636363636363,0.0,0.0
583918.76_6129734.86,11.35,20.18,30.65,49.65,48.8,0.0,35.15332873665184,51.12207799078207,26.83643274802664,0.0,3.671468173756319,29.346017548532195,56.63636363636363,212.68641494824496,0.08528824809293388
583485.75_6129984.86,15.41,22.72,34.84,66.69,65.55,0.0,37.10060089479696,48.87154273872735,9.065718094645867,0.0,3.8416725897019908,30.269638959099264,56.63636363636363,55.48012195029527,0.14573044450857373
584351.77_6129984.86,10.37,19.48,29.75,46.61,45.81,0.6634381554790837,38.876877745925334,46.49588326738316,8.450850270636915,0.0,3.8343882067450163,28.895319158380683,56.63636363636363,39.35302163546202,0.06551159467944695
583918.76_6130234.86,15.01,22.5,34.17,60.38,59.34,0.0,34.401888496500646,53.01000762033789,28.02326657840166,0.0,3.86970116110409,29.82476436730587,56.63636363636363,240.33820515638664,0.1441871518582421
584744.82_6130257.56,0.0,0.0,16.74,0.0,19.5,14.794177664738736,50.39825226269391,37.249678302712965,1.7763839545890967,0.0,3.8697008405412947,28.337543356007544,56.63636363636363,48.47299827538554,0.14514866996566053
584351.77_6130484.86,5.23,9.93,27.9,0.0,37.24,1.4684218873808659,39.67539072109777,45.91145469184418,7.843791396254607,0.0,3.869700990874192,28.730877500591856,56.63636363636363,16.70791980788258,0.14573044450858114
583918.76_6130734.86,7.5,19.52,41.24,49.84,48.99,1.3127860579619042,39.49762456186559,45.76986826868609,0.5849613393181229,0.0,3.86970116110409,29.677775065104168,56.63636363636363,0.0,0.0
584784.79_6130734.86,0.0,0.0,31.39,0.0,23.02,5.06128858702543,42.39501930432405,42.90567274439013,0.039379420747707346,0.0,3.86970116110409,28.558614095052082,56.63636363636363,0.0,0.0
584351.77_6130984.86,0.0,0.0,31.39,0.0,23.02,2.1687609245656914,41.01141080614046,44.31842822976972,2.4825585676523043,0.0,3.869700990874192,28.88472863399621,56.63636363636363,15.797459885040855,0.10789056080499813
585479.76_6130916.81,0.0,0.0,24.27,0.0,0.0,100.0,84.46443490301314,13.880423684412028,0.0,0.0,3.8697010040283204,27.910107421875,56.63636363636363,0.0,0.0
585217.66_6130985.07,0.0,0.0,23.37,0.0,0.0,20.07244470850219,46.73084247547855,41.91610219857669,17.010098262480525,0.0,3.869700990874192,28.10605135830966,56.63636363636363,48.478888696890166,0.11281204431250219
586373.93_6131483.93,0.0,0.0,19.85,0.0,0.0,0.0,41.40614868658186,42.7500646589802,0.0,0.0,3.8697011470794678,27.426301956176758,56.63636363636363,0.0,0.0
585602.53_6131282.18,0.0,0.0,20.69,0.0,0.0,26.230596962171244,53.451456463531265,35.794558175729506,10.077960289405679,0.0,3.8697007986215444,27.49135498046875,56.63636363636363,143.41890933615284,0.07190322767113039
585217.8_6131484.86,0.0,0.0,29.8,0.0,21.24,2.618901440823334,40.07496881067531,45.67295187227262,9.31260881354532,0.0,3.869700990874192,28.449784712357953,56.63636363636363,49.66267193589198,0.05306540604876814
586064.36_6131540.57,0.0,0.0,25.08,0.0,0.0,24.583398974262007,54.430720289766384,33.93138650555756,0.1673599661776487,0.0,3.869701244212963,27.851702008928573,56.63636363636363,0.0,0.0
585650.81_6131734.86,0.0,0.0,31.75,0.0,19.62,6.451057208951383,44.42148497646115,42.82499488238968,7.970583391468956,0.0,3.8697007123161766,28.51053133877841,56.63636363636363,24.336509528023,0.08975017509149656
586509.57_6131754.53,0.0,0.0,14.84,0.0,0.0,7.6091827708898565,45.039671418566435,41.06110823418511,0.01280806435266985,0.0,3.8697011470794678,28.61370849609375,56.63636363636363,0.0,0.0
586864.95_6131696.14,0.0,0.0,17.02,0.0,0.0,22.099884647440877,53.769008286167285,34.208807905651874,0.0,0.0,3.8697010040283204,28.000076293945312,56.63636363636363,0.0,0.0
587326.54_6131901.67,0.0,0.0,17.98,0.0,0.0,0.0,40.41959242506964,44.08907561584602,0.0,0.0,3.869701092059796,28.34923553466797,56.63636363636363,0.0,0.0
586949.58_6131985.36,0.0,0.0,25.42,0.0,0.0,0.15557766091532466,40.036151705090305,44.709978834462916,2.026133522600717,0.0,3.869700990874192,28.471021247632574,56.63636363636363,7.139906041613269,0.14372390295090992
587747.26_6132115.11,0.0,0.0,19.78,45.29,44.51,0.0,40.45043441763628,44.04752785195133,0.011627993139234474,0.0,3.869701131184896,28.31865882873535,56.63636363636363,0.0,0.0
587382.86_6132234.86,0.0,0.0,23.6,0.0,30.78,0.0,40.19592092525943,44.47208863363094,2.530413715832354,0.0,3.86970116110409,28.204347398546005,56.63636363636363,32.50035572713148,0.05178136593532724
587815.88_6132484.86,0.0,0.0,19.78,45.29,44.51,0.0,40.66080209563429,43.761691454995116,0.0,0.0,3.869700990874192,28.123581395004734,56.63636363636363,0.0,0.0
583052.74_6131734.86,0.0,0.0,16.24,0.0,17.42,6.057697427380321,44.46968017149213,41.7112208743494,1.463264326530424,0.0,3.860796760110294,28.68697472774621,56.63636363636363,0.0,0.0
582186.71_6131734.86,0.0,0.0,38.9,74.75,73.47,33.518193666577346,57.36861942531771,30.81301163603753,14.676863147447877,0.0,3.1948170381433822,28.330458697150736,56.63636363636363,81.39160749476987,0.1616857901758456
582619.72_6131984.86,0.0,0.0,39.18,50.97,50.1,42.94803257183306,65.68933076480046,24.98800226955661,4.712771879231436,0.0,3.5846965395171067,28.169655539772727,56.63636363636363,19.54769407238124,0.1761087375178062
583485.75_6131984.86,0.0,0.0,13.2,0.0,0.0,20.44645502730187,49.97365514396483,38.00134075939929,0.0,0.0,3.8697007702242945,29.22585880055147,56.63636363636363,0.0,0.0
583052.74_6132234.86,0.0,0.0,13.2,0.0,0.0,24.14754315942729,57.41710631248059,31.813516186167973,0.9812723502923717,0.0,3.8620883717256436,28.875406901041668,56.63636363636363,0.0,0.0
582186.71_6132234.86,0.0,0.0,28.87,0.0,37.11,7.055066480378333,39.04416086312797,46.00336598151563,28.021514989466578,0.0,3.199322644401999,28.484687356387866,56.63636363636363,68.12314157196377,0.18540319281932105
583485.75_6132484.86,57.4,79.22,79.22,58.1,57.11,16.336171696189375,41.51026686921948,50.56142854646829,43.24773913610271,0.0,3.8697007702242945,31.155567842371322,56.63636363636363,465.9587568302823,0.19656127251307243
582619.72_6132484.86,24.65,53.03,60.59,0.0,33.47,0.4571230464092703,38.39586892644758,46.056632360917476,11.419444219312263,0.0,3.594532407563308,28.736204205137312,56.63636363636363,81.12544037837098,0.1965612725130724
582186.71_6132734.86,29.59,47.37,62.93,46.86,46.06,0.0,38.495236613639364,43.92566772785179,6.713827097376623,0.0,3.203821294447955,29.154250201056986,56.63636363636363,37.96814914108449,0.18618907455791925
583052.74_6132734.86,48.5,75.82,75.82,48.02,47.2,2.4556407147986765,30.906940042871938,58.94325667414647,46.309555850248074,0.0,3.8633790857651653,31.384662050189394,56.63636363636363,1094.871286319502,0.19656127251307243
580887.67_6131484.86,0.0,0.0,19.41,0.0,32.02,0.0,39.12330201478495,42.829499590684186,1.5879398998191525,0.0,3.1266307215536795,29.607380586511947,56.63636363636363,0.0,0.0
581320.69_6131734.86,0.0,0.0,24.02,50.43,49.56,4.482794425966572,39.16554981622578,44.27148906984811,14.791632804608001,0.0,3.1266304464901196,29.215076793323863,56.63636363636363,52.95151476968955,0.1609009396431137
581753.7_6131984.86,0.0,0.0,28.24,51.64,50.75,1.4178767470667981,32.6351318551121,53.490654559017955,43.732748300592114,0.0,3.126630585769127,30.11796177455357,56.63636363636363,66.18075040631936,0.13795795533180855
580887.67_6131984.86,0.0,0.0,21.05,0.0,37.08,7.9150581380519265,42.17415333893684,41.137755924244715,4.946261683620696,0.0,3.1266307215536795,29.376877728630514,56.63636363636363,54.9382686069182,0.20454086970750895
581320.69_6132234.86,0.0,0.0,22.49,0.0,31.73,0.0,37.36235138215671,45.31061464876343,12.15231549303238,0.0,3.1266304464901196,29.44839200106534,56.63636363636363,94.73153263229183,0.11837763035908117
580887.67_6132484.86,0.0,0.0,17.96,0.0,0.0,57.49495262593174,64.34298596813724,25.39035163991207,0.040786710151547556,0.0,3.1266307215536795,29.465269200942096,56.63636363636363,0.0,0.0
581753.7_6132484.86,0.0,0.0,24.69,0.0,36.4,1.503326543474752,32.08631761315398,53.91189314455108,49.25090540688658,0.0,3.126630585769127,29.486209542410716,56.63636363636363,92.1860960147825,0.11839903503762719
581320.69_6132734.86,0.0,0.0,20.27,0.0,18.52,3.1604481938088735,40.03707935936645,42.35851227814649,4.242696081155612,0.0,3.1266304464901196,29.36651981238163,56.63636363636363,0.0,0.0
580887.67_6132984.86,0.0,0.0,10.95,0.0,0.0,11.491377292262015,42.18878888411505,42.256982771377295,15.928628131499833,0.0,3.1266307215536795,29.059189740349264,56.63636363636363,60.97143302258942,0.17976941075919314
581753.7_6132984.86,0.0,0.0,33.5,0.0,0.0,8.923292372515116,42.26323013756921,41.291736793112086,5.597695031881958,0.0,3.126630585769127,29.638738141741072,56.63636363636363,0.0,0.0
580454.66_6132734.86,0.0,0.0,11.39,0.0,0.0,53.17678527740907,61.57950726371968,27.986494095175114,7.069802217385128,0.0,3.1266304464901196,29.183571555397727,56.63636363636363,16.89099383543038,0.30741608498793965
580136.25_6133074.91,3.5,8.5,18.24,0.0,0.0,55.169309801829655,66.28403506359847,23.149218078456286,0.0,0.0,3.126630636361929,28.72640273150276,56.63636363636363,16.06129828452479,0.30810960691780037
580454.66_6133234.86,4.92,9.69,22.89,0.0,0.0,52.58401701609886,61.31852539002812,28.391007463022984,10.68605552527639,0.0,3.1266304464901196,28.771869081439394,56.63636363636363,70.72408559212114,0.112653321825603
579810.61_6133282.13,0.0,0.0,16.35,0.0,0.0,40.76977391469704,63.20940810475311,24.388644231400068,0.0,0.0,3.1266305923461912,28.19515609741211,56.63636363636363,0.0,0.0
580036.28_6133483.61,0.0,0.0,16.35,0.0,0.0,20.799317622715254,50.57569965657744,33.79842489859052,2.032697584171837,0.0,3.126631055559431,28.104339599609375,56.63636363636363,6.789176463843714,0.2021072451170212
579816.77_6133754.81,4.29,9.19,22.16,0.0,0.0,25.59962118334816,54.419174923368516,30.530597539587244,0.0,0.0,3.1266304651896157,27.840108235677082,56.63636363636363,0.0,0.0
580454.66_6133734.86,11.8,13.63,35.08,0.0,0.0,12.264722206018314,45.07514505639523,38.16484386069308,2.457576641080342,0.0,3.1266304464901196,28.62936123934659,56.63636363636363,33.76633227544584,0.11115754826453794
583485.75_6132984.86,98.36,96.59,96.59,73.41,72.15,1.5970215630059286,20.137543735488663,74.73569322799413,98.44001330901958,0.0,3.8697007702242945,33.381843118106616,56.63636363636363,1817.2684388007854,0.1965612725130624
582619.72_6132984.86,48.73,73.74,73.74,48.23,47.4,4.4930444908190985,27.826048844235622,63.26462447953318,71.86991872184316,0.0,3.604340915022225,31.308419892282195,56.63636363636363,1209.3840920522098,0.19656127251306243
583052.74_6133234.86,51.35,79.36,79.36,67.83,66.66,5.360380379985999,21.49479776012115,74.1750225193379,100.0,0.0,3.8646697998046875,33.56832238399621,56.63636363636363,2299.9208783079957,0.19656127251308242
582186.71_6133234.86,49.06,56.18,72.95,63.72,62.63,0.07883050508919616,23.514325865576616,66.46186941921258,85.61513981768371,0.0,3.208425858441521,31.544189453125,56.63636363636363,755.0230516078407,0.1965612725131368
583485.75_6133484.86,48.41,62.65,62.65,73.63,72.37,14.394170181448274,31.434799934637642,62.46417651148866,70.69172408824582,0.0,3.8697007702242945,32.17105641084559,56.63636363636363,1947.5377380075497,0.19656127251307243
582619.72_6133484.86,26.54,61.82,69.76,44.77,44.0,8.432717681429246,24.178640377575604,70.17990084943648,100.0,0.0,3.6141525794719827,32.156697591145836,56.63636363636363,2522.2690167025503,0.1965612725130724
583052.74_6133734.86,17.3,24.38,52.24,38.76,38.09,3.15490508530595,26.006176939795335,67.26149303866474,79.09332367915405,0.0,3.8659614114200367,32.02247203480113,56.63636363636363,3659.255242828586,0.19656127251307243
582186.71_6133734.86,28.18,49.52,63.89,50.42,49.55,2.3236641513847514,27.31415939887423,61.952070570056826,74.53345601729616,0.0,3.2143108143525967,30.8135160558364,56.63636363636363,903.0403713451012,0.19656127251313216
583485.75_6133984.86,19.67,22.41,39.18,50.13,49.27,0.6098078084045537,38.55751450550282,48.5753386345837,11.214776860561654,0.0,3.8697007702242945,30.03818467084099,56.63636363636363,81.57751737157061,0.21579543337398202
582619.72_6133984.86,19.84,16.44,50.46,0.0,37.21,0.25518979990958784,24.541811036482184,67.02082491164961,88.00425325092114,0.0,3.6239758195548224,30.28290164831913,56.63636363636363,1069.915033083573,0.24251175428374439
581320.69_6133234.86,6.69,14.92,40.4,0.0,19.01,0.0,36.300622094148615,47.17992200911098,20.92800013485835,0.0,3.1266304464901196,29.34716426964962,56.63636363636363,0.0,0.0
580887.67_6133484.86,3.91,8.87,32.71,0.0,0.0,2.515105532542548,41.706544412029196,40.85495854603922,5.640675385727737,0.0,3.1266307215536795,28.264312744140625,56.63636363636363,36.031744578100714,0.13132934572192004
581753.7_6133484.86,11.64,18.51,50.09,0.0,28.0,0.0,31.093187339422535,54.64691775793655,44.558948051745695,0.0,3.126630585769127,30.468882533482144,56.63636363636363,255.73550374879082,0.19656127251301267
581320.69_6133734.86,16.17,27.81,52.63,0.0,28.24,1.5266491120039825,40.98718430293049,43.75871484375794,18.06165992075538,0.0,3.1266304464901196,28.611492734966856,56.63636363636363,37.77415902503464,0.24536144746393096
580887.67_6133984.86,14.76,26.29,45.05,0.0,17.07,11.051548400930676,45.83221879724404,38.016627187170755,3.727224676896542,0.0,3.1266307215536795,28.444536994485293,56.63636363636363,22.73123908310208,0.17879560722224347
581753.7_6133984.86,22.7,35.5,55.8,0.0,34.85,1.43864800565251,33.29938420707574,52.205020134145265,45.454358210312535,0.0,3.126630585769127,28.963698032924107,56.63636363636363,0.0,0.0
581320.69_6134234.86,0.0,0.0,28.4,0.0,0.0,0.0,33.69846080923,51.18657820022725,40.191283957809034,0.0,3.1266304464901196,28.847301136363637,56.63636363636363,0.0,0.0
581753.7_6134484.86,3.19,8.19,38.37,0.0,0.0,0.0,36.56585146978081,47.30417725674837,24.27690562726383,0.0,3.126630585769127,28.790164620535716,56.63636363636363,28.93928557839447,0.19773057631612523
580887.67_6134484.86,7.97,11.7,38.3,0.0,24.89,3.1499196075298865,37.11941302103983,47.33889928244046,29.188760041366198,0.0,3.1266307215536795,28.740656235638788,56.63636363636363,103.33093568060404,0.30741608498793954
581320.69_6134734.86,3.58,8.56,33.38,0.0,0.0,0.0,38.380933466406915,43.86061683301691,11.268684483297442,0.0,3.1266304464901196,28.585981889204547,56.63636363636363,46.10217795545054,0.2337543249196446
580033.67_6133983.38,10.52,13.03,33.54,0.0,0.0,8.944849942185664,44.794960930617535,38.00627117274089,2.824114606744671,0.0,3.126631055559431,28.279706954956055,56.63636363636363,29.964620342956753,0.286421919692666
580454.66_6134234.86,11.87,13.66,37.17,0.0,0.0,7.524001032636414,33.06610841346785,54.69102196599488,60.94188435064859,0.0,3.1266304464901196,29.31737911339962,56.63636363636363,600.7403955934883,0.29652742722676295
579670.06_6134357.46,6.46,10.78,25.99,0.0,0.0,0.08490904229717572,40.7081006284401,40.735476063138286,2.346923150712164,0.0,3.1266304464901196,28.001506805419922,56.63636363636363,0.0,0.0
579397.11_6134500.9,4.64,9.48,22.85,0.0,0.0,0.0,36.66800973537757,46.58598186853515,26.165906221409962,0.0,3.1266305446624756,27.98011474609375,56.63636363636363,0.0,0.0
580021.65_6134484.86,6.54,10.83,26.12,0.0,0.0,9.606604668745364,41.25641513073114,43.195393158761696,22.30338880572578,0.0,3.126630585769127,28.27593994140625,56.63636363636363,105.01118748420897,0.55894555980769
579591.52_6134735.4,0.0,8.12,17.77,0.0,0.0,1.0787304869184788,41.065208231094566,40.253477714844585,0.7460068681012734,0.0,3.1266304464901196,28.074416651870266,56.63636363636363,0.0,0.0
580454.66_6134734.86,0.0,0.0,23.47,0.0,24.42,54.46320902669554,62.99542446208605,27.150406742770407,12.221477207270642,0.0,3.1266304464901196,28.186046253551137,56.63636363636363,17.00335077890331,0.3074160849879396
580021.65_6134984.86,3.85,8.82,19.31,0.0,0.0,0.0,39.80962292658145,41.9566175086636,7.591764645244605,0.0,3.126630585769127,27.927264589251894,56.63636363636363,0.0,0.0
579192.96_6135046.53,0.0,0.0,10.59,0.0,0.0,1.410932246407757,41.38357959315157,40.498682046364586,6.295407652024336,0.0,3.1266307830810547,27.879529680524552,56.63636363636363,7.366748594609271,0.25301299692750506
583052.74_6134234.86,10.45,21.11,44.44,0.0,31.3,0.0,38.23238982166691,50.120901699841745,23.56678780527912,0.0,3.867253023035386,29.828872218276516,56.63636363636363,61.13533924087516,0.2694961444180509
582186.71_6134234.86,7.88,16.04,47.55,0.0,30.8,0.0,38.462216024705334,44.54405505121125,7.848655847694741,0.0,3.2207226472742416,29.494882022633274,56.63636363636363,24.804753814217612,0.3114532363879774
582619.72_6134484.86,0.0,0.0,24.61,0.0,0.0,0.0,38.433989642976925,46.206854271113315,7.539554105835656,0.0,3.6337674897292565,29.363719593394887,56.63636363636363,14.783171839901923,0.3341141863366198
583485.75_6134484.86,10.47,18.64,42.18,0.0,37.7,2.007346100254803,41.67687519464425,44.370903335438996,2.167108393323295,0.0,3.8697007702242945,29.050163717830884,56.63636363636363,0.0,0.0
582186.71_6134734.86,0.0,0.0,31.96,0.0,0.0,0.0,37.79393218931716,45.1764165951509,13.37326101915249,0.0,3.227134480195887,28.834445728975183,56.63636363636363,38.03331863060825,0.3157368963421111
583052.74_6134734.86,0.0,0.0,23.68,0.0,0.0,6.541376506987606,43.88577683756849,42.227718484900144,0.8847212947370271,0.0,3.8685446346507355,28.823438239820074,56.63636363636363,9.66730844923463,0.2715404418657942
582619.72_6134984.86,0.0,0.0,26.37,0.0,0.0,0.0,37.14652439015763,47.993468342813465,17.324001935062835,0.0,3.6435775756835938,28.843159993489582,56.63636363636363,141.67297897216997,0.2024379592312061
583485.75_6134984.86,5.19,7.85,38.37,0.0,24.49,1.8903475176178925,40.14906754495712,45.49635886122425,0.0,0.0,3.8697007702242945,29.05892764820772,55.5,0.0,0.0
583052.74_6135234.86,2.23,5.65,28.61,0.0,0.0,0.0,34.366572056679686,53.105732653351225,20.24053843851637,0.0,3.869637882008272,29.363259055397727,55.5,181.58248563803835,0.15502800406805983
582186.71_6135234.86,0.0,0.0,22.87,0.0,0.0,0.0,40.33080486848634,41.41750024367225,0.5907845632623323,0.0,3.233558879179113,28.373721852022058,56.63636363636363,0.0,0.0
581753.7_6134984.86,0.0,0.0,31.4,0.0,0.0,0.0,38.50100914136685,43.68621463330396,10.843543301368545,0.0,3.126630585769127,28.536671665736606,56.63636363636363,41.0415315710159,0.15934191249150453
580887.67_6134984.86,4.4,9.28,32.88,0.0,37.74,3.819075564082143,41.33156603571684,41.08759420310303,6.200220306855679,0.0,3.1266307215536795,28.298314711626837,56.63636363636363,16.027370631147754,0.22700219233766006
581320.69_6135234.86,3.34,6.51,20.15,56.88,55.9,0.0,40.558754711414075,40.601813256149136,0.0,0.0,3.1266304464901196,28.219047777580492,56.63636363636363,0.0,0.0
581753.7_6135484.86,3.69,6.76,13.72,0.0,21.23,3.0783420074656815,41.74783433097852,39.95715754749236,2.1161400716442125,0.0,3.126630585769127,28.049253627232144,56.63636363636363,27.51780966102921,0.12970391362093442
580887.67_6135484.86,4.78,7.48,25.27,73.15,71.9,0.0,37.37149694088418,45.39879268833616,17.52198821989549,0.0,3.1266307215536795,28.603346880744486,56.63636363636363,227.9063390016068,0.17388403525174534
581320.69_6135734.86,6.92,8.64,16.92,0.0,43.61,0.0,40.05900334593977,41.38710429006422,3.5732042331649123,0.0,3.1266304464901196,28.1644287109375,56.63636363636363,9.49563596378679,0.20248724126778592
581753.7_6135984.86,3.91,6.92,14.03,0.0,22.1,0.060798795139300164,37.373521499647104,45.206756366556746,7.006613751444579,0.0,3.126630585769127,28.217843191964285,55.5,48.46679815615722,0.14752054871627893
580887.67_6135984.86,2.28,0.0,14.16,61.61,60.55,15.596638951215727,41.57751916784642,44.932102370370785,34.67297248952866,0.0,3.1266307215536795,28.64921480066636,56.63636363636363,688.7425304995161,0.139282838334148
581320.69_6136234.86,0.0,0.0,10.26,0.0,0.0,9.637577924705203,45.06941527541971,39.80336936463242,16.313914135155883,0.0,3.1266304464901196,28.175855232007574,55.5,205.41683672866446,0.1935377956404099
581753.7_6136484.86,4.29,7.18,20.03,0.0,25.99,3.340658717639634,32.3095038599477,52.75528627855207,5.1984298710835875,0.0,3.126630585769127,28.51650913783482,55.873831775700936,35.00527986365349,0.18681856444451223
579588.63_6135234.86,0.0,0.0,15.57,0.0,0.0,0.0,39.008929610245445,43.00483701547514,9.70402315928068,0.0,3.1266304464901196,28.25705674115349,56.63636363636363,68.7098005419279,0.10891806514403693
580454.66_6135234.86,0.0,0.0,23.47,0.0,24.42,5.26236775226229,43.02385724387779,38.857039304738336,1.6256290589393998,0.0,3.1266304464901196,27.818930886008523,56.63636363636363,0.0,0.0
580021.65_6135484.86,0.0,0.0,0.0,0.0,0.0,0.0,41.01592169422814,39.981320411787294,0.0,0.0,3.126630585769127,27.791363340435606,56.63636363636363,0.0,0.0
579155.62_6135484.86,0.0,0.0,9.75,0.0,0.0,9.741622467678255,45.60896790668104,37.26579849223135,3.4820424851178324,0.0,3.126630585769127,27.73042689732143,56.63636363636363,0.0,0.0
579588.63_6135734.86,0.0,0.0,0.0,0.0,0.0,8.529728447605239,45.26611526547539,37.04978478529321,0.01824650862624427,0.0,3.1266304464901196,27.867255715762866,56.63636363636363,0.0,0.0
580454.66_6135734.86,3.45,0.0,24.06,82.36,80.94,8.866102561638508,44.865836047235994,38.44630389011382,5.411898292915192,0.0,3.1266304464901196,28.039769028172348,56.63636363636363,172.3030048846376,0.1107222508745428
580021.65_6135984.86,0.0,0.0,0.0,0.0,0.0,4.159761770527562,40.918702941149846,41.817217388070794,9.002214006780163,0.0,3.126630585769127,28.403379498106062,56.63636363636363,61.725905519784874,0.11489959327970342
579155.62_6135984.86,0.0,0.0,3.5,0.0,0.0,25.713670965061503,54.041730234995676,30.758353920422515,0.0,0.0,3.126630585769127,27.654729352678572,56.63636363636363,0.0,0.0
579588.63_6136234.86,0.0,0.0,14.33,0.0,0.0,4.450153989091146,42.25474304275395,39.901302805285496,3.0809183634070534,0.0,3.1266304464901196,28.153079762178308,56.63636363636363,24.647177756645657,0.18825351670350227
580454.66_6136234.86,0.0,0.0,23.97,39.56,52.17,8.58560988061727,43.9479547518757,39.72275336643209,11.697010107683859,0.0,3.1266304464901196,28.089618104876894,56.63636363636363,71.5830365476446,0.19719032462847527
582619.72_6135484.86,0.0,0.0,21.25,0.0,0.0,0.0,36.17118779706892,48.96437138924368,4.929991038884228,0.0,3.6522787686051994,28.690740411931817,55.5,17.319961895335382,0.14159174046452566
583485.75_6135484.86,3.88,7.01,34.28,0.0,19.99,0.0,23.54365643500117,66.93902370331514,30.896271233564804,0.0,3.8697007702242945,30.082427978515625,57.13551401869159,213.653035426936,0.1622583058425795
583052.74_6135734.86,0.0,0.0,28.44,0.0,0.0,0.0,26.570864595723286,62.177368738282205,11.894915794841463,0.0,3.8697007123161766,29.542957652698863,57.31818181818182,0.0,0.0
582186.71_6135734.86,2.36,5.68,19.71,0.0,0.0,0.0,35.2587923974917,48.55834546649275,10.726315270873586,0.0,3.2400052687701058,28.098325841567096,55.5,71.83532021827537,0.13992053615691574
582619.72_6135984.86,0.0,0.0,24.61,0.0,0.0,0.0,29.705915728519834,56.9956549087867,0.0,0.0,3.660230176202182,28.716615619081438,56.657407407407405,0.0,0.0
583485.75_6135984.86,3.08,6.5,35.2,0.0,0.0,3.1427160109809273,11.258724236456326,85.02267526164076,87.5912131452051,2.159197439100377,3.8697007702242945,29.96786678538603,63.36697247706422,0.0,0.0
582186.71_6136234.86,3.16,6.37,19.94,0.0,0.0,0.0,29.832174251314914,55.55250214155624,4.563319047831612,0.0,3.246431687298943,28.79660213694853,55.59090909090909,19.01216349062781,0.1077937823457445
583052.74_6136234.86,0.0,0.0,21.31,0.0,0.0,0.4830704663490228,13.271669299560898,80.41580552678207,62.0500063924175,5.16027986491641,3.8697007123161766,29.484077222419508,64.20454545454545,0.0,0.0
583485.75_6136484.86,9.71,17.5,40.43,0.0,0.0,0.48723324405586865,17.67193618393126,74.590097594727,4.372913542578882,21.822132051114096,3.8697007702242945,30.235118192784928,67.08256880733946,4.670638250097575,0.29087809991040914
582619.72_6136484.86,0.0,0.0,25.54,0.0,0.0,2.285721562972949,23.2060137641691,65.46309294896847,14.560971107235963,2.0793552642309665,3.6681542232118804,29.12252530184659,62.72222222222222,102.81184050851414,0.10313872190630832
584784.79_6131234.86,0.0,0.0,35.82,0.0,18.38,0.4120257200386017,39.20693074009499,46.29381331175282,8.928986729677785,0.0,3.86970116110409,28.53115505642361,56.63636363636363,74.08377708541843,0.0813921892121911
583918.76_6131234.86,13.27,25.42,47.94,51.05,50.17,1.709543488533299,34.18342026515966,54.012225253074405,29.73228050068051,0.0,3.86970116110409,30.675030332623106,56.63636363636363,63.877668477471104,0.11805192405905862
584351.77_6131484.86,9.24,22.54,42.59,0.0,18.02,0.9440830133591116,38.25050962586493,47.82282266230941,9.623794281804976,0.0,3.869700990874192,29.66042998342803,56.63636363636363,13.854213696168632,0.08270501698240601
583918.76_6131734.86,11.07,24.18,46.73,0.0,28.75,27.56688709015693,47.60456348130489,43.05694454678616,21.119837835751927,0.0,3.86970116110409,29.73458954782197,56.63636363636363,81.46373639136615,0.11770909109916294
584784.79_6131734.86,0.0,0.0,34.43,0.0,27.54,0.0,38.33939521387635,47.0575136082483,5.396440150116598,0.0,3.86970116110409,29.49532741970486,56.63636363636363,42.25181715708021,0.08067803569039683
584351.77_6131984.86,10.25,30.76,58.01,61.41,60.36,3.463174295026668,36.831913572032555,50.5700892824011,21.36587659662437,0.0,3.869700990874192,29.962380149147727,56.63636363636363,72.1280501162631,0.10325780818449595
583918.76_6132234.86,32.76,64.55,64.55,0.0,34.24,38.7269728651637,58.19351022717518,35.397943399126795,24.268247972658784,0.0,3.86970116110409,29.96401885061553,56.63636363636363,225.9868342538467,0.19100473477213842
584784.79_6132234.86,10.31,27.11,51.57,48.91,48.07,1.1069905060544345,31.528586030943284,57.62541150545779,42.464883247347956,0.0,3.86970116110409,30.82324896918403,56.63636363636363,60.999440424198035,0.15649413035712753
584351.77_6132484.86,38.83,75.3,75.3,49.03,48.19,44.26359422457244,55.93327329492557,39.064489949322976,36.747835246962374,0.0,3.869700990874192,30.024599017518938,56.63636363636363,163.7867550578607,0.14573044450858116
583918.76_6132734.86,42.55,72.04,72.04,42.58,41.85,1.9112786901308083,22.751329673028486,71.47931408994752,92.66162697955137,0.0,3.86970116110409,32.57125207149621,56.63636363636363,2143.058835468201,0.19656127251307243
585217.8_6131984.86,0.0,5.54,38.44,0.0,35.86,0.0,38.531066580478004,47.16217316734256,6.008180094588415,0.0,3.869700990874192,29.597918886126894,56.63636363636363,24.68403834905419,0.07514105810238698
586083.83_6131984.86,0.0,0.0,26.87,0.0,0.0,0.0,39.677758541892274,45.461389869804606,0.0,0.0,3.8697007702242945,29.295124727136947,56.63636363636363,0.0,0.0
586516.84_6132234.86,3.23,0.0,34.24,0.0,21.48,0.0,42.33086341263576,46.37794523811935,2.6636603846856532,0.0,3.86970116110409,29.48266231652462,56.63636363636363,19.710316704988468,0.0832023579715804
585650.81_6132234.86,10.88,24.17,42.18,0.0,28.81,9.623594000348707,42.69149288130647,44.03388059345913,6.580522246491078,0.0,3.8697007123161766,29.181764544862688,56.63636363636363,14.6369498319677,0.24120710135201973
585217.8_6132484.86,29.33,40.38,56.66,52.96,52.06,0.0,39.03200350339372,45.99176748116714,0.016255016721484314,0.0,3.869700990874192,29.66415497750947,56.63636363636363,0.0,0.0
586083.83_6132484.86,18.35,33.65,48.4,0.0,37.49,0.0,39.82843074984152,46.053207305432295,1.532625730046872,0.0,3.8697007702242945,29.447452320772058,56.63636363636363,6.973702495009486,0.102690516608598
586516.84_6132734.86,14.41,26.27,42.53,0.0,34.93,0.0,36.902780787723124,49.33080548789738,15.833849330109254,0.0,3.86970116110409,29.34438439571496,56.63636363636363,153.8239081486037,0.08147192207546076
585650.81_6132734.86,31.47,47.89,57.24,52.7,51.79,0.32774040894372,32.26936991056192,56.32999201598161,39.643911595803594,0.0,3.8697007123161766,30.246574633049242,56.63636363636363,563.2333313074909,0.250174027818673
585217.8_6132984.86,41.49,46.43,64.54,74.38,73.1,5.181702323850207,27.37297702735218,65.3683538331404,75.85947656156526,0.0,3.869700990874192,31.421604965672348,56.63636363636363,10318.024713851491,0.25017402781872616
586083.83_6132984.86,19.76,29.41,49.11,50.64,49.77,0.0,38.91772105595293,46.26135378438565,1.489533006571657,0.0,3.8697007702242945,29.63198673023897,56.63636363636363,22.037121387672922,0.12023768746242845
586949.85_6132484.86,0.0,0.0,29.69,0.0,18.26,7.978814944781648,43.428038770191144,42.3938244254148,1.0611413561495673,0.0,3.869700990874192,28.630088112571023,56.63636363636363,22.003340544104404,0.06606952313522779
587382.86_6132734.86,0.0,0.0,27.76,0.0,17.27,0.0,36.97171345412339,49.461858949988255,21.645149110156133,0.0,3.86970116110409,28.479604085286457,56.63636363636363,151.97081612844744,0.05070442128436911
586949.85_6132984.86,10.29,23.31,39.85,0.0,27.61,10.95580362225018,41.579993837167244,46.50631519821814,20.985267723148475,0.0,3.869700990874192,28.797688802083332,56.63636363636363,78.54912885972365,0.08998487846949066
587815.88_6132984.86,0.0,0.0,29.71,58.15,57.15,0.0,30.883807194667863,55.283764395604706,0.8601356839525296,0.0,3.869700990874192,28.398907285748106,62.14179104477612,18.908748658696684,0.08407830349251408
587382.86_6133234.86,0.0,5.58,36.87,86.45,84.97,0.0,38.722970140817345,46.51903448602708,4.594861516499141,0.0,3.86970116110409,28.40530056423611,56.18181818181818,0.0,0.0
586949.85_6133484.86,15.77,38.93,47.54,49.98,49.12,0.0,38.45897408530315,46.940626833103074,7.085721358064376,0.0,3.869700990874192,29.133045543323863,56.63636363636363,211.11004345610917,0.15702617083753373
587815.88_6133484.86,0.0,0.0,32.98,65.81,64.68,0.0,29.339128047654466,57.91709710494564,0.0070772584399210504,0.0,3.869700990874192,28.350604433001894,60.06185567010309,0.0,0.0
587382.86_6133734.86,6.6,15.65,40.8,56.65,55.68,2.5443608811509844,31.286968866081583,56.2266277461514,3.0331951230339644,0.0,3.86970116110409,29.351820203993057,58.63253012048193,10.76314965295876,0.25017402781867304
586949.85_6133984.86,22.97,37.01,56.48,49.31,48.46,2.137569275497563,28.820158928952516,61.23602531575282,34.37484683692648,0.0,3.869700990874192,31.065969756155305,55.5,445.70265536696434,0.1517094134624727
587815.88_6133984.86,15.68,20.76,50.79,0.0,36.02,9.65741209850602,28.11582004794714,64.36019099566623,38.38584287824044,0.0,3.869700990874192,30.033769087357953,55.5,17.97096587478093,0.4399379315682434
584784.79_6132734.86,26.36,47.83,60.13,66.81,65.66,8.781304503675928,37.774607410653694,51.55908306198891,34.46510976425461,0.0,3.86970116110409,29.920084635416668,56.63636363636363,995.3337143163394,0.2501740278187301
584351.77_6132984.86,21.17,58.48,58.48,0.0,27.99,17.00994096728753,48.02486713041472,43.58954356309647,36.47756087352296,0.0,3.869700990874192,29.767931389086176,56.63636363636363,748.345578537271,0.19656127251306238
584784.79_6133234.86,24.77,37.79,54.65,44.87,44.1,27.665432065559482,54.03675824560532,37.00228472938104,20.688949331552994,0.0,3.86970116110409,28.70663113064236,56.63636363636363,775.2044035949483,0.2501740278187379
583918.76_6133234.86,50.29,74.93,74.93,40.88,40.18,0.0,19.88775648796407,74.64439402696674,100.0,0.0,3.86970116110409,32.73324307528409,56.63636363636363,1904.778480623907,0.19656127251308242
584351.77_6133484.86,15.21,43.43,56.5,0.0,29.29,13.565461866872347,43.696355276638,45.73079663268133,26.970343268458357,0.0,3.869700990874192,29.301844741358902,56.63636363636363,280.7755203432048,0.1945318372805273
584784.79_6133734.86,20.25,32.3,53.0,40.82,40.12,22.10847131562508,49.550371038402695,41.767153647769426,29.668358338017143,0.0,3.86970116110409,29.449873182508682,56.63636363636363,796.937756328871,0.18797129050842898
583918.76_6133734.86,24.77,37.38,58.16,0.0,29.73,13.581091109346003,39.937659699995244,50.57275862019919,38.462188821216046,0.0,3.86970116110409,30.067580714370266,56.63636363636363,2721.122379425018,0.19646865493518986
584351.77_6133984.86,13.8,27.15,54.25,43.56,42.81,1.728959025864378,37.8134696745067,48.47133654771347,12.416692309012324,0.0,3.869700990874192,29.651487408262312,56.63636363636363,169.3592265198635,0.18797129050837647
583918.76_6134234.86,0.0,0.0,39.63,0.0,21.66,0.86387483170333,40.17912517416072,44.82447194581316,0.875799821376713,0.0,3.86970116110409,28.93414306640625,56.63636363636363,0.0,0.0
584784.79_6134234.86,27.8,32.85,59.72,62.0,64.0,6.148103269787378,23.928883511493066,70.81344101938117,93.89241914731711,0.0,3.86970116110409,32.36439005533854,56.63636363636363,3856.6127806847653,0.18797129050843486
586516.84_6133234.86,23.33,32.36,50.87,49.81,48.95,0.09308174770265565,33.61951493743183,54.152759501416995,30.007534274278385,0.0,3.86970116110409,30.300485321969695,56.63636363636363,490.578173368185,0.12594927423983532
585650.81_6133234.86,30.92,43.26,52.43,75.25,73.96,0.3327945101147491,23.55534892057242,69.46017990454742,84.94117488865494,0.0,3.8697007123161766,31.739095052083332,56.63636363636363,1811.1861830903513,0.2501740278186857
585217.8_6133484.86,20.04,35.4,51.97,44.87,44.1,28.202136851066594,45.15759188852379,48.79152954895466,54.23268971391484,0.0,3.869700990874192,29.828639174952652,56.63636363636363,461.7276699526063,0.2501740278187376
586083.83_6133484.86,46.08,47.4,63.23,71.06,69.84,2.2028449222919013,27.561941611024753,63.8814770297479,61.30985036730521,0.0,3.8697007702242945,32.215981876148895,56.63636363636363,607.7679027689478,0.1499740642204558
586516.84_6133734.86,32.24,48.4,58.15,86.45,84.97,13.615104136761424,41.45728429931871,47.104004060866885,13.075769900493448,0.0,3.86970116110409,31.074244643702652,56.63636363636363,117.2884851285498,0.12742681456500207
585650.81_6133734.86,18.22,35.72,53.82,0.0,36.03,3.0211698347708498,23.546687859286248,70.56165735741176,93.04238242395904,0.0,3.8697007123161766,31.803211558948863,56.63636363636363,942.6629819723003,0.25017402781867304
585217.8_6133984.86,20.5,39.25,54.34,0.0,37.17,46.70182750528969,63.9202074225769,30.520075840679983,18.37090248259253,0.0,3.869700990874192,30.073602849786933,56.63636363636363,856.9025602214342,0.18797129050842604
586083.83_6133984.86,26.39,44.44,55.96,45.64,44.86,6.3861406859520935,26.058142875492113,68.01656467005871,81.97624303443838,0.0,3.8697007702242945,31.505608053768384,55.5,1315.2614340262407,0.14451579407695653
585650.81_6134234.86,6.23,38.36,55.1,0.0,29.46,20.698579952397576,52.30652456022157,37.985197695122444,15.765550848497604,0.0,3.8697007123161766,29.796519886363637,55.5,85.9048194375734,0.25017402781868575
586516.84_6134234.86,27.62,34.76,53.27,48.97,48.13,55.38412290395643,56.45526842318234,39.968023354003684,11.371568980856663,0.0,3.86970116110409,29.41183564157197,56.52040816326531,223.7867795189197,0.11606649876273208
587382.86_6134234.86,11.04,26.41,49.48,66.14,65.01,6.1939503870444215,12.879221747968092,84.03578219303256,85.4524237290962,0.0,3.86970116110409,32.41517469618056,59.52777777777778,675.807976623558,0.4736828706048378
586949.85_6134484.86,13.02,28.16,53.25,67.48,66.32,5.104556117980966,11.867774567709727,85.37453685533818,89.94596503773185,0.0,3.869700990874192,32.54603900331439,58.81818181818182,764.6109508434248,0.25273161298367497
587815.88_6134484.86,26.61,39.95,63.85,50.24,49.37,1.0702111729743513,9.43035799627782,87.65597348386443,97.25085402004157,0.0,3.869700990874192,32.10464754971591,58.90909090909091,1167.0844772695139,0.45364086313345703
587382.86_6134734.86,11.58,43.13,58.91,50.25,49.39,16.6098853750395,11.113768774610557,88.28012768936149,65.7305367670804,26.264022900330275,3.86970116110409,32.30437215169271,65.91666666666667,318.7930972258511,0.47677347153868266
586949.85_6134984.86,21.86,46.59,53.7,39.95,39.26,13.358252287889941,9.666733514964578,89.19365285204344,61.16947843409002,34.27119995697718,3.869700990874192,30.420247395833332,68.36363636363636,233.07392776106914,0.34818224851922597
587815.88_6134984.86,55.5,67.39,67.39,59.5,68.42,34.42808487451648,21.709123100978335,78.99580722815313,54.715638173350335,24.361262096564605,3.869700990874192,32.113022312973484,65.13636363636364,263.31793915501976,0.4797193841450201
587382.86_6135234.86,55.47,76.6,76.6,67.97,74.91,3.175147523977382,12.158898365885191,83.36108468178475,73.16082976478259,1.86732780855075,3.86970116110409,31.87268744574653,61.51851851851852,560.5634241208197,0.5196966790557502
586949.85_6135484.86,37.29,57.64,65.88,64.67,63.56,35.66503906759659,42.50992808062377,52.45533998286789,18.357723555412186,0.0,3.869700990874192,29.240768895004734,61.40909090909091,0.0,0.0
587815.88_6135484.86,67.14,85.58,85.58,91.04,89.48,0.5435283372227484,10.443052300981382,86.79863085558549,99.80927371311682,0.0,3.869700990874192,32.594523111979164,56.54545454545455,26190.08957221214,0.516531457169644
587382.86_6135734.86,56.31,66.11,75.26,61.26,65.74,5.47022281177771,18.151681475924335,77.76507008560809,75.08370039728892,0.0,3.86970116110409,32.05668809678819,55.870370370370374,562.8611311216144,0.5206923339258082
586083.83_6134484.86,22.99,43.44,56.54,39.17,42.65,40.918786402661325,56.06753849376606,38.599058786829005,4.368137718741909,0.0,3.8697007702242945,29.11000150792739,56.14356435643565,41.162415810934746,0.13866000790518995
585217.8_6134484.86,36.4,55.14,61.13,54.49,57.83,0.4364516306848333,18.962969944205234,76.06912484802316,97.59448781736982,0.0,3.869700990874192,33.06613991477273,55.5,2147.462742055905,0.1879712905084347
586516.84_6134734.86,9.34,16.69,47.49,0.0,32.94,44.03635173274114,50.48702541013095,47.29029477245635,14.959164229123228,0.0,3.86970116110409,29.197951808120266,62.61009174311926,133.4127388669065,0.2207776794186372
585650.81_6134734.86,38.68,59.2,66.22,52.05,56.68,3.2473453549391946,15.706617978476201,79.99535623237946,79.1235348058265,0.0,3.8697007123161766,32.46910511363637,56.62149532710281,1496.547552101126,0.18797129050838607
586083.83_6134984.86,0.0,48.68,58.73,0.0,22.83,10.811737420911923,25.91281488305381,65.71822773100125,18.257843269829856,0.0,3.8697007702242945,30.518651625689337,63.36697247706422,376.71118633657915,0.13126831196067323
585217.8_6134984.86,52.44,69.03,76.96,73.76,72.5,1.2060270685017755,9.434742857546595,88.25295277667742,97.70785381670895,0.0,3.869700990874192,33.72646262428977,56.64678899082569,2091.173002753395,0.18797129050842604
586516.84_6135234.86,20.21,31.28,56.31,0.0,38.01,60.44792022617327,45.577410907384575,54.97647466028237,8.401357967616352,28.477747921567538,3.86970116110409,28.721516927083332,69.37614678899082,0.0,0.0
585650.81_6135234.86,4.23,22.97,53.65,0.0,40.21,0.1711895677386501,5.171041725405683,92.63830176603878,100.0,0.0,3.8697007123161766,33.74522816051137,61.52272727272727,2060.976222039706,0.18797129050839567
586083.83_6135484.86,46.7,66.75,66.75,0.0,36.35,39.103782829129045,25.174556939148363,74.93889631275736,39.955470624038185,26.826709293869094,3.8697007702242945,31.298925063189337,67.15137614678899,739.3758358231962,0.7621326762778575
585217.8_6135484.86,52.67,77.1,77.1,63.28,62.2,2.788529939874092,5.854791024430168,92.26762697035046,88.7943697189817,8.246097715080175,3.869700990874192,33.73871404474432,62.174311926605505,2935.641594445391,0.1879712905084347
584351.77_6134484.86,0.0,25.38,47.42,0.0,0.0,14.975982165941312,42.54923928579204,46.14843655797734,19.387936257838216,0.0,3.869700990874192,29.587912819602273,56.63636363636363,318.32184456552824,0.1879712905083861
583918.76_6134734.86,0.0,0.0,39.63,0.0,21.66,1.3967970988608176,39.81833026247161,45.76808738455558,6.729508620106278,0.0,3.86970116110409,29.223431211529356,55.5,15.450513236967588,0.21684795332873436
584784.79_6134734.86,55.46,65.15,71.0,62.7,61.62,12.94639832056306,28.46104452094083,66.06781200985061,70.6330456495807,0.0,3.86970116110409,32.34453328450521,55.5,1683.669590805319,0.18797129050842903
584351.77_6134984.86,2.66,6.05,41.47,0.0,36.96,5.426547054291466,26.111638811686475,66.48544744281202,53.40538560230386,0.0,3.869700990874192,32.262943152225375,55.5,76.68634777680619,0.1879712905083765
583918.76_6135234.86,7.8,9.2,44.96,0.0,35.84,3.4991872408415947,21.839974402705703,71.29388321744689,49.504912458370306,0.0,3.86970116110409,31.481508197206438,55.821100917431195,231.9294331577368,0.17037138800417906
584784.79_6135234.86,47.86,27.84,55.2,73.8,72.53,2.260335162223179,11.536732906364296,85.46264367707765,85.98470701344752,0.0,3.86970116110409,33.87211778428819,56.92201834862385,0.0,0.0
584351.77_6135484.86,18.22,26.46,51.72,0.0,37.8,1.4701686893863875,6.831876920675999,91.4123538876788,97.02939291531032,0.0,3.869700990874192,34.58372913707387,59.5,0.0,0.0
583918.76_6135734.86,10.35,25.68,47.87,0.0,23.66,0.396203203040608,10.906284298104403,84.12889948846335,73.92195573971757,0.0,3.86970116110409,32.0257568359375,61.92201834862385,17.45680846447656,0.1695014920351227
584784.79_6135734.86,0.0,0.0,0.0,0.0,0.0,18.19114141385867,12.341067931613733,88.71391416196705,80.19337675418397,19.814357630842444,3.86970116110409,33.122531467013886,65.70642201834862,0.0,0.0
584351.77_6135984.86,23.54,42.34,57.54,0.0,23.66,20.138445009157298,12.417140393112536,87.61947250882349,65.29610461133159,26.672103697361827,3.869700990874192,32.714791962594695,65.6590909090909,179.32687917876007,0.38888163329821496
585650.81_6135734.86,61.57,82.31,82.31,59.25,58.24,8.335443231950908,5.267389555898822,94.03842853943468,70.62523737675244,28.59902505220938,3.8697007123161766,33.43494762073863,65.63636363636364,6564.013761980837,0.7514418277784036
586516.84_6135734.86,27.87,51.96,62.05,0.0,37.51,4.030590841984845,22.329942079699546,68.73650858261338,26.479037607824296,0.0,3.86970116110409,30.532307942708332,60.637614678899084,403.1118812313542,0.7621326762778573
586083.83_6135984.86,57.34,78.07,78.07,51.3,56.41,2.5744573062328366,12.60145487274594,83.66223601622256,81.31023632821343,0.0,3.8697007702242945,32.900918399586395,57.65596330275229,17888.27856559321,0.7621326762778188
585217.8_6135984.86,56.22,79.14,79.14,56.42,55.45,12.474387943680616,8.214463036254816,91.71113144519431,60.47674985086318,38.219075279180856,3.869700990874192,33.34696821732955,63.87155963302752,1106.24877670672,0.3888816332983175
586516.84_6136234.86,43.95,67.67,67.67,41.29,47.3,2.6800353313554592,11.768155882385132,85.76916887309821,96.82991155280175,0.0,3.86970116110409,33.01599860913826,55.5,412.7198544161309,0.7621326762778962
585650.81_6136234.86,51.49,61.07,71.48,56.25,55.29,6.355083188093764,12.198605039795158,86.24151207887986,93.62359490046057,0.0,3.8697007123161766,33.76824396306818,57.27272727272727,6202.192647577084,0.49759105922851005
586083.83_6136484.86,72.01,86.14,86.14,76.42,79.42,1.2497859938902118,12.686855867859073,83.86224465413609,86.39477686486403,0.0,3.8697007702242945,33.59974580652573,55.5,788.9056801276676,0.5964647787733437
585217.8_6136484.86,58.47,80.29,80.29,55.98,61.1,9.03841882000653,14.092725037454908,84.71596059809686,100.0,0.0,3.869700990874192,33.46903852982955,55.77522935779817,968.1046099165362,0.38888163329833536
585650.81_6136734.86,56.56,68.98,79.23,54.31,57.02,1.2722830601183869e-05,11.495169992293315,85.62639679992493,100.0,0.0,3.8697007123161766,33.8486328125,55.5,934.9748793899543,0.3888816332982349
586516.84_6136734.86,60.41,81.33,81.33,48.65,54.76,2.5522286186329586,16.96600624327705,79.07468560555287,93.71616846955114,0.0,3.86970116110409,33.876694187973484,55.5,512.1230990010083,0.7621326762778575
586949.85_6135984.86,23.81,51.73,60.11,0.0,37.03,6.790385372319214,22.832689443346187,70.53469683175946,46.939239853203915,0.0,3.869700990874192,31.53072472774621,55.90909090909091,217.7356825220101,0.7341592024808139
587815.88_6135984.86,28.02,55.58,60.87,50.42,55.73,36.93676613127662,40.00324147130739,55.90988489702703,32.94440722848634,0.0,3.869700990874192,30.590563225023676,55.5,126.27814962546955,0.43621924402392864
587382.86_6136234.86,57.25,79.86,79.86,72.23,70.99,44.341820981924904,46.83052824082272,49.69036592020486,31.936734267944505,0.0,3.86970116110409,31.06743706597222,55.5,7.353796328541413,0.5824204176216623
586949.85_6136484.86,82.09,90.19,90.19,90.1,88.56,0.5176685959302341,17.376658623903584,77.77438382138791,88.35369536040892,0.0,3.869700990874192,33.48972020004735,55.5,997.941806739094,0.6794135619208487
587815.88_6136484.86,50.65,65.26,72.73,81.89,81.11,42.29436951226571,52.30176561233033,42.276809849050366,43.76295825673315,0.0,3.869700990874192,28.839255593039773,55.5,570.6439073381796,0.36982304380754616
587382.86_6136734.86,62.79,81.72,81.72,100.0,98.28,39.235051720250496,50.677053242157676,43.78465824302169,40.22534066013713,0.0,3.86970116110409,30.094645182291668,55.5,290.5966261735338,0.5787296197558307
587815.88_6136984.86,37.75,60.6,68.57,62.07,70.31,43.86535958728759,55.65794245303307,38.28222179252732,26.22610609335353,0.0,3.869700990874192,29.49777869022254,56.63636363636363,155.35035715537026,0.046905140984567675
586949.85_6136984.86,83.62,91.9,91.9,77.19,84.4,7.340174715488776,24.466977231596427,70.32491601741218,89.77437249471637,0.0,3.869700990874192,32.9573974609375,56.63636363636363,1955.1353004704254,0.7149029985098385
587382.86_6137234.86,44.45,70.41,70.41,52.31,59.91,19.65915625113569,41.784680395582654,51.10869683906911,51.07783876114015,0.0,3.86970116110409,30.46695285373264,56.63636363636363,501.71367119777415,0.053819658683026045
586949.85_6137484.86,56.51,89.06,89.06,73.56,75.86,21.754411664133723,40.33152959414923,54.35253502936494,59.88616363545,0.0,3.869700990874192,31.745524088541668,56.63636363636363,451.9531272512899,0.6769884665326018
578136.15_6134715.23,0.0,0.0,0.0,0.0,0.0,23.546234285980418,43.01119365261111,45.672345644117016,53.421261634640096,0.0,3.1266305446624756,27.60442606608073,56.63636363636363,0.0,0.0
577994.78_6134815.66,0.0,0.0,0.0,0.0,0.0,0.306305300776823,40.20269291164311,42.12280321929843,11.94057871862138,0.0,3.126630401611328,27.524878365652903,56.63636363636363,0.0,0.0
578118.15_6134930.52,0.0,0.0,0.0,0.0,0.0,16.78416145881323,49.78155189709351,35.02723038108792,8.173390450321888,0.0,3.1266304651896157,27.2607905069987,56.63636363636363,112.91582676518335,0.3957572079059115
574847.8_6135636.57,0.0,0.0,0.0,0.0,0.0,47.60990269722028,73.91548495988314,14.612040095939097,0.0,0.0,2.9185235500335693,27.68654547797309,56.63636363636363,0.0,0.0
577561.82_6135176.03,0.0,0.0,4.29,0.0,0.0,0.0,41.38937981174309,39.486156319443246,0.435775006792824,0.0,3.1266305446624756,27.377391270228795,56.63636363636363,326.910805244848,0.12655037606855854
577477.18_6135509.98,0.0,0.0,5.3,0.0,0.0,13.905380595698363,46.89724933244612,36.296693077994505,2.584858765898042,0.0,3.126630700152853,27.719869760366585,56.63636363636363,48.67917364156628,0.11427099050965286
577161.27_6135856.74,4.32,7.19,7.19,0.0,0.0,43.00162503716919,61.52067775523582,25.556799058073043,0.0,0.0,3.126630571153429,27.40595703125,56.63636363636363,152.08547997007,0.0
576446.52_6136209.89,4.99,7.61,7.61,0.0,0.0,83.46046654735207,77.72322607766677,14.820642361518683,0.0,0.0,3.1221338907877603,27.47419128417969,56.63636363636363,0.0,0.0
577423.57_6135984.86,5.89,8.12,8.12,0.0,0.0,54.14579296534874,68.36179092115029,20.661559179835212,1.5911107156682636,0.0,3.126630585769127,26.804771423339844,56.63636363636363,6.624941308472879,0.2224503961443396
578751.08_6135290.98,0.0,0.0,5.01,0.0,0.0,34.42678977863606,57.10903721817968,28.624523722874144,0.021369100701502056,0.0,3.1266309298001804,27.292208353678387,56.63636363636363,0.0,0.0
577839.17_6135234.99,0.0,0.0,4.74,0.0,0.0,17.021627116416735,47.90800092987062,37.24521108503268,17.95643469846552,0.0,3.1266307215536795,27.375328802293346,56.63636363636363,104.46665633775343,0.19630859732278
578304.6_6135527.09,0.0,0.0,5.67,0.0,0.0,25.498885781931186,51.669343390908175,33.53695076366014,11.086126605107108,0.0,3.126630585769127,26.88512986706149,56.63636363636363,48.80945304062647,0.28531089249662483
578722.61_6135734.86,0.0,0.0,3.5,0.0,0.0,55.63247227897595,65.48524233341236,23.52219913274641,5.791355526102449,0.0,3.1266304464901196,26.865162242542613,56.63636363636363,12.975748825204674,0.28482483284298893
577856.58_6135734.86,0.0,0.0,7.02,0.0,0.0,10.048465939663451,44.00074460847774,39.695397967547066,13.632645522730662,0.0,3.1266304464901196,27.50259676846591,56.63636363636363,51.45521318296014,0.19198316847704539
578289.6_6135984.86,0.0,0.0,6.09,0.0,0.0,66.73798511122237,72.46770766074799,18.16346988880436,2.703052979650724,0.0,3.1266307215536795,26.281418744255514,56.63636363636363,13.89278097197743,0.2693391102384266
578722.61_6136234.86,0.0,0.0,10.26,0.0,0.0,58.3141272819105,66.83086250459031,22.2974021365972,4.062688896510924,0.0,3.1266304464901196,26.810892740885418,56.63636363636363,37.629328040732375,0.16124616750693826
577856.58_6136234.86,0.0,0.0,7.65,0.0,0.0,65.964116070477,77.84200670325431,13.371733832725544,4.790209765436035,0.0,3.1266304464901196,25.747144294507574,56.63636363636363,16.778404973357254,0.25801349480037805
578289.6_6136484.86,0.0,0.0,6.58,0.0,0.0,97.6534496301872,86.16219912219512,7.698356984375397,0.019169530048371144,0.0,3.1266307215536795,25.476155000574447,56.63636363636363,0.0,0.0
578722.61_6136734.86,0.0,0.0,15.73,0.0,0.0,61.08005832375583,70.81758116628848,18.812787301366274,2.0428151773462404,0.0,3.1266304464901196,26.55233857125947,56.63636363636363,15.459732316748536,0.16086332093403943
575216.76_6135821.97,0.0,0.0,0.0,0.0,0.0,6.266199206758564,42.8762315457994,39.01816048216552,10.889734547385451,0.0,2.918523152669271,27.615675706129807,56.63636363636363,0.0,0.0
575702.72_6136105.41,0.0,0.0,0.0,0.0,0.0,65.31779968284245,71.2787832824879,18.23802234679419,4.982655331021706,0.0,2.929825029875103,26.756891424005683,56.63636363636363,33.89548626183118,0.0
575283.0_6136241.99,0.0,0.0,0.0,0.0,0.0,12.263795400311404,48.13931725618949,34.21592408291943,5.082856954926818,0.0,2.918523661295573,27.327836661503234,56.63636363636363,16.460364162336784,0.0
575046.29_6136513.4,0.0,0.0,0.0,0.0,0.0,85.92254011308843,82.09072482579657,10.341095578279244,0.0,0.0,2.918523515973772,27.376996721540177,56.63636363636363,62.97125771846084,0.0
575691.52_6136484.86,0.0,0.0,0.0,0.0,0.0,21.84254286988497,50.593313692173744,33.79497983700884,8.149592236520032,0.0,2.9300219628118698,27.399004767922793,56.63636363636363,26.409423691851302,0.0
575283.42_6136720.62,0.0,0.0,0.0,0.0,0.0,24.147699492489554,50.518064253609104,33.66535400980152,9.292522493135397,0.0,2.918523480815272,27.577897135416666,56.63636363636363,30.783561746510347,0.0
575691.52_6136984.86,0.0,0.0,1.43,0.0,0.0,8.128243445674252,45.3156170605383,36.97451336552416,1.9852735179531444,0.0,2.931086878622732,28.03850061753217,56.63636363636363,8.731068363643082,0.0
576113.85_6136264.35,0.0,0.0,0.0,0.0,0.0,65.29166929370676,71.29676647388953,18.187500769808633,0.0,0.0,3.019436743951613,26.84462257667824,56.63636363636363,0.0,0.0
577025.69_6136247.52,11.06,10.37,10.37,0.0,0.0,84.90050436960331,81.78882567209635,11.906185455862454,1.371441878310444,0.0,3.126630585769127,26.573993551320044,56.63636363636363,13.35328244341277,0.0
576554.65_6136490.76,4.74,7.46,7.46,0.0,0.0,54.12504039179756,66.57790372343821,21.864070436335894,0.0,0.0,3.119983541554418,26.776922052556817,56.63636363636363,0.0,0.0
577423.57_6136484.86,3.33,6.5,8.52,0.0,0.0,89.86432391113631,85.57397156822809,7.698460198307709,0.0,0.0,3.126630585769127,25.671842575073242,56.63636363636363,0.0,0.0
576990.56_6136734.86,4.71,7.44,7.44,0.0,0.0,98.13023730751976,87.08005939956824,7.246845323480114,0.0,0.0,3.1266304464901196,25.750113094554226,56.63636363636363,0.0,0.0
576124.53_6136734.86,0.0,0.0,0.0,0.0,0.0,24.592210615502914,52.50399435397364,32.019407265818174,3.1940928991172695,0.0,3.027436424704159,27.493650494199812,56.63636363636363,0.0,0.0
576557.55_6136984.86,2.22,5.68,5.68,0.0,0.0,50.16685315837401,63.66737652831828,26.60314923685251,16.6653698794249,0.0,3.1207672645305764,26.8868013269761,56.63636363636363,187.795250618622,0.0
577423.57_6136984.86,2.82,6.1,6.1,0.0,0.0,100.0,87.201815596487,7.511828561359303,0.0,0.0,3.126630585769127,26.01909065246582,56.63636363636363,0.0,0.0
576124.53_6137234.86,0.0,0.0,1.43,0.0,0.0,19.881777389075772,50.85577533699524,32.95233431342914,2.043588884762585,0.0,3.030269174014821,27.801874334161933,56.63636363636363,3.670252991139817,0.0
576990.56_6137234.86,0.0,0.0,8.97,0.0,0.0,22.808420423586682,51.6674675113335,33.792126634128515,13.431982230681145,0.0,3.1266304464901196,26.87454941693474,56.63636363636363,73.58905507956993,0.0
579155.62_6136484.86,0.0,0.0,15.15,0.0,0.0,10.687279699068249,45.37652235519031,37.43530987339799,3.7305514898419783,0.0,3.126630585769127,27.6281982421875,56.63636363636363,25.112436760963433,0.18980897065928928
580021.65_6136484.86,3.27,8.27,23.7,0.0,28.67,3.412190923742594,37.64522830440624,46.631124147905425,27.121001888054042,0.0,3.126630585769127,28.67587557705966,56.63636363636363,222.17852195177878,0.1984732355259292
579588.63_6136734.86,0.0,0.0,16.72,0.0,0.0,3.314988002577981,40.89773992213781,41.96319514670678,11.441974683005306,0.0,3.1266304464901196,28.162852567784928,56.63636363636363,57.619116469088915,0.19562364478140482
580454.66_6136734.86,0.0,0.0,0.0,0.0,0.0,0.0,37.69081787149455,45.31688995696959,16.286734186231474,0.0,3.1266304464901196,28.25540438565341,55.5,53.70758642910514,0.20086728237986773
580021.65_6136984.86,11.08,13.3,34.64,0.0,0.0,6.201155097299113,37.96207738360534,46.390626233388424,13.344243057937897,0.0,3.126630585769127,28.200727982954547,55.5,102.48682303451304,0.19749499269587195
579155.62_6136984.86,0.0,0.0,18.23,0.0,0.0,21.660439034941266,51.12294741411617,34.31347024256371,15.67016875412443,0.0,3.126630585769127,27.219587053571427,55.5,49.57442681420964,0.19229938009000697
579588.63_6137234.86,0.0,0.0,18.44,0.0,0.0,0.0,34.55302663378334,48.90721601026418,2.8593063681988418,0.0,3.1266304464901196,27.56638291302849,55.5,0.0,0.0
580454.66_6137234.86,17.79,15.98,40.95,0.0,0.0,17.90112626761187,38.21026703541446,48.75534064065639,3.3081459609782664,0.0,3.1266304464901196,28.21454227331913,55.86697247706422,8.35288287721967,0.19572991230193426
580021.65_6137484.86,12.59,13.97,40.58,0.0,19.0,5.65707111260071,26.89633872157981,60.73179370747156,31.694105226207213,0.0,3.126630585769127,28.478707978219695,57.18181818181818,376.008886445346,0.16642044861881586
579155.62_6137484.86,3.73,8.71,25.28,0.0,0.0,56.86828120033988,57.31622585259137,34.766519789166594,0.0067773069642558985,0.0,3.126630585769127,26.97142857142857,57.166666666666664,0.0,0.0
580887.67_6136484.86,0.0,0.0,18.5,0.0,17.21,0.0,39.76000015272623,42.5327393145794,10.528060977107032,0.0,3.1266307215536795,28.122540642233457,55.5,50.70802450905254,0.19958019034059254
581320.69_6136734.86,0.0,0.0,13.07,0.0,0.0,0.4754223194092153,30.69119468375236,53.91531140851631,4.086638015150045,0.0,3.1266304464901196,28.38836300011837,55.59090909090909,32.72342058918635,0.19562364478140487
581753.7_6136984.86,0.0,0.0,16.02,0.0,0.0,3.515550311674784,27.29534428243624,58.39189552354007,9.187553555191855,0.0,3.126630585769127,28.974119349888394,59.620370370370374,69.65424567679034,0.12297889632306755
580887.67_6136984.86,0.0,0.0,13.48,0.0,0.0,0.0,31.301528318651894,52.67101904212341,1.6069705275461568,0.0,3.1266307215536795,28.397442985983457,55.5,22.827312165776874,0.1735037691237295
581320.69_6137234.86,0.0,0.0,22.82,0.0,0.0,0.0,26.896149936250037,57.66204085229997,2.902496510227693,0.0,3.1266304464901196,28.738364479758523,59.77272727272727,75.85261941372066,0.08697396876429508
581753.7_6137484.86,0.0,0.0,15.73,0.0,0.0,10.459601421939373,19.564124551732505,69.834046159671,8.731273002729392,26.092603183131715,3.126630585769127,28.933138602120536,69.25,54.6974385006769,0.11998117644602366
580887.67_6137484.86,5.66,10.24,29.46,0.0,0.0,0.0,25.3684380059998,59.71008568699552,8.170312146983429,0.0,3.1266307215536795,28.883327708524817,60.56880733944954,31.229441652262672,0.14968113337530203
582186.71_6137734.86,0.0,0.0,16.39,0.0,0.0,69.5991651995735,57.719500992002914,36.784414539138254,1.9081393591732978,0.0,3.2657158795525048,27.77493106617647,60.77272727272727,6.508333869677035,0.28658301007077125
581320.69_6137734.86,0.0,0.0,22.86,0.0,0.0,0.0,14.584574052098597,72.61440396178617,1.3477606702514768,25.87579054042064,3.1266304464901196,29.118611653645832,70.13636363636364,51.8703844408048,0.09300360974426744
581753.7_6137984.86,0.0,0.0,21.87,0.0,18.9,74.56523941188549,58.53804563624746,36.288921344823464,0.5431760059911359,0.0,3.126630585769127,28.482831682477677,62.09722222222222,0.0,0.0
582186.71_6136734.86,0.0,0.0,16.45,0.0,0.0,1.1336233044795294,23.457561710512813,63.44409588850092,19.365883747532557,0.0,3.2528612473431755,29.263233857996322,61.5,122.53658682156467,0.10927458970979545
583052.74_6136734.86,0.0,0.0,28.79,0.0,0.0,56.36055783123588,42.063739847147126,56.317925337982935,3.912106464041518,22.08396962563798,3.8697007123161766,29.14233768347538,66.81818181818181,9.36395931573586,0.25574612717962697
583485.75_6136984.86,7.8,10.18,37.11,0.0,0.0,40.74810636224943,42.953006815657915,51.47672051647392,11.690398234712669,0.0,3.8697007702242945,29.21540922277114,59.49082568807339,57.23237599792832,0.2243046827706637
582619.72_6136984.86,0.0,0.0,20.83,0.0,0.0,50.02261357704509,38.98503935635768,57.35540788569408,2.488072230178749,25.51669786522166,3.6761001060748923,28.27596768465909,67.58333333333333,9.899996228279884,0.2477135842268798
582186.71_6137234.86,0.0,0.0,12.9,0.0,0.0,45.28511645603299,36.67038941631431,57.87699100030339,5.8163888241233055,26.44690293997308,3.259297314812155,28.51263427734375,68.54545454545455,37.28810313792185,0.14296046391688771
583052.74_6137234.86,0.0,0.0,18.73,0.0,0.0,40.594326052029714,49.29317685397228,44.73714164357843,0.4595608517761996,0.0,3.8697007123161766,27.941149162523676,58.0,0.0,0.0
583485.75_6137484.86,7.74,8.46,30.83,0.0,0.0,23.465462941311625,42.126523462424935,48.61303134123515,0.007718266933663959,0.0,3.8697008405412947,28.172650146484376,55.55555555555556,0.0,0.0
582619.72_6137484.86,0.0,0.0,15.41,0.0,0.0,52.17498868042285,55.540517179562634,39.70551489492829,1.5413567479283632,0.0,3.6840352025525323,27.703835227272727,58.879629629629626,6.787285241957177,0.045986606782013884
583052.74_6137734.86,0.0,0.0,26.92,0.0,17.05,13.474751489752359,41.98363476362185,49.49052598060221,10.336325100157913,0.0,3.8697007123161766,28.21670809659091,55.72727272727273,69.41565145241832,0.03167501369847657
582619.72_6137984.86,0.0,0.0,20.01,0.0,25.37,35.26150238880326,44.61454508589186,48.03039142613408,11.704334407951912,0.0,3.691950304754849,28.315239183830492,55.5,96.39213404695612,0.03034788633572599
579588.63_6137734.86,3.88,8.84,25.66,0.0,0.0,6.610903616310872,28.53711429862709,56.886185059669934,2.0650578166227187,2.0336116632277577,3.1266304464901196,27.990810618681067,62.44954128440367,8.228761576786589,0.0
580454.66_6137734.86,5.67,23.9,38.58,0.0,21.27,21.7563826566191,32.837686713365095,55.753219779311195,7.721683516317319,3.67369682142416,3.1266304464901196,28.386513449928977,64.12385321100918,124.36076925350856,0.19562364478140482
580021.65_6137984.86,21.26,37.93,46.68,0.0,31.79,4.02435829715243,15.025445522086006,74.36658310502347,20.98273727337098,26.668340043687238,3.126630585769127,28.953818581321023,67.61363636363636,88.13642914035078,0.07511343838114631
579155.62_6137984.86,3.73,8.71,25.28,0.0,0.0,16.288309809983225,24.785987516110367,66.12287150885776,2.8717044025823917,27.708798557772656,3.126630585769127,28.447300502232142,69.65137614678899,26.426691601473383,0.15553590787453234
579588.63_6138234.86,16.72,28.55,45.12,0.0,35.96,0.0,20.76204616796536,65.76569822395928,0.714116145618262,15.9556197551084,3.1266304464901196,28.610909854664524,66.92201834862385,0.0,0.0
580454.66_6138234.86,8.96,30.45,39.11,0.0,31.97,52.91809683665319,44.19198205371902,48.796189954081825,0.32380639076544954,13.868070094926965,3.1266304464901196,27.85367468631629,66.5091743119266,0.0,0.0
580021.65_6138484.86,32.23,43.75,55.32,53.4,52.49,22.14730366851215,35.990537971072285,53.46662382618895,14.779591992320695,0.0,3.126630585769127,28.805708451704547,60.27272727272727,133.17963927775236,0.0
579155.62_6138484.86,21.47,34.51,47.79,64.55,63.44,19.887540968790734,35.30803509805992,53.02199993641863,1.4893837845921762,0.0,3.126630585769127,28.92334681919643,62.793577981651374,0.0,0.0
580454.66_6138734.86,24.56,37.56,50.34,60.98,59.93,30.91786295220321,41.39165749262783,48.7848161365808,16.368965779903526,0.0,3.1266304464901196,28.26638146602746,57.8394495412844,167.5769103989557,0.007243339184686952
579588.63_6138734.86,32.17,40.76,54.56,52.5,51.6,6.758233525271111,26.501983586019406,61.697844778971614,31.294564068266524,0.0,3.1266304464901196,29.126051958869486,58.06880733944954,79.43033248182958,0.0
583485.75_6137984.86,0.0,5.33,33.55,0.0,28.09,81.0934462151541,73.98263945936621,22.59816607418219,0.7130345360171418,0.0,3.8697007702242945,27.471173454733457,55.5,11.808544816690137,0.023788857996142443
583052.74_6138234.86,0.0,0.0,29.56,0.0,27.83,31.931539025345913,48.27241272103194,43.050738187481684,3.7148256593866855,0.0,3.8697007123161766,28.088859789299242,55.5,11.379860289795959,0.021485088350189536
582186.71_6138234.86,0.0,0.0,15.22,0.0,18.47,39.96099517540239,49.32487047907358,41.67289721441631,0.16809991989213804,0.0,3.272138034596163,28.164189955767462,55.63636363636363,0.0,0.0
582619.72_6138484.86,0.0,0.0,26.05,44.52,43.76,67.90367614698704,63.954690628608525,32.06273228900082,0.08068299116078846,0.0,3.6998975030307113,27.829981948390152,55.5,0.0,0.0
583485.75_6138484.86,7.46,15.63,42.72,44.16,43.4,36.20742922913659,60.72961390239114,30.165978965335643,0.0,0.0,3.8697007702242945,27.860660328584558,56.63636363636363,0.0,0.0
582186.71_6138734.86,0.0,0.0,22.28,0.0,35.01,58.78648736173532,58.72059730084691,34.51618873587897,1.300760449474196,0.0,3.278902390423943,28.26005464441636,55.5,0.0,0.0
583052.74_6138734.86,0.0,0.0,29.94,61.77,60.71,29.777429372608477,57.59411517642023,32.35593158448837,0.7113031787010385,0.0,3.8697007123161766,28.248361298532195,55.5,5.231058030199019,0.02917078362104741
582619.72_6138984.86,0.0,0.0,31.37,67.63,66.47,50.18500751440966,62.16245642059209,29.709319967850607,5.727049549831229,0.0,3.7078457536368536,28.867594401041668,55.5,69.97134839205376,0.021882423657094835
583485.75_6138984.86,8.92,22.46,46.87,46.05,45.26,7.507460632312327,41.385313269328385,45.738094467545906,12.338687716626282,0.0,3.8697007702242945,29.3263765222886,56.63636363636363,0.0,0.0
582186.71_6139234.86,0.0,0.0,26.23,47.57,46.75,5.834721442732416,41.130705815110545,42.89563582125216,11.556363967087357,0.0,3.287002114688649,29.11374798943015,55.5,192.39865901311177,0.017845064048485786
580887.67_6137984.86,0.0,7.99,33.26,0.0,35.69,14.98700400334303,21.089543661474867,68.12588737063948,0.0,26.514510603118985,3.1266307215536795,29.02224013384651,70.45412844036697,0.0,0.0
581320.69_6138234.86,0.0,0.0,31.24,40.56,39.86,6.732524050240942,28.74089375551131,57.01428479961655,0.0,0.0,3.1266304464901196,29.238889752012312,61.86363636363637,0.0,0.0
581753.7_6138484.86,0.0,0.0,22.9,0.0,25.51,6.516682447029931,31.828514905012323,53.94215699810587,5.788931000402336,0.0,3.126630585769127,28.949222237723216,55.824074074074076,11.259266384768502,0.4213008843074273
580887.67_6138484.86,0.0,0.0,30.48,0.0,33.58,7.15403210317503,21.617263176997312,67.70194924385022,45.931831222780055,0.0,3.1266307215536795,29.273800120634192,61.142201834862384,517.0171264896289,0.08341959795767212
581320.69_6138734.86,2.44,5.76,33.31,55.63,54.68,4.135433469218252,29.32211945304562,56.85818869829008,11.47139279814621,0.0,3.1266304464901196,29.545060591264203,56.096330275229356,112.4364373391737,0.022323108312665183
581753.7_6138984.86,0.0,0.0,28.38,0.0,32.78,13.699581577409248,38.52414081836436,47.76211731809906,16.68923152318514,0.0,3.12683079160493,29.5310546875,55.5,33.136841215214346,0.05829469650821428
580887.67_6138984.86,15.92,31.88,41.83,83.84,82.4,19.531428628572307,34.53159029027947,54.88669280323786,24.90579493038951,0.0,3.1266307215536795,29.72390029009651,55.591743119266056,305.5248478541229,0.004636929378714445
581320.69_6139234.86,0.0,0.0,28.67,42.46,41.73,9.347579709128194,38.42276796767225,48.54263554515303,25.871214733767513,0.0,3.1266304464901196,29.39709842566288,55.5,89.22236282642235,0.009309294183975452
581753.7_6139484.86,0.0,0.0,27.34,0.0,0.0,46.51092121657221,60.73486215680736,27.27844291014293,0.038583718047130025,0.0,3.1272072627626617,28.76612025669643,56.63636363636363,0.0,0.0
580887.67_6139484.86,15.14,30.87,40.9,53.65,52.73,9.09734523879098,42.58642034819285,40.82911801813273,1.4411669126327913,0.0,3.1266307215536795,29.091893813189337,55.5,41.13277975261972,0.020235229706748042
579155.62_6138984.86,22.94,36.42,48.89,56.16,55.2,12.45564812848133,33.46864791683243,54.61315112451794,18.787015195797306,0.0,3.126630585769127,28.83218470982143,56.555045871559635,347.1493957716166,0.0
580021.65_6138984.86,38.33,60.94,64.18,53.56,52.64,11.456210084278283,27.87682692279956,62.41832557173508,50.33350117342468,0.0,3.126630585769127,29.208780924479168,55.5,436.0450214731648,0.024858397486446117
580454.66_6139234.86,18.21,34.82,47.77,47.79,46.97,29.35602806884659,38.72586473704262,52.38342684948072,37.874143916892656,0.0,3.1266304464901196,29.09738066702178,55.5,309.04541041599765,0.020541511266959064
579588.63_6139234.86,31.67,56.18,60.08,62.47,61.4,1.1250170643591633,28.26391497118681,57.54667108870175,16.04837859270926,0.0,3.1266304464901196,29.05961878159467,55.5,73.06941327362921,0.02059866461873864
580021.65_6139484.86,19.16,42.57,52.34,0.0,36.22,51.10232842305097,58.65399968592118,31.885060748191123,13.019202716399688,0.0,3.126630585769127,28.559100526751894,55.5,119.29210884927231,0.024173275107577344
579155.62_6139484.86,30.65,42.56,58.74,58.39,57.39,3.6107909679788395,33.48105068455733,51.98376210116686,18.73184932169811,0.0,3.126630585769127,28.91241455078125,55.5,132.14711041953095,0.017097858009342312
580454.66_6139734.86,3.11,6.33,34.4,0.0,26.01,35.173262094821176,55.66981540380843,31.098020771557966,4.618986006723329,0.0,3.1254835689769074,28.449259440104168,56.63636363636363,23.75512997664593,0.020365813096432775
579588.63_6139734.86,30.97,48.25,58.1,69.7,68.51,3.7082472345493076,33.95630155060599,52.32388238621345,42.86411642133626,0.0,3.1248860078699447,29.24986536362592,55.5,312.6304808569535,0.031332512215666374
580021.65_6139984.86,14.32,26.38,53.46,44.66,43.9,68.05158598660249,70.30238028245364,21.58802450033804,9.060837120534208,0.0,3.1161717381970635,28.238103693181817,56.63636363636363,64.42620633528239,0.02904115247866285
580454.66_6140234.86,16.77,20.95,42.76,0.0,29.72,27.31455166609879,49.22406101294393,38.83332959569725,27.304957710753584,0.0,3.0980013679055607,29.254176284327652,56.63636363636363,259.00943209646687,0.034096755710582814
583052.74_6139234.86,0.0,0.0,33.48,75.56,74.26,6.198619388342914,37.11535511783012,51.180839168642954,27.439901284681135,0.0,3.8697007123161766,29.92471220999053,56.63636363636363,118.22602955663024,0.029422040266231676
583485.75_6139484.86,0.0,0.0,0.0,0.0,0.0,21.306197320076468,48.44444652739162,40.012921560584616,5.587831020585458,0.0,3.8697007702242945,29.305315803079043,56.63636363636363,0.0,0.0
582619.72_6139484.86,0.0,0.0,34.41,50.13,49.27,6.106067989594655,39.34777673984542,47.08170772584207,15.453007582077802,0.0,3.715791110334725,29.550372499408144,56.63636363636363,251.28774881582362,0.016740731941293472
582186.71_6139734.86,0.0,0.0,22.86,0.0,18.89,4.297703950661445,41.20751131350249,41.90445154787519,4.135333888211068,0.0,3.2937420115751377,28.812437169692096,56.63636363636363,34.828636949188,0.017674487773458064
583052.74_6139734.86,6.67,14.74,44.16,0.0,28.48,23.704035308906505,50.886467113250134,38.37340165787515,7.853159691326746,0.0,3.868460262522978,29.291766542376894,56.63636363636363,8.296264128736382,0.029470771415316482
582619.72_6139984.86,0.0,0.0,33.58,0.0,29.75,8.42697353484866,39.672413682073916,47.81936737663669,27.785647983426376,0.0,3.7067350190261315,28.703912908380683,56.63636363636363,214.15329829272036,0.02260713917234355
583485.75_6139984.86,0.0,0.0,43.31,0.0,21.98,23.864700917889497,51.220150349495455,37.1002503780874,2.328552887114079,0.0,3.8546036751039567,28.334346995634192,56.63636363636363,0.0,0.0
583052.74_6140234.86,6.33,23.1,45.74,0.0,26.41,15.416714041191378,48.51120290968646,39.310673618725076,6.878462672397786,0.0,3.8157299266142,28.398513331557766,56.63636363636363,17.068474019738268,0.04683399351706628
582186.71_6140234.86,7.53,23.54,41.09,0.0,20.55,49.24354511868267,66.16314434791559,23.27627281925055,0.26285884418153593,0.0,3.261752857881434,28.331182143267462,56.63636363636363,0.0,0.0
583485.75_6140484.86,19.16,37.02,55.6,0.0,37.65,7.879627283549924,45.48689448533373,40.689266391898244,0.0,0.0,3.773648169732863,28.350278966567096,56.63636363636363,0.0,0.0
581320.69_6139734.86,4.23,9.14,28.29,0.0,0.0,20.541335438668863,47.92374298372538,37.21125844063266,8.044758036479356,0.0,3.1257631638470817,29.038195060961176,56.63636363636363,42.14010510790194,0.019833820810194337
580887.67_6139984.86,10.09,17.4,33.48,0.0,18.57,23.871467838224554,50.046485704110445,34.93537462930781,0.8560204742578339,0.0,3.1172920965379283,29.1307373046875,56.63636363636363,0.0,0.0
581753.7_6139984.86,0.0,0.0,22.36,0.0,0.0,22.55862028918891,52.36385794726628,33.88258641273101,10.524239578508759,0.0,3.118864388301455,28.969663783482144,56.63636363636363,59.91454161064468,0.02740770679034732
581320.69_6140234.86,12.57,18.95,36.47,0.0,21.66,4.031208632073042,39.04858943889805,44.13232809405926,12.290651519251169,0.0,3.099260218003217,29.50823974609375,56.63636363636363,52.95669460664502,0.03402120086905337
581753.7_6140484.86,0.0,0.0,21.67,0.0,0.0,42.459899177390014,68.66384154813694,20.36471987722007,0.0,0.0,3.0811009900323274,28.963699776785713,56.63636363636363,0.0,0.0
580887.67_6140484.86,21.63,23.28,43.86,0.0,28.95,11.582541996156035,35.611547514502654,51.97284237332778,49.957951560195966,0.0,3.0786622570407007,30.250545726102942,56.63636363636363,668.9180589111431,0.03458102567027986
581320.69_6140734.86,0.0,0.0,25.6,0.0,0.0,9.523466030465235,47.376362234125416,36.26664927793527,2.9955368416454453,0.0,3.0593266206629135,29.38540741891572,56.63636363636363,14.627980740850969,0.13053514154052295
582186.71_6140734.86,8.59,7.35,33.47,0.0,25.91,41.53452249824396,67.51397295706066,21.83382547362601,2.8706554617541364,0.0,3.2200075037339153,28.777760225183822,56.63636363636363,11.282040755467591,0.22556416452760544
581753.7_6140984.86,0.0,0.0,34.73,0.0,19.19,0.0,39.245947512259264,42.066444885535404,0.31665933102655147,0.0,3.045029475771148,29.440970284598215,56.63636363636363,0.0,0.0
580887.67_6140984.86,3.74,6.81,48.17,0.0,0.0,21.357794130894263,49.019547880848386,36.37219849032349,10.317841879128567,0.0,3.0427204255134828,29.266565659466913,56.63636363636363,29.08996810270616,0.3074881700965692
579588.63_6140234.86,2.88,5.77,42.81,0.0,29.92,32.3744526568764,52.79360206923961,33.806991452864494,10.846999502029725,0.0,3.0967389275045956,28.41691499597886,56.63636363636363,68.39269208839471,0.04287349323299619
580021.65_6140484.86,12.76,7.65,44.19,50.12,49.26,16.04066113912958,35.12345804614545,55.06606520541333,71.61320885238258,0.0,3.077380213244208,30.347450949928977,56.63636363636363,1204.5813071303262,0.03800342766523654
580454.66_6140734.86,12.17,18.87,47.44,56.0,55.04,12.950867948678308,35.35650707703783,53.821991392580884,63.368230329258246,0.0,3.0580675461713005,30.545891039299242,56.63636363636363,867.4598966359345,0.03459211842058353
579588.63_6140734.86,2.8,5.71,40.5,48.41,47.58,8.55633591042279,42.1751788342943,41.157404026905645,10.29890586092735,0.0,3.0569354786592373,28.91416841394761,56.63636363636363,212.88274592168753,0.04321155413712124
580021.65_6140984.86,18.39,48.78,55.1,74.11,72.84,7.528498220254527,30.97081222384969,57.349156909492415,68.06350203563618,0.0,3.042034543793777,30.209269205729168,56.63636363636363,4826.3671740778345,0.04321291659695922
579588.63_6141234.86,0.0,0.0,41.13,41.43,40.71,66.65139375286677,71.92500297741455,18.422523796326544,1.0208405864233356,0.0,3.0377264583812043,27.67172061695772,56.63636363636363,2.0390472852306107,0.12330925294542039
580454.66_6141234.86,27.22,55.02,61.69,0.0,31.81,47.694663659943416,57.43471636626819,32.819316297821906,23.911145269805516,0.0,3.0377668492934284,29.723447857481062,56.63636363636363,257.68102244006315,0.1507698818888119
580021.65_6141484.86,28.67,67.31,67.31,0.0,37.84,55.16594278070187,62.62730169359681,28.120470891716565,17.987693095420745,0.0,3.037726566709321,29.252476547703598,56.63636363636363,166.89816253610726,0.22686423597556116
579588.63_6141734.86,13.64,26.63,56.02,44.97,44.2,66.20090562737322,69.47041415930903,21.345412752593994,10.144125152346792,0.0,3.0377264583812043,27.558557846966913,56.63636363636363,15.422024164736259,0.5728014115732645
580454.66_6141734.86,61.29,78.81,78.81,56.65,55.68,3.9145429281690993,24.149097237477804,66.01552638946963,88.479611308038,0.0,3.0377264583812043,32.050241181344695,56.63636363636363,1573.0580353664436,0.15436243591591864
584784.79_6136234.86,27.47,61.82,69.5,0.0,33.31,4.011564116356489,10.425916390409164,87.41857340426021,94.83033999888855,0.6825626850302408,3.86970116110409,33.32836235894097,57.65596330275229,995.668308862445,0.3888816332983357
583918.76_6136234.86,9.38,17.19,49.05,0.0,0.0,27.21707563250042,22.547489144757748,77.15915526196298,41.67831908652868,25.18690095250867,3.86970116110409,31.366288618607953,66.02752293577981,428.3816532976826,0.3164720076472417
584351.77_6136484.86,29.52,44.39,58.24,0.0,23.4,15.520636859830198,20.569107969214436,76.67684293961022,73.37702944110788,0.0,3.869700990874192,32.48748964251894,56.86363636363637,1866.841070928865,0.3888816332982349
583918.76_6136734.86,5.59,24.86,46.51,0.0,0.0,0.4662883875035404,20.420303064675057,72.58968624511243,42.60156911099032,0.0,3.86970116110409,30.806873668323863,58.57339449541284,543.810950153189,0.31573470293509653
584784.79_6136734.86,25.96,45.74,60.48,0.0,29.26,2.0828970968164753,13.377179346255499,83.58184882226325,95.51383198289426,0.0,3.86970116110409,33.76183064778646,55.5,5961.219823159136,0.3888816332983237
584351.77_6136984.86,21.08,24.34,49.77,0.0,0.0,12.820073386027865,30.74187385383259,62.53944103005439,34.3437007293329,0.0,3.869700990874192,30.4981689453125,55.5,119.07754797044294,0.388881633298215
583918.76_6137234.86,18.55,25.68,46.89,0.0,0.0,12.684324307338276,38.043292521524535,50.83400335737426,0.7546400107290576,0.0,3.86970116110409,28.876784815932766,55.5531914893617,0.0,0.0
584784.79_6137234.86,9.62,41.83,54.75,0.0,29.56,23.53088844814443,34.22810244466641,61.41223859002651,70.99422545893705,0.0,3.86970116110409,31.564687093098957,55.5,616.3787844843068,0.3888816332983357
584351.77_6137484.86,0.0,26.86,46.96,0.0,0.0,14.994075168424073,46.77184695717927,40.22053093253324,2.0101723027647522,0.0,3.869700990874192,28.917924360795453,55.5,5.0331136635938005,0.3888816332982349
583918.76_6137734.86,0.0,0.0,33.42,0.0,0.0,22.3831108619245,50.463997319400335,37.475758478174704,2.5034323298944816,0.0,3.86970116110409,28.404637192234848,55.5,10.803454007147879,0.03210132493771445
586083.83_6136984.86,54.24,77.21,77.21,49.74,53.96,1.3394086997071852,18.969271446733227,76.47419958368948,100.0,0.0,3.8697007702242945,33.97542796415441,55.5,871.9954237908943,0.48711893894480496
585217.8_6136984.86,40.28,52.51,68.5,70.31,72.5,10.4275062107779,23.934244903643158,72.02378988723626,88.79015464699063,0.0,3.869700990874192,33.61862645004735,55.5,10102.524958665255,0.3888816332983175
586516.84_6137234.86,58.17,79.04,79.04,58.05,65.21,1.9005492365656553,19.526006520575013,75.69740395509083,99.99999949193209,0.0,3.86970116110409,33.84642814867424,56.63636363636363,1431.9807833127763,0.7621326762778962
585650.81_6137234.86,52.33,67.55,77.11,74.29,76.45,0.2896377517816419,25.841516860010707,66.11613399950932,67.0268900732451,0.0,3.8697007123161766,32.95281427556818,55.5,1506.144460554887,0.38888163329825465
586083.83_6137484.86,49.6,73.85,73.85,48.74,55.01,0.24993284044581213,19.48535609692366,75.2295036698443,98.67511246357695,0.0,3.8697007702242945,33.409186868106616,56.63636363636363,876.9083255871875,0.55174462217225
585217.8_6137484.86,14.72,31.09,57.41,0.0,32.42,40.088552749778785,51.733253649856195,41.20565337028243,22.963191553927224,0.0,3.869700990874192,30.703395034327652,56.63636363636363,203.16015270336317,0.38888163329833536
585650.81_6137734.86,19.82,42.83,59.27,0.0,32.49,10.33367323295823,41.811090853325375,48.70054244818968,30.375919951740904,0.0,3.8697007123161766,31.119954427083332,56.63636363636363,286.9466919267713,0.3888816332982349
586516.84_6137734.86,33.29,56.42,63.39,66.72,68.91,0.02798943298019652,23.891702447274234,68.5625043140613,75.60636850364702,0.0,3.86970116110409,32.61496803977273,56.63636363636363,329.2985191238239,0.761135726978597
585217.8_6137984.86,14.33,26.94,55.02,0.0,0.0,66.72265454597513,68.57969107883586,26.236911510099013,7.563273967748536,0.0,3.869700990874192,28.706648393110797,56.63636363636363,417.73628227704756,0.21420807754764415
586083.83_6137984.86,18.16,32.57,56.21,0.0,43.3,0.07892389726543074,28.332551836361375,61.942270660315046,52.99314749168179,0.0,3.8697007702242945,31.83339556525735,56.63636363636363,500.8541151698716,0.39858233693447376
587815.88_6137484.86,44.32,70.77,70.77,41.08,47.42,0.2554975397176082,20.339137968948222,74.02597622999595,96.97467208152861,0.0,3.869700990874192,32.86359197443182,56.63636363636363,1297.2046946193511,0.054174383586369876
587382.86_6137734.86,32.07,54.17,66.77,58.52,60.45,0.0,20.358040217392244,74.09345782052142,99.79665724017937,0.0,3.86970116110409,32.427636040581596,56.63636363636363,1335.7251606335662,0.054174383586355034
586949.85_6137984.86,61.78,81.66,81.66,96.08,95.27,5.647002330198655,24.796245726875803,70.3542277161591,90.60655815855127,0.0,3.869700990874192,33.12676816998106,56.63636363636363,2788.588785478242,0.24776496989767086
587815.88_6137984.86,61.26,81.2,81.2,69.35,75.91,0.012231419487604821,20.02420484184462,74.39588944931864,97.51052078542843,0.0,3.869700990874192,32.9796142578125,56.63636363636363,1238.9980692630932,0.05452517891873189
587382.86_6138234.86,35.58,66.69,66.69,44.1,50.1,0.5056979878084444,20.73442756616651,73.59025971470908,97.6753849210446,0.0,3.86970116110409,32.506561279296875,56.63636363636363,1635.2205664302435,0.054174383586357774
586949.85_6138484.86,52.56,82.99,82.99,69.56,73.01,7.772444829667932,28.704497264994693,64.59292060814151,71.46427768544774,0.0,3.869700990874192,32.58908173532197,56.63636363636363,2964.7869027883203,0.25584226699306456
587815.88_6138484.86,60.38,81.06,81.06,50.69,53.6,0.13219143357767454,19.644836112548614,75.01318991353645,100.0,0.0,3.869700990874192,33.01438580137311,56.63636363636363,2576.259756245055,0.05501737228870885
587382.86_6138734.86,48.39,74.42,74.42,65.15,70.21,0.5941045595824241,26.242396453388277,66.10844459996815,76.59426787478583,0.0,3.86970116110409,31.460618760850693,56.63636363636363,1919.6122719891619,0.11743759564326917
587815.88_6138984.86,72.13,86.59,86.59,52.9,60.52,2.793871986370728,22.85491546440154,71.30215677148873,85.96906119496794,0.0,3.869700990874192,33.41126228101326,56.63636363636363,11059.999725921434,0.17730374367654334
586949.85_6138984.86,60.85,83.52,83.52,62.0,68.95,72.57831477976991,65.06158135763641,32.62971998960008,19.478330391038586,0.0,3.869700990874192,31.995734937263258,56.63636363636363,1209.5231794981958,0.29182692677364075
584784.79_6137734.86,11.15,15.03,45.94,0.0,0.0,20.8439883019088,49.0705298285418,38.92440669438632,0.0,0.0,3.86970116110409,29.17780219184028,56.63636363636363,0.0,0.0
584351.77_6137984.86,3.91,20.19,44.27,0.0,0.0,1.6438887356948595,42.378975824632256,42.79906299153238,0.007273089187579772,0.0,3.869700990874192,28.808364405776516,56.63636363636363,0.0,0.0
583918.76_6138234.86,7.34,15.53,42.46,43.66,42.91,20.373514794953056,48.187608065784914,39.98231121130706,8.995609006970167,0.0,3.86970116110409,28.28720185250947,56.63636363636363,50.6666767666857,0.026523708374202475
584784.79_6138234.86,8.53,16.17,52.02,0.0,28.66,35.15546471430879,53.96997405460241,36.9636588411053,12.867648508713064,0.0,3.86970116110409,29.059607611762154,56.63636363636363,0.0,0.0
584351.77_6138484.86,11.15,16.44,49.91,43.83,43.08,28.1355056799566,54.02509511677675,37.1812289505227,18.215218923358453,0.0,3.869700990874192,29.12964237097538,56.63636363636363,56.22284027743898,0.05856891040704801
583918.76_6138734.86,24.85,45.66,57.71,68.97,67.79,35.719503226513055,51.4916583362413,40.31192281763861,23.522539717557546,0.0,3.86970116110409,29.123853278882574,56.63636363636363,210.10221522273665,0.12455785670556492
584784.79_6138734.86,33.94,66.01,66.01,44.96,47.89,21.02788511067714,40.851266990796596,51.68944190107072,51.5386093192987,0.0,3.86970116110409,29.948116726345486,56.63636363636363,69.88781814895653,0.3010382473342444
584351.77_6138984.86,42.55,52.67,68.2,65.14,66.84,32.080603023835934,41.53803480159529,53.73122137625528,61.815847787678344,0.0,3.869700990874192,31.238603071732953,56.63636363636363,2211.4029502670173,0.3233431075179987
584784.79_6139234.86,54.42,77.69,77.69,73.8,77.62,15.926600843578939,34.087797785427114,59.23068587907856,61.84426092380947,0.0,3.86970116110409,31.790035671657986,56.63636363636363,827.4450527996082,0.32486545339660894
583918.76_6139234.86,32.26,41.86,55.07,75.36,74.06,9.090154498074451,34.08668600875397,56.98504110741774,51.20447666874516,0.0,3.86970116110409,30.63558312618371,56.63636363636363,285.5150861712732,0.23924614956243873
585650.81_6138234.86,0.0,68.65,68.65,0.0,0.0,17.5631561856516,35.72790247834018,57.88550951105616,67.18266346920242,0.0,3.8697007123161766,30.403732762192234,56.63636363636363,1121.8278261203634,0.13912673745517834
586516.84_6138234.86,49.48,57.39,69.49,69.37,68.87,3.7926011085067137,25.93788510162394,66.7014473782075,68.27414925918569,0.0,3.86970116110409,33.322306315104164,56.63636363636363,5631.540379495453,0.2558422669930776
586083.83_6138484.86,27.09,49.1,61.38,58.07,65.67,14.217434249002151,36.904763393902755,54.13898467160717,39.99016375848155,0.0,3.8697007702242945,31.505134133731616,56.63636363636363,0.0,0.0
585217.8_6138484.86,35.75,59.31,69.73,0.0,34.78,27.02990695857725,48.43972075929122,45.73318594161401,40.80514233820038,0.0,3.869700990874192,29.62457645300663,56.63636363636363,0.0,0.0
586516.84_6138734.86,51.35,69.31,69.31,57.48,65.46,58.04662643162276,55.16267696557961,42.36092013026744,41.53967508104511,0.0,3.86970116110409,32.062063506155305,56.63636363636363,159.3491968838436,0.25584226699306467
585650.81_6138734.86,58.11,80.3,80.3,62.41,61.34,11.460407447786869,38.672608790449964,51.193595419711855,32.49411185636873,0.0,3.8697007123161766,30.407515092329547,56.63636363636363,0.0,0.0
585217.8_6138984.86,61.89,78.31,78.31,51.88,56.35,2.7441520394422927,30.456677013783573,62.061547776557966,66.24257368226925,0.0,3.869700990874192,31.95529267282197,56.63636363636363,248.57958400079593,0.16709657564081437
586083.83_6138984.86,19.23,34.12,59.44,0.0,40.06,9.122663641122495,35.01009929326248,55.044246218569405,34.0502823838647,0.0,3.8697007702242945,32.081227022058826,56.63636363636363,0.0,0.0
585650.81_6139234.86,94.05,100.0,100.0,77.5,76.17,0.09877250670322067,21.85747028976623,71.94637106142837,84.55650410200097,0.0,3.8697007123161766,33.46919019294508,56.63636363636363,4427.134694184395,0.31293372570297195
586516.84_6139234.86,63.21,81.35,81.35,55.35,61.44,12.470440634377228,26.088974788604652,69.60200829311708,88.34080092538485,0.0,3.86970116110409,33.74387798887311,56.63636363636363,2071.7122584059057,0.3068815209401019
587382.86_6139234.86,87.67,95.19,95.19,77.53,83.7,4.935811088077965,29.80203553419014,64.10645087396433,63.85965298118694,0.0,3.86970116110409,33.818691677517364,56.63636363636363,4533.913058155902,0.43009925499349755
586949.85_6139484.86,66.86,84.11,84.11,81.93,82.77,0.5149544756984477,18.299727549292758,76.79606840264647,94.1982566841646,0.0,3.869700990874192,35.288818359375,56.63636363636363,7115.93815322181,0.3497672656693679
587815.88_6139484.86,92.91,97.51,97.51,81.59,83.5,0.14213897192436395,22.7037743269946,70.96966970496132,77.01892293439613,0.0,3.869700990874192,34.701900597774625,56.63636363636363,7178.461542653487,0.35184775528665246
587382.86_6139734.86,92.02,96.16,96.16,77.14,79.27,0.08281951047346506,16.83204854219949,78.81626855025279,100.0,0.0,3.86970116110409,35.625651041666664,56.63636363636363,5674.616819588287,0.3751246044100842
587815.88_6139984.86,82.74,90.13,90.13,83.01,81.59,0.14935296289673375,19.53260822070097,74.86738839241156,86.79127665114073,0.0,3.862212608600485,35.17067279237689,56.63636363636363,3258.708580006259,0.437684270170546
586949.85_6139984.86,77.61,89.52,89.52,76.33,77.91,0.6450078447014522,17.836257240513632,77.44524240056366,94.93731442288137,0.0,3.8610947707603716,35.66586026278409,56.63636363636363,7002.367711294115,0.3036428793533115
587382.86_6140234.86,61.76,79.85,79.85,99.54,97.84,0.03139104219708185,22.18703735046127,70.83727417408045,70.66390103750413,0.0,3.829693962545956,35.130225287543404,56.63636363636363,5211.382355002247,0.5694334628056419
586949.85_6140484.86,59.44,81.64,81.64,74.4,76.89,5.056307062051993,25.464478879804076,67.46287911464476,72.7230526942716,0.0,3.7853548773403825,33.62084221117424,56.63636363636363,509.9656258811027,0.2918837177598621
587815.88_6140484.86,85.05,86.81,86.81,96.78,95.12,2.2151716368084227,22.35845985523291,70.86855012460764,73.05668127880419,0.0,3.790131180374711,35.31890215192522,56.63636363636363,1074.6638059362792,0.4651092491713492
587383.85_6140729.49,0.0,88.99,88.99,0.0,0.0,3.9496753333222,20.503011359261443,74.38025984273898,93.59941648927456,0.0,3.7433103673598347,34.824001736111114,56.63636363636363,15421.056638963666,0.48291902961416533
585217.8_6139484.86,84.72,93.09,93.09,69.4,68.21,4.620686655024048,22.80580017365459,71.72076140775853,87.74317159806225,0.0,3.869700990874192,33.703938802083336,56.63636363636363,1287.1942769822224,0.32486545339660866
586083.83_6139484.86,56.83,84.36,84.36,57.79,57.47,2.3643047903539256,21.050022720247892,73.35970564186687,84.88450292222593,0.0,3.8697007702242945,34.85042796415441,56.63636363636363,7427.256270740551,0.36823885537863554
586516.84_6139734.86,79.41,89.48,89.48,72.6,71.36,0.09720994284056773,18.053178349057774,76.97202374773768,92.89102232060368,0.0,3.86970116110409,35.542953953598484,56.63636363636363,9741.619907486984,0.30245433556063983
585650.81_6139734.86,72.61,87.69,87.69,66.41,65.28,0.6629486425252559,23.933762563044166,68.46107106088995,67.00888836422708,0.0,3.8694790110868564,34.10893110795455,56.63636363636363,1950.4847358344628,0.32486545339652473
585217.8_6139984.86,54.19,53.27,63.43,69.08,67.89,0.8143524948235257,24.74384450622583,67.62317616550449,72.756687899898,0.0,3.8580224925074083,32.67103160511363,56.63636363636363,10604.44868596384,0.3248654533965938
586083.83_6139984.86,73.74,85.13,85.13,82.7,86.87,6.152015199682065,22.77280243018358,72.30136188747788,89.3206777280078,0.0,3.8599056120841735,34.183144962086395,56.63636363636363,1706.969149599661,0.3379018858091132
586516.84_6140234.86,67.5,84.12,84.12,66.04,72.77,0.49168614676855665,21.700791927826224,71.61301049377512,80.38805431573951,0.0,3.827169081744026,34.144790187026516,56.63636363636363,3973.247145590592,0.2307137824129843
585650.81_6140234.86,40.09,58.21,68.79,35.47,47.14,10.691942865409958,28.95759804811811,64.55429239949828,71.41727963723092,0.0,3.8243874942555145,32.871078953598484,56.63636363636363,101.93650794655335,0.712677055904142
586083.83_6140484.86,61.63,81.15,81.15,54.57,57.37,27.30715664321744,38.57740482120563,56.76971977721256,68.79690217482656,0.0,3.78235109390751,32.103993135340076,56.63636363636363,857.3248363581337,0.22086700089058886
585217.8_6140484.86,64.44,83.73,83.73,61.28,60.23,9.12526334760265,26.31304257114899,68.0278423156999,87.18843730644524,0.0,3.7793779044315734,32.61911103219697,56.63636363636363,2238.0461780641626,1.0
584351.77_6139484.86,58.68,80.31,80.31,69.25,72.08,7.436708513608472,25.563985415039518,68.89030704303927,87.83713601599437,0.0,3.869700990874192,32.33920750473485,56.63636363636363,5870.68581971625,0.32486545339652473
583918.76_6139734.86,24.8,44.7,59.27,41.57,44.22,32.49052924679277,50.860617746310666,41.417266521674776,24.490002392393183,0.0,3.868809419519761,29.48019686612216,56.63636363636363,0.0,0.0
584784.79_6139734.86,61.66,78.11,78.11,68.03,66.87,0.04312577880219527,19.906252179684316,74.62894385334377,100.0,0.0,3.869002847110524,32.7335205078125,56.63636363636363,1236.0327440762844,0.3248654533965989
584351.77_6139984.86,32.82,50.95,60.43,50.2,49.34,23.281252061325443,42.841580452132916,48.95137736012129,40.67996685058509,0.0,3.856291409196525,29.708203864820074,56.63636363636363,252.25811634190183,0.3248654533965081
583918.76_6140234.86,17.58,31.2,57.26,0.0,33.85,17.43036122787616,49.2297634043707,37.83452276606574,1.3540285921641677,0.0,3.818560431985294,27.898914683948863,56.63636363636363,0.0,0.0
584784.79_6140234.86,48.75,78.63,78.63,80.82,79.43,27.758668488265908,39.55186160780834,54.850898592416364,59.12821460136111,0.0,3.8214591531192554,31.711893717447918,56.63636363636363,9399.347718954405,0.3248654533966089
584351.77_6140484.86,2.58,71.59,71.59,0.0,24.82,35.08468665522588,55.21647574219431,34.840813784946214,3.835784395138464,0.0,3.776561605519262,29.526026870265152,56.63636363636363,37.58784712821798,1.0
583918.76_6140734.86,32.98,56.43,66.5,47.26,50.29,34.06175533485556,54.044975682974325,37.1522093272602,13.947585154359007,0.0,3.7315741146312043,29.472547126538824,56.63636363636363,49.58166611678849,0.7580895796287386
584784.79_6140734.86,73.41,86.79,86.79,83.15,81.73,2.2558682588849814,20.233038423801442,74.11766872353014,95.35293926133257,0.0,3.734473508947036,34.018707275390625,56.63636363636363,4536.936222284802,1.0
584351.77_6140984.86,75.64,89.04,89.04,85.67,84.21,3.183354400019156,20.67943875695618,73.68037039508334,98.09628649738518,0.0,3.694048651333513,33.57252086292613,56.63636363636363,14550.068983167077,0.4890431064046492
585650.81_6140734.86,47.21,73.31,73.31,72.38,75.51,5.361794848351685,22.336140398492777,72.2672627860615,97.90069410221544,0.0,3.7374029720530793,32.94460967092803,56.63636363636363,735.7077194267126,0.49705120469366415
586516.84_6140734.86,34.62,72.8,72.8,41.39,43.46,46.459125556017,49.18122205764598,46.893638044924586,53.540874443991235,0.0,3.740321439855239,31.325298887310606,56.63636363636363,327.0363561028073,0.22989878792374036
585217.8_6140984.86,71.97,87.82,87.82,79.0,77.65,0.30512272731536266,18.623188628558584,75.84713044494077,100.0,0.0,3.6957807869746766,34.27828332149621,56.63636363636363,1081.3962167596462,1.0
586083.83_6140984.86,29.47,72.56,72.56,0.0,29.58,41.51311639337866,57.674480140695394,36.13032172250527,25.670594813872068,0.0,3.6978612099924395,30.669964958639707,56.63636363636363,143.99232674870075,0.45002666630973037
585650.81_6141234.86,49.46,74.78,74.78,47.54,51.36,13.002879831264242,30.532191131665577,62.38146327488193,69.83632888654638,0.0,3.67822265625,32.54730779474432,56.63636363636363,481.18049725572826,0.45002666630977606
586516.84_6141234.86,0.0,87.34,87.34,0.0,0.0,19.943211851389066,35.48284197430242,58.14001609914842,65.24817636664811,0.0,3.6791060952579273,32.42689098011363,56.63636363636363,0.0,0.0
586083.83_6141484.86,0.0,0.0,0.0,0.0,0.0,25.6166455209596,41.63837142634399,51.09818267621529,47.10624010734815,0.0,3.6760416338520665,31.881275850183822,56.63636363636363,82.06338569477354,0.38917037958071543
585217.8_6141484.86,64.58,79.83,79.83,59.57,63.56,8.642032279911131,23.52163228831038,71.30051081042362,95.99252568436087,0.0,3.6760417017443427,33.45072058475379,56.63636363636363,827.706719647745,0.45002666630986954
585650.81_6141734.86,48.61,64.77,70.44,49.57,48.72,31.249162428372568,47.854374207296374,45.28917690151466,39.46505141255728,0.0,3.6760415469898895,31.680760239109848,56.63636363636363,300.38318398618577,0.4024049527705529
586516.84_6141734.86,64.45,72.03,78.71,71.72,70.49,25.547819032046338,39.23419558438992,55.51865262607291,64.56740956977117,0.0,3.6760415469898895,32.69059984611742,56.63636363636363,37.527623152292264,0.36997531201468326
586938.04_6140982.54,41.59,75.98,75.98,46.15,49.59,62.76328817550443,62.42875481933861,33.1452751006682,20.51752007544923,0.0,3.701451619466146,31.317243576049805,56.63636363636363,15.287439367412158,0.2598407070989619
587816.01_6140984.78,83.92,89.83,89.83,61.92,62.0,1.5208496050549847,19.214109948486424,75.46375102994969,97.0492975879714,0.0,3.701778139386858,34.702866062973484,56.63636363636363,6407.668807717035,0.29599348493925126
587485.17_6141250.65,68.49,81.34,81.34,0.0,47.23,0.10635056534202336,21.752508830304013,70.87544019629513,83.88187758385419,0.0,3.6813313410832333,33.4214101938101,56.63636363636363,19184.332009310358,0.21849327354198744
586945.04_6141487.98,52.61,69.47,76.92,58.95,60.75,48.11923743538808,57.858745189409625,35.233458877464905,18.438769333674532,0.0,3.676041739327567,30.66006377249053,56.63636363636363,0.0,0.0
587815.88_6141484.86,40.58,77.5,77.5,0.0,29.1,0.5682182276075786,19.88311991445213,73.87036822820313,96.69967413482954,0.0,3.6760417017443427,33.45844800544508,56.63636363636363,4729.790536275785,0.2159814253316275
587392.61_6141742.69,33.15,59.6,66.66,0.0,29.31,11.554418504992393,26.92531179397106,67.2033844860788,83.39389141140639,0.0,3.6760413429953833,33.32137398097826,56.63636363636363,42.77854572746322,0.2298987879237404
586948.81_6141984.82,52.09,64.37,69.83,50.24,49.37,15.6388401149135,33.4281453844983,59.64384166166153,65.97100415724994,0.0,3.6760411943708147,32.44137191772461,56.63636363636363,19479.164933459564,0.3596908105275891
587815.88_6141984.86,37.83,63.06,69.84,46.31,45.51,3.99516451682973,23.510610614965053,69.79280919187232,90.46827185808498,0.0,3.6760417017443427,32.385623816287875,56.63636363636363,781.8985553167903,0.21598142533161632
587406.36_6142235.3,7.95,39.18,54.52,0.0,25.01,0.0,22.54642325649042,69.73543751950166,83.60197872869675,0.0,3.676041236290565,32.67683241102431,56.63636363636363,3.87789491082946,0.22989878792375204
587815.88_6142484.86,0.0,0.0,37.96,0.0,0.0,9.252881342007505,33.66064519173982,56.904298678567585,47.296310150245354,0.0,3.6760417017443427,31.931714607007574,56.63636363636363,436.9320147026382,0.21598142533162756
577856.58_6136734.86,0.0,0.0,7.83,0.0,0.0,85.15339809761184,80.64081575377058,11.384627617685934,0.12353085663780707,0.0,3.1266304464901196,25.416572339607008,56.63636363636363,0.0,0.0
578289.6_6136984.86,0.0,0.0,11.93,0.0,0.0,29.50210507321754,55.36009769994445,29.72158887651797,3.9215639477171558,0.0,3.1266307215536795,26.62912166819853,55.5,49.53041119786252,0.17131713517152852
578722.61_6137234.86,0.0,0.0,14.45,0.0,0.0,45.12756782450285,56.084701387591394,33.45530400909694,5.379168074092091,0.0,3.1266304464901196,27.120805220170453,55.5,19.9239585521919,0.1849181745989758
577856.58_6137234.86,0.0,0.0,5.77,0.0,0.0,73.7911465665514,76.0833413532957,16.471443230035607,3.3046311661104015,0.0,3.1266304464901196,26.569615219578598,55.5,55.18923791509044,0.0
578289.6_6137484.86,0.0,0.0,12.89,0.0,0.0,50.530205449398956,54.37699762763083,37.924890486001004,11.480775197267999,0.0,3.1266307215536795,27.920769186580884,56.4,19.489415371507526,0.18549665620934525
577856.58_6137734.86,0.0,0.0,6.5,0.0,0.0,17.232708342275167,37.732043298777306,50.22359236074011,11.309422509562527,0.0,3.1266304464901196,27.868877988873106,56.78440366972477,76.8412374806019,0.0
578722.61_6137734.86,0.0,0.0,15.19,0.0,0.0,25.923661248251534,37.70170213364333,50.57905189808394,6.980138981563795,0.0,3.1266304464901196,27.960458466500945,60.70454545454545,17.191845491253968,0.18550794680033944
578289.6_6137984.86,0.0,0.0,12.49,0.0,0.0,15.302632845334516,30.622294275490873,56.81507584274305,1.7481357863009912,4.9694752340638235,3.1266307215536795,28.433037252987134,64.74311926605505,8.784217394401795,0.0
577856.58_6138234.86,2.71,6.02,32.2,70.86,69.64,25.1798456614743,31.79397074100212,59.59196938282829,0.0,23.812690689899878,3.1266304464901196,28.67202666311553,66.96788990825688,0.0,0.0
578722.61_6138234.86,0.0,0.0,22.72,0.0,0.0,23.27228133315935,26.685099897188337,64.15432641470092,0.0,26.061640760540666,3.1266304464901196,28.74453827829072,70.27272727272727,0.0,0.0
576557.55_6137484.86,0.0,0.0,4.74,0.0,0.0,56.117541777930114,66.94306237597416,22.256402453549004,3.0123607711480216,0.0,3.121550987506735,27.491341983570774,55.5,14.436778401106565,0.0
577423.57_6137484.86,0.0,0.0,6.85,0.0,0.0,34.510397322886796,53.39189355475848,34.94797584303216,7.602082510150093,0.0,3.126630585769127,27.88536834716797,55.5,67.68621863903627,0.0
576124.53_6137734.86,0.0,0.0,4.61,0.0,0.0,19.089044233393487,48.83446667181172,35.43193285285885,2.71406007966658,0.0,3.033093845143038,27.969489820075758,55.5,8.527774675366087,0.0
576990.56_6137734.86,0.0,0.0,9.93,0.0,0.0,24.0013804507551,46.51924824336685,40.15319748538667,3.398067883674323,0.0,3.1266304464901196,28.081578871783087,55.5,31.922628551441193,0.0
577423.57_6137984.86,0.0,0.0,18.41,0.0,25.46,48.76473957071553,52.16117620064882,39.79002309724483,0.16329515912103287,0.0,3.126630585769127,28.021530151367188,57.59090909090909,0.0,0.0
576557.55_6137984.86,0.0,0.0,9.35,0.0,0.0,43.37685840379353,53.1152772951483,38.863158485395175,8.09183753166643,0.0,3.122333658152613,28.067355885225183,56.0607476635514,39.82056881373532,0.0
576990.56_6138234.86,0.0,0.0,17.93,0.0,24.27,5.794335418294027,25.754940896286556,61.43121020721387,14.66951536331539,4.0253137348917285,3.1266304464901196,29.302996467141543,61.032407407407405,92.68873180306359,0.0
576124.53_6138234.86,0.0,24.71,32.87,0.0,0.0,23.254747740506716,40.73698564311831,48.12428856117208,6.8839901596374,0.0,3.0359245749080883,28.649216160629734,58.0462962962963,28.033520376872435,0.0
577423.57_6138484.86,4.32,7.22,34.67,76.01,74.7,35.05278513628371,32.40389302271004,60.1891259856453,3.6473009463532673,28.015905097395045,3.126630585769127,28.831628799438477,66.27272727272727,0.0,0.0
576557.55_6138484.86,17.9,18.19,26.2,72.86,71.61,5.247190593275474,17.23027751355541,72.06717594957,9.315521513309985,31.964946047579023,3.1230881789634966,29.41146132525276,66.04545454545455,65.54392387920959,0.0
575393.59_6137157.7,0.0,0.0,0.0,0.0,0.0,24.105283014013228,49.17483528563643,35.44591216766516,12.416326700062212,0.0,2.9185235500335693,28.14463716394761,56.63636363636363,5.281327625876534,0.0
575725.58_6137448.78,0.0,0.0,0.0,0.0,0.0,16.370450535546013,48.190287136747955,35.50642305512018,6.080744549731077,0.0,2.935568542480469,28.10631646050347,56.63636363636363,0.0,0.0
575842.29_6137973.58,15.74,20.83,27.54,39.48,38.81,59.47878633539864,67.79108808566654,24.19651032738279,4.331851883446683,0.0,2.9541226900540867,28.736642020089285,55.5,0.0,0.0
575863.7_6138469.4,21.92,23.7,31.33,49.79,48.93,14.536206625899897,31.840255876294343,56.54662610844823,21.87630943243003,0.0,2.9569473266601562,29.422457013811385,58.92857142857143,0.0,0.0
578289.6_6138484.86,13.33,19.35,43.06,44.71,43.94,12.45441563811527,24.38350860696403,64.14170148972086,4.67510124343508,15.461626150462163,3.1266307215536795,29.320791805491726,67.40366972477064,0.0,0.0
577856.58_6138734.86,2.24,5.67,30.19,77.07,75.75,6.17146009330001,23.111683386712674,65.309013608846,33.28645693386822,0.0,3.1266304464901196,29.447347005208332,61.27981651376147,231.36137601917665,0.0
578722.61_6138734.86,37.73,55.21,55.21,69.83,68.63,8.151471961818544,28.73453887227525,59.14120152277251,15.698519959306623,0.0,3.1266304464901196,29.62588223544034,59.95454545454545,111.4136203058631,0.0
578289.6_6138984.86,9.9,17.35,38.43,0.0,35.45,0.0,27.176866484375473,58.855776609707476,13.423583711533196,0.0,3.1266307215536795,29.1642240636489,57.38073394495413,90.38697695719071,0.0
578722.61_6139234.86,7.55,17.5,39.09,0.0,26.14,1.9536297519906556,29.958869903334378,55.87266714294007,10.14151128179562,0.0,3.1266304464901196,29.06832978219697,55.5,69.78984483944055,0.0
577856.58_6139234.86,0.0,0.0,27.01,0.0,29.01,15.539041678496654,34.90671585199134,52.54189984692849,10.343537692708793,0.0,3.1266304464901196,29.183024088541668,55.5,97.72285358651204,0.0
578289.6_6139484.86,0.0,0.0,29.85,0.0,21.41,6.34996244025915,33.47767207838236,52.51204565583693,9.170851362524205,0.0,3.1266307215536795,29.187413832720587,55.5,55.36595892592375,0.0
577856.58_6139734.86,0.0,0.0,19.39,0.0,0.0,0.0,34.46432770596983,50.10846348164725,21.32886892929925,0.0,3.1243869557100186,29.334428267045453,55.5,46.94849757684549,0.0
578722.61_6139734.86,0.0,0.0,32.3,0.0,22.77,3.1570249649087523,40.74825957181037,42.011361964545934,3.6112960241384857,0.0,3.1247625911937043,28.920173413825758,55.5,10.510271290665253,0.024747554789290204
578289.6_6139984.86,0.0,0.0,30.85,0.0,0.0,13.41526600275517,45.057931691627154,39.028463144747455,11.002608693105222,0.0,3.114170689736643,28.54466157801011,55.5,31.724547015841726,0.016397618820918634
576124.53_6138734.86,2.7,5.99,18.08,0.0,17.41,4.320315179762757,17.72665001964753,69.87918255145587,5.858632085392623,23.539695204314143,3.038647595573874,29.199971516927082,67.86238532110092,49.814868695317095,0.0
575887.98_6138957.48,0.0,0.0,15.79,0.0,0.0,5.663188165620628,13.3932211063689,76.32920059996249,8.18468465352528,45.004332580451816,2.9679519653320314,29.135718451605904,68.7,0.0,0.0
576136.68_6139231.31,0.0,0.0,15.79,0.0,0.0,63.664294627956075,52.52694430940528,40.70868482836781,1.8635312614050985,2.7414014561417654,3.0478878021240234,28.060352325439453,63.5,22.25176117096549,0.0
576203.96_6139708.46,0.0,0.0,1.47,0.0,0.0,43.45616382889898,52.82325976212627,37.316709098669236,0.0,0.0,3.0705296198527017,27.62484619140625,55.770270270270274,0.0,0.0
576990.56_6138734.86,15.56,24.17,35.87,43.28,42.54,14.928312671511762,22.82664893362181,67.62317132208058,2.826303565943461,34.70371717700741,3.1266304464901196,29.248876235064337,65.38425925925925,38.18917893571197,0.0
577423.57_6138984.86,0.0,0.0,27.97,48.47,47.64,17.409099074740617,36.655914769931066,50.51998189013642,3.428945185718104,0.0,3.126630585769127,28.74081039428711,56.72727272727273,29.702770180803206,0.0
576557.55_6138984.86,3.35,6.51,23.74,0.0,20.24,16.816672422191278,29.102772138418054,59.41576524088325,7.054836789415157,9.145210830612921,3.1234843813139817,28.41176650103401,64.81818181818181,16.803504336274386,0.0
576990.56_6139234.86,0.0,0.0,18.55,0.0,22.74,49.032102008071696,52.06678443047037,40.167869988977344,9.00959575759476,0.0,3.1266304464901196,28.286687514361212,56.101851851851855,75.9722325203852,0.0
577423.57_6139484.86,0.0,0.0,22.51,0.0,20.89,3.267810777037463,32.99988121439453,51.61137668036939,5.313201160034285,0.0,3.126630585769127,28.713890075683594,55.5,20.34309896908123,0.0
576557.55_6139484.86,0.0,0.0,16.42,0.0,18.27,34.38428048211451,45.575874797324026,43.66762207388169,3.8411599723839283,0.0,3.12377877070986,27.92411714441636,56.31818181818182,2.506385139081001,0.0
576990.56_6139734.86,0.0,0.0,9.44,0.0,0.0,4.1666811289609536,41.69857331806766,43.256340352458274,1.6738566522409057,0.0,3.1238012874827668,28.396672865923712,55.5,18.61021928543384,0.0
576557.55_6139984.86,0.0,0.0,4.31,0.0,0.0,0.0,38.66838837708613,43.166138974735254,0.0,0.0,3.110767232960668,28.522247314453125,55.5,0.0,0.0
577423.57_6139984.86,0.0,0.0,9.15,0.0,0.0,18.619423417643414,48.56429786313915,35.760312463083345,6.436604061918989,0.0,3.113102616934941,28.24778938293457,55.5,36.54215554209638,0.0
576990.56_6140234.86,0.0,0.0,10.66,0.0,0.0,20.104111353873037,49.44814269568612,34.39735382299118,0.4253939445634005,0.0,3.0930498908547794,28.072078929227942,56.63636363636363,0.0,0.0
579155.62_6139984.86,9.32,18.99,43.11,40.14,39.45,46.7862154341202,60.23990921930539,27.906542136957007,3.89653761790565,0.0,3.115157291806977,28.437006487165178,56.63636363636363,34.200713841813304,0.03087714116803188
578722.61_6140234.86,0.0,0.0,31.9,0.0,21.09,86.89626776292586,79.47675162486519,13.338407356770743,0.0,0.0,3.0954899507410385,27.234363902698863,56.63636363636363,0.0,0.0
577856.58_6140234.86,0.0,0.0,24.94,0.0,0.0,0.0,40.21590602742113,40.98328266780143,2.223396371339769,0.0,3.0942714915556064,28.210195830374055,56.63636363636363,15.686003973955122,0.02564664886018405
578289.6_6140484.86,0.0,0.0,25.24,0.0,0.0,40.98522539266594,57.6887086307314,29.77994944468379,10.496679914310564,0.0,3.0749120404643397,27.618878532858457,56.63636363636363,103.89351512029639,0.011750035542171597
579155.62_6140484.86,0.0,0.0,37.84,0.0,28.9,66.4404780571621,69.04646241271428,21.681134129780038,7.2443442566327505,0.0,3.076166876431169,27.666285923549108,56.63636363636363,62.37482901943185,0.031330657529707234
578722.61_6140734.86,0.0,0.0,29.41,0.0,22.21,87.438921371459,83.12928762403868,10.287551458663845,0.15961024282409447,0.0,3.055803859935087,27.176043886126894,56.63636363636363,0.0,0.0
577856.58_6140734.86,0.0,0.0,18.31,0.0,0.0,27.646336290088875,51.83937056878209,33.45429728554018,6.909801420327984,0.0,3.0547355203067554,28.026744495738637,56.63636363636363,28.494739956797897,0.026045579973578665
579155.62_6140984.86,0.0,0.0,30.31,0.0,23.46,56.950095864002535,65.49788872758653,23.724826932425557,5.162725937830548,0.0,3.0415623105805496,27.70523158482143,56.63636363636363,30.534165981645327,0.04083173083802852
578289.6_6140984.86,0.0,0.0,16.8,0.0,0.0,24.228135514222824,50.70426573863459,34.614505289916686,11.11078165294559,0.0,3.0410424509356098,28.162306841681986,56.63636363636363,115.76236123314347,0.013271539585921626
578722.61_6141234.86,0.0,0.0,22.71,0.0,0.0,65.25028996385296,72.44754659080587,18.1019252663072,3.0996190369176153,0.0,3.0377264583812043,27.483908913352273,56.63636363636363,71.45907424766688,0.015554483889247663
576295.82_6140170.91,0.0,0.0,3.83,0.0,0.0,9.471746638142879,39.888416399151126,44.02864396621019,2.2004586693668773,0.0,3.080232892717634,28.64227529672476,55.5,67.10006801513536,0.0
576267.16_6140731.55,0.0,0.0,0.0,0.0,0.0,83.95183815981001,78.03151170700579,14.64207635499099,2.1392266709454475,0.0,3.0401809215545654,27.757705688476562,56.63636363636363,23.828765877570795,0.0
577423.57_6140484.86,0.0,0.0,9.67,0.0,0.0,2.9201472675355444,40.341993093280195,41.82181305501309,11.060557812590796,0.0,3.07367127517174,27.97264862060547,56.63636363636363,57.84736900998951,0.010971157142056825
576557.55_6140484.86,0.0,0.0,3.63,0.0,0.0,30.285315093524908,53.40334216998003,32.37344139534427,7.548342174977868,0.0,3.0714621708310883,28.14052626665901,55.5,14.035756778853605,0.0
576990.56_6140734.86,0.0,0.0,3.56,0.0,0.0,46.48892027917028,61.37132334879474,25.853234059545834,2.800261689086193,0.0,3.0537885778090534,27.284908519071692,56.63636363636363,15.639843267865444,0.0
576554.34_6140957.28,0.0,0.0,3.63,0.0,0.0,99.99999999999999,86.01049813034888,8.169818888206063,0.0,0.0,3.0392705983129042,26.59969482421875,56.63636363636363,0.0,0.0
577423.57_6140984.86,0.0,0.0,8.48,0.0,0.0,1.815682423722752,41.9508352073895,39.17152860922985,0.32831974912168993,0.0,3.040623368888066,28.15073585510254,56.63636363636363,0.0,0.0
577056.17_6141158.2,0.0,0.0,3.56,0.0,0.0,64.6751940949573,71.99681392311675,17.879302381055513,0.20939624018226755,0.0,3.0377263608186142,27.367500636888586,56.63636363636363,1.003520029863397,0.0
577423.57_6141484.86,0.0,0.0,4.49,0.0,0.0,21.569450327437245,50.00322054081459,34.761446464605385,8.582347991427083,0.0,3.037726566709321,28.25379753112793,56.63636363636363,0.0,0.0
577217.98_6141671.5,0.0,0.0,4.15,0.0,0.0,0.0,42.9688852774517,38.55388134346027,0.0,0.0,3.037726266043527,28.045692443847656,56.63636363636363,0.0,0.0
576276.14_6141107.45,0.0,0.0,0.0,0.0,0.0,99.99999999999999,85.9937352392414,8.058647989393421,0.0,0.0,3.0257625579833984,26.47943115234375,56.63636363636363,2.324096029457895,0.0
577856.58_6141234.86,0.0,0.0,9.51,0.0,0.0,10.19924638382062,45.01578928048923,37.627065614403406,1.0605773526058904,0.0,3.0377264583812043,28.49233731356534,56.63636363636363,2.7639725730809523,0.08783129133503015
579155.62_6141484.86,3.4,0.0,42.7,0.0,27.24,63.363354877048764,71.15268688850688,18.690566496889677,3.9768310263470235,0.0,3.037726303626751,26.96022774832589,56.63636363636363,3.6295377496623704,0.06354118132931505
578289.6_6141484.86,0.0,0.0,19.56,0.0,0.0,46.512244435017486,62.79593459699129,25.255367171588354,6.068247133466107,0.0,3.0377263715190272,27.739930994370404,56.63636363636363,83.22221218537014,0.01564788488931698
577856.58_6141734.86,0.0,0.0,6.66,0.0,0.0,11.595381286979332,46.21116982215554,36.4798069714547,1.233673348757169,0.0,3.0377264583812043,28.361673990885418,56.63636363636363,0.0,0.0
578722.61_6141734.86,0.0,0.0,18.83,0.0,0.0,31.661908388768435,61.88793375809335,24.538117869787662,2.903320213272109,0.0,3.0377264583812043,27.389911073626894,56.63636363636363,35.98272161271208,0.015661895202566598
579155.62_6141984.86,12.66,11.25,47.48,46.93,46.13,48.06010039633331,62.27027855247004,26.377645302578124,9.555547847612834,0.0,3.037726303626751,28.01272495814732,56.63636363636363,31.469267913928775,0.20294199312624978
578289.6_6141984.86,0.0,0.0,18.88,0.0,0.0,26.5784057097664,55.04364510786114,29.783870689294943,0.0,0.0,3.0377263715190272,28.03360703412224,56.63636363636363,0.0,0.0
577856.58_6142234.86,0.0,0.0,14.91,0.0,0.0,13.716974506047757,53.4317692585916,32.92737608306612,7.368933950561618,0.0,3.0377264583812043,28.454970851089016,56.63636363636363,6.40344045305119,0.9120753284509141
578722.61_6142234.86,5.76,10.31,42.19,40.11,39.42,7.536869702420046,45.14454675591348,36.91191411302744,0.0,0.0,3.0377264583812043,28.287429347182766,56.63636363636363,0.0,0.0
579155.62_6142484.86,14.22,17.21,48.01,50.61,49.74,16.390757128639514,38.342041714339494,51.705965215980996,65.10269931178084,0.0,3.037726303626751,30.403184291294643,56.63636363636363,1352.5494583719249,0.15436243591595183
577474.69_6141965.7,0.0,0.0,14.91,0.0,0.0,6.469267212798638,48.59085370548301,34.28264003410685,0.0,0.0,3.03772631558505,28.573706993689903,56.63636363636363,0.0,0.0
577556.87_6142432.51,0.0,0.0,14.91,0.0,0.0,7.745537277832054,46.04637086042374,37.17642936277198,5.369326633812796,0.0,3.0377265930175783,28.82828140258789,56.63636363636363,0.0,0.0
578289.6_6142484.86,0.0,0.0,18.88,0.0,0.0,49.68270053709973,64.07987807240532,24.02403765520415,1.5545082345602061,0.0,3.0377263715190272,28.0891939051011,56.63636363636363,7.7061146930094,0.15436243591591867
578722.61_6142734.86,4.06,9.0,36.83,0.0,30.86,33.51807512154662,55.06396308483046,32.92927492801697,22.024536766371412,0.0,3.0377264583812043,28.051291725852273,56.63636363636363,162.460057298482,0.1543624359159605
577891.31_6142677.05,0.0,0.0,22.72,0.0,0.0,20.103402040735787,49.46699827720088,35.01014534859459,3.6044432753174505,0.0,3.0377265082465277,28.464082990373885,56.63636363636363,2.3398268657909855,0.9144962478852091
579155.62_6142984.86,2.23,5.73,35.95,0.0,32.01,5.3796807133830615,37.86547506145145,47.26158781500627,32.1098944490374,0.0,3.037726303626751,29.51981724330357,56.63636363636363,385.4297334402044,0.16453283430281293
578301.69_6142967.75,0.0,0.0,29.99,0.0,21.33,10.313853440084424,45.259524886406886,38.173258685396476,10.05364730364361,0.0,3.037726338704427,28.17864990234375,56.63636363636363,29.444265817429756,0.2859823639539811
578116.22_6143198.33,0.0,0.0,27.48,0.0,18.22,0.0,44.573278011353445,36.83966335732167,0.0,0.0,3.037726402282715,28.288795471191406,56.63636363636363,0.0,0.0
578775.91_6143136.38,0.0,0.0,30.92,0.0,24.41,20.635532499771063,51.58246338400981,32.38443154730024,0.0,0.0,3.037726629348028,28.224464053199405,56.63636363636363,1.3168057408367466,1.0
579158.4_6143484.64,11.82,24.96,43.97,46.78,45.98,1.3697256723701394,39.62541525550777,42.024117630743724,5.397623349581501,0.0,3.037726303626751,28.850439453125,56.63636363636363,23.1785568439592,0.17983095252289755
578978.81_6143697.79,2.22,5.72,35.83,0.0,31.82,18.112803004241496,36.71363655050197,52.69836976841885,71.27619370344492,0.0,3.037726402282715,28.63413429260254,56.63636363636363,25.86051156396352,1.0
579161.78_6143987.02,0.0,0.0,32.15,0.0,22.42,4.7846265105494,39.98166226863392,44.50297013886259,28.745783583188356,0.0,3.037726303626751,28.88333309397978,56.63636363636363,94.93553545919677,0.17983095252024295
578833.21_6144305.9,0.0,0.0,19.13,0.0,0.0,5.450190517031297,42.98483828041467,38.59774192713924,0.0,0.0,3.0377265930175783,28.302947998046875,56.63636363636363,0.0,0.0
579155.62_6144484.86,0.0,0.0,19.13,0.0,0.0,0.0,40.10529373603065,40.82264406331916,0.0,0.0,3.037726303626751,28.643265206473213,56.63636363636363,0.0,0.0
578843.69_6144644.05,0.0,0.0,19.13,0.0,0.0,1.753054962933041,41.72430677729144,39.3799893540144,0.0,0.0,3.0377264583812043,28.27773329790901,56.63636363636363,0.0,0.0
579177.0_6144847.72,0.0,0.0,19.13,0.0,0.0,3.453812632538691,41.805874437920515,39.72106371580282,0.0,0.0,3.0377265385219028,28.732612161075366,56.63636363636363,0.0,0.0
591280.36_6130189.03,0.0,0.0,0.0,0.0,0.0,0.0,15.268285086303793,77.53701599552771,0.0,35.46866048917754,4.192844390869141,29.35511474609375,66.54166666666667,0.0,0.0
591682.54_6130334.08,0.0,0.0,0.0,0.0,0.0,0.0,27.944896882285253,61.21828907661075,0.0,0.0,4.19284404407848,29.19833228701637,58.0735294117647,0.0,0.0
591279.98_6130484.86,0.0,0.0,19.79,0.0,0.0,1.9208529401725336,19.312512166012972,72.76418799158074,0.0,27.00139710970953,4.1928440217048895,28.932802088120404,64.90366972477064,0.0,0.0
590471.91_6130193.53,0.0,0.0,19.43,0.0,0.0,0.0,37.87506412070871,48.99449132435786,0.0,0.0,4.192844390869141,28.695602416992188,55.5,0.0,0.0
590847.27_6130301.18,0.0,0.0,19.3,0.0,0.0,0.016844176581816674,26.807349028304134,62.703006750777625,6.707524285734633,0.013540343649544992,4.192844390869141,28.574793497721355,59.2037037037037,66.466171017525,0.08932071862579828
590479.08_6130490.49,0.0,0.0,24.68,0.0,0.0,0.0,39.180961471120746,47.25140224464018,0.0,0.0,4.192844556725544,27.797596119068288,55.5,0.0,0.0
590846.97_6130734.86,0.0,0.0,23.83,0.0,0.0,1.622833780463288,30.47640564785566,58.6449015925617,3.704865175974174,0.0,4.192843914031982,27.853837446732953,57.214285714285715,42.28098838072474,0.08722798750609118
592136.67_6130524.83,0.0,0.0,14.63,0.0,0.0,0.0,35.41507566126523,52.394870700150776,6.252409012077342,0.0,4.19284423828125,28.89511922200521,55.5,69.81067718979939,0.0751283147559732
591712.99_6130734.86,0.0,0.0,14.23,0.0,0.0,0.0,27.78717245446068,61.54037359517878,4.971989707222433,0.0,4.192844166475184,28.538126627604168,58.18181818181818,7.07801389452462,0.32680212074534054
591279.98_6130984.86,0.0,0.0,20.98,0.0,0.0,1.4470868538004895,18.501718713635128,74.41747491419679,10.76273269639742,25.49406724961995,4.1928440217048895,28.799264346852024,64.39908256880734,6.371078565523074,0.5395379921478503
592146.0_6130984.86,0.0,0.0,0.0,0.0,0.0,0.0,34.109992715995865,53.89860073103765,1.9607414166728145,0.0,4.192843845912388,29.073412346117426,55.5,0.0,0.0
591712.99_6131234.86,0.0,0.0,0.0,0.0,0.0,0.0,20.82465862527896,70.51284964547523,11.43774726916081,12.114044167820479,4.192844166475184,29.13677978515625,62.54545454545455,5.751491641302805,1.0
591279.98_6131484.86,33.17,58.5,58.5,62.92,69.22,0.0,25.252572495413766,64.47490375265818,1.5177227488816567,5.528499662524427,4.1928440217048895,28.840463077320774,60.6605504587156,0.8064504507938223,1.0
592146.0_6131484.86,0.0,0.0,0.0,0.0,0.0,0.0,28.304126935941078,61.26308692909574,7.250664700465954,0.0,4.192843845912388,29.07894620028409,56.833333333333336,14.149324348935357,0.019769120415606595
591712.99_6131734.86,36.46,61.01,61.01,65.02,71.4,0.0,17.08057907437558,75.11251682686583,0.0,27.401442418446265,4.192844166475184,29.862498890269887,65.31818181818181,0.0,0.0
591279.98_6131984.86,44.55,65.55,65.55,81.91,80.51,0.16222627686483992,22.48829931760345,69.92470147863611,36.14248956124292,0.0,4.1928440217048895,30.03184778550092,57.01376146788991,5294.752713360098,0.6077799230889039
592146.0_6131984.86,0.0,0.0,0.0,0.0,0.0,8.068956658022675,30.650932563169782,59.679491195111304,0.0,0.0,4.192843845912388,28.96963778409091,59.80555555555556,0.0,0.0
590434.2_6130993.49,0.0,5.74,31.08,0.0,0.0,0.0,41.31008659560141,44.62053237404182,2.8376631661995,0.0,4.192843967013889,27.399095104586692,55.5,0.0,0.0
590846.97_6131234.86,2.16,5.79,31.32,0.0,0.0,0.0,32.10358560640068,56.58641388011423,9.22766239931284,0.0,4.192843914031982,27.591536088423297,56.19767441860465,48.393891887316,0.09307945895856051
590141.44_6131307.14,0.0,0.0,25.91,0.0,0.0,3.320584234072084,39.627273052401506,48.105784230513315,19.528608661253042,0.0,4.192844390869141,27.549234243539665,56.63636363636363,136.55804932385945,0.17513126593775152
590413.95_6131484.86,2.92,6.51,35.26,0.0,0.0,0.0,40.09305599648748,46.12589992143726,5.4598016863295395,0.0,4.192844259327855,27.853960309709823,56.63636363636363,34.055695248925495,0.07990751048481956
590846.97_6131734.86,17.42,39.97,47.63,0.0,36.36,0.016093552211923153,34.88729985608692,53.33405500518087,14.346922962061855,0.0,4.192843914031982,28.200936982125945,55.5,239.09122771370699,0.09315163919924475
590009.66_6131758.54,0.0,0.0,33.0,0.0,0.0,5.8576245141565435,43.50529497678991,43.309361370700714,0.0,0.0,4.19284413655599,28.294850667317707,56.63636363636363,0.0,0.0
590413.95_6131984.86,23.24,49.21,49.21,0.0,40.66,0.6194887270117652,37.07912835279335,51.20778986020116,24.709249335716464,0.0,4.192844259327855,28.53650599888393,56.63636363636363,430.289193400574,0.11267355169115034
589640.82_6132058.94,0.0,0.0,33.0,0.0,0.0,45.290916635825205,62.53929831662256,29.642448721299942,0.0,0.0,4.192844591642681,27.493661980879935,56.63636363636363,0.0,0.0
592497.9_6130458.59,0.0,0.0,16.7,0.0,0.0,0.0,40.14429094633256,45.897117125788675,0.0,0.0,4.192844390869141,28.606782913208008,56.63636363636363,0.0,0.0
592553.42_6130743.38,0.0,0.0,0.0,0.0,0.0,0.0,39.68733393090124,46.517535828015696,0.007880680555303221,0.0,4.1928440217048895,29.03310271232359,56.63636363636363,0.0,0.0
594786.6_6131719.92,0.0,0.0,12.2,0.0,0.0,0.0,35.71118116351693,52.642051803752295,27.0823743667391,0.0,4.192844390869141,28.739382934570312,56.63636363636363,743.5755433055714,0.021494630450432803
594290.21_6131805.28,0.0,0.0,9.29,0.0,0.0,3.9552340891152165,40.81735422119355,46.25414238732105,3.754065591480918,0.0,4.192844390869141,29.032994588216145,56.63636363636363,27.743998691810148,0.011140334701958873
595185.05_6131806.08,0.0,0.0,15.25,0.0,0.0,0.0,39.45598974469864,45.923798358925225,0.0,0.0,3.988395080566406,29.25069580078125,56.63636363636363,0.0,0.0
594744.08_6131984.86,0.0,0.0,14.39,0.0,0.0,4.298043040930434,39.09677017370177,48.99948936587701,14.857616761870446,0.0,4.182526724679129,29.20199203491211,56.63636363636363,70.4577762335562,0.02190005132807065
595627.85_6131665.88,0.0,0.0,11.03,0.0,0.0,0.0,38.676096898393816,46.17902960313395,6.187192095199114,0.0,3.7699567621404473,29.063120524088543,56.63636363636363,247.84670550531231,0.016772678235454478
596402.85_6131689.45,0.0,0.0,10.67,0.0,0.0,0.0,47.95083475681161,43.70053285645066,20.47239354893259,0.0,3.741213798522949,28.2363224029541,56.63636363636363,425.23797319809313,0.03461520072893576
596043.24_6131764.75,0.0,0.0,11.44,0.0,0.0,0.0,43.048014936710224,44.290509651530876,8.197534628549336,0.0,3.741213117327009,28.81049846780711,56.63636363636363,115.10526203583878,0.02427492368812509
596877.85_6131873.52,10.89,13.2,17.33,0.0,0.0,7.783211261218062,42.57092264398831,46.245820245636935,31.100959452762705,0.0,3.741213748329564,27.539138793945312,56.63636363636363,302.1337392523812,0.048765795232168604
595610.1_6131984.86,0.0,0.0,14.16,0.0,0.0,9.889095741972834,41.21804697781003,46.044904729920454,17.256432646442583,0.0,3.772833462419181,29.148696001838236,56.63636363636363,136.87524117681966,0.023441415966265068
596476.13_6131984.86,0.0,0.0,12.95,0.0,0.0,0.0,42.34998836967973,44.70325828229589,11.497067053909896,0.0,3.7412135683257004,28.418792724609375,56.63636363636363,71.45363297804643,0.026430636671337437
597794.8_6131927.0,0.0,0.0,8.12,0.0,0.0,0.0,49.13987568797645,38.80827049371908,0.0,0.0,3.7412139892578127,27.335220336914062,56.63636363636363,0.0,0.0
597333.55_6132042.68,8.5,11.99,17.13,0.0,0.0,3.647602218968434,50.505090733255855,38.708824393488555,4.685273508090612,0.0,3.741213591202446,27.48218477689303,56.63636363636363,37.912708027126584,0.06890386605353702
598208.88_6132021.19,0.0,0.0,8.28,0.0,0.0,2.3001842656456977,48.13675875130644,40.576637761813075,6.033997028286802,0.0,3.7412136622837613,27.95890860721983,56.63636363636363,33.37051477207585,0.06371728386252376
598507.79_6131951.63,0.0,0.0,6.65,0.0,0.0,0.0,59.03800009379773,38.2826623348655,15.126790733953827,0.0,3.741213798522949,28.29401143391927,56.63636363636363,0.0,0.0
598604.69_6132262.09,0.0,0.0,0.0,0.0,0.0,1.5136480282368998,57.787863766459736,37.110289883451905,11.70664702516929,0.0,3.7412136622837613,27.452420915876115,56.63636363636363,225.3414696139057,0.031035976890931048
598956.1_6132573.49,0.0,0.0,10.49,0.0,0.0,6.507702903911651,54.43687081814023,36.146759036298135,0.09492028777570216,0.0,3.7412137349446613,27.676475524902344,56.63636363636363,0.0,0.0
599356.14_6132968.08,0.0,0.0,7.73,0.0,0.0,0.0,51.55190053243403,38.14523863138931,0.018443752759766386,0.0,3.741213798522949,27.34588623046875,56.63636363636363,0.0,0.0
598641.19_6132734.86,0.0,0.0,0.0,0.0,0.0,31.930078759622532,63.64376952624704,29.40983873264439,2.3356693329996143,0.0,3.741213321685791,27.333570075757574,56.63636363636363,7.579916396863113,0.030390493159549895
599071.4_6132987.87,0.0,0.0,8.77,0.0,0.0,23.708006777636545,54.60392632717872,36.04861097967007,10.908958535797787,0.0,3.7412135683257004,27.657603870738637,56.63636363636363,60.61688188401544,0.04346969696240193
599437.24_6133288.64,0.0,0.0,7.73,0.0,0.0,87.69585011892661,81.18940764098436,14.684436311797816,0.6517473958834145,0.0,3.741213684082031,26.872969193892047,56.63636363636363,17.70560589398067,0.031035976890931044
598641.19_6133234.86,0.0,0.0,8.65,0.0,0.0,0.7067010373726429,42.19975303408246,42.43231506056988,0.5878099034393969,0.0,3.741213321685791,27.977705522017047,56.63636363636363,0.0,0.0
597775.17_6132234.86,0.0,0.0,7.88,0.0,0.0,4.48639795383661,52.15703385723548,39.186860072389315,12.198577147949315,0.0,3.7412136302274814,27.335621553308822,56.63636363636363,101.0408643881769,0.017388333168061192
597342.16_6132484.86,5.41,10.06,16.1,0.0,0.0,0.0,57.69540775593214,35.544980245036065,3.271184315322832,0.0,3.741213117327009,27.078115463256836,56.63636363636363,52.102497194606435,0.016772622629569425
598208.18_6132484.86,0.0,0.0,10.49,0.0,0.0,23.292744461510644,65.3235638952448,28.85142156718585,10.26060666542061,0.0,3.7412135683257004,27.53303617589614,56.63636363636363,58.48959532713396,0.02916316434184115
597775.17_6132734.86,0.0,0.0,13.27,0.0,0.0,3.5587040314316254,61.44302101262902,33.648219071100144,4.2282548704235206,0.0,3.7412136302274814,27.026690314797793,56.63636363636363,37.48552215334763,0.01702132955614221
597342.16_6132984.86,0.0,0.0,15.77,0.0,0.0,5.550509309356522,49.964835370453606,38.42930741787954,0.017480221604787925,0.0,3.741213117327009,27.886550903320312,56.63636363636363,0.0,0.0
598208.18_6132984.86,0.0,0.0,12.62,0.0,0.0,18.731602654184364,60.07226152907368,36.25267741747116,18.979196931326953,0.0,3.7412135683257004,28.176589068244486,56.63636363636363,0.0,0.0
597775.17_6133234.86,13.07,19.37,21.95,0.0,0.0,19.578283108582813,48.38720333384779,43.12155447114601,27.25164110777562,0.0,3.7412136302274814,28.734461167279413,56.63636363636363,315.21963741994756,0.02522943994110318
597342.16_6133484.86,7.5,15.61,19.18,0.0,0.0,7.510778543926897,42.0709564506283,45.821608394564386,14.107431011984461,0.0,3.741213117327009,29.114765167236328,56.63636363636363,125.33957342510159,0.02565719915331801
598208.18_6133484.86,21.87,23.66,25.85,0.0,0.0,0.0,38.83890639533304,45.75093457464075,3.2287055642463494,0.0,3.7412135683257004,29.349368824678308,56.63636363636363,18.71731296220059,0.021879436588316356
597775.17_6133734.86,15.71,20.81,23.26,0.0,0.0,5.150746364379652,35.46054556016492,52.76641363618757,36.96781499621847,0.0,3.7412136302274814,29.608179428998163,56.63636363636363,328.07601588214885,0.025505747044755674
599737.25_6133569.62,0.0,0.0,11.97,0.0,0.0,12.752957659024714,49.84930783323366,36.18728313342905,0.0,0.0,3.741213798522949,27.561874389648438,56.63636363636363,0.0,0.0
599074.21_6133484.86,0.0,0.0,8.65,0.0,0.0,42.370168402830984,61.69585750256007,28.48441905857384,1.5636826354411346,0.0,3.7412135683257004,27.739986644071692,56.63636363636363,9.393581961552911,0.026858359057777535
599507.22_6133734.86,0.0,0.0,11.97,0.0,0.0,35.833320951872,59.454077921305796,31.31760572075235,11.579242328081271,0.0,3.741213904486762,27.907920143821023,55.5,31.703301120213176,0.030390493159549895
598641.19_6133734.86,12.05,18.76,18.76,0.0,0.0,7.634815505466497,44.70469118308805,40.529843666141815,0.046337726912934814,0.0,3.741213321685791,28.49017703894413,56.63636363636363,0.0,0.0
599815.87_6134008.68,0.0,0.0,10.11,0.0,0.0,36.11424963985582,49.48303155715938,41.641154180191016,0.6733606345560478,0.0,3.741213798522949,28.666609914679277,55.5,0.0,0.0
599074.21_6133984.86,0.0,0.0,12.5,0.0,0.0,50.04164272614037,62.8017607935076,29.167852321414323,2.841059466137157,0.0,3.7412135683257004,28.110769832835476,55.5,18.973873958070754,0.015416847961010685
598641.19_6134234.86,0.0,0.0,12.03,0.0,0.0,35.19027407222287,56.74083866199589,32.280570754701984,0.03223175657063476,0.0,3.741213321685791,28.084696451822918,55.5,0.0,0.0
599507.22_6134234.86,0.0,0.0,10.11,0.0,0.0,43.92506203946892,50.11450346981204,43.331974787381164,2.7877918966543587,0.0,3.741213904486762,28.826312440814394,55.95454545454545,0.0,0.0
599073.33_6134483.29,0.0,0.0,8.22,0.0,0.0,88.49189667593639,69.69826493228092,29.294354161064014,0.0,0.0,3.7412135683257004,27.806910659327652,55.95871559633027,0.0,0.0
599805.42_6134340.18,0.0,0.0,8.79,0.0,0.0,11.69714516850143,25.92273046271627,66.221838742378,39.3175432250205,0.0,3.7412136622837613,29.66896711077009,59.30952380952381,625.6582432872877,0.012225091626203761
592769.55_6131015.99,0.0,0.0,15.54,0.0,0.0,0.0,39.36579343740062,46.953738957860224,0.0,0.0,4.192844390869141,29.33507537841797,56.63636363636363,5200.037275539168,0.021341650146310495
593395.14_6131427.11,0.0,0.0,16.58,0.0,0.0,0.0,39.33368386842929,46.9973199214526,0.0,0.0,4.192844390869141,29.365114212036133,56.63636363636363,100.86230718631948,0.01909244517322122
592571.36_6131238.04,0.0,0.0,16.89,0.0,0.0,0.0,39.7809565119344,46.744028412713384,3.381073479273077,0.0,4.192844166475184,29.118093779592805,55.5,100.13576474502526,0.007192240654522508
593836.63_6131611.82,0.0,0.0,7.5,0.0,0.0,0.0,39.69684699839535,46.50441392326639,0.0,0.0,4.192844390869141,29.02537135074013,56.63636363636363,0.0,0.0
593007.88_6131496.04,0.0,0.0,16.58,0.0,0.0,0.0,38.14108967228173,48.898650272138035,10.514849328351477,0.0,4.192844259327855,28.922104779411764,56.63636363636363,151.7694095030082,0.00926452671578485
592579.02_6131734.86,0.0,0.0,26.34,0.0,0.0,0.0,38.6662111510303,48.49923992404579,1.1203496460412854,0.0,4.192844166475184,28.503769818474264,55.5,0.0,0.0
593445.04_6131734.86,0.0,0.0,7.43,0.0,0.0,3.7251339785325936,41.07190829450077,45.744699106224054,0.18673128719446092,0.0,4.192843914031982,29.229867935180664,56.63636363636363,0.0,0.0
593878.05_6131984.86,0.0,0.0,7.97,0.0,0.0,2.5466502144123058,38.083237830422355,49.94851806370223,18.633847168078876,0.0,4.1928440217048895,28.81083589441636,56.63636363636363,86.03381101140808,0.018551400470162217
593012.03_6131984.86,0.0,0.0,7.22,0.0,0.0,0.0,40.48344974777647,45.66591110416203,0.0,0.0,4.192844259327855,28.5250244140625,56.63636363636363,0.0,0.0
596909.14_6132234.86,10.31,13.0,18.85,0.0,0.0,0.0,48.068098310675346,40.87068573281059,6.628762259523493,0.0,3.741213904486762,27.870305841619317,56.63636363636363,54.24421147052836,0.023255587123717916
596043.12_6132234.86,0.0,0.0,16.59,0.0,0.0,0.0017783392736556481,37.67320029210317,47.57536792398438,11.28841724074018,0.0,3.741213321685791,29.26315585049716,56.63636363636363,108.60305323834248,0.026244342581703654
596476.13_6132484.86,4.12,9.05,16.53,0.0,0.0,0.0,60.831188137314406,34.27281816471751,0.0,0.0,3.7412135683257004,27.798487046185663,56.63636363636363,0.0,0.0
595610.1_6132484.86,5.02,9.77,26.88,0.0,0.0,0.22608064872612757,39.54005428262009,45.01074781619596,3.8676434784215967,0.0,3.7699190337082435,28.69088565602022,56.63636363636363,8.533015345147977,0.043922085447865675
596909.14_6132734.86,0.0,0.0,14.5,0.0,0.0,0.0,56.148834619637036,36.490355835920404,2.6281517744429284,0.0,3.741213904486762,27.427800958806817,56.63636363636363,27.487395940320365,0.023013046692065862
596043.12_6132734.86,4.17,9.09,21.93,0.0,0.0,0.0,40.64331609903108,46.69669017779983,13.370107486739771,0.0,3.741213321685791,29.270317308830492,56.63636363636363,42.55076687784945,0.02625218382804381
596476.13_6132984.86,3.51,8.5,16.89,0.0,0.0,0.0,38.92572181522754,46.39897161043215,10.498342239720904,0.0,3.7412135683257004,28.755916819852942,56.63636363636363,72.57739072267776,0.016323198931203813
595610.1_6132984.86,10.37,28.19,38.38,0.0,0.0,0.0,33.85620158454351,53.45610514524969,34.02384245042954,0.0,3.767004604997306,29.445750517003678,56.63636363636363,372.94840155572103,0.030559740769115176
596043.12_6133234.86,3.4,8.4,18.26,0.0,0.0,0.0,38.13604530634645,46.925004446244984,10.057263665726184,0.0,3.741213321685791,29.01983642578125,56.63636363636363,49.811821253955856,0.015855609596954076
596909.14_6133234.86,0.0,0.0,15.08,0.0,0.0,2.944048202014032,44.78493825642315,42.860070777737214,5.785343739850999,0.0,3.741213904486762,28.803017356178977,56.63636363636363,25.914991985158796,0.016719715575226515
592579.02_6132234.86,0.0,0.0,33.16,0.0,0.0,4.592116578654709,35.85194184724734,53.712554364955714,3.877446118405741,0.0,4.192844166475184,28.672847972196692,55.80864197530864,92.17396134720761,0.015193300766421723
593445.04_6132234.86,0.0,0.0,17.44,0.0,0.0,15.69834112267239,50.87720146948141,38.782209443174914,4.7027608393230755,0.0,4.192843914031982,28.208417892456055,56.63636363636363,20.93089799348753,0.02934830570964224
593012.03_6132484.86,0.0,0.0,17.44,0.0,0.0,0.0005131786742178423,41.24347779871719,44.67457485965461,0.0,0.0,4.192844259327855,28.32085484095982,55.5,0.0,0.0
593878.05_6132484.86,0.0,0.0,12.2,0.0,0.0,0.0,39.504735781361724,46.826985079990614,2.299885050338074,0.0,4.1928440217048895,28.86416446461397,56.63636363636363,0.0,0.0
593445.04_6132734.86,0.0,0.0,19.53,0.0,0.0,0.013853552233848435,40.01360533767825,46.07887916141281,0.010913011549080757,0.0,4.192843914031982,28.733070373535156,56.63636363636363,0.0,0.0
592579.02_6132734.86,0.0,0.0,39.34,0.0,18.34,0.0,29.58584772311973,59.787909276062535,9.17866201543794,0.0,4.192844166475184,28.79592715992647,56.25,80.96769256580241,0.015715532274218416
593012.03_6132984.86,3.38,6.54,29.87,0.0,0.0,0.0,39.39201241220456,47.25703233812469,2.90061427925226,0.0,4.192844259327855,28.87049560546875,55.5,18.743361182527963,0.024580158826962288
593878.05_6132984.86,0.0,0.0,15.93,0.0,0.0,0.0,39.31064182595505,47.02859227512935,0.0,0.0,4.1928440217048895,29.38667028090533,56.63636363636363,0.0,0.0
593445.04_6133234.86,2.8,6.08,25.96,0.0,0.0,4.941826714606948,37.934907403446076,50.92529576180538,19.586356341925196,0.0,4.192843914031982,29.813447952270508,56.63636363636363,148.501761044496,0.02879587210608347
593012.03_6133484.86,5.2,7.73,28.33,0.0,0.0,9.168492455354746,33.37936376721829,59.14100370266265,37.56046031451544,0.0,4.192844259327855,29.386349051339284,55.5,386.796928751661,0.03095921220802124
594311.07_6132234.86,0.0,0.0,9.9,0.0,0.0,4.9048162946587475,37.97855662219028,50.86246268859582,21.036429373475205,0.0,4.192844166475184,29.520770448626894,56.63636363636363,46.20606300979663,0.011553551472567796
595177.09_6132234.86,5.13,9.86,27.12,0.0,0.0,0.0,39.52818330830403,45.85872181823087,0.005481891000315657,0.0,3.988363826976103,29.223997228285846,56.63636363636363,0.0,0.0
594744.08_6132484.86,0.0,0.0,12.25,0.0,0.0,0.0,39.586008455288834,46.75211515656754,0.0,0.0,4.181159973144531,29.31075096130371,56.63636363636363,0.0,0.0
594311.07_6132734.86,0.0,0.0,12.45,0.0,0.0,3.198321767354942,38.89402410016685,48.798319463738125,9.614743731193991,0.0,4.192844166475184,29.654960863517992,56.63636363636363,152.8974730051949,0.011562660773255903
595177.09_6132734.86,7.48,17.39,31.4,0.0,0.0,6.3208119888433,40.508520879428346,46.696659502322966,10.322579058305086,0.0,3.9811531515682446,29.419920079848346,56.63636363636363,34.398319245576104,0.04007428118758211
594744.08_6132984.86,8.66,18.41,33.23,0.0,0.0,0.0,38.909417150799484,47.51353732622189,0.0,0.0,4.179412569318499,29.762020111083984,56.63636363636363,0.0,0.0
594311.07_6133234.86,0.0,0.0,16.15,0.0,0.0,0.0,37.79887305981845,49.291353997570994,7.845079728956447,0.0,4.192844166475184,29.638011585582387,56.63636363636363,28.597033832986988,0.028768892450545588
595177.09_6133234.86,17.79,34.77,47.34,0.0,0.0,0.0,31.037212890836564,58.60952852290983,48.134181555214035,0.0,3.9735960118910847,30.012609145220587,56.63636363636363,387.71990901852536,0.0242368756647495
594744.08_6133484.86,12.55,27.68,37.76,0.0,0.0,0.0,37.964538937633,48.97463875941057,7.090214100935654,0.0,4.176720482962472,29.594928741455078,56.63636363636363,34.54726847563984,0.029317549547742634
594311.07_6133734.86,5.63,13.52,25.81,0.0,0.0,0.0,35.35027326485493,53.08623384328354,25.383842284061593,0.0,4.192844166475184,29.328801935369317,56.63636363636363,145.23536233470912,0.029707851784678475
596476.13_6133484.86,0.0,0.0,22.04,0.0,0.0,0.0,39.03130196251952,45.546599796374856,5.341383444167366,0.0,3.7412135683257004,28.856202967026654,56.63636363636363,75.03969320710807,0.013083226316597963
595610.1_6133484.86,0.0,28.35,42.67,0.0,0.0,0.0,38.83909980305016,45.86030457417938,3.530246606691806,0.0,3.7640857038826776,29.30448823816636,56.63636363636363,25.48743198655508,0.022523464133700443
596043.12_6133734.86,0.0,14.59,34.09,0.0,0.0,5.080800499889811,41.53234681164697,43.623625909572986,4.19264344826987,0.0,3.741213321685791,28.75793826941288,56.63636363636363,59.887519747825486,0.01572180915223083
596909.14_6133734.86,0.0,0.0,16.96,0.0,0.0,0.0,38.72775424309342,45.918238899168784,3.8402653797520383,0.0,3.741213904486762,29.362696792140152,56.63636363636363,34.02894973208472,0.016601279148877553
596476.13_6133984.86,0.0,0.0,25.33,0.0,0.0,0.0,39.241647617553404,45.15407926519873,1.3601937808800655,0.0,3.7412135683257004,29.249583524816178,56.63636363636363,0.0,0.0
595610.1_6133984.86,0.0,7.21,36.91,0.0,0.0,4.800363196476875,40.380606388261164,45.41421132933679,10.550573679592834,0.0,3.7611668027680496,28.843767951516543,56.63636363636363,74.79980918135095,0.02446612586463013
596043.12_6134234.86,0.0,0.0,31.41,0.0,0.0,4.593235536276994,37.513373737072925,49.722411955333634,26.319152131137365,0.0,3.741213321685791,29.172267104640152,56.63636363636363,39.63437686630293,0.0384703054116955
596909.14_6134234.86,0.0,0.0,21.72,0.0,0.0,23.940259666967798,50.2985239776587,37.26110473882934,2.645334988315168,0.0,3.741213904486762,28.474568684895832,56.63636363636363,6.386194942564125,0.050385098785922566
596476.13_6134484.86,0.0,0.0,23.63,0.0,0.0,9.026264171522099,42.984306643656474,43.00821245654557,6.8408995684880525,0.0,3.7412135683257004,28.733209946576288,56.63636363636363,8.877139861093085,0.05745962125684
596909.14_6134734.86,10.65,0.0,12.16,0.0,0.0,27.424521775734938,53.41886552738879,34.68619149631954,0.018546892423254368,0.0,3.741213904486762,28.30751916133996,56.63636363636363,0.0,0.0
593878.05_6133484.86,0.0,0.0,25.39,0.0,0.0,0.0,37.265959970889504,50.23822154240861,14.514352242814391,0.0,4.1928440217048895,29.2024751551011,56.63636363636363,78.74400504518859,0.028975350860369727
593445.04_6133734.86,6.86,8.61,25.85,0.0,0.0,13.248773010667813,43.19838783036942,46.38173689604761,16.60649223536347,0.0,4.192843914031982,28.661014556884766,55.5,54.63650494447172,0.028777108831885133
593012.03_6133984.86,3.27,6.46,20.64,0.0,0.0,27.228382520394756,41.76503791050211,53.14460847652737,21.846351508725178,0.0,4.192844259327855,28.42998046875,56.24766355140187,53.333021115932674,0.030371703706636093
593878.05_6133984.86,0.0,0.0,17.56,0.0,0.0,14.096835246365004,47.18698363909049,40.76398478066573,0.0,0.0,4.1928440217048895,28.372273164636947,55.5,0.0,0.0
593445.04_6134234.86,4.75,7.47,22.35,0.0,0.0,28.825879434700642,47.34014410847941,45.87290934496695,0.0,0.0,4.192843914031982,27.897045135498047,55.5,0.0,0.0
593012.03_6134484.86,0.0,0.0,25.43,0.0,0.0,27.007729944647963,38.732769013565324,54.11419858540604,0.491369511954359,0.0,4.192844259327855,28.777760532924106,60.04128440366973,7.3848489322733455,0.029707851784678472
593878.05_6134484.86,3.92,6.93,19.97,0.0,0.0,22.83975769286578,45.735283547405814,45.88952310939129,0.0,0.0,4.1928440217048895,28.57780366785386,55.5,0.0,0.0
593445.04_6134734.86,3.8,6.85,16.28,0.0,0.0,6.867677497904023,30.9829502558279,59.14294817709072,0.0,0.0,4.192843914031982,28.81464385986328,59.857798165137616,0.0,0.0
593012.03_6134984.86,0.0,6.04,38.42,0.0,0.0,3.6797768644650146,16.621941913745204,76.38833343288294,0.0,28.374794945597852,4.192844259327855,29.914610072544644,68.59633027522936,0.0,0.0
593878.05_6134984.86,24.43,44.43,56.91,86.45,84.97,8.802261545310602,31.567705449622473,59.47056334090202,0.0,0.0,4.1928440217048895,30.093681784237134,59.666666666666664,0.0,0.0
595177.09_6133734.86,0.0,28.53,46.83,0.0,0.0,0.0,36.701127434204075,50.01087428458667,15.095910265326168,0.0,3.965908274931066,29.639641256893384,56.63636363636363,52.157980315569624,0.023975460291363153
594744.08_6133984.86,5.9,13.77,22.9,0.0,0.0,0.33558810818915136,37.260522737838606,50.180460887434755,13.160693383925137,0.0,4.173985072544643,29.490474700927734,56.63636363636363,94.41884978559533,0.029683497255456513
594311.07_6134234.86,0.0,0.0,21.5,0.0,0.0,28.322235199637486,51.818820150391346,38.52602020519324,3.6797910030528977,0.0,4.192844166475184,28.685295336174242,56.63636363636363,7.863940803752731,0.030455285708455536
595177.09_6134234.86,11.62,26.76,49.05,0.0,0.0,2.615982337463122,41.13372962580662,44.48355734297148,0.02335908382178753,0.0,3.958234001608456,29.084535486557904,56.63636363636363,0.0,0.0
595610.1_6134484.86,3.38,6.54,34.26,0.0,0.0,0.0,40.243350511995466,43.96832606096467,0.044500034099870765,0.0,3.7584494229020744,28.617679371553308,56.63636363636363,0.0,0.0
594744.08_6134484.86,20.58,40.98,55.72,0.0,37.72,40.08042338960014,57.98927843074537,33.77454410007908,2.3365540512607694,0.0,4.1712542942592075,28.653583526611328,55.5,0.0,0.0
594311.07_6134734.86,27.28,38.77,49.67,50.33,49.47,4.75349287410144,34.69635935744025,54.31324946005503,0.006192820646513739,0.0,4.192844166475184,29.129511052911933,55.5,0.0,0.0
595177.09_6134734.86,11.86,10.66,47.37,0.0,24.93,14.189080476173183,47.063560698424595,40.148487983008145,0.7137183516252271,0.0,3.950827205882353,28.875829360064337,55.5,0.0,0.0
595610.1_6134984.86,8.27,15.47,40.25,0.0,0.0,56.76653787900678,62.849404186710714,30.272653288719958,1.355361240369059,0.0,3.7567301783068427,29.161274629480697,55.5,6.616684083501686,0.035919854667463946
594744.08_6134984.86,11.97,17.8,49.81,0.0,29.64,14.9401824931212,37.75599639008139,55.274752952072745,10.520481380979101,0.0,4.168523515973773,30.031879425048828,55.80612244897959,89.44906275990154,0.04745894055528821
595177.09_6135234.86,39.66,62.89,65.45,51.42,50.54,46.08976929618527,41.09927347080501,58.3633824779419,45.08625776572726,0.0,3.9436120425953582,31.477847828584558,55.5,450.1800324512991,0.053683891819659935
594311.07_6135234.86,43.56,66.98,71.19,72.43,71.19,19.56177953082111,24.836249307651904,72.09223987071987,48.632772235735345,0.0,4.192844166475184,31.53372469815341,60.54545454545455,510.53677553783507,0.03925502773617667
594744.08_6135484.86,67.41,76.79,80.05,70.98,69.76,10.561016771483425,18.950876500750816,77.04874506498659,50.54820157364974,0.0,4.1657900129045755,32.47103500366211,61.23394495412844,578.8293212448363,0.039086456775986586
595610.1_6135484.86,16.88,32.33,53.37,0.0,29.9,5.0448589578840535,16.816492095834214,79.18880227913216,86.69872988905107,0.0,3.7551369502626617,31.75872802734375,55.59090909090909,1656.81156575928,0.057459621256839996
595177.09_6135734.86,32.68,57.7,59.79,64.79,63.68,3.527018785400054,9.012587243718409,88.72794823167713,92.54823567312661,0.0,3.9363802741555607,33.04315544577206,60.523148148148145,5165.353993437687,0.054868370442518744
594311.07_6135734.86,8.95,47.55,60.45,43.86,43.11,2.555227571756909,6.884826943913641,89.75181702156611,38.720091192345336,26.234335283316234,4.192844166475184,32.47841944839015,69.5,49.34255229140086,0.03897855614914397
595610.1_6135984.86,0.0,0.0,36.21,0.0,17.37,4.943256478344531,20.160352774980232,70.93985103166975,29.31786464265279,0.0,3.753546353044181,30.999709185431986,62.93181818181818,277.832205258311,0.05745962125683708
594744.08_6135984.86,29.65,56.08,58.2,51.91,51.02,19.07409469310724,14.132859090691996,84.68217933779651,36.504109197087665,26.236723049320847,4.163053512573242,32.5413932800293,69.55963302752293,12.495964040963903,0.0722751164733636
594311.07_6136234.86,7.31,37.92,49.39,44.55,43.78,1.607762311675355,12.57411734627351,83.77234113117368,67.69918736498573,0.0,4.192844166475184,32.65292450875947,60.68181818181818,0.0,0.0
595177.09_6136234.86,11.32,35.95,48.29,39.54,38.86,19.245192387745647,19.669245874395017,75.48377099923952,9.72915354311387,26.19759651219482,3.9291610717773438,31.688975614659928,68.94907407407408,0.0,0.0
593445.04_6135234.86,0.0,6.47,40.45,0.0,0.0,3.383226044670902,13.064748732779668,81.30282211562826,17.148989747856717,26.23472879239238,4.192843914031982,30.742212295532227,68.36697247706422,220.59215289231267,0.057459621256842924
593878.05_6135484.86,13.95,27.17,50.92,0.0,23.19,8.572470371019387,11.509136398910224,85.21019026128978,30.904111138926776,26.2348608064625,4.1928440217048895,32.0131405101103,68.67129629629629,103.26511112118482,0.05206843546487749
593012.03_6135484.86,0.0,6.49,46.04,0.0,22.96,24.92590342878102,29.135714585014533,67.085457004094,28.832065426579877,0.0,4.192844259327855,31.23844517299107,62.977064220183486,354.5083765354414,0.03225247101294094
593445.04_6135734.86,19.83,22.52,52.44,0.0,0.0,12.857617419905692,17.31057023811721,81.07415954446653,71.05126439683305,0.0,4.192843914031982,32.83396911621094,59.857798165137616,2226.2530427986458,0.057459621256839996
593878.05_6135984.86,11.6,36.19,54.89,0.0,23.6,1.547498440316747,15.061405442134621,80.15519395034026,56.824327710589984,0.0,4.1928440217048895,31.97328814338235,60.4537037037037,0.0,0.0
593012.03_6135984.86,13.95,41.27,50.16,0.0,0.0,8.911395146321551,16.420780649436207,81.30848519450812,48.14166036673584,15.649150318823951,4.192844259327855,33.245458984375,59.51376146788991,1820.7959926792025,0.04039934601954048
593445.04_6136234.86,12.87,42.75,52.73,0.0,0.0,3.955277333130785,19.40895674652766,76.63496567659668,57.531966181248194,0.0,4.192843914031982,32.34697341918945,55.637614678899084,6569.051679502955,0.05745962125684292
593012.03_6136484.86,40.09,55.46,66.53,65.19,64.07,8.614008249163874,22.22623057953859,74.27837996339493,53.19642805501454,0.0,4.192844259327855,33.066162109375,55.54587155963303,772.0537136376633,0.06330172636131319
593878.05_6136484.86,7.94,11.77,42.63,0.0,25.5,0.0,20.01090530547055,74.53466936335774,56.90148475456912,0.0,4.1928440217048895,30.82504451976103,55.82710280373832,3.208155759062241,0.0735132939480693
593445.04_6136734.86,6.19,43.63,52.42,0.0,0.0,0.0,29.155700692019487,63.52110617775146,24.469244662003796,0.0,4.192843914031982,31.368955612182617,55.5,7.997341023769421,0.14036355967608313
595610.1_6136484.86,0.0,0.0,0.0,0.0,0.0,2.316716503362805,16.089303033777814,74.84725836801182,1.4990242742642645,24.918972984451084,3.75195286191743,31.119560690487134,66.5909090909091,0.0,0.0
594744.08_6136484.86,0.0,0.0,40.82,52.9,51.99,0.0,7.798987558707232,91.14458435378268,94.0601752717601,0.0,4.1603208269391745,33.88587951660156,59.07798165137615,0.0,0.0
595177.09_6136734.86,0.0,5.93,40.77,49.47,48.62,6.557541248883163,20.84789066520693,72.81059427869167,42.054316005008594,0.0,3.921922571518842,32.380119772518384,58.23148148148148,0.0,0.0
594311.07_6136734.86,8.29,11.88,44.69,0.0,28.84,5.500124709819188,22.85158443821811,73.60184785231176,62.40772691347948,0.0,4.192844166475184,31.50765713778409,55.54716981132076,0.0,0.0
594744.08_6136984.86,5.38,10.06,40.36,71.41,70.18,0.0,17.428652255349203,78.10039598508426,71.94901928307983,0.0,4.157575607299805,32.494972229003906,55.5,0.0,0.0
595610.1_6136984.86,6.1,7.76,38.03,0.0,0.0,1.49352924651328,26.382654035854785,62.16827825310654,8.430005286813765,0.0,3.7503591077081087,30.36800967945772,57.54545454545455,23.574706712547492,0.05157116768472672
595177.09_6137234.86,10.11,10.01,30.72,0.0,0.0,5.179223173352836,33.592219217911826,55.52565754795701,8.961792010510715,0.0,3.9146755442899814,30.17104204963235,55.5,26.08613562334228,0.047166856649790825
594311.07_6137234.86,9.39,12.47,40.11,0.0,26.8,0.2971574147444695,32.947830100323756,57.82484415667361,33.00198251809316,0.0,4.192844166475184,30.717978737571023,55.5,10.188000075524231,0.05868004405609814
594744.08_6137484.86,0.0,5.77,26.98,0.0,31.55,3.820343088776421,38.51317349250366,51.25073890292817,22.557446217103568,0.0,4.15470586504255,30.17499351501465,55.5,0.0,0.0
595610.1_6137484.86,7.1,8.73,30.12,0.0,0.0,2.5735026135025034,32.336017806786614,55.69195436154729,21.334623354248837,0.0,3.7487650904162177,29.242596794577207,55.5,128.6252506742195,0.04603798763475599
588185.15_6132355.28,0.0,0.0,17.71,81.69,80.29,0.0,31.568831033226108,54.91314433446559,12.953221173626389,0.0,3.869700961642795,28.929066377527572,63.15625,35.69490015523744,0.21684656063623983
588623.1_6132595.66,0.0,0.0,19.69,61.01,59.97,5.435155424438915,28.454563299381512,62.17085904612656,43.0015625879,0.0,3.9207974602194393,29.215477353050595,60.241379310344826,243.50645864437743,0.2215915039954185
589671.57_6132486.67,0.0,0.0,29.5,0.0,0.0,38.51373451803769,70.54281167606484,21.904786967862883,0.0,0.0,4.192844166475184,26.67139474969161,56.63636363636363,0.0,0.0
589089.17_6132827.71,0.0,0.0,19.41,0.0,34.9,47.57106574579577,65.69886627766826,27.379778242382358,0.0772294487267623,0.0,4.12502089790676,28.27857898530506,56.63636363636363,0.0,0.0
588248.89_6132734.86,0.0,0.0,20.21,66.75,65.61,1.15983636925589,24.66238813085879,64.51149501528506,21.44425743551723,0.0,3.8709950166590072,29.254185532078598,61.590425531914896,125.01593975546189,0.21252120731951774
588681.9_6132984.86,0.0,0.0,21.0,44.18,43.42,0.9212004630102726,40.45996602149786,47.371557215406256,16.417580559809135,0.0,3.9569069647019908,28.811182358685663,55.5,29.71945123991166,0.1530124235395267
589549.52_6132989.37,7.8,16.77,37.37,0.0,23.34,18.853312008707086,51.96628737481795,36.95147557284309,0.537471008817246,0.0,4.192843845912388,27.928906989820074,56.63636363636363,0.0,0.0
589114.91_6133234.86,0.0,8.29,27.9,0.0,25.72,11.6151735015613,50.792004740186734,40.38698794832421,4.480775463450786,0.0,4.140970566693475,28.37441739169034,56.63636363636363,20.9430172456368,0.20516617166126522
588248.89_6133234.86,0.0,0.0,24.89,42.18,41.46,0.0,35.43727928450811,50.41514706512945,4.164701681076259,0.0,3.871295255773208,28.353452740293562,57.7,12.287196634948932,0.1142344296262442
591712.99_6132234.86,35.43,60.33,60.33,58.6,64.35,0.2863406303296574,14.489648385939772,79.23998078451791,19.675409488088977,23.67368267536336,4.192844166475184,30.467368386008523,64.8409090909091,158.8788431377626,0.3327825568618124
591279.98_6132484.86,74.26,77.63,77.63,85.58,84.11,0.8021067223360979,13.146632102641012,85.05808191378873,99.85098592761594,0.0,4.1928440217048895,31.4333101160386,55.96296296296296,1151.0736681005787,0.32673115265541364
592146.0_6132484.86,0.0,0.0,38.51,0.0,17.64,7.120482592253005,23.71989911517291,68.28537021889575,4.161360189999937,13.789659990498961,4.192843845912388,29.402454723011363,63.648148148148145,82.59856814342531,0.017021014396735267
591712.99_6132734.86,40.54,57.26,57.26,49.0,55.01,3.9830713180468007,17.784884564411232,77.45602430953095,49.85520860611797,5.325136664538486,4.192844166475184,30.79886511600379,60.54545454545455,5296.81540989244,0.32682469019501315
591279.98_6132984.86,32.3,62.81,65.56,72.46,76.77,16.982599128516934,25.281644080788553,72.6109524444742,73.48509023987432,0.0,4.1928440217048895,31.2837739832261,55.5,515.4483205957399,0.32673115265535135
592146.0_6132984.86,0.0,0.0,33.48,0.0,0.0,0.0,18.481996138762906,73.34636486935632,0.040289850222708624,25.358462298629014,4.192843845912388,29.459764885179926,64.48148148148148,0.0,0.0
591712.99_6133234.86,17.83,45.3,53.26,39.77,43.92,1.6443453602015707,24.889754717310314,67.09837209561663,25.85734937467899,0.0,4.192844166475184,30.078028823390152,56.86363636363637,1315.908050150146,0.32683203178664355
592579.02_6133234.86,3.08,6.31,29.74,0.0,0.0,0.0,30.01937901122041,58.81001720069208,0.007170136087881325,0.0,4.192844166475184,28.62550443761489,56.96788990825688,0.0,0.0
592146.0_6133484.86,0.0,22.28,41.52,0.0,0.0,0.0,17.344104077945534,75.13832354461175,5.024972704460712,26.354385211842402,4.192843845912388,29.732068610913824,64.41203703703704,33.71367405316715,0.10410562877822872
591279.98_6133484.86,0.0,37.95,56.65,0.0,0.0,13.067865618246396,20.5277641817858,78.03178743360864,81.0969764643772,0.0,4.1928440217048895,32.003927791819855,55.5,426.59931861440555,0.32682648440735107
590846.97_6132234.86,43.25,62.61,62.61,68.77,67.59,1.3342925904403335,31.38037995637482,59.59589502058006,47.37721954629875,0.0,4.192843914031982,29.311112837357953,55.5,883.9068358235027,0.22008020600021772
589980.94_6132234.86,3.75,22.25,42.49,0.0,32.34,9.938519499774507,47.72305426544043,39.813576692215406,0.78987174853427,0.0,4.192844166475184,27.637935862821692,56.63636363636363,0.0,0.0
590413.95_6132484.86,13.4,37.05,44.59,0.0,35.26,6.796638993450886,40.380158643700895,48.23397681082117,22.236265855883655,0.0,4.192844259327855,27.951236397879466,56.63636363636363,47.47687647572206,0.2170563070914403
590846.97_6132734.86,43.26,66.66,66.66,61.42,60.37,5.200995503901601,31.60836274752292,60.81628612488231,58.65150823351537,0.0,4.192843914031982,30.20632287227746,55.5,1210.09940921048,0.22834484433138946
589980.94_6132734.86,0.0,0.0,36.55,0.0,24.66,62.780055574145265,74.76723621799837,20.295285761465724,0.3291058654890938,0.0,4.192844166475184,26.937263039981616,56.63636363636363,0.0,0.0
590413.95_6132984.86,11.92,13.68,46.55,0.0,30.82,40.246627833295015,58.98551592890357,33.49862017580328,5.190063294171198,0.0,4.192844259327855,28.011891392299106,56.63636363636363,9.817592302096367,0.25457408329663705
590846.97_6133234.86,15.7,58.4,62.09,0.0,19.71,4.363498216936683,22.6760024986585,73.24254521235277,87.31691186972847,0.0,4.192843914031982,31.54336825284091,55.5,565.3563732106076,0.317268662800704
589980.94_6133234.86,13.6,20.81,44.23,0.0,34.43,55.42397819339505,75.1542381090389,21.77976302728586,1.05725598414132,0.0,4.192844166475184,28.303533217486212,56.63636363636363,5.993432616630035,0.2580904167311874
590413.95_6133484.86,8.65,39.35,57.0,0.0,29.85,8.550349828300696,37.78602009153844,54.49770761676677,34.26659242929323,0.0,4.192844259327855,30.557073102678572,55.5,229.50727002317575,0.3193010022384756
589980.94_6133734.86,20.74,38.59,53.72,57.15,56.17,15.194243406693856,37.120131329154134,55.78092925301379,26.920729910762116,0.0,4.192844166475184,30.461199592141543,55.567567567567565,845.7201242334033,0.3341112903201379
589547.93_6133484.86,19.44,22.12,47.02,39.86,39.17,11.154531334681481,41.77624997733142,47.792916391215215,20.468968613359763,0.0,4.192843845912388,29.25533965139678,55.5,34.295541531735395,0.26727975190809683
588681.9_6133484.86,0.0,0.0,24.85,0.0,31.62,0.0036922907474501317,48.84689506772431,42.11215384606691,6.709286943296297,0.0,3.9607076337260585,28.35555850758272,56.63636363636363,49.43696601138294,0.11226481042238395
589114.91_6133734.86,6.0,8.28,38.0,70.09,68.89,0.0,35.088435167370996,56.19488903646454,27.026413225625728,0.0,4.143682592055377,30.775279651988637,55.5,0.0,0.0
588248.89_6133734.86,11.32,18.36,48.5,0.0,25.83,1.1988554555726594,41.41635600550131,43.29279993932011,0.0,0.0,3.8715959436753216,27.814689867424242,55.5,0.0,0.0
589547.93_6133984.86,8.27,9.37,46.74,57.15,56.17,11.779785671081857,34.49435211767131,56.9606823101721,2.5877953115057992,0.0,4.192843845912388,30.966023763020832,55.921052631578945,0.0,0.0
588681.9_6133984.86,3.9,6.92,33.96,56.65,55.68,0.6278353954949977,21.688984050566265,71.59188577229884,65.17488794247062,0.0,3.9645001811365925,31.065454819623163,55.5,0.0,0.0
589114.91_6134234.86,5.55,7.93,38.19,80.84,79.45,4.032357855475452,13.74018859631291,85.19076868779953,84.12588860967881,0.0,4.14640224681181,33.79880593039773,57.36363636363637,0.0,0.0
588248.89_6134234.86,7.57,19.23,53.76,0.0,36.96,30.73918433794528,40.970836668726825,52.37743025514436,14.925772818203553,0.0,3.8718957340016082,29.218515107125945,56.37155963302752,304.57972426961805,0.3000153253665575
589547.93_6134484.86,8.32,27.14,53.17,57.97,62.19,0.8408380364174952,3.1990235274763954,96.4148753119095,97.9442804230153,0.6658225269423496,4.192843845912388,34.467581084280305,63.74074074074074,27.980869865965587,0.3268311486599979
588681.9_6134484.86,8.59,17.09,46.73,54.75,53.81,10.946936737818524,17.118784711608182,80.21064262661375,71.0779075702957,0.0,3.9683077412266887,32.50213623046875,60.77522935779817,1.735882662173291,0.30115927940840426
592579.02_6133734.86,2.29,5.62,33.0,0.0,0.0,17.96210099579386,34.81381523891698,57.28389585107491,6.855373684723152,0.0,4.192844166475184,28.78279921587776,58.527522935779814,35.83401231079993,0.033825927050881346
591712.99_6133734.86,0.0,0.0,16.93,0.0,0.0,1.4284439958631643,26.771761294822934,64.14089667698497,11.428743092074237,0.0,4.192844166475184,30.10696318655303,58.206422018348626,42.27814589798099,0.11636826483679749
592146.0_6133984.86,0.0,0.0,29.6,0.0,0.0,0.20765147327832717,16.68638652426132,76.08146382235446,1.405825580287466,30.391682071639742,4.192843845912388,30.281198212594695,64.31944444444444,0.0,0.0
591279.98_6133984.86,16.63,37.11,54.15,39.5,38.82,0.0,12.580233479496494,83.62661776914601,74.23394100551958,0.0,4.1928440217048895,31.640844008501837,60.083333333333336,337.98116677420546,0.26873438969258145
591712.99_6134234.86,0.0,21.48,40.03,0.0,0.0,0.0,20.466428715160518,70.1429702200152,0.004640688555438527,10.928035165233053,4.192844166475184,29.96463290127841,64.70454545454545,0.0,0.0
592579.02_6134234.86,2.81,6.09,17.48,0.0,0.0,45.15142490916973,42.03282956732854,55.117313236381136,0.19597150173291428,15.20975662699679,4.192844166475184,29.492955824908087,61.57798165137615,0.0,0.0
591279.98_6134484.86,11.87,18.21,41.26,0.0,21.28,29.18095181789319,32.29592915671507,65.03279764290272,6.248058563141356,28.17823166450791,4.1928440217048895,28.787945915670957,68.68807339449542,47.204604275548995,0.22240439426168984
592146.0_6134484.86,2.55,14.89,36.47,0.0,35.56,0.0,6.462349305489826,91.12801630083295,0.0,70.99261506456601,4.192843845912388,30.520522608901516,70.12962962962963,0.0,0.0
592579.02_6134734.86,0.0,0.0,32.43,0.0,27.3,0.0,6.153332292441345,90.38184675606502,0.0,67.588407512224,4.192844166475184,30.61960736443015,69.39908256880734,0.0,0.0
591712.99_6134734.86,0.0,19.77,49.12,0.0,21.79,0.014169713761535847,24.92013921536348,66.33127963686661,0.0,9.858262209018605,4.192844166475184,28.64670077237216,64.9090909090909,0.0,0.0
590846.97_6133734.86,17.06,45.36,62.31,40.2,39.51,6.058308934002136,14.029221413825502,84.860753915899,91.23270648850448,0.0,4.192843914031982,32.60894590435606,57.166666666666664,588.5976872678001,0.32038748440996623
590413.95_6133984.86,8.48,38.27,53.76,51.23,50.35,5.99486843535089,20.714695906215365,75.87892888935122,58.43982550605236,0.0,4.192844259327855,31.876468331473216,58.45454545454545,777.1935549740222,0.29754047969070324
589980.94_6134234.86,7.81,30.65,48.06,54.11,53.18,23.67846628601961,25.976575765699895,71.9771441136707,49.546345289171725,1.4937019042397595,4.192844166475184,32.15828929227941,60.20183486238532,594.9766668992377,0.29977665137048226
590846.97_6134234.86,0.0,5.84,37.09,0.0,0.0,42.55234534180214,43.74115886623044,56.17237110193757,16.4126816947022,12.876273825063484,4.192843914031982,30.394059614701703,64.62037037037037,86.52328015509676,0.26386336216148254
590413.95_6134484.86,3.79,6.84,39.98,0.0,30.88,20.447676070550877,21.42802064747491,75.46943404772105,5.508838254378158,36.778632809379175,4.192844259327855,30.78762904575893,67.45454545454545,0.0,0.0
590846.97_6134734.86,11.59,17.98,42.2,0.0,21.83,37.10464428601597,44.192888140343314,52.17133243584766,0.03852131802801659,5.211805251324979,4.192843914031982,28.312255859375,64.48148148148148,0.0,0.0
589980.94_6134734.86,46.3,46.29,66.09,0.0,0.0,0.0,4.821649271074912,92.93229643326988,19.975029852624566,49.9410019679065,4.192844166475184,32.92069019990809,68.94036697247707,0.0,0.0
590413.95_6134984.86,3.42,14.78,41.16,55.47,54.52,13.446192686899122,33.9666591315948,60.876907818860346,3.093366933895217,3.085796788845139,4.192844259327855,30.67330845424107,60.72727272727273,0.0,0.0
589980.94_6135234.86,0.0,8.11,43.88,97.81,96.13,0.1575161939237992,19.82604356500702,73.08253710937024,28.309558658119656,0.0,4.192844166475184,32.90078196806066,58.1605504587156,0.0,0.0
590846.97_6135234.86,15.57,20.64,47.04,0.0,20.92,27.16408609774233,39.77860742596673,53.722931924934144,6.110894660884219,0.0,4.192843914031982,29.086377692945074,57.120370370370374,2.695340323115042,0.12684098796570178
588248.89_6134734.86,39.05,70.95,70.95,60.05,59.02,31.348078919507778,24.052403855976216,74.79624915629952,39.34402491598787,24.18315629498946,3.87219731947955,31.25399872750947,65.1788990825688,218.3400384678457,0.3025706143279008
589114.91_6134734.86,40.29,67.75,67.75,73.03,73.9,1.3008493815035735,0.0,100.0,73.81261221236093,25.1292805793822,4.1491241455078125,34.770400538589016,67.02272727272727,0.0,0.0
588681.9_6134984.86,53.0,77.93,77.93,73.67,72.4,8.7969722073512,6.396467643785712,93.7489019017718,78.02601089802221,19.859523819561463,3.9721155474262853,34.51370418772978,64.19266055045871,26.738898609748805,0.36263432075012025
589547.93_6134984.86,0.0,8.04,44.42,0.0,25.69,0.13109518825667893,2.9133615676569526,95.7945869047147,66.19665157601675,18.47262022225003,4.192843845912388,34.75062884706439,65.93981481481481,0.0,0.0
589114.91_6135234.86,54.43,77.75,77.75,77.25,78.74,0.6641547270064022,5.923933390696447,93.2264186064572,96.12203773097274,0.0,4.151845146627987,34.764108368844695,60.22727272727273,163.15308338017093,0.4671566452750058
588248.89_6135234.86,67.97,84.23,84.23,89.29,87.75,3.4854647759828357,9.67031918113465,87.9958776226986,94.73650967428635,0.0,3.8724980073816635,33.19115471117424,58.84862385321101,1441.292550241865,0.4715581795337844
588681.9_6135484.86,68.35,84.98,84.98,74.96,73.67,0.09664935882319642,12.204205991284258,84.1186126077932,76.13573726053036,0.0,3.9759548556420112,33.92339728860294,56.325688073394495,392.1377397886966,0.4767734715386826
589547.93_6135484.86,11.76,54.23,61.39,41.28,44.52,16.84072492273107,27.892371699220902,68.03031355306742,33.6109316778652,0.0,4.192843845912388,32.62012458570076,56.56481481481482,0.0,0.0
588248.89_6135734.86,75.13,85.82,85.82,90.78,89.22,6.453585441356534,15.467770940313736,81.76420013264836,87.99352162836958,0.0,3.8729988546932446,32.604562470407195,55.5,2115.164940458605,0.4772832739977675
589114.91_6135734.86,40.63,60.24,67.79,77.94,85.55,0.4685344679191097,18.31591580218328,76.29172544506534,49.91758961716843,0.0,4.154560762293198,33.237056847774625,55.5,805.2559173983321,0.46757078932406293
591279.98_6134984.86,22.08,23.36,52.35,0.0,31.14,38.788766548777,44.71679074971893,51.89534921891246,20.436239059024,0.0,4.1928440217048895,28.459009507123163,59.62844036697248,0.0,0.0
592146.0_6134984.86,2.55,14.89,36.47,0.0,35.56,0.0,21.131685068506396,70.21511414788782,0.0,18.7462485657697,4.192843845912388,29.32117069128788,63.324074074074076,0.0,0.0
591712.99_6135234.86,20.72,44.79,56.04,46.96,46.16,18.712037677961455,37.3124494442503,55.71289235479281,6.833740560304552,0.0,4.192844166475184,28.908497203480113,57.86363636363637,30.90036538707773,0.08300909408944543
592579.02_6135234.86,4.37,7.23,41.62,52.67,55.57,0.0,11.097515627492493,84.09067211150654,20.083814733031822,33.45431655089577,4.192844166475184,30.828864602481616,67.08256880733946,0.0,0.0
591279.98_6135484.86,0.0,24.24,54.32,0.0,0.0,3.385766695246062,29.392139254195556,61.14433003762634,10.531620774996858,0.0,4.1928440217048895,29.88021132525276,55.794117647058826,7.0876590399477655,0.08280066663632951
592146.0_6135484.86,26.84,55.21,58.17,91.39,89.83,0.7788844051475624,17.302869393531324,77.04335401438254,50.245927145112404,0.0,4.192843845912388,31.487596916429926,58.925925925925924,437.33665341637516,0.05617176340415616
592579.02_6135734.86,3.64,57.81,61.25,46.39,48.94,0.4289867922760449,6.082638714404226,92.74928518007286,64.09342798675978,24.875226697215005,4.192844166475184,32.98864387063419,63.481651376146786,96.64296223743999,0.021641502509707672
591712.99_6135734.86,38.47,61.05,64.57,51.96,64.23,3.2524148807043627,18.46900752358639,78.1651354300771,73.95978872802252,0.0,4.192844166475184,32.285995945785984,55.5,1419.7568156249408,0.08277907102441129
592146.0_6135984.86,46.04,69.77,73.44,58.3,57.3,4.572651415293969,16.03824714971438,81.75490788050021,84.1477886917748,0.0,4.192843845912388,33.74631939512311,55.83653846153846,603.4323353526523,0.0767822904591517
591279.98_6135984.86,31.29,59.59,64.17,32.8,40.47,17.165482179593084,43.855127804038865,47.4854696216077,20.157877030282815,0.0,4.1928440217048895,30.428168801700366,55.5,712.4814862734776,0.0925276885016692
590413.95_6135484.86,0.0,5.64,43.58,86.78,85.29,17.480307500950616,30.250714201974866,64.88476072928067,34.82425633169627,0.0,4.192844259327855,30.84741908482143,55.63636363636363,0.0,0.0
589980.94_6135734.86,0.0,8.55,46.78,56.76,55.79,22.98539350145348,31.762964553528413,64.56315148740377,38.32615680376924,0.0,4.192844166475184,31.98703182444853,55.5,11.292154322723253,0.5422294038538142
590846.97_6135734.86,0.0,8.35,42.39,37.58,45.89,0.0,27.37909882800269,64.58515688395828,53.13743019845787,0.0,4.192843914031982,29.716112541429926,55.5,0.0,0.0
590413.95_6135984.86,2.25,42.75,56.64,64.15,73.03,0.19471630159940173,23.872051649671512,71.00106603971317,91.02176803410254,0.0,4.192844259327855,30.558698381696427,55.5,0.0,0.0
589980.94_6136234.86,7.11,9.09,47.4,0.0,32.88,1.7455044064472898,39.61418265268372,49.67266762609725,4.602855774038521,0.0,4.192844166475184,31.538225959329043,56.63636363636363,0.0,0.0
590846.97_6136234.86,0.0,62.19,70.47,0.0,0.0,18.66354935783897,48.530125641026885,42.922700065587826,6.237645601918346,0.0,4.192843914031982,30.200520833333332,56.63636363636363,0.0,0.0
590413.95_6136484.86,21.45,43.97,58.9,38.46,47.91,29.175689935539438,38.56326364742196,58.56106416369302,61.96419413632038,0.0,4.192844259327855,32.9714111328125,56.63636363636363,0.0,0.0
589980.94_6136734.86,22.64,0.0,0.0,50.56,49.69,0.8301038653729189,38.30557716811088,49.79185739856693,0.39955507638092,0.0,4.192844166475184,31.393856272977942,56.63636363636363,0.0,0.0
590846.97_6136734.86,46.54,56.96,74.07,88.6,87.08,21.350447250639405,39.77126259178201,53.800700960167816,40.30880537144343,0.0,4.192843914031982,31.68405243844697,56.63636363636363,0.0,0.0
590413.95_6136984.86,0.0,77.54,77.54,0.0,0.0,31.563448520850002,42.88413933689977,53.25154332147728,44.78363527587932,0.0,4.192844259327855,32.808987862723214,56.63636363636363,0.0,0.0
588681.9_6135984.86,53.77,79.0,79.0,55.19,64.74,0.22686014450216882,12.221933085298065,85.10334283535532,96.66194000332283,0.0,3.9804040232012348,33.696601418887866,55.5,371.6949672046417,0.47677347153865823
589547.93_6135984.86,12.38,44.12,60.63,42.8,46.15,32.923983540392165,46.66943423819026,46.72685951372815,2.7397384338679833,0.0,4.192843845912388,31.926735617897727,55.5,0.0,0.0
588248.89_6136234.86,73.3,75.41,83.25,82.54,90.81,0.16424642318199964,18.27673539625176,76.75297776064214,94.32453627973803,0.0,3.873900469611673,32.755940755208336,55.5,455.6478266550237,0.47486775041596885
589114.91_6136234.86,33.14,49.03,64.84,54.65,57.87,0.0,23.762182432812374,69.97122689198872,68.62488800159926,0.0,4.157283109777114,33.21338630445076,55.5,201.5792399592143,0.47654756337003945
588681.9_6136484.86,15.61,65.64,72.62,0.0,23.4,8.723331093168007,24.436939901505212,71.5965220493895,90.7331683300479,0.0,3.9850281746156755,34.15257352941177,55.5,987.1561035987637,0.47677347153868266
589547.93_6136484.86,7.06,37.91,52.8,54.29,58.73,17.628521963630906,43.33390464745238,47.09770331381014,8.034398478564185,0.0,4.192843845912388,31.718283913352273,56.63636363636363,101.8083119580107,0.4767734715386826
588248.89_6136734.86,55.28,78.13,78.13,79.33,86.77,23.301600708743607,35.788837549044395,59.14889817507179,69.24033415667043,0.0,3.8748025333180145,31.916311553030305,56.63636363636363,146.65966486464342,0.47486775041594415
589114.91_6136734.86,42.27,72.55,72.55,0.0,36.39,18.99773765945937,34.278518508856045,61.59098366608093,67.7131546486267,0.0,4.159998276654412,32.23812588778409,56.63636363636363,4519.872997769841,0.4800825371579206
588681.9_6136984.86,50.08,78.68,78.68,50.23,49.37,19.176348461526587,31.476436241469646,64.53626134897794,77.71330133195443,0.0,3.9896444505260837,33.024421243106616,56.63636363636363,53.57545121285985,0.09700841667202337
589547.93_6136984.86,6.32,49.36,66.81,69.25,73.04,27.796654938535863,46.65062042951353,45.80081251041637,17.924803099101442,0.0,4.192843845912388,31.2305908203125,56.63636363636363,0.0,0.0
597342.16_6133984.86,7.5,15.61,19.18,0.0,0.0,0.0,40.03840215503818,44.03610953126159,0.0,0.0,3.741213117327009,28.705842971801758,56.63636363636363,0.0,0.0
598208.18_6133984.86,17.91,21.88,21.88,0.0,0.0,1.314315123508618,36.80475092801385,49.806080294056436,22.416153837720078,0.0,3.7412135683257004,29.338824103860293,56.63636363636363,314.573373755141,0.02500811766404054
597775.17_6134234.86,6.16,14.45,14.45,0.0,0.0,0.0,38.39269859494026,46.53314425106665,8.791610335354264,0.0,3.7412136302274814,28.971137551700366,56.63636363636363,96.3253906704685,0.02378164599130158
598208.18_6134484.86,0.0,0.0,12.03,0.0,0.0,27.49732322585426,51.80108842881883,37.56239010702183,7.482943184189303,0.0,3.7412135683257004,28.209980684168197,55.5,72.72349810096179,0.029941159767704614
597342.16_6134484.86,7.2,14.17,14.17,0.0,0.0,17.332867819610247,49.96972368183202,36.64339956751968,0.0,0.0,3.741213117327009,27.966506958007812,56.63636363636363,0.0,0.0
597775.17_6134734.86,0.0,8.08,13.15,0.0,0.0,3.4280051685774215,40.89652589918295,45.02120777632718,9.310122117161804,0.0,3.7412136302274814,28.41781795726103,55.5,109.88932142472805,0.02374105967255114
597342.16_6134984.86,3.04,0.0,11.29,0.0,0.0,44.507236000315274,60.78042009650625,31.874740358658787,12.70948251172211,0.0,3.741213117327009,28.62690544128418,55.5,103.31487100184069,0.015819993441078792
598208.18_6134984.86,0.0,0.0,12.09,0.0,0.0,70.30807246169756,63.398046666174665,33.26494061191877,0.7702741581878977,0.0,3.7412135683257004,27.378671085133274,56.68181818181818,6.589880543674145,0.029130193873538997
598530.94_6135232.18,0.0,0.0,9.37,0.0,0.0,72.54044474675673,61.043031164960404,35.92072689201633,0.033031364251868735,0.0,3.741213711825284,27.259199662642047,62.0625,0.0,0.0
597775.17_6135234.86,0.0,0.0,11.35,0.0,0.0,0.0,29.079580389956593,57.96101041128915,1.63790293632874,0.0,3.7412136302274814,28.711529900045957,57.120370370370374,20.32363551205295,0.011784238298833693
599421.37_6134553.27,0.0,0.0,8.22,0.0,0.0,10.272155202299855,33.08889348171683,55.60991856670382,0.0,0.0,3.741214405406605,29.512161254882812,56.63636363636363,0.0,0.0
598638.36_6134729.83,0.0,0.0,0.0,0.0,0.0,89.13276314047272,72.15315961207342,26.575584960568925,0.0,0.0,3.741213321685791,26.954517364501953,56.539603960396036,0.0,0.0
598973.48_6134787.97,0.0,0.0,0.0,0.0,0.0,50.162842780746,49.99024229492556,43.706350948179555,0.0,0.0,3.7412142072405135,27.922215779622395,59.875,0.0,0.0
596043.12_6134734.86,2.12,5.45,34.46,0.0,0.0,0.760376415774576,39.445056553716,45.740033234588125,7.222256487807342,0.0,3.741213321685791,28.897190903172348,56.63636363636363,38.89245397186137,0.03976826413990638
596476.13_6134984.86,6.69,17.12,45.84,0.0,0.0,0.0,40.087242648115186,44.27850160832946,0.0,0.0,3.7412135683257004,29.449665742761947,55.5,0.0,0.0
596909.14_6135234.86,5.39,0.0,12.23,0.0,0.0,13.443158573746267,40.87307823712425,48.36976354180405,16.48899408538771,0.0,3.741213904486762,28.920965021306817,55.5,27.35967551889672,0.02058123313428093
596043.12_6135234.86,11.34,17.93,47.37,0.0,26.46,0.03922034562548829,39.614197837022544,47.03053832980436,1.142253355314922,0.0,3.741213321685791,29.700681744199812,55.5,0.0,0.0
596476.13_6135484.86,0.0,17.93,47.37,0.0,0.0,1.8625372795221158,30.66525892652961,56.728382629947184,0.6484155659868979,0.0,3.7412135683257004,29.208672018612134,55.5,8.813504449902453,0.05745962125684001
596043.12_6135734.86,10.89,30.97,50.47,0.0,25.57,12.299661754468838,36.83012790585585,54.541947493583635,17.42493021577788,0.0,3.741213321685791,29.474282004616477,56.78440366972477,199.3697432602483,0.05745962125684
596909.14_6135734.86,0.0,0.0,22.83,0.0,0.0,37.06839157054871,44.91289769838993,47.32975966032556,1.7905468626842713,0.0,3.741213904486762,28.54971036044034,57.5,0.0,0.0
596476.13_6135984.86,0.0,0.0,23.01,0.0,0.0,6.617965758746852,33.10547665269754,55.13418863656116,0.08084192686388827,0.0,3.7412135683257004,28.44106876148897,59.06481481481482,0.0,0.0
596909.14_6136234.86,0.0,0.0,17.92,0.0,0.0,14.060597646141268,28.526583830353314,61.07353437965956,1.7000767774325138,5.637126524275176,3.741213904486762,28.37960722952178,65.38636363636364,9.167035820040622,0.053448741495130486
596043.12_6136234.86,0.0,0.0,24.9,0.0,0.0,15.33730657409173,27.125786790331546,64.07372605465673,0.6312571700133494,15.14457115412725,3.741213321685791,29.310561671401516,65.22477064220183,2.2908748028626156,0.057459621256842924
597342.16_6135484.86,0.0,0.0,19.94,0.0,0.0,1.8833767049564865,29.659974420539108,57.672750200478426,0.01256707399972669,0.0,3.741213117327009,28.996355056762695,57.10550458715596,0.0,0.0
598208.18_6135484.86,0.0,0.0,9.37,0.0,0.0,26.512206633853165,37.23647014555949,53.249942103951234,0.0,0.0,3.7412135683257004,28.004602768841913,63.20454545454545,0.0,0.0
598521.39_6135657.94,0.0,0.0,6.5,0.0,0.0,3.2094754844405826,13.112548099024785,78.90616386246909,0.0,47.0627399786952,3.7412140369415283,28.24543851964614,70.32558139534883,18.92572198836958,0.03039049315954989
597775.17_6135734.86,0.0,0.0,9.37,0.0,0.0,6.681582694677654,28.18849036206057,59.902009696397606,0.0,0.0,3.7412136302274814,28.59793270335478,63.18348623853211,0.0,0.0
597329.68_6135970.34,0.0,0.0,20.01,0.0,0.0,7.747916996583267,29.189440987919994,59.8119031989756,0.0,0.0,3.7412131980613426,28.75284220377604,63.049019607843135,0.0,0.0
598149.77_6135882.98,0.0,0.0,6.5,0.0,0.0,9.632751404326429,16.210820817570596,76.45075036253375,0.0,45.545927399118,3.7412138546214386,27.975542340959823,70.63157894736842,0.0,0.0
597798.51_6136023.79,0.0,0.0,20.01,0.0,0.0,0.993708587349901,18.533100463814627,70.19702550642205,0.0,15.752603787056522,3.7412139892578127,28.549234008789064,68.97222222222223,0.0,0.0
597222.66_6136450.67,11.86,10.66,10.66,0.0,0.0,15.82067955467061,21.341782521382,71.18959561647563,0.0656295477149806,33.54833413161358,3.7412139892578127,28.44312808388158,69.63636363636364,0.0,0.0
597197.84_6136735.38,8.2,9.23,9.23,0.0,0.0,0.0,23.24545218938212,63.832712673215816,0.0,0.0,3.741213798522949,28.744455337524414,65.5,0.0,0.0
596476.13_6136484.86,2.28,5.61,19.03,0.0,0.0,5.181411362608075,17.5484755350701,73.89379662382188,0.11749709418049929,34.96862382418261,3.7412135683257004,28.657784854664524,68.25462962962963,0.0,0.0
596043.12_6136734.86,2.53,5.85,21.89,0.0,0.0,8.936991866698323,23.15764189518298,67.37018914445001,1.3129782913501054,17.07883002985171,3.741213321685791,29.860027891216856,64.65137614678899,3.913577788223834,0.05745962125684
596895.46_6136718.59,10.41,10.13,10.13,0.0,0.0,34.53935143529554,37.75928639083306,55.77928607484276,0.7152639087134964,12.99524142023492,3.7412136302274814,28.04892853767641,65.12871287128714,0.0,0.0
596475.88_6136984.45,3.61,6.71,18.35,0.0,0.0,14.021166313488711,33.86829638320676,54.84659353828515,0.08452604297634264,0.0,3.7412135683257004,28.049196131089154,60.083333333333336,0.0,0.0
596768.02_6137056.71,3.61,6.71,18.35,0.0,0.0,92.69102274639691,69.01190935166046,30.547312073979754,0.0,0.0,3.7412136622837613,27.63383674621582,59.5,0.0,0.0
596043.12_6137234.86,4.84,7.52,28.14,0.0,0.0,14.829924407072244,34.11416147438583,55.977106090065654,11.19184096724612,0.0,3.741213321685791,29.177357066761363,56.23394495412844,13.373886434135684,0.11236881593819313
596360.04_6137354.52,0.0,0.0,19.28,0.0,0.0,2.2690213426469876,31.847773781466664,55.197588952421384,0.0,0.0,3.741214165320763,28.159706115722656,55.5,0.0,0.0
595986.62_6137707.43,0.0,0.0,19.28,0.0,0.0,3.760800373399272,41.54517630978687,43.596732275851025,0.0,0.0,3.7412132850060096,28.64039024939904,55.5,6.256308772889955,0.11497300112982038
595879.79_6138132.89,0.0,0.0,5.19,0.0,20.72,4.687794610596584,46.98007882245081,38.81595599330115,0.0,0.0,3.7412139892578127,28.540876908735797,56.63636363636363,159.8721516507981,0.09546634849015784
593012.03_6136984.86,32.2,51.07,62.42,52.84,51.93,8.980504933391831,28.0871502371979,67.5162266792262,71.19934723800998,0.0,4.192844259327855,33.02115652901786,55.5,711.7932181299302,0.09243222687545971
593878.05_6136984.86,12.48,14.03,43.81,0.0,23.76,1.8855223805209407,24.611889178165157,71.66982371004981,77.9790720345985,0.0,4.1928440217048895,30.666001263786764,55.5,0.0,0.0
593445.04_6137234.86,29.2,44.65,53.97,41.97,41.25,3.298876621432192,31.73684876281884,60.09086604782085,49.3928969765546,0.0,4.192843914031982,31.450721740722656,55.5,1156.8597448838227,0.04545219810878178
593012.03_6137484.86,37.95,56.77,60.83,52.48,56.08,8.883171460694042,34.70167282771609,57.06083547061836,42.76981846855536,0.0,4.192844259327855,30.97957240513393,56.63636363636363,561.6359017283773,0.06603810244679051
593878.05_6137484.86,0.0,11.68,37.49,0.0,0.0,0.0,35.179246027074306,54.48512100406732,28.55173195615462,0.0,4.1928440217048895,30.495418772977942,55.5,0.0,0.0
593445.04_6137734.86,2.82,15.94,43.68,0.0,26.74,57.89843896521053,64.87524360458792,29.582910250982803,2.035563936466622,0.0,4.192843914031982,28.834644317626953,56.63636363636363,21.428892334156064,0.018342999540797475
593878.05_6137984.86,0.0,0.0,21.47,0.0,0.0,20.367661207328496,47.15860887637249,43.28748020669662,8.62958355627931,0.0,4.1928440217048895,29.54006239947151,56.63636363636363,0.0,0.0
593012.03_6137984.86,26.55,39.95,50.34,40.87,43.68,74.7919111613012,72.94537839863723,24.021573579625027,5.364570965419311,0.0,4.192844259327855,27.978555733816965,56.63636363636363,0.0,0.0
593445.04_6138234.86,2.51,5.83,30.36,0.0,38.11,72.35327241334427,72.60356743073326,23.998038821330287,2.5822287351637243,0.0,4.192843914031982,28.341917037963867,56.63636363636363,220.03922176839257,0.08813837290454309
593878.05_6138484.86,2.43,5.75,28.03,0.0,37.28,17.223836855987617,47.03891588805721,41.672149928473154,0.0,0.0,4.1928440217048895,29.210459989659928,56.63636363636363,0.0,0.0
595177.09_6137734.86,3.98,6.97,23.27,0.0,18.72,0.0,37.71519774127757,48.55318586091661,13.527285790619576,0.0,3.9074464685776653,29.540699678308822,55.5,74.30810517254461,0.04696792343138029
594311.07_6137734.86,0.0,0.0,26.66,0.0,18.7,8.521262381951695,42.960579916444125,44.67509445649474,0.530022699941384,0.0,4.192844166475184,29.443438905658144,56.63636363636363,0.0,0.0
594744.08_6137984.86,3.67,6.75,23.97,0.0,29.65,1.3707671093146676,37.53588690346689,50.01126336848931,12.447303090703473,0.0,4.15081787109375,29.798179626464844,56.63636363636363,35.949531470964246,0.03422578735099673
595610.1_6137984.86,0.0,0.0,5.19,0.0,20.72,0.34278418402333827,40.315820260778935,43.78740293213461,0.0,0.0,3.747172914702317,28.586052389705884,56.63636363636363,0.0,0.0
595177.09_6138234.86,0.0,0.0,5.19,0.0,20.72,0.0,38.632672351601684,46.74312006529569,3.4675880833066386,0.0,3.9002299589269303,29.506891587201288,56.63636363636363,19.790645028420148,0.0359352996148257
594311.07_6138234.86,0.0,0.0,18.11,0.0,35.17,5.62343786926416,41.84686650338599,45.27576535611858,0.0,0.0,4.192844166475184,29.324712579900567,56.63636363636363,0.0,0.0
595554.75_6138449.41,0.0,0.0,5.19,0.0,20.72,6.291462589537285,44.93884275630273,40.328490901541834,0.0,0.0,3.746717701787534,28.6319580078125,56.63636363636363,0.0,0.0
594744.08_6138484.86,0.0,0.0,19.49,52.55,51.65,0.12002233285145611,36.96078171837646,50.828864203921896,11.73073354694988,0.0,4.1467165265764505,30.316850662231445,56.63636363636363,48.3747066172611,0.023280590197182413
594311.07_6138734.86,0.0,0.0,17.09,86.45,88.1,3.133409726819514,37.26574943941638,51.50790881781244,20.346651599168347,0.0,4.192844166475184,29.719626686789773,56.63636363636363,71.07296810557321,0.02320244239226949
595177.09_6138734.86,0.0,0.0,2.19,0.0,32.06,0.7776809002300427,38.23295956916139,47.83229709271662,13.063158655079743,0.0,3.8929923562442554,28.942429486443014,56.63636363636363,34.40609843678712,0.03581426865559542
592579.02_6138734.86,9.38,17.51,48.17,61.09,60.04,9.221427146736065,34.35492916867235,59.42180469413862,58.98423166038875,0.0,4.192844166475184,31.256046070772058,56.63636363636363,39.46886129399838,0.7707798331920317
591712.99_6138734.86,39.31,63.26,69.88,60.69,59.65,12.541288042990326,29.572767166793888,66.35572867445686,71.5327791263567,0.0,4.192844166475184,33.83998431581439,56.63636363636363,199.94868205301597,0.7707798331918672
591279.98_6138984.86,54.94,68.54,77.14,59.79,61.76,0.33601894208370303,16.766133430572257,80.46683514631546,99.86703984486374,0.0,4.1928440217048895,35.863029928768384,56.63636363636363,2.117192453153596,1.0
592146.0_6138984.86,16.99,34.4,52.88,59.99,58.97,3.5820040172854846,27.220305916819896,66.62665725474112,67.6314835677835,0.0,4.192843845912388,32.43951970880682,56.63636363636363,410.0234398360255,0.6450753112161838
592579.02_6139234.86,3.77,6.87,40.17,77.08,75.76,1.0767205876101145,39.40005862012503,48.16397341350157,5.022599443284833,0.0,4.192844166475184,30.396936753216913,56.63636363636363,16.877374726466993,0.03888849835481953
591712.99_6139234.86,7.53,49.53,56.21,0.0,30.5,4.152433004638711,25.639400282565806,68.65356242325443,68.28786033588304,0.0,4.192844166475184,33.75023304332387,56.63636363636363,84.47755519005037,1.0
591279.98_6139484.86,4.59,7.36,46.62,0.0,0.0,7.111020979199677,26.542444887962922,68.47007225441571,74.72707591204099,0.0,4.1928440217048895,33.152932559742645,56.63636363636363,0.29400593399141045,1.0
592146.0_6139484.86,7.53,8.93,47.43,0.0,31.62,30.857534433311436,58.479488344795094,34.68951490376945,10.27590629151283,0.0,4.192843845912388,30.370625813802082,56.63636363636363,0.0,0.0
592579.02_6139734.86,4.88,9.67,41.91,0.0,43.34,8.225868207347885,41.1174872127086,47.91430807890214,13.745281056617529,0.0,4.192844166475184,29.99733599494485,56.63636363636363,159.0232442890605,0.012382820463216725
591712.99_6139734.86,7.06,8.71,50.13,0.0,29.28,9.346536479715828,44.04436750602314,48.23549160496511,28.428554988912975,0.0,4.192844166475184,31.823867335464016,56.63636363636363,0.15038746901468322,1.0
593012.03_6138484.86,3.73,6.79,34.16,51.13,50.26,44.24397742217051,58.77063526330771,34.35698419603113,7.123005081937012,0.0,4.192844259327855,28.82942940848214,56.63636363636363,7.613759365368965,0.048264579721013626
593445.04_6138734.86,0.0,0.0,26.02,59.58,58.56,37.64279288184167,54.77057182419011,37.738159742167134,7.43575107214787,0.0,4.192843914031982,29.531158447265625,56.63636363636363,56.47670674378348,0.10679343833176143
593012.03_6138984.86,0.0,5.35,32.2,87.39,85.89,8.159737483989069,38.39839806237272,51.264743761891026,21.762233045826402,0.0,4.192844259327855,30.34044712611607,56.63636363636363,90.4674147173642,0.024169664280805574
593878.05_6138984.86,0.0,0.0,19.5,54.5,58.53,0.6899712163350712,37.64982288280284,49.75582752108493,10.007744816057215,0.0,4.1928440217048895,29.73813045726103,56.63636363636363,49.44586423228261,0.023330873840884947
593445.04_6139234.86,0.0,0.0,26.94,63.39,62.3,0.0,38.7517617211005,47.85437923962146,1.546689478326449,0.0,4.192843914031982,29.697919845581055,56.63636363636363,33.101087952108095,0.013310868483074834
593012.03_6139484.86,0.0,0.0,33.76,71.19,69.96,0.0,38.41951310347611,48.349482091668605,4.143747809479324,0.0,4.192844259327855,29.60607212611607,56.63636363636363,45.314407646224296,0.010071211516743065
593878.05_6139484.86,3.76,8.73,26.3,0.0,0.0,3.2357504512495616,40.137841607596684,46.965319912517316,3.816106394978781,0.0,4.1928440217048895,29.36618939568015,56.63636363636363,38.01162371716181,0.008099346584155943
593445.04_6139734.86,0.0,0.0,30.72,0.0,18.03,0.0,39.020365844510565,47.43177292598627,0.34228707679296677,0.0,4.192843914031982,29.607486724853516,56.63636363636363,0.0,0.0
593012.03_6139984.86,5.56,10.17,38.97,0.0,0.0,2.311793987111365,37.19869619250066,50.91124568886776,13.073190716037994,0.0,4.188589688005118,30.366891043526785,56.63636363636363,146.38226812346866,0.011340715371015591
593878.05_6139984.86,0.0,0.0,27.06,0.0,0.0,1.7339946320336534,38.18510048949502,49.37825734085655,11.455458547916946,0.0,4.1900905486076105,29.457677504595587,56.63636363636363,74.42255397192211,0.011031398351919585
595425.89_6138873.41,0.0,0.0,1.8,0.0,22.46,64.2833221116696,76.50931191830173,17.89768622351187,0.0,0.0,3.7514569759368896,28.708560180664062,56.63636363636363,159.90634801024558,0.07059701787034918
594744.08_6138984.86,0.0,0.0,9.71,51.16,50.28,0.0,35.41156441578962,52.80038124000357,26.14019481153783,0.0,4.142606462751116,29.159343719482422,56.63636363636363,181.77487502582463,0.016444304890606016
594311.07_6139234.86,3.4,8.4,16.79,0.0,0.0,0.0,39.49578489291441,46.85324886561117,2.824914168419219,0.0,4.192844166475184,28.79470917672822,56.63636363636363,15.10399663727657,0.01936688262502826
595128.91_6139216.13,5.44,10.08,14.24,0.0,0.0,9.272988818664011,48.40078996570137,38.40139000055906,0.20680498936665329,0.0,3.914954594203404,28.58861041891164,56.63636363636363,0.0,0.0
594744.08_6139484.86,10.69,13.11,21.23,0.0,0.0,2.6219048204704336,41.23186736723822,44.955106396508995,0.0,0.0,4.138499941144671,28.658170700073242,56.63636363636363,0.0,0.0
594311.07_6139734.86,5.78,10.32,24.03,0.0,0.0,14.171962007106433,43.8101944893524,45.45142847172082,12.610797780677153,0.0,4.192844166475184,29.08514034386837,56.63636363636363,66.37901094009457,0.00663878053503494
595043.67_6139685.92,17.79,15.98,20.75,0.0,0.0,21.764145487650595,48.731053802509,42.16146803024662,21.089685748765298,0.0,3.9747736313763786,28.887190077039932,56.63636363636363,8.642050971870251,0.06665030968262786
594743.9_6139984.85,8.34,11.9,19.84,0.0,0.0,4.925899420126281,37.23775523161344,52.15108437706715,30.924286786225718,0.0,4.133847645350865,29.269811630249023,56.63636363636363,374.96958836223814,0.009659324238222567
591279.98_6139984.86,38.63,67.37,67.37,63.9,68.17,11.228776360296226,49.51867746425053,40.44910364958075,4.128840602024815,0.0,4.1865121164629535,30.919293571920957,56.63636363636363,0.26758421186200626,0.6903306721337903
592146.0_6139984.86,12.82,24.59,50.27,0.0,31.0,21.53633851099509,57.67386479144088,35.000128563091785,14.617644217367843,0.0,4.18724114554269,30.139602198745266,56.63636363636363,33.66937991765054,0.12744081198184345
592579.02_6140234.86,11.2,18.28,44.74,0.0,23.26,15.975493696981616,34.40869715393422,60.33285702403198,69.32834522770933,0.0,4.135551003848805,30.761776194852942,56.63636363636363,1268.3901987329125,0.009967884123352108
591712.99_6140234.86,19.84,25.0,54.08,48.06,50.77,10.1351205324488,33.5727998778322,60.21508552077701,61.0387653176518,0.0,4.131552303538603,31.736183860085227,56.63636363636363,44.78651472476455,0.5050210417092675
591279.98_6140484.86,58.82,83.21,83.21,82.65,81.23,22.01684909819174,37.7729168790674,56.67143164241203,55.58864475545422,0.0,4.034456068469632,32.02642463235294,56.63636363636363,3955.6761050520868,0.49965117637715234
592146.0_6140484.86,18.9,29.58,59.46,0.0,30.75,37.03332601783772,52.85425370182505,41.946680966021546,34.523908798255476,0.0,4.041653769356864,30.540534741950758,56.63636363636363,46.37527921764637,0.2730698630559904
592579.02_6140734.86,0.0,20.84,41.75,0.0,0.0,11.314071458725834,39.59862032707503,50.834469939392214,37.25639161847908,0.0,3.9456401151769303,29.939419017118567,56.63636363636363,388.2230850030096,0.00992676523029149
591712.99_6140734.86,62.45,81.49,81.49,60.49,64.7,17.529601172355708,35.16575608875498,58.28543565555751,58.65722818870934,0.0,3.938385009765625,31.71505089962121,56.63636363636363,21.919166270379908,0.49964018494711276
591279.98_6140984.86,52.89,90.63,90.63,64.73,69.16,16.79450865409555,33.68257774371763,59.89672424046771,60.438510073264474,0.0,3.83520753922001,32.816488826976105,56.63636363636363,4156.655770913446,0.499651176377057
592146.0_6140984.86,35.0,67.7,67.7,41.26,44.13,53.334477984427885,66.1356974309307,29.018200134453053,18.757343772863873,0.0,3.8424061366489957,29.977897875236742,56.63636363636363,52.05435945515248,0.24392762750584923
594937.66_6140188.72,5.7,10.27,15.17,0.0,0.0,55.93030751562181,80.00304086560587,15.713125093138839,0.0,0.0,4.037896474202474,28.93865748814174,56.63636363636363,41.78631817568351,0.19843916401748052
594311.07_6140234.86,3.53,8.52,12.59,0.0,0.0,29.28004891731521,52.38084479606058,37.74397033727998,0.0,0.0,4.1469870174632355,29.095453435724433,56.63636363636363,0.0,0.0
594732.38_6140485.82,3.37,8.37,12.37,0.0,0.0,3.203797195907342,41.795726517524855,45.27878815520708,9.774343288003415,0.0,4.059840338570731,28.763071060180664,56.63636363636363,19.44803579535616,0.01993687648605654
594311.07_6140734.86,0.0,0.0,8.57,0.0,0.0,0.0,39.13602855719269,46.319063145226465,3.1952709681145155,0.0,3.960256239947151,29.076364228219695,56.63636363636363,20.890017390664934,0.019765760515456823
594958.42_6140760.79,0.0,0.0,8.93,0.0,0.0,14.29530757136501,46.284439611000636,40.87208541644715,0.0,0.0,3.985896519252232,28.69013214111328,56.63636363636363,0.0,0.0
594722.09_6140959.7,0.0,0.0,8.93,0.0,0.0,2.9025180529027312,42.66955297947471,42.58498147394772,0.0,0.0,3.883943786621094,28.5821427970097,56.63636363636363,0.0,0.0
594309.49_6141232.83,0.0,0.0,12.07,0.0,0.0,3.8045482216473387,41.21107176245367,43.85451452382671,2.351674583014493,0.0,3.7814914478975186,28.890062736742426,56.63636363636363,0.28865463190475976,0.950372033820714
593445.04_6140234.86,4.82,9.62,33.01,0.0,0.0,0.08499808827161447,39.047212494802444,47.18170726567792,0.0,0.0,4.141127586364746,29.667760848999023,56.63636363636363,0.0,0.0
593878.05_6140484.86,0.0,0.0,11.49,0.0,0.0,0.16933894547742814,38.061840129612186,48.336896529720626,6.313108195934738,0.0,4.056224453833796,29.688130098230697,56.63636363636363,26.720037001938035,0.019248583193515665
593012.03_6140484.86,9.48,16.98,38.37,0.0,0.0,0.0,33.28587676366487,55.34519914084284,28.972190082660422,0.0,4.048793661183324,30.728138950892856,56.63636363636363,339.06045264129415,0.013299634113667354
593445.04_6140734.86,0.0,0.0,19.71,0.0,0.0,0.3188363282272456,36.2709628638335,50.605636473354934,13.339193996473178,0.0,3.952789545059204,30.45366859436035,56.63636363636363,45.17485736508602,0.01910889070136123
593878.05_6140984.86,0.0,0.0,12.07,0.0,0.0,0.0,37.29145746706715,48.524898337594294,9.17334480886856,0.0,3.8569788778981855,29.915805592256433,56.63636363636363,25.387454604961064,0.03566714341931583
593012.03_6140984.86,9.56,17.14,33.46,0.0,0.0,0.0004920405806032894,37.95978360027007,47.47330766614035,4.623560853012565,0.0,3.8495472875134698,29.97257254464286,56.63636363636363,12.14336701410879,0.019387495715361327
593445.04_6141234.86,0.0,5.37,22.92,0.0,0.0,3.2196655323407564,40.48260849993017,44.55207982143274,0.0,0.0,3.778783082962036,29.6027889251709,56.63636363636363,0.0,0.0
593012.03_6141484.86,2.6,13.8,32.54,0.0,17.46,5.051380855166397,40.55071224848596,45.03878166797009,3.7759767620218856,0.0,3.7492299573174837,29.793882533482144,56.63636363636363,4.326625925754924,0.04185700358593039
593878.05_6141484.86,0.0,0.0,10.98,0.0,0.0,40.277714308213284,57.7778740548077,31.968316335080498,0.0,0.0,3.7492299233713458,28.598033231847428,56.63636363636363,0.0,0.0
593445.04_6141734.86,0.0,0.0,28.21,0.0,0.0,47.43211643534241,60.358947690415064,30.51979267032532,0.0,0.0,3.749229907989502,29.035093307495117,56.63636363636363,0.0,0.0
592579.02_6141234.86,14.45,19.64,40.61,0.0,20.73,0.0,29.5957847019372,59.90120963471179,57.29319457012731,0.0,3.7753547219669117,29.98202694163603,56.63636363636363,584.3228182761385,0.019366538136701257
591712.99_6141234.86,29.73,64.55,64.55,56.17,58.36,30.3603421871857,46.866335572411586,47.89386182071912,55.77555784900453,0.0,3.7705544864430145,31.041748046875,56.63636363636363,72.45899898002452,0.4996511763769239
592146.0_6141484.86,3.83,6.65,40.92,0.0,34.29,11.507902188663158,44.35211341227147,41.77162111069427,0.1983410681674107,0.0,3.749229976109096,29.60113895300663,56.63636363636363,0.0,0.0
591279.98_6141484.86,29.27,68.8,68.8,81.68,83.62,18.658591984017114,36.02045632876846,57.179406589587366,62.60544808709204,0.0,3.7492299233713458,31.624260397518384,56.63636363636363,6988.607264144819,0.4996511763771523
592579.02_6141734.86,3.43,0.0,34.14,0.0,30.2,2.1184359416212106,39.22699105440397,45.906837209889574,3.994791691833556,0.0,3.749230104334214,29.736335305606616,56.63636363636363,42.45193592547406,0.019765760515456823
591712.99_6141734.86,19.2,41.21,53.11,51.39,50.51,25.309693763089815,52.99078333398206,36.264649119966926,8.618388546903105,0.0,3.749230104334214,29.39583703243371,56.63636363636363,36.88424856806272,0.04641533777671317
592146.0_6141984.86,15.76,41.42,52.64,64.01,62.91,32.742188462834605,47.80226739912686,44.73636374702651,31.956567252992535,0.0,3.749229976109096,30.984976103811555,56.63636363636363,575.1653768241899,0.04641533777673033
591279.98_6141984.86,26.95,53.66,61.85,66.08,64.95,42.64913047160071,62.108125365554145,31.329930385154658,18.27177719941205,0.0,3.7492299233713458,30.289967256433822,56.63636363636363,6.074696483000404,0.4996511763770569
592579.02_6142234.86,18.05,33.5,48.77,0.0,35.19,1.5123367431607095,28.04524702895171,62.67963796684004,60.934368474710865,0.0,3.749230104334214,31.708460190716913,56.63636363636363,256.9151784955283,0.046415337776725435
591712.99_6142234.86,30.28,56.05,61.5,45.41,44.63,6.917099518020691,33.05774856204861,57.39038048583937,51.52009832628741,0.0,3.749230104334214,31.179132634943183,56.63636363636363,1078.0449096638024,0.04641533777671583
594603.3_6141277.22,0.0,0.0,12.07,0.0,0.0,14.689942756764104,46.820657331662424,39.21047164168337,0.0,0.0,3.749230146408081,28.349369049072266,56.63636363636363,0.0,0.0
594193.2_6141640.66,0.0,0.0,7.93,0.0,0.0,55.90373057819457,64.47292202703316,27.439354359655212,0.0,0.0,3.749229907989502,28.63640785217285,56.63636363636363,0.0,0.0
595167.01_6142478.8,0.0,0.0,0.0,0.0,0.0,4.983043934651992,42.48264865715857,42.54526269636491,0.0,0.0,3.8207521438598633,28.450576782226562,56.63636363636363,0.0,0.0
594776.58_6142660.51,0.0,0.0,0.0,0.0,0.0,7.84557448281291,40.960705589833054,45.61082486832474,11.4570657768689,0.0,3.769276428222656,29.39385223388672,56.63636363636363,3.4963430802944093,0.0
591712.99_6136234.86,42.87,70.6,75.77,38.96,46.28,3.9410400330140476,23.125193699402544,72.95883830129696,93.04015216549129,0.0,4.192844166475184,32.84610262784091,55.5,753.5855455426021,0.1066223023227024
592579.02_6136234.86,28.89,49.03,59.83,41.61,40.9,3.503269804393419,13.958491883060978,84.15520814793284,76.75545882211962,7.171043850565089,4.192844166475184,33.800910500919116,55.924528301886795,205.09103752813385,0.13569275294706257
591279.98_6136484.86,0.0,57.83,63.45,0.0,0.0,21.948098681184668,53.131785181477376,38.72318194123967,8.12673938801435,0.0,4.1928440217048895,29.22752290613511,56.63636363636363,145.62105972110774,0.10734295474918001
592146.0_6136484.86,42.81,63.49,67.83,34.86,41.5,12.774463130307057,28.592912425560694,67.73243359713116,77.81744174258873,0.0,4.192843845912388,33.21151825875947,55.5,389.1574997668323,0.13365130967825023
591712.99_6136734.86,30.52,55.41,62.65,0.0,23.49,33.152231700241494,54.67959729673454,39.72743415149779,22.33680360456046,0.0,4.192844166475184,30.585325298887312,56.63636363636363,96.09942453513915,0.10727855760397173
592579.02_6136734.86,48.0,62.72,67.14,80.16,78.79,17.28587117592202,31.26716676370061,65.12191017795745,68.73712410933804,0.0,4.192844166475184,32.864430147058826,55.5,5244.692713347053,0.1403635596760831
591279.98_6136984.86,0.0,39.4,57.33,0.0,0.0,10.314409699918045,43.508341544565745,45.66679876444215,10.115423230363833,0.0,4.1928440217048895,29.999271168428308,56.63636363636363,29.20561918294594,0.6612298942133064
592146.0_6136984.86,22.86,56.51,61.27,58.95,57.94,6.320094313048272,25.48779695146179,70.20826573360296,86.32392113448698,0.0,4.192843845912388,32.271536162405305,56.63636363636363,5353.44322109859,0.13652797649271048
591712.99_6137234.86,6.16,38.33,52.92,69.09,67.9,15.814039753871395,32.24136857566996,63.74045607009962,74.0001145227744,0.0,4.192844166475184,32.23459694602273,56.63636363636363,16.595400568171435,0.1394689669861897
592579.02_6137234.86,22.8,58.6,63.23,51.97,51.08,11.782012079005431,30.003543911723966,65.4039422949443,73.79006990236198,0.0,4.192844166475184,32.24623018152573,56.63636363636363,1332.768604097949,0.1403635596760902
588248.89_6137234.86,69.21,90.41,90.41,74.86,75.62,6.817215625977088,24.48201896693132,70.22783744225424,91.68407285609482,0.0,3.8757036994485294,32.44705107717803,56.63636363636363,3054.8546276846732,0.05552927007618064
589114.91_6137234.86,55.4,77.92,77.92,75.62,74.33,6.533173000179235,26.887983955425305,67.97018231937354,80.55072061882466,0.0,4.162603041704963,31.838057084517047,56.63636363636363,15710.810260964668,0.3646856496337406
588681.9_6137484.86,90.62,96.19,96.19,79.02,77.67,3.8617785772892717,24.26970028655033,70.00637039450658,85.65865280445423,0.0,3.9942732780210433,32.33407772288603,56.63636363636363,6829.454102436129,0.30982628020693903
589547.93_6137484.86,44.39,58.82,66.69,90.34,88.79,4.709898547310126,23.611386472890903,71.96156249282626,83.03479393808743,0.0,4.192843845912388,33.68462949810606,56.63636363636363,104.35844738324312,0.31406922484681776
588248.89_6137734.86,60.92,81.8,81.8,75.62,74.33,0.0,19.340944152106427,75.41721186137381,100.0,0.0,3.8766066607306984,33.244791666666664,56.63636363636363,1788.7633574002587,0.0773462966624015
589114.91_6137734.86,36.63,73.79,73.79,75.83,74.53,9.818978418218691,25.56862043591071,70.8642395400737,89.49901234570356,0.0,4.164578606100643,32.978108723958336,56.63636363636363,2774.0564415433073,0.31406922484681776
588681.9_6137984.86,77.06,85.6,85.6,73.26,72.0,3.3769980744996384,22.324445723868592,72.64433933780084,90.1426956549043,0.0,3.9989070277060232,33.29155862742457,56.63636363636363,8899.59766519286,0.34095129040790306
589547.93_6137984.86,27.68,76.93,76.93,72.56,71.31,0.0,17.770416284722444,78.88745436505509,97.57841950871338,0.0,4.192843845912388,35.07300544507576,56.63636363636363,0.9408094423410331,0.31406922484680166
588248.89_6138234.86,60.82,81.65,81.65,60.06,63.72,0.17259905978051637,19.30635000408241,75.51921331716946,99.99999764349575,0.0,3.8775096220128678,33.34751568418561,56.63636363636363,2144.9444827258058,0.20341725257590876
589114.91_6138234.86,44.73,73.54,73.54,66.98,66.47,6.9178665975787865,21.59898004318515,75.65667439369041,100.0,0.0,4.160120877352628,33.952463250411185,56.63636363636363,549.8220957943996,0.3273922792272026
592146.0_6137484.86,29.45,52.28,66.9,56.89,55.91,25.759013059990966,39.86354427126545,55.43957689574701,56.70289166077386,0.0,4.192843845912388,30.978597005208332,56.63636363636363,555.3332766927691,0.14036355967611308
591279.98_6137484.86,0.0,42.9,60.01,0.0,0.0,32.39880281520528,43.491846484082586,52.99246230242053,50.87389895083918,0.0,4.1928440217048895,32.24794993681066,56.63636363636363,7.965689455377079,0.2749571799109207
592579.02_6137734.86,54.16,57.9,68.8,57.48,62.44,18.00977842355947,38.022393743183045,55.57766308152188,48.603238556149904,0.0,4.192844166475184,31.037920783547793,56.63636363636363,2249.6364000038816,0.1403635596760831
591712.99_6137734.86,45.44,65.83,73.12,70.66,75.43,13.069941021948653,31.767817138381638,63.09983828564603,66.81946023402723,0.0,4.192844166475184,32.15233265269887,56.63636363636363,3421.2598849722126,0.14036355967605316
591279.98_6137984.86,44.38,72.25,72.25,64.72,64.75,10.197672816918402,41.851466842609376,52.217516566067346,40.42908365585323,0.0,4.1928440217048895,32.76095042509191,56.63636363636363,849.500234471575,0.6926409028567444
592146.0_6137984.86,35.57,51.0,64.4,52.98,56.81,45.18550502389104,52.8383186337377,42.9149117213813,32.48276889816046,0.0,4.192843845912388,30.344197591145832,56.63636363636363,3892.217306367381,0.14036355967610503
592579.02_6138234.86,17.08,42.22,53.48,0.0,36.63,28.078066973029532,53.420592337245175,37.569658466284345,1.9518636429521161,0.0,4.192844166475184,29.540771484375,56.63636363636363,69.9376328446955,0.14359201446434067
591712.99_6138234.86,47.06,66.78,74.5,67.05,71.74,14.972746624934954,33.31077574031136,62.08705944482874,66.04829604056448,0.0,4.192844166475184,32.416433623342805,56.63636363636363,8570.326350587602,0.141228951937024
592146.0_6138484.86,20.44,57.27,63.3,70.73,69.52,40.887554789628815,50.5307082456683,46.04079978446546,37.2811873120224,0.0,4.192843845912388,31.711936257102273,56.63636363636363,546.6593499944868,0.14952696119567538
591279.98_6138484.86,50.36,66.52,75.54,71.82,76.76,15.8442569166115,28.660136402984637,68.80875291065975,80.74432594782944,0.0,4.1928440217048895,34.7012939453125,56.63636363636363,27.115866725532065,0.770779833192264
589980.94_6137234.86,36.2,70.56,70.56,65.26,64.14,28.210737292453587,47.068832525002776,45.77835740168386,14.554497997267394,0.0,4.192844166475184,31.9718017578125,56.63636363636363,16.2940896813499,0.31694265810838435
590846.97_6137234.86,0.0,68.1,68.1,0.0,0.0,3.7266488168406173,32.81652363286533,57.88644353591666,32.40221441544087,0.0,4.192843914031982,32.231704249526516,56.63636363636363,4241.168807471537,0.5683974092140773
590413.95_6137484.86,53.3,87.12,87.12,56.02,59.54,9.99723663330165,32.067635611049,61.873852442106426,49.92136393729763,0.0,4.192844259327855,33.554408482142854,56.63636363636363,13947.078782870914,0.5561318356893299
589980.94_6137734.86,56.7,79.11,79.11,70.95,74.95,3.7973458549028076,19.670320726392784,77.44156673725583,97.9443308298408,0.0,4.192844166475184,34.78938203699448,56.63636363636363,1680.6875025620352,0.5498860877696263
590846.97_6137734.86,56.99,79.95,79.95,94.42,92.8,13.021595075455297,31.718721642227838,63.84408221123614,60.44775477107985,0.0,4.192843914031982,34.367794152462125,56.63636363636363,18.799891503375797,0.7707798331921745
590413.95_6137984.86,76.41,88.22,88.22,83.67,82.24,22.40570215538954,30.473226601311183,67.66273333600347,74.90819760747398,0.0,4.192844259327855,35.6837158203125,56.63636363636363,0.3225820394221186,0.5561318356893016
589980.94_6138234.86,61.74,86.78,86.78,52.61,51.71,0.0,16.619494905798945,80.50230376919077,99.5406440971403,0.0,4.192844166475184,35.85882927389706,56.63636363636363,649.8865850242403,0.5561318356893583
590846.97_6138234.86,51.05,74.57,74.57,64.59,63.48,19.770103284563042,32.11499710587371,64.87140041149327,67.66476817288373,0.0,4.192843914031982,34.90275804924242,56.63636363636363,18.91611591463886,0.7707798331921456
590413.95_6138484.86,89.59,91.49,91.49,86.27,84.79,1.0217762071783176,17.14836887122403,80.07758243300289,99.20368537511094,0.0,4.192844259327855,35.8305419921875,56.63636363636363,8.894725351712376,0.7549817405758329
589980.94_6138734.86,56.72,86.95,86.95,69.08,67.89,0.11195614454805002,17.798470378998037,78.84131523499286,96.04694118088693,0.0,4.192844166475184,35.31942210477941,56.63636363636363,1356.1877210564296,0.5555343604996241
589547.93_6138484.86,51.58,75.78,75.78,66.54,72.25,0.06262996936176955,18.080092792289086,78.53064419874862,99.25158287877365,0.0,4.192843845912388,34.560805812026516,56.63636363636363,178.45421815834996,0.32031095108103036
588681.9_6138484.86,61.09,83.81,83.81,62.88,67.45,2.5622975418490475,19.838506528824862,76.4334432425924,100.0,0.0,4.003534870762979,34.18849451401655,56.63636363636363,1746.1069377611807,0.37505963774530027
588248.89_6138734.86,70.36,86.86,86.86,65.35,71.55,0.21768104376147066,18.535613431345684,76.58263918768921,100.0,0.0,3.878412134507123,34.08692515980113,56.63636363636363,14993.231140478523,0.06475560099029568
589114.91_6138734.86,77.04,87.4,87.4,62.78,67.99,9.75182825531295,26.28117273863002,69.74687944274469,84.04990048691067,0.0,4.168206607594209,33.09189675071023,56.63636363636363,5833.769022693369,0.31370812701607453
589547.93_6138984.86,61.0,81.27,81.27,69.71,68.51,12.833776939691194,27.879177899881284,68.47197886888073,77.79411312511017,0.0,4.192843845912388,33.80921519886363,56.63636363636363,387.66304690111457,0.37930359844616723
588681.9_6138984.86,66.72,87.04,87.04,79.29,77.93,0.05964430871372076,17.69872382562625,78.2477975019123,100.0,0.0,4.0081792031565024,34.805419921875,56.63636363636363,1136.383779045895,0.30206038169320526
588248.89_6139234.86,82.75,90.79,90.79,77.11,77.79,0.06405674218527278,17.787238360794973,77.55658416761774,99.9856452850558,0.0,3.8793182373046875,34.72654030539773,56.63636363636363,3512.407466149213,0.24874040477350412
589114.91_6139234.86,82.54,89.78,89.78,81.18,79.78,0.34988354691745505,19.443699900504352,76.49177120028111,92.86243997201613,0.0,4.170024647432215,34.34934673887311,56.63636363636363,11159.753481145975,0.22006690173354193
588681.9_6139484.86,70.89,87.45,87.45,99.82,100.0,0.03381958528243455,17.43727947890404,78.59602748220055,99.27134859060006,0.0,4.0128218127835185,35.14748965992647,56.63636363636363,8858.342543156909,0.26229423657281503
589547.93_6139484.86,56.0,72.09,78.53,76.0,74.69,4.839385350064726,24.15342167301529,72.54710490608419,88.39219481294637,0.0,4.192843845912388,33.569210168087125,56.63636363636363,2594.845306189529,0.506195639651367
590846.97_6138734.86,48.74,64.08,73.98,46.94,52.06,1.7124786431818289,25.26674550854402,69.22663048638779,65.54537993945054,0.0,4.192843914031982,35.10280539772727,56.63636363636363,22.248673013079102,0.7707798331921745
590413.95_6138984.86,57.43,80.69,80.69,56.62,62.48,8.107583487854193,23.724770119098427,72.91162014633217,83.97966043434127,0.0,4.192844259327855,34.87443498883928,56.63636363636363,10391.266450028656,0.7278227371989902
589980.94_6139234.86,57.17,81.69,81.69,88.9,87.37,0.29817679642235667,18.261475453993896,78.33575520688318,97.58885456555252,0.0,4.192844166475184,34.75177360983456,56.63636363636363,3311.7885077268425,0.650488503093648
590846.97_6139234.86,52.14,82.14,82.14,69.0,73.42,11.483855612487059,25.807261685493543,70.895921975692,77.88587813044366,0.0,4.192843914031982,35.18950121330492,56.63636363636363,7812.767158527594,0.833640266884091
590413.95_6139484.86,48.68,64.62,72.79,52.15,57.25,0.940743667542896,18.432044836119527,78.38876052339606,100.0,0.0,4.192844259327855,34.517180524553574,56.63636363636363,8525.430586669841,0.7707798331920317
589980.94_6139734.86,36.46,58.5,64.94,78.21,76.87,25.562096197520397,38.55843079590423,57.87800059204948,55.469571299653666,0.0,4.192844166475184,33.001425350413605,56.63636363636363,1117.8843383496906,0.7707798331920317
590846.97_6139734.86,44.66,23.5,49.17,48.17,52.07,2.3362205341144326,27.828647843437242,64.79242912642782,55.38599107659869,0.0,4.192843914031982,32.87028734611742,56.63636363636363,584.8770077238368,0.8336402704214099
590413.95_6139984.86,38.83,51.32,65.44,59.37,59.41,1.956827825358318,24.5428023878714,69.85504257746125,77.34205857538825,0.0,4.183637421706627,32.82914690290178,56.63636363636363,1979.460642891299,0.7707798331919924
589980.94_6140234.86,59.23,65.54,73.99,86.45,91.78,7.349181765474092,33.83203450871259,59.72714491633423,42.04312438243274,0.0,4.118983549230239,33.402411965762866,56.63636363636363,0.0,0.0
590846.97_6140234.86,57.28,77.29,77.29,82.65,81.23,2.897712341252638,31.87642832558597,61.54141562263413,64.7889246204976,0.0,4.125730037689209,31.81881066524621,56.63636363636363,3.846824488064759,0.4996511783373349
588248.89_6139734.86,85.21,87.29,87.29,87.66,89.37,0.5596432100846271,20.4257720380176,74.2504700706786,87.81404846425524,0.0,3.8802211985868564,35.09473396070076,56.63636363636363,5778.657714233858,0.2650228259832935
589114.91_6139734.86,50.26,81.04,81.04,56.6,55.63,11.70199759905965,28.116955779695264,68.02066969996379,74.56603370855498,0.0,4.17184134090648,34.361209753787875,56.63636363636363,6597.4926553249015,0.1983680432335184
588681.9_6139984.86,59.32,82.76,82.76,54.76,62.76,1.2525361084745903,21.958586669880496,72.85302256563281,83.21693154552571,0.0,4.01124031313004,34.66161750344669,56.63636363636363,3869.5141376834167,0.216455765767892
589547.93_6139984.86,33.51,59.0,66.3,58.26,57.27,4.834358480896904,34.17171476191017,58.076016068840886,35.55853548541459,0.0,4.180576869419643,32.87404563210227,56.63636363636363,121.38625085205625,0.20653646219588198
588248.89_6140234.86,59.48,84.95,84.95,56.11,57.52,0.9490338244558759,18.921276324418034,75.88671947214338,91.23657669408807,0.0,3.8439079733455883,35.32333836410985,56.63636363636363,9736.155139540673,0.2077916643457688
589114.91_6140234.86,50.28,63.56,73.49,38.73,44.02,2.05919058698417,19.18746018715696,77.1691020499303,97.28750753527767,0.0,4.1035928165211395,34.62990500710227,56.63636363636363,6099.047462324531,0.20776559960995514
589547.93_6140484.86,41.14,60.02,67.86,45.56,49.87,9.06784621523229,25.126282364885682,70.42967891350543,83.08833201247435,0.0,4.020292282104492,34.03602183948863,56.63636363636363,219.04055093375047,0.1864890097605499
588681.9_6140484.86,79.1,90.13,90.13,84.11,91.36,0.3275720704437658,20.211277782244526,74.16126756936123,85.74947302594319,0.0,3.9242664460212953,34.676581887637866,56.63636363636363,1532.5866014412948,0.19768568498217454
589114.91_6140734.86,47.42,74.37,74.37,67.33,66.18,4.208228024658205,21.740130825852148,73.32768399380417,91.07109267434977,0.0,3.913189607508042,34.03942131273674,56.63636363636363,2640.747376812441,0.2159814253315684
588248.89_6140734.86,100.0,97.19,97.19,74.47,77.53,0.7945145684990961,19.938874226068215,74.0146074413738,88.69304604568508,0.0,3.758999319637523,34.685421105587125,56.63636363636363,5923.186395406554,0.21750392903636193
590413.95_6140484.86,50.2,76.6,76.6,78.97,78.26,12.687464065981139,32.629138667163424,61.63164863805448,64.76685027481462,0.0,4.027232202990302,32.63598981584821,56.63636363636363,6600.848804036887,0.4996511763770019
590846.97_6140734.86,65.72,88.95,88.95,91.4,89.84,16.081525050631768,31.125899098928915,63.95649203401346,79.39954650728059,0.0,3.9311251640319824,31.996086351799242,56.63636363636363,12030.160737178438,0.4996511763770944
589980.94_6140734.86,52.84,66.96,77.59,81.07,79.68,0.0,18.2902277721472,77.40089569067268,99.86473641442436,0.0,3.9241754868451286,34.60556568818934,56.63636363636363,0.0,0.0
590413.95_6140984.86,52.92,46.55,69.55,73.42,72.16,40.904419424742905,56.00762136007285,39.73791116011075,27.237402539682336,0.0,3.828192875303071,31.74545200892857,56.63636363636363,348.10862137116595,0.4996511763769764
589980.94_6141234.86,39.6,58.99,67.42,40.21,45.17,19.934320948204245,31.87172279860681,63.61982483298798,78.12796386585634,0.0,3.7655226763556984,33.39674287683823,56.63636363636363,7691.799636353943,0.2159814253315794
590846.97_6141234.86,11.86,80.89,80.89,0.0,0.0,34.367674240974246,50.64622511497333,41.45154409583741,19.17585795735873,0.0,3.7679495811462402,31.346206202651516,56.63636363636363,72.72962984957132,0.4996511763770757
590413.95_6141484.86,29.48,49.72,70.91,55.13,58.88,18.985104705046076,40.969550551190665,49.01575523210319,22.083572330605346,0.0,3.7492299573174837,32.3004638671875,56.63636363636363,21.24210691410598,0.49965117637700185
589980.94_6141734.86,29.76,46.64,67.44,50.44,52.4,52.47927699750936,55.67643499563395,38.989696370003294,23.20794268132332,0.0,3.749230104334214,32.0293399586397,56.63636363636363,86.56427838532596,0.4268307299732329
590846.97_6141734.86,35.26,47.06,70.38,62.95,61.87,17.319755914820615,39.62930578221655,52.27203253263134,38.96617557319396,0.0,3.749229907989502,31.998239228219695,56.63636363636363,8386.106413046182,0.49965117637709433
590413.95_6141984.86,48.69,46.32,65.55,62.76,61.69,16.46025320431275,31.822434433571768,62.928141383000714,73.10498571449602,0.0,3.7492299573174837,33.401803152901785,56.63636363636363,297.4329910443939,0.4996511763769764
588681.9_6140984.86,53.77,78.35,78.35,72.07,73.41,0.36386376664335507,18.594501736258184,76.13207157403383,100.0,0.0,3.774053265971522,34.13888011259191,56.63636363636363,2908.608267773368,0.21598142533155734
589547.93_6140984.86,57.32,70.23,78.87,66.59,65.45,3.2525408087702457,21.890070192794163,72.29840193835176,85.85673115223845,0.0,3.822403771536691,34.28252618963068,56.63636363636363,4730.452285914193,0.21598142533155734
589114.91_6141234.86,74.62,86.42,86.42,93.58,91.98,0.0848754107754392,19.792548252755832,75.35396769442359,97.78584310822346,0.0,3.7588020773494946,34.31365411931818,56.63636363636363,1526.3078120092523,0.21598142533157938
588248.89_6141234.86,68.88,86.21,86.21,70.16,75.5,0.0,18.1488070605809,76.183475075812,100.0,0.0,3.6847161685719207,34.36004823626894,56.63636363636363,2698.7922735329844,0.21598142533152048
588681.9_6141484.86,65.65,84.49,84.49,66.18,65.05,0.3827788525731728,19.282984916531305,74.8059006981321,97.16041010689473,0.0,3.7128633068453882,33.875987333409924,56.63636363636363,613.5069066485581,0.21598142533156836
589547.93_6141484.86,56.16,71.14,80.47,70.66,69.45,0.06609593927360137,20.50271289870578,72.99020663268291,88.67976869947466,0.0,3.749229976109096,33.86297052556818,56.63636363636363,199.3461696288891,0.2159814253315684
588248.89_6141734.86,70.75,87.06,87.06,70.79,73.5,20.80052430037532,28.800622601155325,67.85509949430295,100.0,0.0,3.6797251981847428,32.87455610795455,56.63636363636363,3137.384570807085,0.2159814253315092
589114.91_6141734.86,51.77,66.15,76.67,59.14,58.12,5.579271823189865,21.360111621780447,74.11898675332074,100.0,0.0,3.7461179845473347,34.006510416666664,56.63636363636363,6445.518273362213,0.2159814253315684
588681.9_6141984.86,57.34,78.47,78.47,72.39,75.13,0.16351117068890583,19.05255957317493,75.13531105035173,100.0,0.0,3.7140274047851562,33.58123420266544,56.63636363636363,1036.678073991765,0.21598142533155734
589547.93_6141984.86,44.3,62.19,70.22,41.98,46.54,53.83667084156241,56.10980662523719,39.55195483585954,39.18092357427045,0.0,3.749229976109096,30.33047392874053,56.63636363636363,99.2899869828586,0.17398390213777734
589114.91_6142234.86,50.02,60.46,70.36,67.79,70.83,14.36220646175708,29.80379479501777,64.5360667155971,82.23834653179875,0.0,3.7464942932128906,32.071980794270836,56.63636363636363,1440.6551669240212,0.15518554979683497
588248.89_6142234.86,42.13,60.38,66.64,46.6,45.8,0.7734429716568763,21.62849003818472,71.54719139275367,95.4677156164946,0.0,3.680135390337776,32.0919189453125,56.63636363636363,950.7865162132346,0.21598142533152048
588681.9_6142484.86,40.0,50.76,66.58,49.9,49.05,1.0888041146662029,25.1760451458965,66.71793860462994,78.58733496726464,0.0,3.7151319442256803,31.600226907169116,56.63636363636363,1294.9554121756426,0.21598142533156833
589547.93_6142484.86,29.25,53.26,60.68,46.12,49.26,50.08093855502879,60.02275715506124,32.048884115124984,5.356211037747423,0.0,3.749229976109096,29.836692116477273,56.63636363636363,223.74335238643437,0.14167510477230144
589114.91_6142734.86,0.0,0.0,0.0,0.0,0.0,45.6088784087285,54.11598160431377,39.605830778330365,24.890887743334886,0.0,3.7467263165642235,30.98561974727746,56.63636363636363,394.8556622199608,0.1541148955087541
588681.9_6142984.86,26.52,43.37,55.58,0.0,32.46,16.521747413295902,38.127979706250265,52.28226077210697,30.907215583765012,0.0,3.7161838162329888,32.69970703125,56.63636363636363,0.0,0.0
589547.93_6142984.86,14.5,35.11,54.15,63.29,62.2,11.502510012107301,34.53759507708242,57.18619979906826,56.40057317373337,0.0,3.749229976109096,31.238044507575758,56.63636363636363,193.91055318065733,0.09982690300450672
589114.91_6143234.86,14.67,25.25,51.67,57.06,56.08,22.527366592351626,44.640667627142314,45.18860844912671,12.043691928286995,0.0,3.7469323102165673,32.20842211174242,56.63636363636363,0.0,0.0
589547.93_6143484.86,12.03,22.46,45.96,52.03,51.14,3.73728015408752,36.51081559100254,51.34619717711731,21.756706449478173,0.0,3.749229976109096,31.76846590909091,56.63636363636363,114.95730196621653,0.07414245682357959
588683.95_6143486.66,32.21,48.44,48.44,0.0,0.0,1.5245244405190461,35.26220821267792,52.698262757010674,36.94721909237682,0.0,3.710833740234375,29.694223504317435,56.63636363636363,0.0,0.0
596412.16_6142686.16,0.0,0.0,2.29,0.0,0.0,0.0,39.4219521977074,45.348443197218856,0.0,0.0,3.848369598388672,29.282538277762278,56.63636363636363,0.0,0.0
596062.48_6142813.75,0.0,0.0,18.09,0.0,0.0,0.0,39.04417191400521,45.90845070016576,1.7580571522418695,0.0,3.848369598388672,29.375345865885418,56.63636363636363,9.664102627338112,0.0
596458.34_6142995.46,0.0,0.0,3.95,0.0,0.0,0.0,37.64918209845053,48.0244616268843,10.040104776999426,0.0,3.8483700222439237,29.452664283014112,56.63636363636363,57.31323151708189,0.0
596043.12_6143234.86,0.0,0.0,15.61,0.0,0.0,0.0,39.142610010881974,45.766794022580015,1.4585054705667915,0.0,3.84837007522583,29.32766076290246,56.63636363636363,13.991592944997786,0.0
596740.78_6143248.6,0.0,0.0,2.53,0.0,0.0,0.004503280343674504,36.98206941225042,49.12676141477473,17.313265529965697,0.0,3.848369598388672,29.00043663611779,56.63636363636363,238.5017011042462,0.0
596472.14_6143483.3,0.0,0.0,3.94,0.0,0.0,7.124217042090362,41.05737314604308,45.57757249401765,10.082535580052454,0.0,3.848369729929957,29.234283447265625,56.63636363636363,135.65753180699954,0.0
596043.12_6143734.86,0.0,0.0,18.5,0.0,20.98,0.0,39.118080010769255,45.80687600431039,0.9028786720628371,0.0,3.84837007522583,29.447948109019887,56.63636363636363,0.0,0.0
596383.29_6143933.11,0.0,0.0,3.91,0.0,0.0,4.7474976665523405,41.30671499680042,44.194242158039934,0.0,0.0,3.8483693976151314,29.454653785342263,56.63636363636363,0.0,0.0
596022.24_6144211.04,0.0,0.0,19.06,0.0,22.15,0.6580478507103873,39.92246498849611,45.1264785219511,0.0,0.0,3.848369852701823,29.56552937825521,56.63636363636363,0.0,0.0
593012.03_6141984.86,0.0,5.41,31.44,0.0,0.0,7.895836749553245,39.53876485798033,47.49485786468095,13.842325235461233,0.0,3.7492299573174837,30.37939453125,56.63636363636363,53.31070184856002,0.02762941280002648
593834.93_6141951.67,0.0,0.0,24.84,0.0,0.0,63.32454126573398,67.2211759463357,25.974690362190678,2.640136174913219,0.0,3.7492300415039064,28.699135109230323,56.63636363636363,13.781614450607607,0.05454090085898683
593445.04_6142234.86,9.99,21.38,40.04,0.0,0.0,1.218687846076349,37.64639123885038,48.712363687174644,10.786169579609854,0.0,3.749229907989502,30.374774932861328,56.63636363636363,27.250442532230313,0.018962536694452213
593012.03_6142484.86,14.49,24.07,43.1,0.0,20.65,0.0,29.507323482643134,59.84286768724398,45.371340602029285,0.0,3.7492299573174837,32.03098842075893,56.63636363636363,86.24168096842716,0.01892717088727864
593768.38_6142541.58,8.93,30.35,42.53,0.0,0.0,4.25470809046539,40.155982709065555,45.170292784963564,0.0,0.0,3.7492302788628473,30.330288696289063,56.63636363636363,40.9707710411268,0.025288126358941992
593445.04_6142734.86,31.91,47.08,53.4,0.0,28.17,6.414623928351817,28.212122396418003,63.896888206204885,69.8196755588588,0.0,3.749229907989502,32.03450393676758,56.63636363636363,687.3572631805313,0.003785218664799316
593012.03_6142984.86,48.5,56.69,62.99,44.48,43.72,3.240792788741416,20.917787733106476,73.9095719939152,95.80109586934645,0.0,3.7492299573174837,33.99542410714286,56.63636363636363,2577.385888355695,0.01813769634634832
593877.81_6142985.27,20.27,54.15,54.15,0.0,24.98,13.37226718657126,46.89098205127642,41.668822351795185,12.09842532173421,0.0,3.7492299233713458,30.455480238970587,56.63636363636363,178.26815633357583,0.0
593445.04_6143234.86,61.07,59.82,67.62,56.31,55.34,7.140776880749157,25.136485834534405,68.64660683181376,82.23822466699387,0.0,3.749229907989502,33.394134521484375,56.63636363636363,1554.2430841599592,0.0027809316036048505
593012.03_6143484.86,36.54,50.57,56.33,61.89,60.83,0.09132147816633088,23.912988536043265,67.94843963173695,73.03420861931723,0.0,3.7492299573174837,33.002162388392854,56.63636363636363,1514.0629417442597,0.018460865141903888
592146.0_6142484.86,29.01,52.32,64.36,69.38,68.19,2.1777910084770187,20.965880465382742,73.21442537672168,93.5294282106948,0.0,3.749229976109096,33.66920794862689,56.63636363636363,10207.728796936395,0.046415337776732984
591279.98_6142484.86,57.89,70.63,75.67,81.75,80.35,18.133705756379964,44.33175487052913,46.612684047390054,32.014478445669866,0.0,3.7492299233713458,31.22601318359375,56.63636363636363,31.63453157143386,0.22536409139203714
592579.02_6142734.86,26.53,39.19,55.32,49.23,48.39,0.8439371156434313,25.122586089318972,66.50588674451944,66.61502985438858,0.0,3.749230104334214,33.278797822840076,56.63636363636363,1643.55987314521,0.04568222882281317
591712.99_6142734.86,34.39,63.73,67.87,52.73,51.83,8.611257422975045,26.389611956965904,67.40259629100649,77.97864600801455,0.0,3.749230104334214,33.59470436789773,56.63636363636363,1288.5296342144732,0.04641533777671317
592146.0_6142984.86,45.59,62.97,66.31,67.95,66.78,6.0723288299359295,24.62097957398443,69.19392356477621,81.20300335771371,0.0,3.749229976109096,33.7880859375,56.63636363636363,7178.7204319858165,0.046415337776730334
591279.98_6142984.86,53.33,68.11,72.25,63.84,62.75,4.767437507784516,24.000542829075517,70.2996973948664,90.51853041017569,0.0,3.7492299233713458,33.36919806985294,56.63636363636363,945.9847333729695,0.0464153377767282
592579.02_6143234.86,26.23,44.59,51.62,66.96,65.82,0.402770540536557,26.95188301460639,63.745308801875765,55.45288780654995,0.0,3.749230104334214,33.19964240579044,56.63636363636363,701.303800736116,0.04104006742596254
591712.99_6143234.86,36.11,57.65,60.92,56.47,55.5,6.0129034616888175,21.704944771781335,73.33601105141564,96.82532878471727,0.0,3.749230104334214,33.955026337594695,56.63636363636363,2267.7830233834943,0.046415337776715845
591279.98_6143484.86,38.07,58.63,61.97,43.61,42.86,2.2678470862237945,22.532988501188616,70.86575583981927,87.93822173540975,0.0,3.7492299233713458,32.97110164866728,56.63636363636363,333.39612985098904,0.046399841453463694
592146.0_6143484.86,18.68,42.7,49.23,42.76,42.03,7.58296739481973,25.605023528221167,68.28843485865737,88.69923904855345,0.0,3.749229976109096,32.15109345407197,56.63636363636363,1227.6888320978005,0.046415337776732984
594332.16_6142824.59,8.89,12.2,39.9,0.0,0.0,1.8821066354132634,38.64174933554785,46.692652921011515,6.277928854694108,0.0,3.749230094577955,29.849048432849703,56.63636363636363,0.0,0.0
595154.01_6142757.27,3.21,8.22,26.87,0.0,0.0,0.5313200539137403,40.044559774750034,44.54401030780422,0.05149621294406156,0.0,3.821809176740975,28.90904288456358,56.63636363636363,0.0,0.0
594744.08_6142984.86,13.39,18.99,43.29,0.0,18.79,0.0,38.22227934595916,46.729620520651096,4.083941815489635,0.0,3.7679710388183594,29.79945182800293,56.63636363636363,6.500728925680747,0.0
595613.74_6143001.47,0.0,0.0,15.61,0.0,0.0,14.349348259450224,43.995725680441275,43.70913675340923,11.243937571827704,0.0,3.848285543507543,29.20908490349265,56.63636363636363,154.04389109348884,0.0
595177.09_6143234.86,5.24,9.93,32.48,0.0,0.0,31.668176544035042,52.0354622119723,37.826863230418546,7.904206765203956,0.0,3.8268876917221966,29.34211461684283,56.63636363636363,58.70068318693238,0.0
594311.07_6143234.86,23.79,39.99,53.11,0.0,29.24,37.89145861703106,50.79611809945669,41.43254753244572,25.330335078758324,0.0,3.749230104334214,30.395086115056817,56.63636363636363,160.33806804320213,0.0
594744.08_6143484.86,16.16,27.19,45.52,0.0,22.17,9.771795534094494,42.41273466187804,43.88951298057475,2.3131116150959854,0.0,3.7691773005894254,30.125240325927734,56.63636363636363,19.44328154276025,0.0
595610.1_6143484.86,0.0,0.0,18.5,0.0,20.98,10.206093074111296,43.77726130090159,42.45815675311604,0.11175337734782856,0.0,3.8483439478380927,29.352077708524817,56.63636363636363,0.0,0.0
595177.09_6143734.86,0.0,0.0,14.7,0.0,0.0,0.8853449175145331,38.720485404601334,46.69013614292429,5.828515208038871,0.0,3.828129487879136,29.501109403722428,56.63636363636363,42.002907862394835,0.0
594311.07_6143734.86,25.51,50.27,50.27,57.52,56.53,0.21566605457574672,25.216031725326282,66.07345984805919,67.7080074419955,0.0,3.749230104334214,32.62338349313447,56.63636363636363,1510.3432707812697,0.0
593878.05_6143484.86,48.1,64.67,64.67,42.44,41.71,38.33682768433844,45.19752623120752,49.840748748814455,51.277577936716526,0.0,3.7492299233713458,31.961713005514707,56.63636363636363,1958.0807192693565,0.0
593445.04_6143734.86,35.33,51.14,57.74,49.26,48.41,12.569449918982434,33.78293828532809,58.60251392790084,57.340156810661234,0.0,3.749229907989502,32.48961639404297,56.63636363636363,1305.0032486345924,0.007556668327273099
593012.03_6143984.86,0.0,0.0,31.33,0.0,20.17,0.0,37.17271463129039,48.09489204798101,4.458734241652692,0.0,3.7492299573174837,30.751238141741073,56.63636363636363,30.541569936949028,0.014270594605320923
593878.05_6143984.86,26.84,51.33,51.33,42.88,42.14,6.036666201692057,34.77011813002376,54.7518416318702,37.47947323018471,0.0,3.7492299233713458,31.749921013327207,56.63636363636363,984.8326961222049,0.0
593445.04_6144234.86,0.0,0.0,35.23,0.0,24.91,27.104960329723717,54.874006937478,34.78286261584087,0.2559700431774565,0.0,3.749229907989502,30.971115112304688,56.63636363636363,0.0,0.0
593878.05_6144484.86,0.0,8.04,38.56,0.0,24.81,2.847543558423568,40.61972539573247,44.149514223682,0.0,0.0,3.7492299233713458,29.347066243489582,56.63636363636363,0.0,0.0
593011.66_6144438.71,0.0,0.0,34.85,0.0,24.42,48.24405638942367,67.18230667011575,26.057919481684124,1.6347973908788658,0.0,3.7492299962926796,30.904282513786764,56.63636363636363,24.907505576118922,0.011562726977764157
594311.07_6144734.86,0.0,0.0,30.18,0.0,0.0,0.0,48.27956491671345,36.690823513509756,0.0,0.0,3.749230104334214,27.873603589607008,56.63636363636363,0.0,0.0
593509.81_6144679.59,0.0,0.0,33.29,0.0,19.04,25.692679308782644,53.06812195889129,36.73912738065886,5.578739281897479,0.0,3.7492301247336646,30.90741539001465,56.63636363636363,25.685679313633333,0.0
593878.05_6144984.86,0.0,0.0,30.18,0.0,0.0,3.0220942162491626,42.87534385830302,41.8046114741393,3.985237944426051,0.0,3.7492299233713458,27.650899251302082,56.63636363636363,7.536036208159978,0.0
591712.99_6143734.86,7.99,15.96,37.88,0.0,25.95,0.347857779533949,34.934353878003485,51.75507587267696,20.35963320127942,0.0,3.749230104334214,30.700474594578598,56.63636363636363,25.595275452026595,0.046415337776713174
592579.02_6143734.86,7.81,15.49,40.14,42.48,41.75,8.255173655218124,39.722001601922244,47.27996897655447,10.065200103853817,0.0,3.749230104334214,30.937934426700366,56.63636363636363,438.13701190431294,0.046415337776723076
592146.0_6143984.86,4.21,14.46,36.07,0.0,24.86,15.387215082846408,43.66999204465436,44.48264860529606,13.387201139057309,0.0,3.749229976109096,29.90869510535038,56.63636363636363,0.0,0.0
592579.02_6144234.86,0.0,0.0,26.95,0.0,0.0,1.5683084515246675,38.567996639627424,46.660993893576865,4.828494122030218,0.0,3.749230104334214,30.004984537760418,56.63636363636363,61.39578253100112,0.00839683386316053
591712.99_6144234.86,5.96,8.16,36.22,0.0,0.0,3.233847962225484,37.55985678774947,50.25309318362746,34.008917861537945,0.0,3.749230104334214,28.649030412946427,56.63636363636363,255.29045487051005,0.030886687293341143
592146.0_6144484.86,5.62,8.15,32.5,0.0,20.31,41.33506874076872,62.06519271087291,29.789757062682977,9.090115987357144,0.0,3.749229976109096,28.655392456054688,56.63636363636363,17.219274488800643,0.022717282864345646
591772.4_6144693.0,6.05,8.2,30.89,0.0,0.0,10.824895365884473,36.57979737906257,55.524401410297926,68.54639747371432,0.0,3.7492300180288463,29.344657802751783,56.63636363636363,729.4509176284658,0.030668763880025793
592539.95_6144705.94,5.01,7.62,23.17,0.0,0.0,51.8840170040835,71.3694508626923,21.884864929516144,0.012787826879765268,0.0,3.749229976109096,29.344657802751783,56.63636363636363,0.0,0.0
592163.64_6144934.72,8.26,9.26,28.15,0.0,0.0,7.591351038453525,55.49402386004504,32.46792552311552,0.4000630965203752,0.0,3.749230066935221,29.344657802751783,56.63636363636363,0.0,0.0
592452.73_6145027.71,5.01,7.62,23.17,0.0,0.0,30.419906715396994,68.4567751580176,22.561246374834855,0.0,0.0,3.7492301940917967,29.344657802751783,56.63636363636363,0.0,0.0
594744.08_6143984.86,0.0,0.0,14.7,0.0,0.0,0.0,36.54244144238458,49.22945392726071,11.863712606988482,0.0,3.7703849247523715,30.21770477294922,56.63636363636363,191.11323077396554,0.0
595610.1_6143984.86,0.0,0.0,21.55,0.0,27.61,0.0,33.823775712829686,53.811644285963446,30.963997400076714,0.0,3.848369729929957,29.952152027803308,56.63636363636363,250.52702141156453,0.0
594311.07_6144234.86,13.52,25.21,45.43,84.44,82.99,0.051084028631505275,33.868251136544785,53.3059944324983,27.32479992352401,0.0,3.749230104334214,30.595011393229168,56.63636363636363,594.0024131250336,0.0
595177.09_6144234.86,0.0,0.0,29.57,63.53,62.44,0.0,38.48868340205107,46.737309812495376,3.1796565209386443,0.0,3.829161251292509,29.80617388556985,56.63636363636363,0.0,0.0
594744.08_6144484.86,0.0,0.0,17.64,45.76,44.97,0.0,42.00391208514544,42.736492211183815,0.0,0.0,3.7715881892613004,29.110445022583008,56.63636363636363,0.0,0.0
595607.5_6144480.93,0.0,0.0,21.82,62.93,61.85,4.904883259702665,40.277431946512976,46.85777349576771,15.765684735054933,0.0,3.848369729929957,29.58318721886837,56.63636363636363,83.69014973256783,0.0
595177.09_6144734.86,0.0,0.0,22.9,73.24,71.98,1.1457436162678813,39.132086750822594,46.246413061206546,5.504175047749052,0.0,3.8301535213694855,29.386122759650736,56.63636363636363,43.08685387174695,0.0
595478.02_6144842.53,0.0,0.0,21.82,62.93,61.85,98.56299689342511,98.62932411566197,2.149101599049225,0.0,0.0,3.848369598388672,28.802439371744793,56.63636363636363,0.0,0.0
594744.08_6144984.86,0.0,0.0,16.54,40.78,40.08,1.6321471562248142,42.535836261237044,42.68422823138635,2.8921175626723015,0.0,3.772791726248605,28.903047561645508,56.63636363636363,10.714188119202639,0.0
595119.55_6145214.49,0.0,0.0,16.92,42.47,41.74,70.27650005459718,73.9155924321949,21.11354765872408,0.0,0.0,3.825849092923678,29.13215693721065,56.63636363636363,0.0,0.0
594311.79_6145233.48,0.0,0.0,3.98,0.0,18.15,0.0,56.780377924622336,29.728737328376155,0.0,0.0,3.749230104334214,27.264284133911133,56.63636363636363,0.0,0.0
593638.01_6145078.98,0.0,0.0,0.0,0.0,0.0,35.92821396259495,70.85704443986732,20.93235424803793,0.0,0.0,3.7492301940917967,29.344657802751783,56.63636363636363,0.0,0.0
593951.38_6145304.33,0.0,0.0,30.18,0.0,0.0,0.0,56.32678349725324,28.765889100051623,0.0,0.0,3.7492301247336646,24.74522705078125,56.63636363636363,0.0,0.0
594465.43_6145662.26,0.0,0.0,3.98,0.0,18.15,0.0,55.535491923620775,30.26481048324154,0.029647006923788622,0.0,3.749229976109096,27.39123026529948,56.63636363636363,0.0,0.0
594744.08_6145484.86,0.0,0.0,13.36,0.0,27.28,25.02430705699042,52.376123910012005,37.24922165624424,13.614481755127873,0.0,3.7739977155412947,29.04257056826637,56.63636363636363,93.92809213954958,0.0
595051.64_6145665.22,0.0,0.0,13.42,0.0,27.49,100.0,99.16099376941872,1.7663889114834876,0.0,0.0,3.8174400329589844,28.985050746372767,56.63636363636363,0.0,0.0
594761.79_6145912.54,0.0,0.0,3.95,0.0,17.88,68.02249422905771,83.31217038574572,12.556075508792372,0.41215075323118133,0.0,3.776639938354492,28.557886759440105,56.63636363636363,0.0,0.0
583918.76_6141234.86,79.8,85.77,85.77,68.15,71.6,2.813873047303887,20.758564262228653,73.51020626273129,100.0,0.0,3.6774659998276653,33.11318137428977,56.63636363636363,885.7423569305532,0.4581214410436779
584784.79_6141234.86,58.04,87.8,87.8,60.26,65.19,1.647355518347363,18.982246625164464,75.48150840394197,98.91497739454668,0.0,3.678238363826976,34.412746853298614,56.63636363636363,7269.250905318779,0.45002666630986987
584351.77_6141484.86,48.25,72.69,72.69,50.07,53.48,0.0,18.618507465944763,75.62279565091002,100.0,0.0,3.6760417017443427,34.03622898910985,56.63636363636363,936.5351062351824,0.45002666630975324
583918.76_6141734.86,34.05,36.43,57.79,52.0,54.12,0.46822906123978897,18.951834526963744,75.19351699105194,100.0,0.0,3.6760415469898895,33.7996826171875,56.63636363636363,758.0721517619672,0.4500266663097533
584784.79_6141734.86,47.41,73.77,73.77,65.83,68.92,3.9024142590674575,20.94608395846669,73.36041858584477,94.7205103632501,0.0,3.6760415469898895,34.116614447699654,56.63636363636363,464.90932100101685,0.45002666630985605
585217.8_6141984.86,16.6,43.06,55.77,0.0,23.59,31.242250491354156,47.96291114726516,45.44510160366172,43.53671877950844,0.0,3.6760417017443427,31.197772401751894,56.63636363636363,55.05607482187934,0.4022664877492105
584351.77_6141984.86,32.73,54.77,62.65,65.54,67.26,0.2135184016449614,19.11402005900635,74.8980681925832,100.0,0.0,3.6760417017443427,33.54412286931818,56.63636363636363,898.0562659845993,0.45002666630973026
583918.76_6142234.86,18.98,17.72,50.17,58.14,57.15,15.934608630165247,37.7871315141154,54.336113038335334,55.79351865885711,0.0,3.6760415469898895,31.445327296401516,56.63636363636363,408.1660312396174,0.4500266663097762
584784.79_6142234.86,26.04,55.27,62.97,55.27,54.32,26.35742219983323,36.87922754326344,57.76764130745674,72.11576379388909,0.0,3.6760415469898895,31.715708414713543,56.63636363636363,533.4605882042447,0.45002666630986987
584351.77_6142484.86,10.51,17.22,49.75,0.0,35.17,30.74713786025735,46.4306779164706,47.36272017013343,54.88532592377422,0.0,3.6760417017443427,30.02652254971591,56.63636363636363,1525.2656952725354,0.4500266663097532
586083.83_6141984.86,73.82,80.08,85.68,66.98,65.83,6.506909925902718,25.967891441974356,67.75210194097096,84.12854543501676,0.0,3.6760416338520665,33.23939424402573,56.63636363636363,1009.455582147366,0.37389427401772013
585650.81_6142234.86,63.21,75.14,80.7,86.45,84.97,9.212427331988305,24.142248095209386,70.67639008101392,97.15250071306825,0.0,3.6760415469898895,32.96444054805871,56.63636363636363,1032.3575664515029,0.3738942740177581
586516.84_6142234.86,43.1,65.64,73.06,50.06,49.2,23.897129913388042,37.22198233111437,56.328614998768835,58.7960908733429,0.0,3.6760415469898895,32.44364790482955,56.63636363636363,512.513895326505,0.36409486321449064
586083.83_6142484.86,60.83,74.01,80.14,53.97,53.04,1.3686101559605437,19.971355570354234,74.03493826354894,98.47180214026308,0.0,3.6760416338520665,33.43948902803309,56.63636363636363,1025.0848317098598,0.3738942740177392
585650.81_6142734.86,24.68,60.22,66.04,51.48,50.6,0.2805467615477551,20.764376063356828,72.43834203659301,91.08781997692026,0.0,3.6760415469898895,33.34864021070076,56.63636363636363,1073.0278399482518,0.37389427401773917
586516.84_6142734.86,31.24,68.12,68.12,0.0,29.45,7.58912606531726,43.90293855195052,45.34106133353232,14.479863835124071,0.0,3.6760415469898895,31.405465790719695,56.63636363636363,90.45519394807735,0.37111422053453985
586083.83_6142984.86,36.94,66.87,66.87,0.0,32.54,12.057380920208715,29.77559292410727,64.04342604808517,79.93716938891198,0.0,3.6760416338520665,32.57222972196691,56.63636363636363,244.59205154816667,0.37389427401772013
586516.84_6143234.86,60.12,70.54,79.15,46.46,45.66,18.504547534383377,35.225237599026,59.1143250156563,75.65705118865691,0.0,3.6760415469898895,31.749101118607953,56.63636363636363,13522.217359265804,0.3478528186639122
585650.81_6143234.86,14.52,41.09,56.28,44.92,44.15,0.3404926271878747,22.02074732335179,70.88699245831684,90.38167304733612,0.0,3.6760415469898895,32.58753551136363,56.63636363636363,750.2039790021363,0.3738942740177582
586083.83_6143484.86,18.33,51.05,59.23,55.34,54.39,4.38253915907477,26.104256752051324,67.30094795297215,84.23196611136022,0.0,3.6760416338520665,32.81005500344669,56.63636363636363,2577.1653558256016,0.3718925657844866
583052.74_6142234.86,22.55,35.21,51.77,45.81,45.03,6.451979594262099,31.131703219386235,59.235953482843364,54.98604457813897,0.0,3.6760415469898895,31.53286650686553,56.63636363636363,2260.4080263056712,0.5747703794626668
583485.75_6142484.86,12.13,17.78,44.5,0.0,25.67,1.0471895120329306,23.76206045724915,68.4072781500171,84.03616581549062,0.0,3.6760416338520665,31.902907427619486,56.63636363636363,1323.8584323390633,0.4500266663097533
582619.72_6142484.86,4.54,7.15,35.61,0.0,27.25,0.4198222936455424,39.34639671250535,44.61856939491812,1.5733327399815822,0.0,3.5784270187904097,29.491819439512312,56.63636363636363,5.071833922612502,1.0
583052.74_6142734.86,5.32,7.61,37.87,0.0,30.44,8.11962158224705,36.2073253335989,53.44481482266168,45.43993574912387,0.0,3.6760415469898895,30.421131480823863,56.63636363636363,402.0371772461621,0.5776630254410406
583485.75_6142984.86,0.0,0.0,12.29,0.0,0.0,6.128183217419498,39.32320794210167,46.96425554017606,15.77783578465803,0.0,3.6760416338520665,29.54136926987592,56.63636363636363,88.20234158801698,0.4500266663097303
582619.72_6142984.86,4.89,7.36,36.63,0.0,28.67,0.0,39.79710278206301,43.81650329372402,0.0,0.0,3.5836386845029633,29.084210020123106,56.63636363636363,0.0,0.0
583052.74_6143234.86,28.19,45.82,51.72,50.47,49.61,3.196833358983955,41.41522825971418,42.98041179297485,0.0,0.0,3.6760415469898895,28.99154015743371,56.63636363636363,0.0,0.0
583485.75_6143484.86,31.46,56.99,60.81,53.2,52.29,25.03484250128885,55.461781324494254,33.12588566549451,3.178016274160765,0.0,3.6760416338520665,29.202044318704043,56.63636363636363,0.0,0.0
582619.72_6143484.86,30.28,47.05,53.07,52.36,51.46,28.63928910803009,57.47320344842938,31.242058063828942,0.0,0.0,3.5888311451879042,29.44442841500947,56.63636363636363,0.0,0.0
583052.74_6143734.86,37.19,49.79,59.11,60.46,59.42,35.9151284767469,52.3235825995212,41.15523062282184,38.354122837230456,0.0,3.6760415469898895,30.468831380208332,56.63636363636363,438.0105242410128,0.2757391251480577
585217.8_6142484.86,41.6,63.58,69.83,71.84,70.61,23.12246067482757,48.30986079814265,43.527156760268326,33.00332842409118,0.0,3.6760417017443427,31.01901337594697,56.63636363636363,551.1877318351687,0.3738942740178357
584784.79_6142734.86,15.67,34.4,56.47,66.28,65.14,19.350290585655415,49.42269260142626,41.40463001887358,29.907698990264777,0.0,3.6760415469898895,30.17874484592014,56.63636363636363,181.73280695714584,0.3738942740178245
583918.76_6142734.86,5.25,7.31,39.68,0.0,23.6,1.5355628763215172,38.088251787843156,48.11174373844259,17.703790734375605,0.0,3.6760415469898895,29.370074647845644,56.63636363636363,68.74626132615171,0.4500266663097532
585217.8_6142984.86,14.54,44.69,59.05,52.76,51.85,6.015827911256617,26.056654653979244,67.00597969881493,83.87801826039136,0.0,3.6760417017443427,32.261056611032195,56.63636363636363,679.07378117541,0.3738942740178185
584351.77_6142984.86,9.58,36.34,54.47,75.79,74.49,15.182774435778617,44.616590133271536,46.097603436773035,40.18601096921451,0.0,3.6760417017443427,30.159050218986742,56.63636363636363,274.8613101410623,0.3744345153504651
584784.79_6143234.86,20.73,40.6,57.6,44.75,43.98,13.276545161518863,30.618589953739082,62.73562524534433,78.02305589883532,0.0,3.6760415469898895,31.58694118923611,56.63636363636363,733.1201824911001,0.3738942740178361
583918.76_6143234.86,11.86,33.79,49.51,0.0,36.52,29.349079209811745,57.1006898591173,34.69001286382258,18.874311591806542,0.0,3.6760415469898895,29.40548983487216,56.63636363636363,150.9023655398853,0.34202330198781816
584351.77_6143484.86,40.49,47.19,63.55,54.79,53.85,18.378805660384074,32.590698846998414,61.33393623469495,76.02363230513963,0.0,3.6760417017443427,31.8958740234375,56.63636363636363,1612.0362460827907,0.345522671834679
585217.8_6143484.86,9.47,32.36,51.11,38.71,38.05,53.754411025847304,64.5195987238743,31.611744480724795,31.748558903307423,0.0,3.6760417017443427,30.50109493371212,56.63636363636363,273.74003157166254,0.37389427401783576
584784.79_6143734.86,35.89,42.74,56.65,46.3,45.51,13.604683993764422,42.55985825733245,46.96562412160043,25.90253675361029,0.0,3.6760415469898895,31.25792778862847,56.63636363636363,4333.610392192694,0.3420233019878788
583918.76_6143734.86,17.4,39.29,57.52,63.84,62.74,30.31567379691204,44.64394767799117,47.6538616583855,44.38215341181467,0.0,3.6760415469898895,30.17648222952178,56.63636363636363,1107.074627188124,0.34202330198780073
584351.77_6143984.86,22.48,39.23,54.44,75.71,74.42,13.04025086096341,31.5546232138369,61.50744084901878,75.01433276511962,0.0,3.6760417017443427,31.510671904592805,56.63636363636363,2745.581242109338,0.3420233019877833
585217.8_6143984.86,4.22,34.09,48.79,0.0,21.38,6.01887385032467,36.278680636170115,54.34843347627544,55.51773394555983,0.0,3.6760417017443427,30.41156375769413,56.63636363636363,2812.6766740593957,0.34202330198787334
584784.79_6144234.86,16.18,31.22,43.64,0.0,32.18,6.432056660899662,25.565866424548794,67.79792887167903,93.22112081804585,0.0,3.6760415469898895,31.048241509331596,56.63636363636363,1265.0544383842089,0.3420233019878893
583918.76_6144234.86,15.2,41.48,51.09,48.31,47.48,59.843536836348264,64.11571316749776,29.276981858841566,14.505511840328184,0.0,3.6760415469898895,28.622423576586176,56.63636363636363,553.4812559272665,0.30857271665760955
585217.8_6144484.86,8.52,9.37,40.77,0.0,23.29,49.273276787579775,57.3102137616293,36.118233421727645,29.951247568814125,0.0,3.6760417017443427,28.622482762192234,56.63636363636363,210.95153000881245,0.3420233019878891
584351.77_6144484.86,14.15,30.36,43.8,44.02,43.27,23.307092409639516,56.02876864236996,33.93293665216838,12.298787615502494,0.0,3.6760417017443427,28.368815104166668,56.63636363636363,523.8245131065582,0.34202330198780073
583918.76_6144734.86,8.73,18.36,33.28,0.0,26.44,34.98773249321694,61.15834298377695,28.164698568971243,0.0084696129787771,0.0,3.6760415469898895,27.699766216856062,56.63636363636363,0.0,0.0
584784.79_6144734.86,5.56,7.94,38.91,0.0,26.0,65.69654215913671,72.40902736779331,21.579819665270517,2.2561217622317598,0.0,3.6760415469898895,28.085867987738716,56.63636363636363,22.97831475266028,0.3420233019878788
585217.8_6144984.86,0.0,0.0,26.17,0.0,0.0,52.74982235641965,67.972166295044,24.641234278655023,4.330461779751265,0.0,3.6760417017443427,27.6162109375,56.63636363636363,34.159811549329035,0.1167515130926028
585650.81_6143734.86,7.8,14.92,44.66,56.61,55.64,11.622088129512113,29.6425219443237,63.81919530104323,81.89936873773188,0.0,3.6760415469898895,31.544115471117426,56.63636363636363,349.17682918657323,0.3738942740177391
586516.84_6143734.86,35.39,56.09,62.7,41.07,40.37,15.010252561853754,31.627147640975544,62.26978522840658,76.70012802600105,0.0,3.6760415469898895,32.294474283854164,56.63636363636363,1925.4502912444038,0.3491712653298158
586083.83_6143984.86,8.01,7.25,42.73,56.61,55.64,2.028493438256114,26.15863661789347,65.51071466302056,78.1987722231933,0.0,3.6760416338520665,31.174280503216913,56.63636363636363,947.5375149935567,0.37389427401772013
585650.81_6144234.86,0.0,0.0,35.59,0.0,0.0,19.873083155203364,45.02091206870506,43.84523998703584,24.60470923870345,0.0,3.6760415469898895,29.091832016453598,56.63636363636363,168.87067909011765,0.361137201526619
586516.84_6144234.86,25.69,38.31,57.86,47.21,46.4,4.390158217453627,29.83480971794447,60.553156418028784,59.730853709943396,0.0,3.6760415469898895,31.244314482717805,56.63636363636363,466.25894624844136,0.34866361807296853
586083.83_6144484.86,0.0,0.0,0.0,0.0,0.0,3.1820687601977786,34.109925374920955,53.86870167814987,34.55001558720001,0.0,3.6760416338520665,30.569285673253678,56.63636363636363,95.6763554256874,0.3478528186638945
585650.81_6144734.86,0.0,0.0,29.08,0.0,0.0,16.678794265433545,46.39843996746526,40.87235499532916,12.268577993981458,0.0,3.6760415469898895,28.44918915719697,56.63636363636363,7.817196614402528,0.34785281866389456
586516.84_6144734.86,0.0,0.0,0.0,0.0,0.0,0.11172275036817293,29.16012803545814,60.89912950403994,59.50652755554812,0.0,3.6760415469898895,30.631203391335227,56.63636363636363,161.34080698666867,0.3478528186638945
586083.83_6144984.86,4.14,14.41,36.02,0.0,0.0,0.0,35.91601800024639,50.844813026764825,22.464603748868242,0.0,3.6760416338520665,29.85188383214614,56.63636363636363,9.859816839112376,0.19467493546483056
586516.84_6145234.86,12.18,26.87,49.94,0.0,21.15,0.0,38.81644179188278,45.62887262388827,7.044399542113753,0.0,3.6760415469898895,28.828300707267992,56.63636363636363,18.784788835768477,0.22593480377631697
582619.72_6143984.86,29.16,46.14,56.0,46.85,46.04,0.0,37.733521470522085,46.68101988693966,3.8638683312691775,0.0,3.5940451786435883,30.355448404947918,56.63636363636363,7.994260522371094,0.24277248983051186
583485.75_6143984.86,38.35,50.78,60.99,59.2,58.18,18.127775608177345,45.61055965146116,42.40120155705448,15.37899427600678,0.0,3.6760416338520665,29.400221880744486,56.63636363636363,144.49557874195094,0.31836987256873406
583052.74_6144234.86,35.1,69.99,69.99,52.67,51.76,6.88335669859402,27.42285785092255,65.1736962746924,80.19179645994402,0.0,3.6760415469898895,31.634107185132574,56.63636363636363,1183.29920003483,0.29601077584849
582619.72_6144484.86,42.89,61.15,61.15,84.19,82.74,4.152947823900105,25.877838796996006,66.43193603242773,84.57453331747274,0.0,3.599267893824084,31.5313720703125,56.63636363636363,854.22023186211,0.2992670576395402
583485.75_6144484.86,23.09,42.45,49.38,0.0,37.78,47.97949249656585,60.911838440569746,31.113359273104745,14.403045270928642,0.0,3.6760416338520665,28.66413969152114,56.63636363636363,182.7942152871697,0.29448506893554616
583052.74_6144734.86,26.57,54.95,54.95,49.34,48.49,26.887560823814567,41.15005970768672,51.96840636018626,59.407943956289365,0.0,3.6760415469898895,30.067771218039773,56.63636363636363,1019.8439648971661,0.2962755877810388
583485.75_6144984.86,2.61,19.25,40.35,0.0,25.36,54.63449456785266,70.51930607623078,22.89420966029669,7.052544035564427,0.0,3.6760416338520665,28.280765309053308,56.63636363636363,0.0,0.0
582619.72_6144984.86,20.5,31.91,49.9,64.43,63.33,28.00337751057777,55.84991835534794,36.7296414642556,26.26229945213907,0.0,3.60449060900458,29.370287346117426,56.63636363636363,128.28515989056302,0.3175362596031796
583052.74_6145234.86,14.99,22.84,42.49,46.83,46.03,59.56725298115831,78.76054380737787,16.74496446096543,2.6929976961276068,0.0,3.6760415469898895,28.51980683297822,56.63636363636363,13.095762188635742,0.16285668763177977
583485.75_6145484.86,26.67,28.18,47.77,54.61,53.67,1.7324565693339837,35.893723024315435,50.79864697922125,28.818110194913793,0.0,3.6760416338520665,29.155124439912683,56.63636363636363,51.561571142509784,0.16338317469676125
584351.77_6144984.86,5.76,14.08,34.68,0.0,19.68,11.33988357318968,45.35375459421766,41.41469999229408,14.466376525937882,0.0,3.6760417017443427,27.678107984138258,56.63636363636363,174.07455681643563,0.13826193880141555
584784.79_6145234.86,2.41,5.74,31.27,0.0,17.85,46.434848834181146,64.66205466566902,27.122804759937573,6.851612144015849,0.0,3.6760415469898895,27.64862738715278,56.63636363636363,13.69234519946827,0.11292667583342268
583918.76_6145234.86,4.67,9.5,31.62,0.0,23.55,23.826555703332666,48.75589764804057,39.7529720976321,13.911159853982513,0.0,3.6760415469898895,28.56561649206913,56.63636363636363,124.20333737446609,0.10165408098574646
585217.8_6145484.86,2.6,5.91,28.51,0.0,0.0,17.139902704347534,49.005526533261786,37.365303544134285,1.095805771746684,0.0,3.6760417017443427,28.245348381273676,56.63636363636363,40.34066193570093,0.06582073211987308
584351.77_6145484.86,3.5,8.5,28.28,0.0,19.27,31.935160211961076,55.75637407780364,32.61280375602279,0.0,0.0,3.6760417017443427,28.003096147017047,56.63636363636363,0.0,0.0
584784.79_6145734.86,0.0,0.0,22.55,0.0,0.0,3.9009447292992236,41.89891660931446,42.69068525452126,5.876912406669233,0.0,3.6760415469898895,27.844401041666668,56.63636363636363,31.99415335492369,0.1133221163339541
583918.76_6145734.86,0.0,0.0,22.36,0.0,17.56,0.0,39.962452942697574,43.95073513408989,3.107580187931353,0.0,3.6760415469898895,28.348011363636363,56.63636363636363,20.96210834304285,0.101233557000422
585217.8_6145984.86,0.0,0.0,15.86,0.0,0.0,13.159862696325671,46.172109123411055,39.313377363398125,0.0,0.0,3.6760417017443427,28.332351222182766,56.63636363636363,0.0,0.0
584351.77_6145984.86,0.0,0.0,18.65,0.0,0.0,0.0,40.48259500148997,43.2956694574778,1.9562834505358044,0.0,3.6760417017443427,28.10113155480587,56.63636363636363,0.0,0.0
583918.76_6146234.86,3.72,8.7,27.43,0.0,25.4,0.0,40.172109177345156,43.58442649328972,0.7097007606274948,0.0,3.6760415469898895,28.47555449514678,56.63636363636363,0.0,0.0
585650.81_6145234.86,0.0,0.0,26.88,0.0,0.0,11.589718382304314,43.49250684558649,42.773400923577455,10.450513797073802,0.0,3.6760415469898895,28.656997218276516,56.63636363636363,77.20439337347813,0.06574630036059526
586083.83_6145484.86,0.0,0.0,29.45,0.0,0.0,1.150204986354652,39.81056129461297,44.53890857073698,3.6653085216458297,0.0,3.6760416338520665,28.89089068244485,56.63636363636363,38.0915502089217,0.12765639529015171
585650.81_6145734.86,0.0,0.0,10.99,0.0,0.0,1.6239434251130496,40.21628218247609,44.20410452408484,4.319175133891157,0.0,3.6760415469898895,28.678692441998106,56.63636363636363,76.3894140094938,0.06463298207645725
586516.84_6145734.86,15.91,27.95,40.4,0.0,20.11,0.0,38.84218923959202,45.541044722424076,6.347936240094803,0.0,3.6760415469898895,28.8839111328125,56.63636363636363,21.349642203789156,0.22426532066252042
586083.83_6145984.86,12.92,25.78,37.25,0.0,17.38,0.0,40.05251215633792,43.82560613297232,0.0,0.0,3.6760416338520665,28.805401970358457,56.63636363636363,0.0,0.0
585650.81_6146234.86,0.0,0.0,15.83,0.0,0.0,0.0,40.794339133498674,43.00147621158057,0.0,0.0,3.6760415469898895,28.254368637547348,56.63636363636363,0.0,0.0
586516.84_6146234.86,14.3,26.82,38.75,0.0,18.66,2.7956987748334314,38.41265033955531,47.17774742186688,14.790970778252346,0.0,3.6760415469898895,29.173850319602273,56.63636363636363,43.40983581730743,0.34391116398626986
586083.83_6146484.86,2.42,14.1,30.49,0.0,0.0,0.3047424169542391,38.700747329675416,45.94805594922309,10.994722374268646,0.0,3.6760416338520665,28.451633228975183,56.63636363636363,40.364099936634844,0.12971571713512264
585650.81_6146734.86,0.0,0.0,16.81,0.0,0.0,0.0,39.74606140951105,44.2268698618223,3.097311873974163,0.0,3.6760415469898895,28.520193388967805,56.63636363636363,32.22176047738033,0.05361324957328263
586516.84_6146734.86,10.08,30.18,39.83,0.0,21.09,0.26578551446487075,39.78050382525867,44.20666080132006,1.1608359084864717,0.0,3.6760415469898895,28.883378462357953,56.63636363636363,13.94833121393392,0.3478528186638946
582619.72_6145484.86,6.45,10.77,40.66,44.57,43.8,17.035484939674344,47.56347190155212,39.05738750878967,8.159592057178102,0.0,3.6097012223868536,28.328997987689394,56.63636363636363,29.588087788710425,0.34202330198780073
583052.74_6145734.86,19.22,24.96,44.25,72.22,70.98,0.0,31.82873658032377,56.05259553648339,42.75645876715831,0.0,3.6760415469898895,30.057413736979168,56.63636363636363,602.9440433095004,0.16338317469676122
583485.75_6145984.86,11.01,20.04,34.73,39.48,38.81,0.0,36.60945501197186,49.23301667582546,21.423614677461046,0.0,3.6760416338520665,28.98546106675092,56.63636363636363,224.0512798472348,0.13402678594563325
582619.72_6145984.86,8.92,17.91,35.9,46.12,45.33,13.145600383329251,43.80009198875703,43.146496121080986,15.803941320648521,0.0,3.614417240537446,28.892354329427082,56.63636363636363,114.74081274498332,0.1633831746967529
583052.74_6146234.86,11.01,20.04,35.69,43.54,42.8,1.6815032141593844,31.792518794830166,56.78494764203381,50.00668831913975,0.0,3.6760415469898895,29.696425929214016,56.63636363636363,505.37008936014666,0.12673079963298278
583485.75_6146484.86,3.72,8.7,27.43,0.0,25.4,0.0,40.18436923115413,43.548707774649955,0.0,0.0,3.6760416338520665,28.569289263556986,56.63636363636363,0.0,0.0
582619.72_6146484.86,3.7,8.68,27.67,0.0,27.07,0.0,38.628863531734346,46.36650514106144,12.007905653515829,0.0,3.6180364674535292,29.148028749408144,56.63636363636363,0.0,0.0
583052.74_6146734.86,3.7,8.68,27.67,0.0,27.07,0.0,39.051706724518084,45.32342527195049,6.5151012187995265,0.0,3.6760415469898895,28.753647312973484,56.63636363636363,35.60892303005792,0.12607519210242993
583485.75_6146984.86,0.0,0.0,22.3,0.0,18.47,0.0,39.881692053620405,44.00171549346653,1.5696309269763877,0.0,3.6760416338520665,28.619768928079043,56.63636363636363,0.0,0.0
582619.72_6146984.86,0.0,0.0,21.06,0.0,0.0,0.0,38.46569287602436,45.828730001103935,7.0280604730918865,0.0,3.621612811910695,29.135307543205492,56.63636363636363,33.889997876264836,0.11547843891313189
582619.72_6140484.86,7.53,23.54,41.09,0.0,20.55,45.48600342976849,67.16114620065262,23.733500522284547,0.0,0.0,3.634014787345097,28.117640639796402,56.63636363636363,0.0,0.0
583052.74_6140734.86,36.59,45.67,63.71,47.19,46.38,11.38321566296266,40.963596856334206,47.18485033518496,24.69721292274607,0.0,3.7287431604721966,29.609443433357008,56.63636363636363,41.282255350480796,0.2661814345866338
583485.75_6140984.86,46.87,62.76,71.42,73.51,72.24,26.04161166921937,41.95666996875927,50.160244031108824,41.084503723072615,0.0,3.6920911727413053,31.578749712775736,56.63636363636363,250.64185160505488,0.36197622656633566
582619.72_6140984.86,15.11,7.97,38.52,0.0,24.04,14.823034814,45.804826112204516,43.05580870673189,26.784393578328526,0.0,3.573166682802398,29.914240056818183,56.63636363636363,181.6491798644343,0.28378741375575806
583052.74_6141234.86,18.16,36.82,56.08,52.17,51.27,12.021738720850657,37.91914698944281,52.164948381913256,41.57676493048344,0.0,3.6771168428308822,30.97033321496212,56.63636363636363,191.96424591005862,0.4439745075523019
583485.75_6141484.86,28.85,52.33,60.27,52.93,52.02,1.985622629065575,19.941166297710026,74.29945592933332,99.99999838341921,0.0,3.6760416338520665,33.49272245519302,56.63636363636363,936.8167644126928,0.4500266663097532
582619.72_6141484.86,10.9,10.33,48.92,64.67,63.56,3.102018873180139,27.115904684397048,63.66234764930678,70.50641840133453,0.0,3.5679921117322198,31.651063861268938,56.63636363636363,509.69297122525023,0.4500266663097532
583052.74_6141734.86,30.34,45.67,59.64,66.72,65.58,14.724037968649634,38.8326056547492,51.51415266280497,40.864356864458344,0.0,3.6760415469898895,31.024850556344695,56.63636363636363,5394.92406405833,0.45002666630975324
583485.75_6141984.86,26.46,38.82,59.38,47.99,47.17,8.328190944032885,32.18829875295907,59.536319316051156,59.76087489606803,0.0,3.6760416338520665,32.390797334558826,56.63636363636363,429.76704685332953,0.4500266663097303
582619.72_6141984.86,9.83,6.78,44.21,79.19,77.83,9.668079213818789,30.680299342767626,60.91605147904724,69.16324932947185,0.0,3.5732077236833244,31.359715317234848,56.63636363636363,5498.393950198331,0.6155254741019168
582186.71_6141234.86,8.03,9.01,41.09,39.3,38.63,0.0,29.15836400366328,57.91695081132193,55.62487243234793,0.0,3.204689250272863,30.638546214384192,56.63636363636363,542.1118036113457,0.4400931599195146
581320.69_6141234.86,3.41,6.57,46.47,0.0,18.22,19.18965966331477,45.728910602847684,39.36873591008213,13.355162867047882,0.0,3.037922129911535,29.367927320075758,56.63636363636363,32.73825441897503,0.4500141876884775
580887.67_6141484.86,4.28,18.04,50.72,0.0,17.73,5.05950055615077,38.12122261488525,46.28370121539956,22.66152272086084,0.0,3.0377263715190272,29.91093355066636,56.63636363636363,21.731011695597278,0.4500266663097532
581753.7_6141484.86,2.65,6.79,39.14,0.0,32.31,0.0,37.29283528594847,44.90440619904545,9.544479764814112,0.0,3.0395160543507544,29.859500558035716,56.63636363636363,49.961827487599756,0.4500266663096164
582186.71_6141734.86,3.59,7.74,43.72,56.99,56.02,3.5402664478540515,36.481376058448475,48.031515485175184,17.566468933573383,0.0,3.2114479962517235,30.872669893152572,56.63636363636363,71.69283918316006,0.45002666630989
581320.69_6141734.86,0.0,0.0,37.07,0.0,19.98,16.01915447818107,45.451200095644325,38.84939251817207,6.169645387797045,0.0,3.0377264583812043,29.664868903882574,56.63636363636363,9.706374117275752,0.4500266663097533
580887.67_6141984.86,58.22,71.55,71.55,62.66,61.58,6.434043332608574,33.743472162673875,52.87113955236259,38.33292288199159,0.0,3.0377263715190272,32.05163215188419,56.63636363636363,753.6786776422692,0.15495847764488527
581753.7_6141984.86,17.18,30.48,50.86,57.62,56.64,0.0,37.97129835905334,43.784443537521824,2.0844494784087617,0.0,3.0398396459119073,30.33064662388393,56.63636363636363,0.0,0.0
582186.71_6142234.86,0.0,0.0,39.53,65.17,64.05,0.0,33.15763641606429,52.040838297822354,30.164431125904557,0.0,3.2186669742359832,30.87221392463235,56.63636363636363,37.78969695825598,0.9502668315418198
581320.69_6142234.86,46.05,59.29,66.83,84.22,82.77,2.425772195034684,31.71704493530879,54.36157055207978,42.48523009272164,0.0,3.0377264583812043,31.573179302793562,56.63636363636363,295.61077864327405,0.2099401019496401
580021.65_6141984.86,42.34,71.89,71.89,57.05,56.08,17.843782901197066,33.77468849037056,57.07062848938097,72.37898326181575,0.0,3.037726566709321,31.65164092092803,56.63636363636363,1192.221479634253,0.18773987968507463
579588.63_6142234.86,33.16,53.39,63.98,66.61,65.46,22.24639617197758,36.14034250361038,55.52002598471951,77.72279726358153,0.0,3.0377264583812043,31.09071978400735,56.63636363636363,1362.2938993751245,0.1567438696209249
580454.66_6142234.86,53.3,75.02,75.02,47.85,47.03,4.8078471716561415,21.00171803426958,70.86120066885803,100.0,0.0,3.0377264583812043,33.651052763967805,56.63636363636363,1909.2846625047816,0.1543624359159265
580021.65_6142484.86,26.42,59.57,69.66,0.0,33.67,5.487055347480168,28.149409455633005,60.37904694281735,63.48108200774977,0.0,3.037726566709321,32.6546630859375,56.63636363636363,749.6407309560294,0.15436243591591864
579588.63_6142734.86,27.87,42.64,60.72,62.72,61.65,2.4246495772349874,21.75385958859786,69.26910389286823,100.0,0.0,3.0377264583812043,32.22128116383272,56.63636363636363,1813.4003829639912,0.15436243591591864
580454.66_6142734.86,42.98,67.85,67.85,44.39,43.63,2.839410164769779,25.566489454485275,63.670743190149594,77.48083890193502,0.0,3.0377264583812043,32.21779563210227,56.63636363636363,2952.7052249132585,0.15436243591591864
580021.65_6142984.86,26.67,54.2,63.01,0.0,37.59,1.9132383622661695,29.815736919548254,57.188860531708954,56.8587266071312,0.0,3.037726566709321,30.831731622869317,56.63636363636363,922.6493223015908,0.15436243591591076
579588.63_6143234.86,23.55,29.62,50.64,53.2,52.28,0.4431502923868769,34.978291965784564,48.71978374144122,23.90939082067573,0.0,3.0377264583812043,30.18951416015625,56.63636363636363,582.0011539457788,0.15436243591592647
580454.66_6143234.86,9.16,12.35,44.62,0.0,0.0,7.681607127719235,41.92322119294153,42.58032174514675,12.69542692980193,0.0,3.0377264583812043,30.368759617660984,56.63636363636363,39.79387095570227,0.1543624359159265
580021.65_6143484.86,11.48,15.74,39.07,0.0,19.62,2.258522777107204,37.623067354604416,45.166954807303576,11.434938083742477,0.0,3.037726566709321,30.191021543560606,56.63636363636363,50.97405374802121,0.1543624359159186
580887.67_6142484.86,69.37,78.01,78.01,60.34,59.31,0.5826939259479873,20.76189132845138,69.88723816528281,96.12285850102738,0.0,3.0377263715190272,32.77889835133272,56.63636363636363,4008.8753296536647,0.15569321120552862
581753.7_6142484.86,24.9,32.16,53.49,40.34,39.65,17.739833596958952,41.041816735576894,45.79750536754931,32.39396585841395,0.0,3.0401645528859107,30.414351981026787,56.63636363636363,69.83728463707395,0.3744455636875064
582186.71_6142734.86,0.0,0.0,39.53,65.17,64.05,0.0,39.10815784006078,43.061689385018916,1.5980209564022512,0.0,3.225878996007583,29.353054271024817,56.63636363636363,0.0,0.0
581320.69_6142734.86,34.97,44.34,60.11,45.68,44.9,0.3915430286870851,33.35765099012092,50.81036830098594,25.529155230012012,0.0,3.0377264583812043,31.349838719223484,56.63636363636363,599.1564459120383,0.1600484193792684
580887.67_6142984.86,13.08,14.18,51.16,0.0,22.12,3.1735993516996928,39.118151237251716,43.234332655155505,1.503200275493035,0.0,3.0377263715190272,30.732712689568014,56.63636363636363,0.0,0.0
581753.7_6142984.86,4.83,15.19,45.29,0.0,24.26,16.242080506000683,44.53031900392002,39.86922419780565,8.82274404517779,0.0,3.0404884075296335,29.816877092633927,56.63636363636363,28.61074441151171,0.15778622812046567
581320.69_6143234.86,4.27,9.18,43.47,0.0,22.26,9.856967410859976,38.423379856184695,47.535624198753204,34.73130407921977,0.0,3.0377264583812043,30.155534224076703,56.63636363636363,258.3428059096647,0.15447657561349243
582186.71_6143234.86,0.0,0.0,39.65,0.0,23.69,0.09343280920515544,39.395971952020794,42.68008733610242,0.0,0.0,3.2330652124741497,29.3449312097886,56.63636363636363,0.0,0.0
580887.67_6143484.86,13.59,12.79,45.8,0.0,17.97,15.23405806579629,41.11153790194146,44.8204647892282,27.170168916925608,0.0,3.0377263715190272,30.013063318589154,56.63636363636363,144.64756268025843,0.15436243591591864
581753.7_6143484.86,0.0,0.0,39.65,0.0,23.69,22.036694998442773,52.33421867923804,32.953402190434694,0.79298684435089,0.0,3.0408122621733567,29.703829520089286,56.63636363636363,7.521503039646975,0.15296590240100716
581320.69_6143734.86,0.0,0.0,29.29,0.0,0.0,47.41227386112349,66.04981885951744,22.983909692153297,0.5395256117020384,0.0,3.0377264583812043,29.454493667140152,56.63636363636363,0.0,0.0
582186.71_6143734.86,12.85,22.69,45.85,0.0,28.37,21.189177544221195,51.7751966583207,34.53251537549336,4.319239540888527,0.0,3.240252550910501,29.62752577837776,56.63636363636363,13.965072365904026,0.21609744228934227
581753.7_6143984.86,0.0,0.0,35.68,0.0,23.15,1.6362611868793113,38.1821455250073,44.96487038930244,14.183574970848852,0.0,3.04119820430361,30.204251534598214,56.63636363636363,9.866095914259946,0.2734522931152342
580887.67_6143984.86,5.45,10.09,36.46,0.0,0.0,62.535808370625446,72.84119374006464,18.50096014712457,3.252085363546991,0.0,3.0377263715190272,29.258973963120404,56.63636363636363,24.188984467694336,0.12132941988456437
582186.71_6144234.86,16.74,42.86,50.91,57.65,56.66,0.736211829208355,36.89134279383203,46.893411689951044,14.094586487453117,0.0,3.2480125427246094,30.02339980181526,56.63636363636363,83.10692041026972,0.28844664972247996
581320.69_6144234.86,0.0,0.0,24.93,0.0,0.0,14.285467920349662,44.04692028618975,41.313642401606145,18.848914147855435,0.0,3.0377264583812043,30.02480431758996,56.63636363636363,34.971157632831265,0.22442652616661382
581753.7_6144484.86,3.27,8.41,35.51,0.0,34.34,3.335109394454476,40.348530225040626,41.63319871469531,1.034194019086042,0.0,3.042744077485183,29.726736886160715,56.63636363636363,0.0,0.0
580887.67_6144484.86,0.0,0.0,19.67,0.0,0.0,4.557898651884211,41.0947020526975,41.415287727046106,3.826822615585797,0.0,3.0377263715190272,29.730116900275736,56.63636363636363,22.175525095332322,0.21495125864440662
582186.71_6144734.86,15.64,29.08,46.48,56.72,55.75,0.01363201238172462,33.754537294673455,51.24873754682954,30.519149202126655,0.0,3.2568419961368336,30.072402056525736,56.63636363636363,209.74663178944428,0.29096123544338715
581320.69_6144734.86,0.0,0.0,18.85,0.0,0.0,0.0,37.16585786130255,45.13653961492334,12.064119922667931,0.0,3.0377264583812043,29.604784416429926,56.63636363636363,0.0,0.0
579588.63_6143734.86,5.82,5.67,35.2,0.0,23.18,5.497473906878122,39.28588517597084,44.62520582798907,18.599554713828823,0.0,3.0377264583812043,29.76339003619026,56.63636363636363,60.76460930061512,0.1543624359159186
580454.66_6143734.86,6.3,10.67,38.88,0.0,0.0,1.4562403565232342,37.035875646245856,46.267782762198706,16.93821250270548,0.0,3.0377264583812043,30.05612829959754,56.63636363636363,50.216075253626826,0.15436243591591867
580021.65_6143984.86,4.18,9.1,35.16,0.0,0.0,4.608707535181504,41.28906178958737,41.56144117358571,6.696093835713798,0.0,3.037726566709321,29.746311996922348,56.63636363636363,17.938087843658135,0.13371379712376608
580454.66_6144234.86,0.0,0.0,14.45,0.0,0.0,57.247446418064094,72.61237877745276,18.809876426829895,8.274683659988053,0.0,3.0377264583812043,29.307787346117426,56.63636363636363,25.96075163843393,0.15034200156890537
579588.63_6144234.86,0.0,5.42,32.86,0.0,23.33,11.621234817512693,45.784287750683646,37.101830722208476,0.0,0.0,3.0377264583812043,29.060067569508274,56.63636363636363,0.0,0.0
580021.65_6144484.86,0.0,0.0,7.68,0.0,0.0,66.38966269836656,79.35162051510854,12.652424609654172,0.0,0.0,3.037726566709321,28.842825224905305,56.63636363636363,0.0,0.0
580454.66_6144734.86,0.0,0.0,14.81,0.0,0.0,2.3669600444594057,38.674328860753036,43.812943885143504,10.153263196846279,0.0,3.0377264583812043,29.518147786458332,56.63636363636363,34.96383225551833,0.21257888840939715
579592.36_6144725.16,0.0,0.0,9.9,0.0,0.0,46.94820732111589,70.97383366489674,18.29173109376348,0.0,0.0,3.0377264583812043,28.626039392807904,56.63636363636363,0.0,0.0
580021.65_6144984.86,0.0,0.0,12.93,0.0,18.43,3.68411135062411,42.344979989168394,39.346122646203995,0.0,0.0,3.037726566709321,28.86330899325284,56.63636363636363,0.0,0.0
580454.66_6145234.86,0.0,0.0,15.42,0.0,28.42,0.0,38.718167387958204,42.91196114925279,6.754990339405135,0.0,3.0377264583812043,28.95684814453125,56.63636363636363,73.86376037678706,0.151154697913474
581753.7_6144984.86,3.25,8.38,35.4,0.0,36.58,3.172558065850965,40.100818083749175,41.980273856935135,6.269080585299156,0.0,3.044688783842942,29.021051897321428,56.63636363636363,43.31937714778854,0.179453406294793
580887.67_6144984.86,0.0,0.0,14.1,0.0,0.0,0.43281221327271924,39.63006887225772,41.68386675325557,3.0873742069196917,0.0,3.0377263715190272,28.810221952550553,56.63636363636363,13.200333148665043,0.17853105167719202
582186.71_6145234.86,4.28,9.19,34.68,0.0,32.91,5.845091570364234,42.27961459853905,40.67348777383264,2.1983723343016726,0.0,3.2657062306123623,28.667922076056986,56.63636363636363,6.125542929230209,0.30638991179905306
581320.69_6145234.86,0.0,0.0,28.08,56.91,55.93,0.0,39.53207271927064,41.70775985518833,3.926291392910404,0.0,3.0377264583812043,28.59856807824337,56.63636363636363,28.664613805221602,0.14582982469018274
581753.7_6145484.86,0.0,0.0,30.64,47.54,46.73,8.488773696325364,43.31860219680982,39.47276295153534,7.184194387963432,0.0,3.0466337532832704,28.39700404575893,56.63636363636363,43.8302079045971,0.14597688813365406
580887.67_6145484.86,0.0,0.0,20.7,49.11,48.27,0.001408354802892208,38.91234053988945,42.748698168078796,9.499845920557432,0.0,3.0377263715190272,28.400498334099264,56.63636363636363,42.832143402412896,0.1488804791236385
582186.71_6145734.86,3.36,0.0,30.43,0.0,33.59,13.82553712372977,45.60924668966002,38.91616251442581,7.951852730180866,0.0,3.2745796652401196,28.33608111213235,56.63636363636363,45.83259096004734,0.18357307206764978
581320.69_6145734.86,0.0,0.0,19.34,52.34,51.44,27.100136984344765,56.13472777059738,30.31917339600534,6.802134331972189,0.0,3.0377264583812043,28.01376435250947,56.63636363636363,37.640550340534695,0.14476758085897884
580904.0_6145932.08,0.0,0.0,19.63,44.63,43.87,13.267205846566963,46.13491459523429,37.07644197753408,6.636952605461765,0.0,3.037726266043527,27.727751555266202,56.63636363636363,63.146721999381185,0.23527595949878446
581753.7_6145984.86,0.0,0.0,21.36,0.0,17.76,6.189958363572744,42.08565648284842,40.58359073262722,8.464313628518578,0.0,3.0485805643015893,28.5814697265625,56.63636363636363,147.12085858815374,0.08197751244867049
579671.06_6145241.59,0.0,0.0,9.9,0.0,0.0,1.0838025870167782,39.98504545325597,41.47118699473773,3.748099333111459,0.0,3.037726402282715,28.759740193684895,56.63636363636363,8.77382616226261,0.3420233019878181
580021.65_6145484.86,0.0,0.0,12.35,0.0,18.29,0.0,38.21174718688071,43.678895754078866,10.646772663181519,0.0,3.037726566709321,28.836447975852273,56.63636363636363,46.276541299226636,0.2009379532241316
579689.19_6145721.74,0.0,0.0,6.54,0.0,0.0,8.921704152730548,46.51114397352543,35.989859193147936,0.0,0.0,3.0377266623757104,28.535989512567934,56.63636363636363,0.0,0.0
580454.66_6145734.86,0.0,0.0,16.28,0.0,31.32,6.027507761246131,42.92073141461941,40.42494568978087,12.268673462346765,0.0,3.0377264583812043,28.606249260179926,56.63636363636363,74.10413058031496,0.1502326970513435
580017.81_6145934.22,0.0,0.0,6.54,0.0,0.0,0.0,40.76379738844949,40.13720192416208,0.0,0.0,3.037726402282715,28.35759819878472,56.63636363636363,0.0,0.0
580438.96_6146027.74,0.0,0.0,16.28,0.0,31.32,41.99760666735077,66.26949490993637,22.127147721352653,0.0,0.0,3.037726402282715,28.171312120225693,56.63636363636363,13.393194781992069,1.0
579692.14_6146059.94,0.0,0.0,6.54,0.0,0.0,11.33591671183462,56.26821521910789,27.872446340451734,0.0,0.0,3.037726266043527,28.16562228732639,56.63636363636363,0.0,0.0
581352.69_6146213.41,0.0,0.0,15.25,0.0,0.0,44.41573143534994,63.92503352219629,23.5364968645964,0.0,0.0,3.037726303626751,27.72816204202586,56.63636363636363,0.0,0.0
582186.71_6146234.86,0.0,0.0,23.95,0.0,23.1,0.0,38.15727950320525,44.93557858092011,10.884256466766763,0.0,3.2834560169893154,28.91121000402114,56.63636363636363,71.67285217236342,0.15116296516822064
581753.7_6146484.86,0.0,0.0,14.47,0.0,0.0,0.0,37.3119884095455,45.150383251507456,15.740528776888487,0.0,3.050525270659348,28.973592703683035,56.63636363636363,149.00823422040258,0.08344391342217897
581471.18_6146649.47,0.0,0.0,0.0,0.0,0.0,0.0,40.26807922839855,40.601703223439294,0.0,0.0,3.0377265385219028,28.490977696010045,56.63636363636363,0.0,0.0
582186.71_6146734.86,0.0,0.0,19.4,0.0,0.0,0.0,39.69965149814649,42.6219372633274,1.174441298783678,0.0,3.292308807373047,28.908689611098346,56.63636363636363,14.179373313627323,0.1511629651682173
581787.41_6146965.71,0.0,0.0,0.0,0.0,0.0,0.0,39.76000984024879,41.41869951330957,2.0241772464417154,0.0,3.054171928992638,28.66622314453125,56.63636363636363,17.297896207854258,0.15363806042428288
582186.71_6147234.86,0.0,0.0,17.69,0.0,0.0,0.0,39.17110353549024,43.40569010123706,4.263316369080609,0.0,3.301176856545841,28.924407958984375,56.63636363636363,28.925882648554666,0.0947442549701161
584784.79_6146234.86,0.0,0.0,18.24,0.0,0.0,4.154529969873464,42.66887027318812,41.67230873516622,0.1237450764649702,0.0,3.6760415469898895,28.185078938802082,56.63636363636363,0.0,0.0
585217.8_6146484.86,0.0,0.0,15.83,0.0,0.0,0.07438771604884313,39.9667533605449,43.92599055187594,2.2290485278730543,0.0,3.6760417017443427,28.472767223011363,56.63636363636363,34.04352785111406,0.055442791602653016
584351.77_6146484.86,0.0,0.0,19.05,0.0,0.0,4.402775161905903,40.36036956062939,44.88224272294475,10.059927871189336,0.0,3.6760417017443427,28.708185369318183,56.63636363636363,44.30798964551165,0.14079272095550818
584784.79_6146734.86,0.0,0.0,14.38,0.0,0.0,2.1055351298718827,39.656229760350286,45.62614865115956,11.180525663300987,0.0,3.6760415469898895,28.732547336154514,56.63636363636363,68.40669209371639,0.17677500012109298
583918.76_6146734.86,0.0,0.0,21.94,0.0,17.94,0.0,40.14492476800686,43.68475612087214,0.0,0.0,3.6760415469898895,28.696677468039773,56.63636363636363,0.0,0.0
585217.8_6146984.86,0.0,0.0,14.06,0.0,0.0,8.217662048058237,46.107031045572064,40.5701537764868,6.464423093740092,0.0,3.6760417017443427,28.415908351089016,56.63636363636363,76.31233726998201,0.08398197785177018
584352.65_6146981.51,0.0,0.0,10.04,0.0,0.0,1.905471217654674,40.58322743634206,43.759631966317905,0.21607132477256016,0.0,3.6760417017443427,29.17236698035038,56.63636363636363,0.0,0.0
584784.79_6147234.86,0.0,0.0,11.32,0.0,0.0,6.629902380368012,42.842307606005576,42.94250611291925,6.6700913326438265,0.0,3.6760415469898895,28.89740668402778,56.63636363636363,2.52312954427179,1.0
583903.06_6147210.74,0.0,0.0,20.05,0.0,0.0,0.0,39.34678523588497,44.6858136579669,0.010729944577556884,0.0,3.6760416338520665,29.351267168598792,56.63636363636363,0.0,0.0
585217.8_6147484.86,0.0,0.0,11.56,0.0,0.0,9.651982650746888,45.89718223911061,40.053599544281674,4.081484190586419,0.0,3.6760417017443427,28.361944025213067,56.63636363636363,10.925080400625918,0.20887935283000877
586083.83_6146984.86,0.0,0.0,23.21,0.0,0.0,3.595996704269459,37.08530995596085,49.55460997650378,27.38835885471253,0.0,3.6760416338520665,28.874430936925553,56.63636363636363,158.63602166231468,0.1508437860537863
585650.81_6147234.86,0.0,0.0,15.28,0.0,0.0,3.63529540178107,40.332716964764266,44.670635941321336,9.193060008372761,0.0,3.6760415469898895,28.55175411339962,56.63636363636363,66.676602359264,0.18967828283360835
586516.84_6147234.86,0.0,0.0,13.69,0.0,0.0,0.07709943300476978,39.98341963261302,43.8450547079872,0.030033713514460797,0.0,3.6760415469898895,28.784257368607953,56.63636363636363,0.0,0.0
586083.83_6147484.86,0.0,0.0,11.45,0.0,0.0,1.19050394892241,34.763504357134785,52.240057477526534,34.98775697364858,0.0,3.6760416338520665,28.977366727941178,56.63636363636363,403.3481072273303,0.18873990856039166
585650.81_6147734.86,0.0,0.0,9.05,0.0,0.0,0.0,40.434163411822944,43.21189807147688,0.08279464160674346,0.0,3.6760415469898895,28.32333096590909,56.63636363636363,0.0,0.0
586516.84_6147734.86,0.0,0.0,12.39,0.0,0.0,0.25070218030230046,40.40942229238169,43.320596304913686,0.11930891046541793,0.0,3.6760415469898895,28.443263198390152,56.63636363636363,0.0,0.0
586083.83_6147984.86,0.0,0.0,9.39,0.0,0.0,0.0,39.259731355124096,45.07555104291298,5.085662283214838,0.0,3.6760416338520665,28.81394150677849,56.63636363636363,17.78569851361262,0.1103197523779347
585652.6_6148230.86,0.0,0.0,3.36,0.0,0.0,2.1052584407048243,40.37239553023173,43.97244937610122,2.097384956898897,0.0,3.6760415469898895,28.940692323626894,56.63636363636363,8.90948823129189,0.14611579977961847
586519.65_6148227.02,0.0,0.0,10.54,0.0,0.0,6.989228660337584,43.152585107450875,41.63924275526442,1.9471600019809174,0.0,3.6760415469898895,28.353029193300188,56.63636363636363,46.39821059673138,0.062042945609109
586069.51_6148483.94,0.0,0.0,6.25,0.0,0.0,0.8504127710093019,38.26603417347983,46.620556218665136,8.060511445168704,0.0,3.6760417017443427,29.51571562795928,56.63636363636363,135.1310798575969,0.0743735400248083
583052.74_6147234.86,0.0,0.0,20.63,0.0,0.0,0.0,39.81835088809312,44.05338089466868,0.2935750827086367,0.0,3.6760415469898895,28.868184407552082,56.63636363636363,0.0,0.0
583475.14_6147468.11,0.0,0.0,20.63,0.0,0.0,0.0,39.973938667595846,43.983645767007005,0.0,0.0,3.676041666666667,28.932392120361328,56.63636363636363,0.0,0.0
582619.72_6147484.86,0.0,0.0,10.04,0.0,0.0,0.0,39.608307010265456,44.11133770933428,0.0866283600084395,0.0,3.6252062567349137,29.10287198153409,56.63636363636363,0.0,0.0
583056.47_6147653.2,0.0,0.0,20.63,0.0,0.0,0.34861573713604216,39.71978321945833,44.38791662418066,0.0,0.0,3.676041564941406,29.286172720102165,56.63636363636363,0.0,0.0
583355.82_6147768.45,0.0,0.0,20.63,0.0,0.0,0.1646631185804692,39.58384255269811,44.42459001674989,0.0,0.0,3.676041603088379,29.220489501953125,56.63636363636363,0.0,0.0
582606.67_6147988.34,0.0,0.0,9.17,0.0,0.0,5.383053841946915,40.44272949094945,44.83498220156976,9.39001115970032,0.0,3.6271141597202847,29.13683319091797,56.63636363636363,102.2458229357978,0.08308221134234814
582882.39_6148222.42,0.0,0.0,5.78,0.0,0.0,0.0,39.57974859722355,44.3704168163307,0.0,0.0,3.676041529728816,29.13690948486328,56.63636363636363,0.0,0.0
582633.35_6148465.4,0.0,0.0,5.71,0.0,0.0,18.697394387935766,49.87186578432366,36.980820098892984,3.2392808627760346,0.0,3.6440034089265048,28.682305697737068,56.63636363636363,17.056508987936166,0.0799739240895405
582764.15_6148734.75,0.0,0.0,2.5,0.0,0.0,100.0,100.0,0.0,0.0,0.0,3.676041603088379,28.200162887573242,56.63636363636363,0.0,0.0
584464.55_6147396.47,0.0,0.0,10.42,0.0,0.0,0.0,38.77445378414868,45.75536229316424,3.8439908353325767,0.0,3.6760411943708147,29.520172119140625,56.63636363636363,0.0,0.0
584865.08_6147691.51,0.0,0.0,7.98,0.0,0.0,0.0,32.80981856218048,55.05356426598921,43.172396288348956,0.0,3.67604128519694,29.299452561598557,56.63636363636363,11.3118565785837,1.0
583782.7_6147504.94,0.0,0.0,20.05,0.0,0.0,0.0,39.382596133513545,44.636920444962534,0.0,0.0,3.676041603088379,29.319356282552082,56.63636363636363,0.0,0.0
585217.8_6147984.86,0.0,0.0,8.03,0.0,0.0,0.0,39.22346376005078,45.013116182231116,5.959537906817141,0.0,3.6760417017443427,28.584800026633523,56.63636363636363,45.15157267634839,0.17760342651201536
584978.76_6148141.4,0.0,0.0,8.03,0.0,0.0,0.0,40.152833838772835,43.59150929601973,0.0,0.0,3.676041603088379,28.59879094904119,56.63636363636363,0.0,0.0
585240.03_6148360.41,0.0,0.0,7.07,0.0,0.0,0.0,35.53480897035307,50.62069866261623,28.32021818076944,0.0,3.676041603088379,28.72088623046875,56.63636363636363,129.78536244498858,0.1513616624692456
586440.98_6148807.88,0.0,0.0,5.61,0.0,0.0,0.0008407529510151963,39.497370167151246,44.57530624178261,3.4934892440305134,0.0,3.6760413429953833,28.694461059570312,56.63636363636363,91.17259942951317,0.06118169009674605
585778.04_6148689.0,0.0,0.0,5.62,0.0,0.0,0.0,33.776023686945464,53.029707743458744,29.134282093202597,0.0,3.676041452508224,30.24557334498355,56.63636363636363,359.2030211282439,0.1452789972470926
586089.94_6148921.16,0.0,0.0,5.68,0.0,0.0,0.0,40.3592738612021,43.67949449483521,0.7293103130146926,0.0,3.676041236290565,28.93824415940505,56.63636363636363,0.0,0.0
581900.69_6147403.24,0.0,0.0,17.69,0.0,0.0,0.0,40.0939909161026,41.00325197775661,0.0,0.0,3.0749582143930287,28.653839111328125,56.63636363636363,0.0,0.0
582210.14_6147723.6,0.0,0.0,9.68,0.0,0.0,0.0,39.590272946856985,42.924696953206784,3.2586220994584947,0.0,3.3340717438728578,28.642022901965724,56.63636363636363,0.0,0.0
582304.8_6148175.26,0.0,0.0,6.25,0.0,0.0,58.478823642333786,64.19069478974716,27.466841985480055,8.392763923665273,0.0,3.4281692504882812,28.762890043712797,56.63636363636363,43.162617004424604,0.08736642754287467
582691.79_6148778.46,0.0,0.0,2.5,0.0,0.0,97.4648683067885,96.30402047607802,2.9523774159947207,0.0,0.0,3.676041603088379,28.208523559570313,56.63636363636363,0.0,0.0
590846.97_6142234.86,32.61,56.39,63.71,74.31,73.04,16.453742498840477,31.818373564116982,62.2855060445644,76.40741350553459,0.0,3.749229907989502,32.02930427320076,56.63636363636363,6003.711455720503,0.49965117637707573
589980.94_6142234.86,0.0,53.3,59.44,0.0,0.0,34.551749351331104,52.91359827919207,38.954720218037664,18.04524020987683,0.0,3.749230104334214,30.93894330193015,56.63636363636363,178.68745278882076,0.19254458486064632
590413.95_6142484.86,25.34,60.49,67.0,59.23,58.22,16.4116867650482,34.47372747786147,59.24333391100195,69.55695974499257,0.0,3.7492299573174837,31.648577008928573,56.63636363636363,364.6544022818953,0.2161150395804831
589980.94_6142734.86,15.2,20.54,49.77,41.45,40.74,28.909632291426757,57.23601383408929,32.53452278675339,4.352349082202381,0.0,3.749230104334214,29.452622357536764,56.63636363636363,48.93031470678183,0.1589777502624642
590846.97_6142734.86,32.56,49.07,54.41,56.39,55.42,20.777933710433825,44.62284243497922,46.81605004725079,38.51113452597665,0.0,3.749229907989502,30.462949810606062,56.63636363636363,1.2178389130596554,0.4996511763770945
590413.95_6142984.86,27.32,51.81,54.93,0.0,34.77,56.37238478450247,73.08211152042068,22.807038189930314,22.329197482683867,0.0,3.7492299573174837,29.02046595982143,56.63636363636363,0.0,0.0
589980.94_6143234.86,11.71,18.03,43.68,41.74,41.02,27.326779895087533,57.87650294140331,33.66029596146932,19.326266067452668,0.0,3.749230104334214,29.758783677045038,56.63636363636363,77.53336785518484,0.09510010147643995
590846.97_6143234.86,33.99,56.4,59.8,41.22,40.51,26.017597796117116,45.16245517138621,49.5012906865818,59.71192978908769,0.0,3.749229907989502,30.89810458096591,56.63636363636363,579.0472263516866,0.03180921261006299
590413.95_6143484.86,24.15,49.39,52.36,0.0,31.9,43.06766356224021,67.58275053932294,25.33013512868228,12.341868970371543,0.0,3.7492299573174837,28.913223702566963,56.63636363636363,99.34283038318353,0.02990895979276895
589980.94_6143734.86,2.74,6.03,31.74,0.0,0.0,26.000320154606893,53.47634413945516,38.272707138960065,28.342566167964804,0.0,3.749230104334214,29.864354750689337,56.63636363636363,0.0,0.0
586949.85_6142484.86,12.19,37.55,51.87,0.0,28.32,16.886219414905305,37.25401565443806,56.5675950904668,67.69190353988441,0.0,3.6760417017443427,32.25570031368371,56.63636363636363,40.29230703557134,0.05542529404952327
588248.89_6142734.86,16.58,21.1,52.72,0.0,24.97,39.80508622614881,52.873179053969686,38.53302285217931,12.459620788337089,0.0,3.6805458068847656,31.158935546875,56.63636363636363,9.282220352917117,0.2159814253315092
587376.6_6142738.42,2.25,19.9,55.04,0.0,18.12,46.967725446440376,62.154707262784434,32.62934086103494,31.781474988176626,0.0,3.6760413760230657,30.00716608220881,56.63636363636363,0.0,0.0
587837.9_6142969.6,2.2,5.54,35.14,0.0,0.0,0.420973031652821,23.19541848103156,69.16687941966191,83.94272988312812,0.0,3.676041236290565,32.4096890153556,56.63636363636363,0.0,0.0
586949.85_6142984.86,0.0,73.09,81.77,86.45,84.97,55.49958309200077,64.5392335607747,31.003186220539515,26.72865631140857,0.0,3.6760417017443427,30.136988784327652,56.63636363636363,14737.534559990698,0.39466492306209144
587382.86_6143234.86,29.13,57.83,64.05,47.13,46.32,77.02400354322153,86.78386135034316,12.48397361159775,8.161510979749407,0.0,3.6760415469898895,28.948900010850693,56.63636363636363,0.0,0.0
588273.66_6143193.09,3.82,6.86,38.93,0.0,19.18,0.0,25.923666193910588,65.44203309603856,70.37729499071189,0.0,3.6819774486400463,32.45215078500601,56.63636363636363,0.0,0.0
586949.85_6143484.86,50.85,68.67,75.11,45.72,44.94,19.553167372112306,35.886820480102486,56.873721917003316,63.60680398451366,0.0,3.6760417017443427,31.131687973484848,56.63636363636363,582.4701933467625,0.4696462258283205
587806.99_6143502.03,16.35,32.68,52.47,0.0,26.72,63.67416579904251,76.11659990388786,22.039379156919324,18.9680940209955,0.0,3.676041739327567,29.086382465977824,56.63636363636363,0.0,0.0
588248.89_6143734.86,3.34,14.71,42.56,0.0,0.0,11.385868794232378,38.71280493158137,50.15718013287591,35.74589056770485,0.0,3.6813657424029183,29.675215287642047,56.63636363636363,389.67752969212614,0.20439180438479618
590846.97_6143734.86,13.52,26.29,45.48,0.0,27.13,7.574629899522763,38.501682840976926,49.79961982720585,27.18805100069704,0.0,3.749229907989502,30.257627544981062,56.63636363636363,129.29831355066278,0.03156094980032359
591279.98_6143984.86,14.1,26.71,46.22,0.0,27.94,3.1913954293214775,42.02447335875194,45.345113847081755,24.4698677762229,0.0,3.7492299233713458,28.87296250287224,56.63636363636363,2.5411618359633965,0.03753366656091251
590413.95_6143984.86,0.0,0.0,28.96,0.0,0.0,47.81871689209312,76.70998335029317,16.712157819863947,1.778870062968537e-05,0.0,3.7492299573174837,28.105104282924106,56.63636363636363,0.0,0.0
590844.87_6144231.24,0.0,0.0,32.12,0.0,0.0,40.245718510960415,75.12113486873456,16.931596202982995,0.05384074073663664,0.0,3.749229907989502,27.384741646902903,56.63636363636363,0.0,0.0
589996.26_6144224.28,7.78,9.04,30.22,0.0,0.0,25.91795814786304,53.94375253782556,37.259901169583834,22.57329379407831,0.0,3.7492299962926796,29.87036837064303,56.63636363636363,25.975587901040164,0.2324618038772423
590468.14_6144388.63,0.0,0.0,28.96,0.0,0.0,73.70720480345578,89.13908096249273,7.291518742468667,0.02850647406916788,0.0,3.7492301940917967,27.63810831705729,56.63636363636363,0.0,0.0
591320.64_6144331.75,4.48,7.3,36.79,0.0,0.0,86.61003980694107,95.48084153837944,2.4130986053203305,4.6736734620885105,0.0,3.749230146408081,25.887939453125,56.63636363636363,26.771765902633305,0.030682076548119618
590743.15_6144534.58,0.0,0.0,29.81,0.0,0.0,99.58780082132343,98.5969913914807,2.107223716401386,0.0,0.0,3.749230066935221,29.344657802751783,56.63636363636363,0.0,0.0
589980.61_6144748.24,8.45,9.34,21.59,0.0,0.0,26.735152444001447,48.04668054547111,43.706830671649165,32.870115285069986,0.0,3.749230234246505,29.144209120008682,56.63636363636363,457.25778397760763,0.24251174771856848
590314.38_6145043.54,4.83,7.48,17.3,0.0,0.0,52.48875663016117,65.89502348778731,25.12866902598806,0.10951757700054525,0.0,3.7492302788628473,27.048985407902645,56.63636363636363,0.0,0.0
587382.86_6143734.86,27.81,38.48,58.72,0.0,23.36,23.798354777752948,45.75004605135351,45.924903469883446,41.981943514938166,0.0,3.6760415469898895,29.793477376302082,56.63636363636363,108.41162829114235,0.5595854942403188
587815.88_6143984.86,32.13,41.35,57.76,0.0,26.33,8.96569621170035,27.886061039747812,65.1607715150945,84.39434067186487,0.0,3.6760417017443427,31.218979344223484,56.63636363636363,3389.4586080643985,0.27360595285644973
586949.85_6143984.86,30.1,61.04,65.98,49.27,48.42,39.70861737360473,52.37451008532683,40.79718223404832,31.106440394193612,0.0,3.6760417017443427,30.827448064630683,56.63636363636363,270.63893516551315,0.3887775994158859
588248.89_6144234.86,35.31,50.85,55.09,0.0,22.38,0.7323961754810171,30.74888671925286,58.20043979170263,46.37703412915273,0.0,3.681775261374081,31.174493963068183,56.63636363636363,818.4806466613253,0.18697353165457303
587382.86_6144234.86,16.7,37.77,55.26,53.85,52.92,13.735018431826646,34.93907583043322,56.875134912547175,58.18863510556345,0.0,3.6760415469898895,31.51807318793403,56.63636363636363,954.0149274100288,0.2263030691853199
587815.88_6144484.86,22.79,42.87,50.29,0.0,32.62,4.406530456672552,34.76390799508729,52.93998400962483,25.046099547950817,0.0,3.6760417017443427,31.78161251183712,56.63636363636363,188.76697516801073,0.25720417582478466
586949.85_6144484.86,28.07,49.02,59.39,57.7,56.71,8.045217021381571,31.06147320186281,60.147886121613105,66.34404266265383,0.0,3.6760417017443427,30.603073582504734,56.63636363636363,1655.7890929356636,0.34518987709663207
588248.89_6144734.86,36.35,49.41,52.03,0.0,0.0,0.0,25.51572400091918,65.63648809599738,71.65220490078389,0.0,3.6821859023150276,31.82559851444129,56.63636363636363,566.1847850647589,0.20184659047360487
587382.86_6144734.86,8.13,20.86,42.63,0.0,33.05,0.10170292583313255,33.38556630896155,53.52801635819875,26.838491501736772,0.0,3.6760415469898895,30.992631700303818,56.63636363636363,8.675555458336923,0.3478528186638945
586949.85_6144984.86,15.18,33.82,52.76,0.0,24.68,1.2712538513066034,38.00887578149844,47.41173377993308,11.23422873858728,0.0,3.6760417017443427,29.6175537109375,56.63636363636363,53.68983436384227,0.30070468373296116
589099.33_6143760.51,26.48,44.89,44.89,0.0,0.0,4.046694617203709,37.50443132487342,49.94938861683622,20.67654066850203,0.0,3.7463848876953123,30.641823508522727,56.63636363636363,37.307617594405485,0.07453021708867787
589544.57_6143996.26,31.52,47.69,49.74,0.0,0.0,9.65610990888244,38.44804880292548,49.84733995251446,20.965420854121287,0.0,3.749230234246505,31.179493297230113,56.63636363636363,610.3917225278639,0.08947075493689169
588681.9_6143984.86,18.24,39.4,42.88,0.0,0.0,8.221579469020261,40.104900389334745,47.06286407691707,15.628631508600876,0.0,3.718286821919103,30.078211167279413,56.63636363636363,209.82417228431817,0.1925641639106635
589114.91_6144234.86,57.7,62.79,65.39,0.0,0.0,6.769780719134448,31.51123013170356,59.02361200695311,51.51116795566961,0.0,3.7473442975212548,31.806940252130683,56.63636363636363,1063.063111652736,0.1757042513313814
589547.93_6144484.86,28.94,44.41,44.41,0.0,0.0,5.580281223721108,22.630813451998733,72.00133169125483,98.68138687009773,0.0,3.749229976109096,32.637369791666664,56.63636363636363,2382.6679497263726,0.18185801019135694
588681.9_6144484.86,52.3,57.21,60.17,0.0,0.0,0.9442829485585956,21.229474331646866,72.73003419597843,97.28413852770146,0.0,3.719337217269405,32.64001105813419,56.63636363636363,2545.8555488819684,0.18185801019135694
589114.91_6144734.86,46.95,56.43,59.03,0.0,0.0,5.887351753066525,23.115516952752234,71.37428089325678,93.55420088577947,0.0,3.7475498423856846,33.12794078480113,56.63636363636363,962.0035040412183,0.18185801019135694
589547.93_6144984.86,23.1,42.4,44.63,0.0,0.0,0.0,34.87793039947502,51.82764407206584,20.069818566563416,0.0,3.749229976109096,30.75082304983428,56.63636363636363,181.130612214036,0.18185801019134773
588681.9_6144984.86,24.94,44.31,47.65,0.0,0.0,4.657871469343458,28.06230956336579,63.48503020319459,71.02183280246514,0.0,3.720391058152722,31.28030575022978,56.63636363636363,1058.8136823401906,0.18185801019134767
589114.91_6145234.86,23.84,42.92,45.41,0.0,0.0,0.6942372593828029,33.80574775056087,53.54052003325771,26.382652387258908,0.0,3.7477562848259423,30.978628447561555,56.63636363636363,69.77838411611553,0.18185801019136622
590569.85_6145236.8,7.44,8.89,13.24,0.0,0.0,0.0,55.18607632635491,31.569686131005987,0.0,0.0,3.749230146408081,29.344657802751783,56.63636363636363,0.0,0.0
589977.3_6145236.99,0.0,0.0,26.32,0.0,0.0,18.246142470151874,47.47441793636856,39.941645865289615,0.033196459445080574,0.0,3.7492301940917967,29.757974243164064,56.63636363636363,0.0,0.0
590400.22_6145488.46,10.47,10.15,13.96,0.0,0.0,0.0,40.52365440154443,43.754622610903276,0.6465310536195804,0.0,3.749229976109096,28.751861572265625,56.63636363636363,0.0,0.0
590661.15_6145779.07,7.09,8.72,8.72,0.0,0.0,0.0,40.753734965153306,43.81243960640345,0.0,0.0,3.7492297779430044,29.344657802751783,56.63636363636363,0.0,0.0
589960.99_6145742.12,0.0,0.0,20.17,0.0,0.0,1.4133561233920153,38.598347724702855,46.44807039666519,0.1450251626211842,0.0,3.7492299573174837,30.607689166891163,56.63636363636363,0.0,0.0
590433.93_6145975.48,6.99,8.68,8.68,0.0,0.0,0.0,39.283655863857746,45.13455757015468,0.06414504272317585,0.0,3.7492300415039064,29.438310411241318,56.63636363636363,0.0,0.0
590706.96_6146099.0,5.5,7.9,7.9,0.0,0.0,0.0,43.033794551381014,41.878297243581656,0.0,0.0,3.749229907989502,29.344657802751783,56.63636363636363,0.0,0.0
587815.88_6144984.86,5.42,13.76,38.52,0.0,19.68,0.0,27.60751976231007,62.62260527080679,64.75986331431368,0.0,3.6760417017443427,30.916448419744317,56.63636363636363,129.6121854340649,0.3478528186639717
588248.89_6145234.86,2.19,5.53,36.25,0.0,18.53,1.2258321930996652,34.930806469078455,52.15269359032616,26.75084878171823,0.0,3.6825960944680607,30.304583925189394,56.63636363636363,73.05892466215614,0.19544010307480728
587382.86_6145234.86,0.0,0.0,26.94,0.0,0.0,0.0,33.92879401084035,52.789833671265384,27.92439131078429,0.0,3.6760415469898895,30.282006157769096,56.63636363636363,20.72323494641506,0.34785281866391216
586949.85_6145484.86,18.27,36.01,45.88,0.0,23.68,0.49386686128139723,31.192216605814004,57.303111375170126,50.96050847326191,0.0,3.6760417017443427,29.651848070549242,56.63636363636363,70.74469979212375,0.2597154292609921
587815.88_6145484.86,0.0,0.0,35.59,0.0,32.71,2.276064202496119,36.56409812759995,49.56991773914262,16.162521247737327,0.0,3.6760417017443427,30.488044507575758,56.63636363636363,73.32836981037539,0.34785281866398976
587382.86_6145734.86,0.0,0.0,28.04,0.0,27.38,6.208750046094842,38.36172010733564,48.245406058363685,14.390752329116518,0.0,3.6760415469898895,30.672163221571182,56.63636363636363,23.053066094238048,0.34785281866389445
588248.89_6145734.86,0.0,0.0,26.79,0.0,26.03,4.4702646390569125,38.65681117854772,47.879848237246875,17.994678156897102,0.0,3.6830893123851105,29.926770759351324,56.63636363636363,48.9571097772716,0.34785281866379925
587815.88_6145984.86,3.82,14.28,32.74,52.42,51.52,4.034878428190236,33.40298574629151,55.258766095831035,38.135782599980885,0.0,3.6760417017443427,31.103245590672348,56.63636363636363,31.90531432055664,0.2219276597522688
586949.85_6145984.86,33.58,37.46,52.74,0.0,37.85,0.6856295403922108,34.24952920623869,52.55729725203929,26.935603321239032,0.0,3.6760417017443427,30.426373106060606,56.63636363636363,333.4541068213623,0.24531397732156665
588248.89_6146234.86,0.0,0.0,23.31,0.0,18.09,2.448794410807706,40.08523901071176,44.48601421688364,0.028476178223976214,0.0,3.683700112735524,29.69961825284091,56.63636363636363,0.0,0.0
588681.9_6145484.86,6.73,14.93,36.07,0.0,0.0,16.9217018937994,40.70906789057369,48.87598448671043,31.01904553460699,0.0,3.721441945722026,30.378425149356616,56.63636363636363,125.82093868225864,0.19382938837257746
589547.93_6145484.86,7.32,15.42,33.39,0.0,0.0,23.14524364300842,48.32550230724219,39.864097280203694,1.250337040071789,0.0,3.749229976109096,30.37191125118371,56.63636363636363,0.0,0.0
589114.91_6145734.86,0.0,0.0,30.53,0.0,0.0,1.9637524780398459,38.846761246412505,46.296812582669325,1.2152704932834404,0.0,3.747961829690372,30.44101599491004,56.63636363636363,7.622848684954185,0.18185801019135697
588681.9_6145984.86,0.0,0.0,26.95,0.0,0.0,0.1998044698060288,36.44848256217371,49.616123839222624,14.449610668255339,0.0,3.7224920949628277,30.339430865119486,56.63636363636363,13.01748006199935,0.18185801019134767
589547.93_6145984.86,0.0,0.0,15.31,0.0,0.0,1.745272662863473,38.13643656243337,47.17037515741877,0.04158733498773166,0.0,3.749229976109096,31.190451882102273,56.63636363636363,0.0,0.0
589114.91_6146234.86,0.0,0.0,17.26,0.0,0.0,3.669752678717956,38.65195660675708,47.223645550580024,7.056297517033743,0.0,3.7481682721306298,30.452854965672348,56.63636363636363,36.00330071201255,0.18185801019136622
588681.9_6146484.86,0.0,0.0,23.64,0.0,21.81,9.617462499496858,45.667667163464166,42.21849230629482,0.011928941356524655,0.0,3.723546181955645,29.692573098575366,56.63636363636363,0.0,0.0
589547.93_6146484.86,0.0,0.0,12.21,0.0,0.0,5.934638067919295,40.18586224645719,46.543771288659435,4.929725397547831,0.0,3.749229976109096,31.003897002249055,56.63636363636363,0.0,0.0
589114.91_6146734.86,0.0,0.0,10.77,0.0,0.0,2.2187581747890173,39.67443956283046,45.45554319636537,0.005109295848290957,0.0,3.7483744901769303,30.199277935606062,56.63636363636363,0.0,0.0
588681.9_6146984.86,0.0,0.0,11.83,0.0,0.0,0.0,38.82162708253177,45.614484752173176,0.0,0.0,3.7245973156344507,29.84526331284467,56.63636363636363,0.0,0.0
589980.67_6146234.87,0.0,0.0,14.15,0.0,0.0,0.0,38.17327013147227,46.6506033845088,0.2757135552074978,0.0,3.749230104334214,30.437413832720587,56.63636363636363,0.0,0.0
590383.78_6146510.2,3.14,6.35,6.35,0.0,0.0,32.85263438656988,61.55738264404565,28.759741920324146,3.4228286191044366,0.0,3.7492299397786457,28.973230361938477,56.63636363636363,0.0,0.0
590723.26_6146824.5,0.0,0.0,12.14,0.0,0.0,67.57940637255518,85.23956663486923,11.57260309378898,0.0,0.0,3.749229907989502,29.344657802751783,56.63636363636363,0.0,0.0
589980.94_6146734.86,0.0,0.0,0.0,0.0,0.0,7.093540658596076,44.45915339761563,42.84797072423822,0.0,0.0,3.749230104334214,30.163204417509192,56.63636363636363,0.0,0.0
590364.44_6146979.25,0.0,0.0,12.14,0.0,0.0,6.398048490294261,55.24324061937927,36.36529948855304,0.0,0.0,3.7492301940917967,29.38610605093149,56.63636363636363,0.0,0.0
590769.35_6147159.79,0.0,0.0,3.85,0.0,0.0,0.7052353655819035,55.82086195282242,31.41587506351573,0.0,0.0,3.749230146408081,29.344657802751783,56.63636363636363,0.0,0.0
589980.94_6147234.86,0.0,0.0,2.04,0.0,0.0,21.949538432213348,54.18923480540315,37.03462666552247,4.985156680908947,0.0,3.749230104334214,29.338831284466913,56.63636363636363,19.19299950798439,0.20946182333046637
587382.86_6146234.86,22.47,31.96,43.59,64.71,63.6,8.300392046380914,33.09356169696601,57.19337893224121,51.784984510922484,0.0,3.6760415469898895,31.04385715060764,56.63636363636363,650.7538746859474,0.15046202670876968
587815.88_6146484.86,6.14,22.59,31.9,54.04,53.11,3.9709561700016405,40.728519628519464,43.98496804777408,0.020044168297594357,0.0,3.6760417017443427,29.676030939275567,56.63636363636363,0.0,0.0
586949.85_6146484.86,25.34,28.82,38.15,0.0,30.68,3.8482780150085527,25.77032547741226,66.53207630596721,84.87814812435299,0.0,3.6760417017443427,31.040423768939394,56.63636363636363,1625.3990881311834,0.22964872841647102
587382.86_6146734.86,18.02,29.34,38.83,0.0,31.68,1.092827029607602,35.052386664245,51.69779778239214,27.279366115104676,0.0,3.6760415469898895,29.966311984592014,56.63636363636363,175.2290088064216,0.14867017213244516
588248.89_6146734.86,0.0,0.0,28.44,43.96,43.21,3.623732119193342,40.68937687812934,43.986134510554905,0.0,0.0,3.684316298540901,29.591138435132574,56.63636363636363,0.0,0.0
587815.88_6146984.86,0.0,0.0,27.24,40.68,39.98,17.92224859712705,48.24276008771769,38.404430729369096,0.03447529353105764,0.0,3.6760417017443427,29.103005149147727,56.63636363636363,0.0,0.0
586949.85_6146984.86,11.46,24.6,32.56,0.0,23.07,9.98453234936555,38.863572134413474,49.3435713951687,31.27222337085305,0.0,3.6760417017443427,29.623424183238637,56.63636363636363,383.6650765023343,0.19525422553795146
588248.89_6147234.86,0.0,0.0,10.63,0.0,0.0,1.9784655421441504,42.52441911384206,42.256532128059945,0.0,0.0,3.6849313623764934,29.328263716264203,56.63636363636363,0.0,0.0
587382.86_6147234.86,0.0,0.0,0.0,0.0,0.0,28.860502347897903,54.10992234707774,34.21235443492563,0.8817383930952203,0.0,3.6760415469898895,28.91358100043403,56.63636363636363,0.0,0.0
586949.85_6147484.86,0.0,0.0,22.43,0.0,0.0,4.336012924563498,40.606607984799965,44.50156230303806,9.065673871789043,0.0,3.6760417017443427,28.597996567234848,56.63636363636363,65.62298279783981,0.16623637066096625
595902.27_6144531.66,0.0,0.0,18.1,45.42,44.64,0.0,47.228794811488456,38.72036406996106,0.0,0.0,3.848369598388672,29.272166660853795,56.63636363636363,1916.8934317570418,0.0
589547.93_6146984.86,0.0,0.0,5.59,0.0,0.0,0.19175188518029437,38.53388927788468,46.24430107657564,0.0,0.0,3.749229976109096,30.257509173768938,56.63636363636363,0.0,0.0
589114.91_6147234.86,0.0,0.0,9.8,0.0,0.0,0.0,37.058790279564704,48.38120380682988,9.984090643986276,0.0,3.7485546785242416,30.013285319010418,56.63636363636363,35.511915236140005,0.1321249885656799
588683.06_6147462.5,0.0,0.0,15.41,0.0,0.0,0.0,37.08687177950464,48.32952074811094,12.468238529795995,0.0,3.72552982453377,29.65893765153556,56.63636363636363,180.99766585798966,0.08732738804363116
589548.56_6147480.91,0.0,0.0,5.96,0.0,0.0,0.4594874939813945,37.11494910337462,48.52045685900027,12.833446982300089,0.0,3.749229976109096,29.72567841500947,56.63636363636363,51.85069108794289,0.15403451607218466
589123.38_6147602.48,0.0,0.0,5.8,0.0,0.0,0.0,38.086216166210164,46.885486499134984,6.106850965742791,0.0,3.749229907989502,29.626869603207236,56.63636363636363,48.04130949909415,0.13062432600506446
590396.64_6147497.69,0.0,0.0,2.07,0.0,0.0,18.70408423183871,53.77951933967113,35.1955186803873,0.0,0.0,3.749229976109096,27.86371319110577,56.63636363636363,0.0,0.0
590738.84_6147790.67,0.0,0.0,0.0,0.0,0.0,0.0,39.35555044597924,44.99850217740174,0.0,0.0,3.749230234246505,29.344657802751783,56.63636363636363,0.0,0.0
589988.36_6147631.72,0.0,0.0,0.0,0.0,0.0,1.456020360516648,40.089296151865206,44.51270737232599,2.9579793451645844,0.0,3.749230094577955,28.81329876443614,56.63636363636363,0.0,0.0
590465.08_6147769.61,0.0,0.0,0.0,0.0,0.0,0.0,40.83855410120708,42.985683126159465,0.0,0.0,3.749230066935221,27.957292556762695,56.63636363636363,0.0,0.0
590916.87_6148016.22,0.0,0.0,0.0,0.0,0.0,0.0,39.35555044597924,44.99850199916079,0.0,0.0,3.7492301940917967,29.344657802751783,56.63636363636363,0.4759327129077545,1.0
587815.88_6147484.86,0.0,0.0,14.94,0.0,0.0,18.984822597873794,50.49689583992336,36.699433341180345,1.9861070495882858,0.0,3.6760417017443427,29.012090509588067,56.63636363636363,26.6883557805391,0.13625076271670755
588181.49_6147668.11,0.0,0.0,10.36,0.0,0.0,0.0,37.864377684559805,46.96835667969103,9.253779995910028,0.0,3.681009292602539,29.36790930706522,56.63636363636363,115.2896422158742,0.08776470414892087
587382.86_6147734.86,0.0,0.0,18.41,0.0,0.0,5.697979769555439,40.66913674483593,44.857350490214884,10.475539432853994,0.0,3.6760415469898895,28.88571506076389,56.63636363636363,84.06181795952975,0.14398042963141106
586949.85_6147984.86,0.0,0.0,15.16,0.0,0.0,7.33363904893503,42.43462125107235,42.85856615515288,7.266949852179557,0.0,3.6760417017443427,28.376499985203598,56.63636363636363,92.58072576614518,0.09744423796135804
587815.88_6147984.86,0.0,0.0,11.93,0.0,0.0,4.570105563047513,41.26441190472211,43.46268363941793,1.0571880569353038,0.0,3.6760417017443427,29.265199603456438,56.63636363636363,25.47903208212801,0.10337616318380954
588050.47_6148178.9,0.0,0.0,11.93,0.0,0.0,13.706694097779923,44.45057448240324,42.030539180479515,8.142257430430572,0.0,3.6760414123535154,28.958795166015626,56.63636363636363,0.0,0.0
587382.86_6148234.86,0.0,0.0,14.61,0.0,0.0,15.874962924745754,46.169038610235425,40.251261247065365,4.866220135951183,0.0,3.6760415469898895,28.720686170789932,56.63636363636363,63.74667390279992,0.07510955571052239
586965.08_6148419.84,0.0,0.0,8.37,0.0,0.0,1.6699302209206994,41.0708930319689,42.84494758185595,0.0,0.0,3.676041312839674,28.4310888671875,56.63636363636363,0.0,0.0
587779.0_6148431.03,0.0,0.0,11.53,0.0,0.0,7.336712222479575,43.1859450247687,41.70906379996326,0.0,0.0,3.676041603088379,28.817353515625,56.63636363636363,0.0,0.0
587412.88_6148595.75,0.0,0.0,10.48,0.0,0.0,9.547387651221987,42.25399293110499,44.24317835878643,14.810585173417707,0.0,3.676041603088379,28.84802888569079,56.63636363636363,414.89609856132466,0.07435414202470542
586720.2_6149030.33,0.0,0.0,0.0,0.0,0.0,0.0,40.19345983243496,43.5363693484149,0.0,0.0,3.676041603088379,28.560784912109376,56.63636363636363,0.0,0.0
